tourney_id,tourney_name,surface,draw_size,tourney_level,tourney_date,match_num,winner_id,winner_seed,winner_entry,winner_name,winner_hand,winner_ht,winner_ioc,winner_age,loser_id,loser_seed,loser_entry,loser_name,loser_hand,loser_ht,loser_ioc,loser_age,score,best_of,round,minutes,w_ace,w_df,w_svpt,w_1stIn,w_1stWon,w_2ndWon,w_SvGms,w_bpSaved,w_bpFaced,l_ace,l_df,l_svpt,l_1stIn,l_1stWon,l_2ndWon,l_SvGms,l_bpSaved,l_bpFaced,winner_rank,winner_rank_points,loser_rank,loser_rank_points
2025-auckland,Auckland,Hard,,I,20241229,1,615524,,,Nao Hibino,,,,,534672,,,Jule Niemeier,,,,,6-3 6-4,3,R32,,3,4,,,,,,,,2,5,,,,,,,,,,,
2025-auckland,Auckland,Hard,,I,20241229,2,359411,,,Clara Tauson,,,,,647835,,,Lucrezia Stefanini,,,,,6-2 6-3,3,R32,,5,4,,,,,,,,0,4,,,,,,,,,,,
2025-auckland,Auckland,Hard,,I,20241229,3,675084,,,Rebecca Marino,,,,,460138,,,Lulu Sun,,,,,6-3 3-6 6-3,3,R32,,7,6,,,,,,,,5,4,,,,,,,,,,,
2025-auckland,Auckland,Hard,,I,20241229,4,557676,,,Bernarda Pera,,,,,199960,,,Victoria Jimenez Kasintseva,,,,,6-2 7-5,3,R32,,4,1,,,,,,,,3,5,,,,,,,,,,,
2025-auckland,Auckland,Hard,,I,20241229,5,714334,,,Naomi Osaka,,,,,863771,,,Lina Glushko,,,,,6-4 6-4,3,R32,,7,4,,,,,,,,3,4,,,,,,,,,,,
2025-auckland,Auckland,Hard,,I,20241229,6,346262,,,Julia Grabher,,,,,275150,,,Leyre Romero Gormaz,,,,,2-6 6-3 7-6,3,R32,,2,3,,,,,,,,6,10,,,,,,,,,,,
2025-auckland,Auckland,Hard,,I,20241229,7,619460,,,Ann Li,,,,,441252,,,Sloane Stephens,,,,,5-7 6-4 6-4,3,R32,,2,1,,,,,,,,2,1,,,,,,,,,,,
2025-auckland,Auckland,Hard,,I,20241229,8,421894,,,Katie Volynets,,,,,303568,,,Erika Andreeva,,,,,6-4 6-7 6-2,3,R32,,1,0,,,,,,,,1,3,,,,,,,,,,,
2025-auckland,Auckland,Hard,,I,20241229,9,549141,,,Sofia Kenin,,,,,674631,,,Xinyu Wang,,,,,7-6 6-1,3,R32,,0,3,,,,,,,,8,4,,,,,,,,,,,
2025-auckland,Auckland,Hard,,I,20241229,10,885728,,,Jaqueline  Cristian,,,,,976242,,,Yuliia Starodubtseva,,,,,6-3 2-0,3,R32,,3,2,,,,,,,,0,4,,,,,,,,,,,
2025-auckland,Auckland,Hard,,I,20241229,11,987862,,,Hailey Baptiste,,,,,435950,,,Renata Jamrichova,,,,,6-0 6-2,3,R32,,3,1,,,,,,,,1,11,,,,,,,,,,,
2025-auckland,Auckland,Hard,,I,20241229,12,731934,,,Madison Keys,,,,,152800,,,Lucia Bronzetti,,,,,6-4 6-4,3,R32,,4,1,,,,,,,,0,2,,,,,,,,,,,
2025-auckland,Auckland,Hard,,I,20241229,13,460146,,,Greet Minnen,,,,,909013,,,Anna-Lena Friedsam,,,,,6-4 6-0,3,R32,,1,5,,,,,,,,1,2,,,,,,,,,,,
2025-auckland,Auckland,Hard,,I,20241229,14,889635,,,Jodie Burrage,,,,,699742,,,Vivian Yang,,,,,6-3 6-3,3,R32,,2,6,,,,,,,,0,7,,,,,,,,,,,
2025-auckland,Auckland,Hard,,I,20241229,15,735911,,,Robin Montgomery,,,,,252693,,,Mai Hontama,,,,,6-3 2-6 6-0,3,R32,,6,4,,,,,,,,0,5,,,,,,,,,,,
2025-auckland,Auckland,Hard,,I,20241229,16,663060,,,Alycia Parks,,,,,324536,,,Amanda Anisimova,,,,,2-6 6-2 6-3,3,R32,,9,11,,,,,,,,2,9,,,,,,,,,,,
2025-auckland,Auckland,Hard,,I,20241229,17,557676,,,Bernarda Pera,,,,,675084,,,Rebecca Marino,,,,,7-6 6-4,3,R16,,3,3,,,,,,,,9,4,,,,,,,,,,,
2025-auckland,Auckland,Hard,,I,20241229,18,714334,,,Naomi Osaka,,,,,346262,,,Julia Grabher,,,,,7-5 6-3,3,R16,,5,0,,,,,,,,1,2,,,,,,,,,,,
2025-auckland,Auckland,Hard,,I,20241229,19,359411,,,Clara Tauson,,,,,549141,,,Sofia Kenin,,,,,4-6 7-6 7-6,3,R16,,26,4,,,,,,,,4,7,,,,,,,,,,,
2025-auckland,Auckland,Hard,,I,20241229,20,421894,,,Katie Volynets,,,,,619460,,,Ann Li,,,,,6-4 6-3,3,R16,,0,0,,,,,,,,1,1,,,,,,,,,,,
2025-auckland,Auckland,Hard,,I,20241229,21,731934,,,Madison Keys,,,,,885728,,,Jaqueline  Cristian,,,,,6-1 6-2,3,R16,,3,3,,,,,,,,0,5,,,,,,,,,,,
2025-auckland,Auckland,Hard,,I,20241229,22,735911,,,Robin Montgomery,,,,,615524,,,Nao Hibino,,,,,6-2 6-2,3,R16,,3,4,,,,,,,,1,3,,,,,,,,,,,
2025-auckland,Auckland,Hard,,I,20241229,23,663060,,,Alycia Parks,,,,,460146,,,Greet Minnen,,,,,7-5 6-3,3,R16,,10,6,,,,,,,,0,3,,,,,,,,,,,
2025-auckland,Auckland,Hard,,I,20241229,24,987862,,,Hailey Baptiste,,,,,889635,,,Jodie Burrage,,,,,5-7 7-5 7-6,3,R16,,10,5,,,,,,,,8,6,,,,,,,,,,,
2025-auckland,Auckland,Hard,,I,20241229,25,735911,,,Robin Montgomery,,,,,557676,,,Bernarda Pera,,,,,6-4 6-4,3,QF,,13,2,,,,,,,,5,5,,,,,,,,,,,
2025-auckland,Auckland,Hard,,I,20241229,26,714334,,,Naomi Osaka,,,,,987862,,,Hailey Baptiste,,,,,6-7 6-1 6-2,3,QF,,10,3,,,,,,,,7,6,,,,,,,,,,,
2025-auckland,Auckland,Hard,,I,20241229,27,359411,,,Clara Tauson,,,,,731934,,,Madison Keys,,,,,6-4 7-6,3,QF,,3,1,,,,,,,,5,1,,,,,,,,,,,
2025-auckland,Auckland,Hard,,I,20241229,28,663060,,,Alycia Parks,,,,,421894,,,Katie Volynets,,,,,6-1 6-4,3,QF,,11,5,,,,,,,,1,0,,,,,,,,,,,
2025-auckland,Auckland,Hard,,I,20241229,29,359411,,,Clara Tauson,,,,,735911,,,Robin Montgomery,,,,,6-4 6-3,3,SF,,7,2,,,,,,,,5,6,,,,,,,,,,,
2025-auckland,Auckland,Hard,,I,20241229,30,714334,,,Naomi Osaka,,,,,663060,,,Alycia Parks,,,,,6-4 6-2,3,SF,,4,2,,,,,,,,5,5,,,,,,,,,,,
2025-auckland,Auckland,Hard,,I,20241229,31,359411,,,Clara Tauson,,,,,714334,,,Naomi Osaka,,,,,4-6,3,F,,7,3,,,,,,,,5,0,,,,,,,,,,,
2025-brisbane,Brisbane,Hard,,P,20241229,1,689373,,,Suzan Lamens,,,,,568609,,,Kamilla Rakhimova,,,,,6-2 6-4,3,R64,,3,2,,,,,,,,2,3,,,,,,,,,,,
2025-brisbane,Brisbane,Hard,,P,20241229,2,701534,,,Ashlyn Krueger,,,,,482165,,,Moyuka Uchijima,,,,,6-3 1-6 6-3,3,R64,,5,3,,,,,,,,3,7,,,,,,,,,,,
2025-brisbane,Brisbane,Hard,,P,20241229,3,690300,,,Maya Joint,,,,,646421,,,Maddison Inglis,,,,,6-3 6-4,3,R64,,2,2,,,,,,,,3,0,,,,,,,,,,,
2025-brisbane,Brisbane,Hard,,P,20241229,4,988957,,,Renata Zarazua,,,,,897792,,,Viktoriya Tomova,,,,,6-0 6-3,3,R64,,0,1,,,,,,,,0,2,,,,,,,,,,,
2025-brisbane,Brisbane,Hard,,P,20241229,5,272544,,,Elina Avanesyan,,,,,123538,,,Rebecca Sramkova,,,,,1-6 6-2 6-2,3,R64,,0,2,,,,,,,,4,0,,,,,,,,,,,
2025-brisbane,Brisbane,Hard,,P,20241229,6,126226,,,Anna Blinkova,,,,,429517,,,Sara Bejlek,,,,,6-1 7-6,3,R64,,2,2,,,,,,,,0,3,,,,,,,,,,,
2025-brisbane,Brisbane,Hard,,P,20241229,7,369605,,,Marie Bouzkova,,,,,828867,,,Talia Gibson,,,,,7-6 3-6 6-3,3,R64,,9,7,,,,,,,,5,1,,,,,,,,,,,
2025-brisbane,Brisbane,Hard,,P,20241229,8,421789,,,Mccartney Kessler,,,,,684064,,,Magda Linette,,,,,6-4 6-4,3,R64,,1,1,,,,,,,,0,2,,,,,,,,,,,
2025-brisbane,Brisbane,Hard,,P,20241229,9,851560,,,Kimberly Birrell,,,,,861465,,,Priscilla Hon,,,,,3-6 7-5 6-2,3,R64,,3,7,,,,,,,,6,7,,,,,,,,,,,
2025-brisbane,Brisbane,Hard,,P,20241229,10,688846,,,Peyton Stearns,,,,,876368,,,Veronika Kudermetova,,,,,6-2 6-3,3,R64,,2,5,,,,,,,,9,2,,,,,,,,,,,
2025-brisbane,Brisbane,Hard,,P,20241229,11,561744,,,Anhelina Kalinina,,,,,927809,,,Yafan Wang,,,,,6-4 2-0,3,R64,,0,2,,,,,,,,1,2,,,,,,,,,,,
2025-brisbane,Brisbane,Hard,,P,20241229,12,824108,,,Polina Kudermetova,,,,,600494,,,Xinyu Wang,,,,,6-1 6-3,3,R64,,5,6,,,,,,,,3,2,,,,,,,,,,,
2025-brisbane,Brisbane,Hard,,P,20241229,13,384199,,,Anca Todoni,,,,,480371,,,Cristina Bucsa,,,,,7-6 6-2,3,R64,,6,2,,,,,,,,3,6,,,,,,,,,,,
2025-brisbane,Brisbane,Hard,,P,20241229,14,803486,,,Yue Yuan,,,,,342785,,,Arantxa Rus,,,,,6-2 6-4,3,R64,,1,0,,,,,,,,3,1,,,,,,,,,,,
2025-brisbane,Brisbane,Hard,,P,20241229,15,651611,,,Anastasia Potapova,,,,,288191,,,Ana Bogdan,,,,,2-6 6-4 2-0,3,R64,,5,3,,,,,,,,1,2,,,,,,,,,,,
2025-brisbane,Brisbane,Hard,,P,20241229,16,638293,,,Ons Jabeur,,,,,783984,,,Saisai Zheng,,,,,7-6 6-4,3,R64,,6,4,,,,,,,,1,1,,,,,,,,,,,
2025-brisbane,Brisbane,Hard,,P,20241229,17,272544,,,Elina Avanesyan,,,,,695399,,,Paula Badosa,,,,,6-3 1-6 6-2,3,R32,,3,0,,,,,,,,3,7,,,,,,,,,,,
2025-brisbane,Brisbane,Hard,,P,20241229,18,133650,,,Yulia Putintseva,,,,,421789,,,Mccartney Kessler,,,,,6-2 7-5,3,R32,,2,2,,,,,,,,0,1,,,,,,,,,,,
2025-brisbane,Brisbane,Hard,,P,20241229,19,701534,,,Ashlyn Krueger,,,,,393113,,,Anna Kalinskaya,,,,,6-3 6-3,3,R32,,6,4,,,,,,,,0,1,,,,,,,,,,,
2025-brisbane,Brisbane,Hard,,P,20241229,20,716715,,,Aryna Sabalenka,,,,,988957,,,Renata Zarazua,,,,,6-4 6-0,3,R32,,5,1,,,,,,,,0,0,,,,,,,,,,,
2025-brisbane,Brisbane,Hard,,P,20241229,21,727666,,,Mirra Andreeva,,,,,126226,,,Anna Blinkova,,,,,6-4 6-4,3,R32,,3,4,,,,,,,,2,1,,,,,,,,,,,
2025-brisbane,Brisbane,Hard,,P,20241229,22,369605,,,Marie Bouzkova,,,,,762485,,,Jelena Ostapenko,,,,,7-6 6-4,3,R32,,5,8,,,,,,,,4,12,,,,,,,,,,,
2025-brisbane,Brisbane,Hard,,P,20241229,23,638293,,,Ons Jabeur,,,,,558914,,,Ekaterina Alexandrova,,,,,6-3 6-2,3,R32,,3,3,,,,,,,,0,2,,,,,,,,,,,
2025-brisbane,Brisbane,Hard,,P,20241229,24,561744,,,Anhelina Kalinina,,,,,425446,,,Diana Shnaider,,,,,6-3 4-6 6-1,3,R32,,5,4,,,,,,,,5,6,,,,,,,,,,,
2025-brisbane,Brisbane,Hard,,P,20241229,25,824108,,,Polina Kudermetova,,,,,286370,,,Liudmila Samsonova,,,,,6-7 6-3 6-2,3,R32,,5,4,,,,,,,,4,6,,,,,,,,,,,
2025-brisbane,Brisbane,Hard,,P,20241229,26,851560,,,Kimberly Birrell,,,,,804248,,,Emma Navarro,,,,,7-5 7-5,3,R32,,1,1,,,,,,,,5,2,,,,,,,,,,,
2025-brisbane,Brisbane,Hard,,P,20241229,27,651611,,,Anastasia Potapova,,,,,813190,,,Dayana Yastremska,,,,,7-5 6-4,3,R32,,1,1,,,,,,,,5,3,,,,,,,,,,,
2025-brisbane,Brisbane,Hard,,P,20241229,28,626163,,,Daria Kasatkina,,,,,688846,,,Peyton Stearns,,,,,7-6 4-6 7-5,3,R32,,4,8,,,,,,,,7,4,,,,,,,,,,,
2025-brisbane,Brisbane,Hard,,P,20241229,29,689373,,,Suzan Lamens,,,,,362890,,,Magdalena Frech,,,,,7-5 6-3,3,R32,,2,5,,,,,,,,5,3,,,,,,,,,,,
2025-brisbane,Brisbane,Hard,,P,20241229,30,803486,,,Yue Yuan,,,,,756180,,,Marta Kostyuk,,,,,6-4 6-3,3,R32,,1,4,,,,,,,,3,8,,,,,,,,,,,
2025-brisbane,Brisbane,Hard,,P,20241229,31,804895,,,Victoria Azarenka,,,,,690300,,,Maya Joint,,,,,6-7 6-2 6-4,3,R32,,4,6,,,,,,,,3,8,,,,,,,,,,,
2025-brisbane,Brisbane,Hard,,P,20241229,32,187314,,,Linda Noskova,,,,,384199,,,Anca Todoni,,,,,6-1 6-4,3,R32,,6,4,,,,,,,,6,0,,,,,,,,,,,
2025-brisbane,Brisbane,Hard,,P,20241229,33,851560,,,Kimberly Birrell,,,,,651611,,,Anastasia Potapova,,,,,7-6 6-2,3,R16,,2,2,,,,,,,,2,5,,,,,,,,,,,
2025-brisbane,Brisbane,Hard,,P,20241229,34,701534,,,Ashlyn Krueger,,,,,689373,,,Suzan Lamens,,,,,7-5 6-0,3,R16,,3,1,,,,,,,,0,3,,,,,,,,,,,
2025-brisbane,Brisbane,Hard,,P,20241229,35,824108,,,Polina Kudermetova,,,,,626163,,,Daria Kasatkina,,,,,1-6 6-2 7-5,3,R16,,2,6,,,,,,,,2,3,,,,,,,,,,,
2025-brisbane,Brisbane,Hard,,P,20241229,36,561744,,,Anhelina Kalinina,,,,,803486,,,Yue Yuan,,,,,6-1 6-4,3,R16,,0,2,,,,,,,,2,1,,,,,,,,,,,
2025-brisbane,Brisbane,Hard,,P,20241229,37,727666,,,Mirra Andreeva,,,,,187314,,,Linda Noskova,,,,,6-3 6-0,3,R16,,4,1,,,,,,,,2,1,,,,,,,,,,,
2025-brisbane,Brisbane,Hard,,P,20241229,38,638293,,,Ons Jabeur,,,,,272544,,,Elina Avanesyan,,,,,6-4 1-6 6-4,3,R16,,1,3,,,,,,,,0,1,,,,,,,,,,,
2025-brisbane,Brisbane,Hard,,P,20241229,39,369605,,,Marie Bouzkova,,,,,804895,,,Victoria Azarenka,,,,,6-4 6-4,3,R16,,6,13,,,,,,,,1,7,,,,,,,,,,,
2025-brisbane,Brisbane,Hard,,P,20241229,40,716715,,,Aryna Sabalenka,,,,,133650,,,Yulia Putintseva,,,,,7-6 6-4,3,R16,,6,1,,,,,,,,1,3,,,,,,,,,,,
2025-brisbane,Brisbane,Hard,,P,20241229,41,561744,,,Anhelina Kalinina,,,,,851560,,,Kimberly Birrell,,,,,4-6 6-1 7-5,3,QF,,9,4,,,,,,,,6,2,,,,,,,,,,,
2025-brisbane,Brisbane,Hard,,P,20241229,42,727666,,,Mirra Andreeva,,,,,638293,,,Ons Jabeur,,,,,6-4 7-6,3,QF,,4,3,,,,,,,,2,2,,,,,,,,,,,
2025-brisbane,Brisbane,Hard,,P,20241229,43,824108,,,Polina Kudermetova,,,,,701534,,,Ashlyn Krueger,,,,,7-6 6-3,3,QF,,1,1,,,,,,,,2,2,,,,,,,,,,,
2025-brisbane,Brisbane,Hard,,P,20241229,44,716715,,,Aryna Sabalenka,,,,,369605,,,Marie Bouzkova,,,,,6-3 6-4,3,QF,,6,0,,,,,,,,2,0,,,,,,,,,,,
2025-brisbane,Brisbane,Hard,,P,20241229,45,824108,,,Polina Kudermetova,,,,,561744,,,Anhelina Kalinina,,,,,6-4 6-3,3,SF,,6,7,,,,,,,,2,1,,,,,,,,,,,
2025-brisbane,Brisbane,Hard,,P,20241229,46,716715,,,Aryna Sabalenka,,,,,727666,,,Mirra Andreeva,,,,,6-3 6-2,3,SF,,3,1,,,,,,,,2,4,,,,,,,,,,,
2025-brisbane,Brisbane,Hard,,P,20241229,47,716715,,,Aryna Sabalenka,,,,,824108,,,Polina Kudermetova,,,,,4-6 6-3 6-2,3,F,,5,0,,,,,,,,9,7,,,,,,,,,,,
2025-adelaide,Adelaide,Hard,,P,20250106,1,993262,,,Emerson Jones,,,,,600494,,,Xinyu Wang,,,,,6-4 6-0,3,R32,,0,3,,,,,,,,0,3,,,,,,,,,,,
2025-adelaide,Adelaide,Hard,,P,20250106,2,133650,,,Yulia Putintseva,,,,,975382,,,Donna Vekic,,,,,6-2 6-3,3,R32,,4,2,,,,,,,,3,6,,,,,,,,,,,
2025-adelaide,Adelaide,Hard,,P,20250106,3,558914,,,Ekaterina Alexandrova,,,,,914953,,,Leylah Fernandez,,,,,6-4 3-6 6-2,3,R32,,7,3,,,,,,,,9,9,,,,,,,,,,,
2025-adelaide,Adelaide,Hard,,P,20250106,4,626163,,,Daria Kasatkina,,,,,397015,,,Olivia Gadecki,,,,,6-2 6-3,3,R32,,4,2,,,,,,,,3,6,,,,,,,,,,,
2025-adelaide,Adelaide,Hard,,P,20250106,5,339700,,,Marketa Vondrousova,,,,,834140,,,Anastasia Pavlyuchenkova,,,,,6-4 6-7 6-2,3,R32,,22,8,,,,,,,,2,8,,,,,,,,,,,
2025-adelaide,Adelaide,Hard,,P,20250106,6,695399,,,Paula Badosa,,,,,688846,,,Peyton Stearns,,,,,6-7 6-3 7-5,3,R32,,5,3,,,,,,,,3,4,,,,,,,,,,,
2025-adelaide,Adelaide,Hard,,P,20250106,7,731934,,,Madison Keys,,,,,692146,,,Beatriz Haddad Maia,,,,,6-2 6-1,3,R32,,1,3,,,,,,,,0,4,,,,,,,,,,,
2025-adelaide,Adelaide,Hard,,P,20250106,8,710062,,,Maria Sakkari,,,,,187314,,,Linda Noskova,,,,,6-3 6-3,3,R32,,7,5,,,,,,,,5,9,,,,,,,,,,,
2025-adelaide,Adelaide,Hard,,P,20250106,9,286370,,,Liudmila Samsonova,,,,,369605,,,Marie Bouzkova,,,,,1-6 6-4 6-1,3,R32,,4,8,,,,,,,,0,5,,,,,,,,,,,
2025-adelaide,Adelaide,Hard,,P,20250106,10,762485,,,Jelena Ostapenko,,,,,362890,,,Magdalena Frech,,,,,4-6 6-1 6-1,3,R32,,6,9,,,,,,,,5,1,,,,,,,,,,,
2025-adelaide,Adelaide,Hard,,P,20250106,11,425446,,,Diana Shnaider,,,,,344482,,,Katerina Siniakova,,,,,6-3 0-6 6-0,3,R32,,2,5,,,,,,,,1,4,,,,,,,,,,,
2025-adelaide,Adelaide,Hard,,P,20250106,12,701534,,,Ashlyn Krueger,,,,,756180,,,Marta Kostyuk,,,,,4-6 6-2 6-2,3,R32,,2,6,,,,,,,,4,9,,,,,,,,,,,
2025-adelaide,Adelaide,Hard,,P,20250106,13,218416,,,Belinda Bencic,,,,,393113,,,Anna Kalinskaya,,,,,6-2 1-0,3,R32,,4,2,,,,,,,,0,2,,,,,,,,,,,
2025-adelaide,Adelaide,Hard,,P,20250106,14,638293,,,Ons Jabeur,,,,,788190,,,Danielle Collins,,,,,7-6 6-2,3,R32,,5,1,,,,,,,,6,6,,,,,,,,,,,
2025-adelaide,Adelaide,Hard,,P,20250106,15,804248,,,Emma Navarro,,,,,558914,,,Ekaterina Alexandrova,,,,,7-6 6-4,3,R16,,2,5,,,,,,,,6,6,,,,,,,,,,,
2025-adelaide,Adelaide,Hard,,P,20250106,16,814118,,,Jessica Pegula,,,,,710062,,,Maria Sakkari,,,,,6-4 6-1,3,R16,,5,0,,,,,,,,0,5,,,,,,,,,,,
2025-adelaide,Adelaide,Hard,,P,20250106,17,286370,,,Liudmila Samsonova,,,,,218416,,,Belinda Bencic,,,,,7-6 4-6 6-4,3,R16,,8,10,,,,,,,,4,6,,,,,,,,,,,
2025-adelaide,Adelaide,Hard,,P,20250106,18,701534,,,Ashlyn Krueger,,,,,695399,,,Paula Badosa,,,,,7-6 6-7 6-2,3,R16,,5,9,,,,,,,,4,8,,,,,,,,,,,
2025-adelaide,Adelaide,Hard,,P,20250106,19,425446,,,Diana Shnaider,,,,,339700,,,Marketa Vondrousova,,,,,4-6 1-1,3,R16,,1,2,,,,,,,,6,5,,,,,,,,,,,
2025-adelaide,Adelaide,Hard,,P,20250106,20,731934,,,Madison Keys,,,,,762485,,,Jelena Ostapenko,,,,,3-6 6-4 6-3,3,R16,,8,1,,,,,,,,3,7,,,,,,,,,,,
2025-adelaide,Adelaide,Hard,,P,20250106,21,133650,,,Yulia Putintseva,,,,,638293,,,Ons Jabeur,,,,,6-2 6-4,3,R16,,2,2,,,,,,,,3,1,,,,,,,,,,,
2025-adelaide,Adelaide,Hard,,P,20250106,22,626163,,,Daria Kasatkina,,,,,993262,,,Emerson Jones,,,,,7-5 6-3,3,R16,,4,3,,,,,,,,0,3,,,,,,,,,,,
2025-adelaide,Adelaide,Hard,,P,20250106,23,286370,,,Liudmila Samsonova,,,,,804248,,,Emma Navarro,,,,,6-4 6-4,3,QF,,2,4,,,,,,,,3,2,,,,,,,,,,,
2025-adelaide,Adelaide,Hard,,P,20250106,24,814118,,,Jessica Pegula,,,,,701534,,,Ashlyn Krueger,,,,,6-4 2-0,3,QF,,3,1,,,,,,,,4,1,,,,,,,,,,,
2025-adelaide,Adelaide,Hard,,P,20250106,25,731934,,,Madison Keys,,,,,626163,,,Daria Kasatkina,,,,,6-1 6-3,3,QF,,11,0,,,,,,,,0,3,,,,,,,,,,,
2025-adelaide,Adelaide,Hard,,P,20250106,26,133650,,,Yulia Putintseva,,,,,425446,,,Diana Shnaider,,,,,7-6 6-7 6-4,3,QF,,1,1,,,,,,,,1,5,,,,,,,,,,,
2025-adelaide,Adelaide,Hard,,P,20250106,27,731934,,,Madison Keys,,,,,286370,,,Liudmila Samsonova,,,,,5-7 7-5 3-0,3,SF,,12,2,,,,,,,,7,6,,,,,,,,,,,
2025-adelaide,Adelaide,Hard,,P,20250106,28,814118,,,Jessica Pegula,,,,,133650,,,Yulia Putintseva,,,,,7-6 6-3,3,SF,,4,4,,,,,,,,1,4,,,,,,,,,,,
2025-adelaide,Adelaide,Hard,,P,20250106,29,731934,,,Madison Keys,,,,,814118,,,Jessica Pegula,,,,,6-3 4-6 6-1,3,F,,10,3,,,,,,,,3,4,,,,,,,,,,,
2025-hobart,Hobart,Hard,,I,20250106,1,421789,,,Mccartney Kessler,,,,,123538,,,Rebecca Sramkova,,,,,6-3 7-5,3,R32,,4,1,,,,,,,,1,3,,,,,,,,,,,
2025-hobart,Hobart,Hard,,I,20250106,2,272544,,,Elina Avanesyan,,,,,674631,,,Xinyu Wang,,,,,6-3 7-5,3,R32,,0,2,,,,,,,,2,0,,,,,,,,,,,
2025-hobart,Hobart,Hard,,I,20250106,3,610520,,,Anna Bondar,,,,,729721,,,Mayar Sherif,,,,,7-5 6-4,3,R32,,4,4,,,,,,,,1,4,,,,,,,,,,,
2025-hobart,Hobart,Hard,,I,20250106,4,957435,,,Maria Lourdes Carle,,,,,595819,,,Jessica Bouzas Maneiro,,,,,6-3 3-6 6-0,3,R32,,2,9,,,,,,,,0,3,,,,,,,,,,,
2025-hobart,Hobart,Hard,,I,20250106,5,460146,,,Greet Minnen,,,,,897792,,,Viktoriya Tomova,,,,,7-5 6-3,3,R32,,1,3,,,,,,,,2,6,,,,,,,,,,,
2025-hobart,Hobart,Hard,,I,20250106,6,769396,,,Camila Osorio,,,,,803486,,,Yue Yuan,,,,,6-2 6-3,3,R32,,1,1,,,,,,,,0,1,,,,,,,,,,,
2025-hobart,Hobart,Hard,,I,20250106,7,876368,,,Veronika Kudermetova,,,,,121013,,,Elisabetta Cocciaretto,,,,,7-5 6-0,3,R32,,3,1,,,,,,,,1,8,,,,,,,,,,,
2025-hobart,Hobart,Hard,,I,20250106,8,126226,,,Anna Blinkova,,,,,557676,,,Bernarda Pera,,,,,7-5 6-4,3,R32,,1,4,,,,,,,,3,8,,,,,,,,,,,
2025-hobart,Hobart,Hard,,I,20250106,9,619460,,,Ann Li,,,,,441252,,,Sloane Stephens,,,,,7-5 6-1,3,R32,,0,0,,,,,,,,1,0,,,,,,,,,,,
2025-hobart,Hobart,Hard,,I,20250106,10,813190,,,Dayana Yastremska,,,,,421894,,,Katie Volynets,,,,,2-6 6-4 6-1,3,R32,,2,1,,,,,,,,0,0,,,,,,,,,,,
2025-hobart,Hobart,Hard,,I,20250106,11,549141,,,Sofia Kenin,,,,,460138,,,Lulu Sun,,,,,4-6 6-3 6-3,3,R32,,2,4,,,,,,,,5,4,,,,,,,,,,,
2025-hobart,Hobart,Hard,,I,20250106,12,690300,,,Maya Joint,,,,,923407,,,Olga Danilovic,,,,,6-2 6-3,3,R32,,0,4,,,,,,,,1,4,,,,,,,,,,,
2025-hobart,Hobart,Hard,,I,20250106,13,684064,,,Magda Linette,,,,,323630,,,Varvara Gracheva,,,,,6-3 3-6 6-4,3,R32,,2,1,,,,,,,,1,5,,,,,,,,,,,
2025-hobart,Hobart,Hard,,I,20250106,14,988957,,,Renata Zarazua,,,,,152800,,,Lucia Bronzetti,,,,,6-4 6-3,3,R32,,1,0,,,,,,,,1,1,,,,,,,,,,,
2025-hobart,Hobart,Hard,,I,20250106,15,324536,,,Amanda Anisimova,,,,,658597,,,Daria Saville,,,,,6-3 6-3,3,R32,,3,4,,,,,,,,2,2,,,,,,,,,,,
2025-hobart,Hobart,Hard,,I,20250106,16,809758,,,Elise Mertens,,,,,457861,,,Nuria Parrizas Diaz,,,,,6-3 6-1,3,R32,,6,0,,,,,,,,0,3,,,,,,,,,,,
2025-hobart,Hobart,Hard,,I,20250106,17,549141,,,Sofia Kenin,,,,,126226,,,Anna Blinkova,,,,,6-2 3-6 6-2,3,R16,,2,2,,,,,,,,9,4,,,,,,,,,,,
2025-hobart,Hobart,Hard,,I,20250106,18,421789,,,Mccartney Kessler,,,,,957435,,,Maria Lourdes Carle,,,,,6-2 6-2,3,R16,,0,0,,,,,,,,0,4,,,,,,,,,,,
2025-hobart,Hobart,Hard,,I,20250106,19,690300,,,Maya Joint,,,,,684064,,,Magda Linette,,,,,6-1 6-1,3,R16,,0,1,,,,,,,,1,0,,,,,,,,,,,
2025-hobart,Hobart,Hard,,I,20250106,20,272544,,,Elina Avanesyan,,,,,460146,,,Greet Minnen,,,,,6-2 6-2,3,R16,,1,4,,,,,,,,1,3,,,,,,,,,,,
2025-hobart,Hobart,Hard,,I,20250106,21,813190,,,Dayana Yastremska,,,,,619460,,,Ann Li,,,,,1-6 7-5 6-2,3,R16,,1,4,,,,,,,,2,2,,,,,,,,,,,
2025-hobart,Hobart,Hard,,I,20250106,22,876368,,,Veronika Kudermetova,,,,,769396,,,Camila Osorio,,,,,6-4 6-1,3,R16,,5,6,,,,,,,,1,5,,,,,,,,,,,
2025-hobart,Hobart,Hard,,I,20250106,23,324536,,,Amanda Anisimova,,,,,610520,,,Anna Bondar,,,,,6-3 6-4,3,R16,,8,1,,,,,,,,10,2,,,,,,,,,,,
2025-hobart,Hobart,Hard,,I,20250106,24,809758,,,Elise Mertens,,,,,988957,,,Renata Zarazua,,,,,6-4 6-3,3,R16,,7,5,,,,,,,,1,1,,,,,,,,,,,
2025-hobart,Hobart,Hard,,I,20250106,25,421789,,,Mccartney Kessler,,,,,813190,,,Dayana Yastremska,,,,,7-5 6-4,3,QF,,3,2,,,,,,,,4,11,,,,,,,,,,,
2025-hobart,Hobart,Hard,,I,20250106,26,272544,,,Elina Avanesyan,,,,,324536,,,Amanda Anisimova,,,,,,3,QF,,,,,,,,,,,,,,,,,,,,,,,
2025-hobart,Hobart,Hard,,I,20250106,27,690300,,,Maya Joint,,,,,549141,,,Sofia Kenin,,,,,6-3 6-1,3,QF,,2,3,,,,,,,,0,5,,,,,,,,,,,
2025-hobart,Hobart,Hard,,I,20250106,28,809758,,,Elise Mertens,,,,,876368,,,Veronika Kudermetova,,,,,6-1 0-6 6-2,3,QF,,4,7,,,,,,,,3,2,,,,,,,,,,,
2025-hobart,Hobart,Hard,,I,20250106,29,421789,,,Mccartney Kessler,,,,,272544,,,Elina Avanesyan,,,,,4-6 6-3 6-4,3,SF,,0,2,,,,,,,,2,1,,,,,,,,,,,
2025-hobart,Hobart,Hard,,I,20250106,30,809758,,,Elise Mertens,,,,,690300,,,Maya Joint,,,,,6-2 6-3,3,SF,,2,7,,,,,,,,1,2,,,,,,,,,,,
2025-hobart,Hobart,Hard,,I,20250106,31,421789,,,Mccartney Kessler,,,,,809758,,,Elise Mertens,,,,,6-4 3-6 6-0,3,F,,3,1,,,,,,,,2,2,,,,,,,,,,,
2025-australian-open,Australian Open,Hard,,G,20250112,1,689373,,,Suzan Lamens,,,,,890144,,,Veronika Erjavec,,,,,7-5 7-6,3,R128,,3,6,,,,,,,,4,2,,,,,,,,,,,
2025-australian-open,Australian Open,Hard,,G,20250112,2,914953,,,Leylah Fernandez,,,,,976242,,,Yuliia Starodubtseva,,,,,7-5 6-4,3,R128,,2,6,,,,,,,,5,4,,,,,,,,,,,
2025-australian-open,Australian Open,Hard,,G,20250112,3,727666,,,Mirra Andreeva,,,,,369605,,,Marie Bouzkova,,,,,6-3 6-3,3,R128,,1,3,,,,,,,,1,1,,,,,,,,,,,
2025-australian-open,Australian Open,Hard,,G,20250112,4,913730,,,Tatjana Maria,,,,,557676,,,Bernarda Pera,,,,,7-6 6-4,3,R128,,2,2,,,,,,,,3,11,,,,,,,,,,,
2025-australian-open,Australian Open,Hard,,G,20250112,5,809492,,,Qinwen Zheng,,,,,384199,,,Anca Todoni,,,,,7-6 6-1,3,R128,,8,3,,,,,,,,4,4,,,,,,,,,,,
2025-australian-open,Australian Open,Hard,,G,20250112,6,975382,,,Donna Vekic,,,,,671871,,,Diane Parry,,,,,6-4 6-4,3,R128,,9,2,,,,,,,,3,2,,,,,,,,,,,
2025-australian-open,Australian Open,Hard,,G,20250112,7,695399,,,Paula Badosa,,,,,600494,,,Xinyu Wang,,,,,6-3 7-6,3,R128,,3,2,,,,,,,,4,3,,,,,,,,,,,
2025-australian-open,Australian Open,Hard,,G,20250112,8,359411,,,Clara Tauson,,,,,187314,,,Linda Noskova,,,,,5-7 6-3 6-4,3,R128,,13,7,,,,,,,,7,7,,,,,,,,,,,
2025-australian-open,Australian Open,Hard,,G,20250112,9,595819,,,Jessica Bouzas Maneiro,,,,,444525,,,Sonay Kartal,,,,,6-1 7-6,3,R128,,0,1,,,,,,,,1,1,,,,,,,,,,,
2025-australian-open,Australian Open,Hard,,G,20250112,10,716715,,,Aryna Sabalenka,,,,,441252,,,Sloane Stephens,,,,,6-3 6-2,3,R128,,2,2,,,,,,,,2,0,,,,,,,,,,,
2025-australian-open,Australian Open,Hard,,G,20250112,11,480371,,,Cristina Bucsa,,,,,944663,,,Chloe Paquet,,,,,6-2 6-3,3,R128,,0,0,,,,,,,,3,4,,,,,,,,,,,
2025-australian-open,Australian Open,Hard,,G,20250112,12,126226,,,Anna Blinkova,,,,,658597,,,Daria Saville,,,,,1-6 6-4 7-5,3,R128,,0,4,,,,,,,,4,5,,,,,,,,,,,
2025-australian-open,Australian Open,Hard,,G,20250112,13,889635,,,Jodie Burrage,,,,,344636,,,Leolia Jeanjean,,,,,6-2 6-4,3,R128,,5,2,,,,,,,,1,1,,,,,,,,,,,
2025-australian-open,Australian Open,Hard,,G,20250112,14,286370,,,Liudmila Samsonova,,,,,568609,,,Kamilla Rakhimova,,,,,6-2 6-4,3,R128,,2,2,,,,,,,,3,4,,,,,,,,,,,
2025-australian-open,Australian Open,Hard,,G,20250112,15,123538,,,Rebecca Sramkova,,,,,421894,,,Katie Volynets,,,,,3-6 6-2 6-2,3,R128,,1,2,,,,,,,,1,2,,,,,,,,,,,
2025-australian-open,Australian Open,Hard,,G,20250112,16,828867,,,Talia Gibson,,,,,337480,,,Zeynep Sonmez,,,,,3-6 7-6 6-1,3,R128,,5,5,,,,,,,,4,6,,,,,,,,,,,
2025-australian-open,Australian Open,Hard,,G,20250112,17,923407,,,Olga Danilovic,,,,,342785,,,Arantxa Rus,,,,,6-4 6-4,3,R128,,5,3,,,,,,,,4,3,,,,,,,,,,,
2025-australian-open,Australian Open,Hard,,G,20250112,18,685811,,,Laura Siegemund,,,,,987862,,,Hailey Baptiste,,,,,4-6 7-5 6-4,3,R128,,0,3,,,,,,,,4,14,,,,,,,,,,,
2025-australian-open,Australian Open,Hard,,G,20250112,19,425446,,,Diana Shnaider,,,,,121013,,,Elisabetta Cocciaretto,,,,,7-6 6-4,3,R128,,3,0,,,,,,,,0,6,,,,,,,,,,,
2025-australian-open,Australian Open,Hard,,G,20250112,20,482165,,,Moyuka Uchijima,,,,,684064,,,Magda Linette,,,,,4-6 6-2 7-6,3,R128,,5,6,,,,,,,,4,6,,,,,,,,,,,
2025-australian-open,Australian Open,Hard,,G,20250112,21,389789,,,Ajla Tomljanovic,,,,,701534,,,Ashlyn Krueger,,,,,6-4 4-6 6-4,3,R128,,0,8,,,,,,,,8,7,,,,,,,,,,,
2025-australian-open,Australian Open,Hard,,G,20250112,22,296713,,,Coco Gauff,,,,,549141,,,Sofia Kenin,,,,,6-3 6-3,3,R128,,12,9,,,,,,,,3,0,,,,,,,,,,,
2025-australian-open,Australian Open,Hard,,G,20250112,23,362890,,,Magdalena Frech,,,,,824108,,,Polina Kudermetova,,,,,6-4 6-4,3,R128,,3,0,,,,,,,,0,2,,,,,,,,,,,
2025-australian-open,Australian Open,Hard,,G,20250112,24,568896,,,Elina Svitolina,,,,,600745,,,Sorana Cirstea,,,,,6-4 6-4,3,R128,,2,4,,,,,,,,4,4,,,,,,,,,,,
2025-australian-open,Australian Open,Hard,,G,20250112,25,152800,,,Lucia Bronzetti,,,,,804895,,,Victoria Azarenka,,,,,6-2 7-6,3,R128,,8,2,,,,,,,,5,3,,,,,,,,,,,
2025-australian-open,Australian Open,Hard,,G,20250112,26,805782,,,Harriet Dart,,,,,591336,,,Jana Fett,,,,,7-5 2-6 7-6,3,R128,,6,3,,,,,,,,1,9,,,,,,,,,,,
2025-australian-open,Australian Open,Hard,,G,20250112,27,446701,,,Caroline Dolehide,,,,,429517,,,Sara Bejlek,,,,,7-6 6-2,3,R128,,1,2,,,,,,,,1,6,,,,,,,,,,,
2025-australian-open,Australian Open,Hard,,G,20250112,28,139227,,,Iga Swiatek,,,,,344482,,,Katerina Siniakova,,,,,6-3 6-4,3,R128,,1,0,,,,,,,,1,4,,,,,,,,,,,
2025-australian-open,Australian Open,Hard,,G,20250112,29,651611,,,Anastasia Potapova,,,,,688936,,,Tamara Zidansek,,,,,6-2 7-5,3,R128,,3,4,,,,,,,,1,3,,,,,,,,,,,
2025-australian-open,Australian Open,Hard,,G,20250112,30,218416,,,Belinda Bencic,,,,,762485,,,Jelena Ostapenko,,,,,6-3 7-6,3,R128,,2,8,,,,,,,,8,10,,,,,,,,,,,
2025-australian-open,Australian Open,Hard,,G,20250112,31,834140,,,Anastasia Pavlyuchenkova,,,,,803486,,,Yue Yuan,,,,,6-4 4-6 6-3,3,R128,,6,3,,,,,,,,7,0,,,,,,,,,,,
2025-australian-open,Australian Open,Hard,,G,20250112,32,534672,,,Jule Niemeier,,,,,679599,,,Maja Chwalinska,,,,,6-0 6-1,3,R128,,5,3,,,,,,,,0,1,,,,,,,,,,,
2025-australian-open,Australian Open,Hard,,G,20250112,33,814118,,,Jessica Pegula,,,,,690300,,,Maya Joint,,,,,6-3 6-0,3,R128,,2,1,,,,,,,,0,3,,,,,,,,,,,
2025-australian-open,Australian Open,Hard,,G,20250112,34,885728,,,Jaqueline  Cristian,,,,,824559,,,Petra Martic,,,,,6-2 4-6 7-6,3,R128,,7,5,,,,,,,,5,6,,,,,,,,,,,
2025-australian-open,Australian Open,Hard,,G,20250112,35,756180,,,Marta Kostyuk,,,,,615524,,,Nao Hibino,,,,,3-6 6-3 6-1,3,R128,,6,11,,,,,,,,2,4,,,,,,,,,,,
2025-australian-open,Australian Open,Hard,,G,20250112,36,809758,,,Elise Mertens,,,,,988932,,,Viktorija Golubic,,,,,4-6 7-6 6-4,3,R128,,5,7,,,,,,,,1,0,,,,,,,,,,,
2025-australian-open,Australian Open,Hard,,G,20250112,37,779188,,,Destanee Aiava,,,,,460146,,,Greet Minnen,,,,,5-7 7-5 7-6,3,R128,,6,4,,,,,,,,6,8,,,,,,,,,,,
2025-australian-open,Australian Open,Hard,,G,20250112,38,563551,,,Karolina Muchova,,,,,499387,,,Nadia Podoroska,,,,,6-1 6-1,3,R128,,7,3,,,,,,,,1,3,,,,,,,,,,,
2025-australian-open,Australian Open,Hard,,G,20250112,39,788190,,,Danielle Collins,,,,,656660,,,Daria Snigur,,,,,7-6 6-3,3,R128,,7,4,,,,,,,,0,6,,,,,,,,,,,
2025-australian-open,Australian Open,Hard,,G,20250112,40,714334,,,Naomi Osaka,,,,,464502,,,Caroline Garcia,,,,,6-3 3-6 6-3,3,R128,,7,3,,,,,,,,7,0,,,,,,,,,,,
2025-australian-open,Australian Open,Hard,,G,20250112,41,692146,,,Beatriz Haddad Maia,,,,,885767,,,Julia Riera,,,,,4-6 7-5 6-2,3,R128,,3,5,,,,,,,,7,5,,,,,,,,,,,
2025-australian-open,Australian Open,Hard,,G,20250112,42,858188,,,Emma Raducanu,,,,,558914,,,Ekaterina Alexandrova,,,,,7-6 7-6,3,R128,,9,15,,,,,,,,1,4,,,,,,,,,,,
2025-australian-open,Australian Open,Hard,,G,20250112,43,927809,,,Yafan Wang,,,,,610520,,,Anna Bondar,,,,,3-6 6-3 6-4,3,R128,,2,6,,,,,,,,6,0,,,,,,,,,,,
2025-australian-open,Australian Open,Hard,,G,20250112,44,674631,,,Xinyu Wang,,,,,346262,,,Julia Grabher,,,,,6-1 7-5,3,R128,,2,8,,,,,,,,0,4,,,,,,,,,,,
2025-australian-open,Australian Open,Hard,,G,20250112,45,626163,,,Daria Kasatkina,,,,,897792,,,Viktoriya Tomova,,,,,6-1 6-3,3,R128,,2,0,,,,,,,,0,5,,,,,,,,,,,
2025-australian-open,Australian Open,Hard,,G,20250112,46,324536,,,Amanda Anisimova,,,,,957435,,,Maria Lourdes Carle,,,,,6-2 6-3,3,R128,,0,4,,,,,,,,0,2,,,,,,,,,,,
2025-australian-open,Australian Open,Hard,,G,20250112,47,303568,,,Erika Andreeva,,,,,783984,,,Saisai Zheng,,,,,6-1 7-6,3,R128,,2,3,,,,,,,,0,4,,,,,,,,,,,
2025-australian-open,Australian Open,Hard,,G,20250112,48,804248,,,Emma Navarro,,,,,688846,,,Peyton Stearns,,,,,6-7 7-6 7-5,3,R128,,7,4,,,,,,,,4,5,,,,,,,,,,,
2025-australian-open,Australian Open,Hard,,G,20250112,49,388459,,,Iva Jovic,,,,,457861,,,Nuria Parrizas Diaz,,,,,6-2 6-1,3,R128,,2,1,,,,,,,,0,2,,,,,,,,,,,
2025-australian-open,Australian Open,Hard,,G,20250112,50,813190,,,Dayana Yastremska,,,,,729721,,,Mayar Sherif,,,,,6-1 6-4,3,R128,,5,2,,,,,,,,0,1,,,,,,,,,,,
2025-australian-open,Australian Open,Hard,,G,20250112,51,743463,,,Eva Lys,,,,,851560,,,Kimberly Birrell,,,,,6-2 6-2,3,R128,,2,4,,,,,,,,0,4,,,,,,,,,,,
2025-australian-open,Australian Open,Hard,,G,20250112,52,323630,,,Varvara Gracheva,,,,,520895,,,Caty Mcnally,,,,,6-3 6-4,3,R128,,0,0,,,,,,,,2,0,,,,,,,,,,,
2025-australian-open,Australian Open,Hard,,G,20250112,53,989873,,,Danka Kovinic,,,,,460138,,,Lulu Sun,,,,,6-3 7-5,3,R128,,4,3,,,,,,,,3,3,,,,,,,,,,,
2025-australian-open,Australian Open,Hard,,G,20250112,54,350535,,,Elena Rybakina,,,,,993262,,,Emerson Jones,,,,,6-1 6-1,3,R128,,11,0,,,,,,,,0,6,,,,,,,,,,,
2025-australian-open,Australian Open,Hard,,G,20250112,55,275310,,,Elena-Gabriela Ruse,,,,,707117,,,Irina-Camelia Begu,,,,,6-4 6-0,3,R128,,3,1,,,,,,,,4,5,,,,,,,,,,,
2025-australian-open,Australian Open,Hard,,G,20250112,56,133650,,,Yulia Putintseva,,,,,272544,,,Elina Avanesyan,,,,,4-6 7-5 6-2,3,R128,,1,3,,,,,,,,1,1,,,,,,,,,,,
2025-australian-open,Australian Open,Hard,,G,20250112,57,952597,,,Shuai Zhang,,,,,421789,,,Mccartney Kessler,,,,,6-3 6-4,3,R128,,0,0,,,,,,,,3,3,,,,,,,,,,,
2025-australian-open,Australian Open,Hard,,G,20250112,58,731934,,,Madison Keys,,,,,619460,,,Ann Li,,,,,6-4 7-5,3,R128,,6,1,,,,,,,,3,2,,,,,,,,,,,
2025-australian-open,Australian Open,Hard,,G,20250112,59,324333,,,Jasmine Paolini,,,,,500520,,,Sijia Wei,,,,,6-0 6-4,3,R128,,2,1,,,,,,,,2,2,,,,,,,,,,,
2025-australian-open,Australian Open,Hard,,G,20250112,60,988957,,,Renata Zarazua,,,,,948848,,,Taylor Townsend,,,,,6-7 6-1 6-2,3,R128,,3,1,,,,,,,,12,10,,,,,,,,,,,
2025-australian-open,Australian Open,Hard,,G,20250112,61,638293,,,Ons Jabeur,,,,,561744,,,Anhelina Kalinina,,,,,6-3 6-3,3,R128,,5,3,,,,,,,,0,2,,,,,,,,,,,
2025-australian-open,Australian Open,Hard,,G,20250112,62,769396,,,Camila Osorio,,,,,710062,,,Maria Sakkari,,,,,6-4 6-7 6-4,3,R128,,3,1,,,,,,,,2,10,,,,,,,,,,,
2025-australian-open,Australian Open,Hard,,G,20250112,63,970027,,,Katie Boulter,,,,,675084,,,Rebecca Marino,,,,,6-4 3-6 7-5,3,R128,,6,4,,,,,,,,10,4,,,,,,,,,,,
2025-australian-open,Australian Open,Hard,,G,20250112,64,876368,,,Veronika Kudermetova,,,,,397015,,,Olivia Gadecki,,,,,6-1 6-1,3,R128,,1,1,,,,,,,,0,4,,,,,,,,,,,
2025-australian-open,Australian Open,Hard,,G,20250112,65,685811,,,Laura Siegemund,,,,,809492,,,Qinwen Zheng,,,,,7-6 6-3,3,R64,,1,3,,,,,,,,11,3,,,,,,,,,,,
2025-australian-open,Australian Open,Hard,,G,20250112,66,727666,,,Mirra Andreeva,,,,,482165,,,Moyuka Uchijima,,,,,6-4 3-6 7-6,3,R64,,9,3,,,,,,,,1,5,,,,,,,,,,,
2025-australian-open,Australian Open,Hard,,G,20250112,67,923407,,,Olga Danilovic,,,,,286370,,,Liudmila Samsonova,,,,,6-1 6-2,3,R64,,3,0,,,,,,,,1,2,,,,,,,,,,,
2025-australian-open,Australian Open,Hard,,G,20250112,68,814118,,,Jessica Pegula,,,,,809758,,,Elise Mertens,,,,,6-4 6-2,3,R64,,1,0,,,,,,,,3,2,,,,,,,,,,,
2025-australian-open,Australian Open,Hard,,G,20250112,69,362890,,,Magdalena Frech,,,,,126226,,,Anna Blinkova,,,,,0-6 6-0 6-2,3,R64,,3,2,,,,,,,,2,3,,,,,,,,,,,
2025-australian-open,Australian Open,Hard,,G,20250112,70,359411,,,Clara Tauson,,,,,913730,,,Tatjana Maria,,,,,6-2 6-2,3,R64,,4,1,,,,,,,,1,3,,,,,,,,,,,
2025-australian-open,Australian Open,Hard,,G,20250112,71,716715,,,Aryna Sabalenka,,,,,595819,,,Jessica Bouzas Maneiro,,,,,6-3 7-5,3,R64,,2,1,,,,,,,,4,5,,,,,,,,,,,
2025-australian-open,Australian Open,Hard,,G,20250112,72,218416,,,Belinda Bencic,,,,,689373,,,Suzan Lamens,,,,,6-1 7-6,3,R64,,0,2,,,,,,,,4,5,,,,,,,,,,,
2025-australian-open,Australian Open,Hard,,G,20250112,73,714334,,,Naomi Osaka,,,,,563551,,,Karolina Muchova,,,,,1-6 6-1 6-3,3,R64,,6,1,,,,,,,,4,4,,,,,,,,,,,
2025-australian-open,Australian Open,Hard,,G,20250112,74,914953,,,Leylah Fernandez,,,,,480371,,,Cristina Bucsa,,,,,3-6 6-4 6-4,3,R64,,2,7,,,,,,,,0,4,,,,,,,,,,,
2025-australian-open,Australian Open,Hard,,G,20250112,75,834140,,,Anastasia Pavlyuchenkova,,,,,651611,,,Anastasia Potapova,,,,,7-6 2-6 6-2,3,R64,,1,9,,,,,,,,3,6,,,,,,,,,,,
2025-australian-open,Australian Open,Hard,,G,20250112,76,425446,,,Diana Shnaider,,,,,389789,,,Ajla Tomljanovic,,,,,6-4 7-5,3,R64,,3,1,,,,,,,,3,5,,,,,,,,,,,
2025-australian-open,Australian Open,Hard,,G,20250112,77,296713,,,Coco Gauff,,,,,889635,,,Jodie Burrage,,,,,6-3 7-5,3,R64,,3,7,,,,,,,,5,6,,,,,,,,,,,
2025-australian-open,Australian Open,Hard,,G,20250112,78,756180,,,Marta Kostyuk,,,,,534672,,,Jule Niemeier,,,,,6-3 6-0,3,R64,,3,4,,,,,,,,1,4,,,,,,,,,,,
2025-australian-open,Australian Open,Hard,,G,20250112,79,975382,,,Donna Vekic,,,,,805782,,,Harriet Dart,,,,,4-6 6-0 6-2,3,R64,,2,3,,,,,,,,0,8,,,,,,,,,,,
2025-australian-open,Australian Open,Hard,,G,20250112,80,695399,,,Paula Badosa,,,,,828867,,,Talia Gibson,,,,,6-1 6-0,3,R64,,3,2,,,,,,,,0,2,,,,,,,,,,,
2025-australian-open,Australian Open,Hard,,G,20250112,81,638293,,,Ons Jabeur,,,,,769396,,,Camila Osorio,,,,,7-5 6-3,3,R64,,1,1,,,,,,,,0,7,,,,,,,,,,,
2025-australian-open,Australian Open,Hard,,G,20250112,82,626163,,,Daria Kasatkina,,,,,927809,,,Yafan Wang,,,,,6-2 6-0,3,R64,,1,2,,,,,,,,2,2,,,,,,,,,,,
2025-australian-open,Australian Open,Hard,,G,20250112,83,813190,,,Dayana Yastremska,,,,,989873,,,Danka Kovinic,,,,,6-0 6-1,3,R64,,3,1,,,,,,,,2,1,,,,,,,,,,,
2025-australian-open,Australian Open,Hard,,G,20250112,84,858188,,,Emma Raducanu,,,,,324536,,,Amanda Anisimova,,,,,6-3 7-5,3,R64,,0,5,,,,,,,,2,7,,,,,,,,,,,
2025-australian-open,Australian Open,Hard,,G,20250112,85,804248,,,Emma Navarro,,,,,674631,,,Xinyu Wang,,,,,6-3 3-6 6-4,3,R64,,1,3,,,,,,,,1,5,,,,,,,,,,,
2025-australian-open,Australian Open,Hard,,G,20250112,86,139227,,,Iga Swiatek,,,,,123538,,,Rebecca Sramkova,,,,,6-0 6-2,3,R64,,2,2,,,,,,,,0,4,,,,,,,,,,,
2025-australian-open,Australian Open,Hard,,G,20250112,87,133650,,,Yulia Putintseva,,,,,952597,,,Shuai Zhang,,,,,6-2 6-1,3,R64,,3,1,,,,,,,,0,0,,,,,,,,,,,
2025-australian-open,Australian Open,Hard,,G,20250112,88,350535,,,Elena Rybakina,,,,,388459,,,Iva Jovic,,,,,6-0 6-3,3,R64,,4,5,,,,,,,,0,2,,,,,,,,,,,
2025-australian-open,Australian Open,Hard,,G,20250112,89,743463,,,Eva Lys,,,,,323630,,,Varvara Gracheva,,,,,6-2 3-6 6-4,3,R64,,1,1,,,,,,,,5,5,,,,,,,,,,,
2025-australian-open,Australian Open,Hard,,G,20250112,90,692146,,,Beatriz Haddad Maia,,,,,303568,,,Erika Andreeva,,,,,6-2 6-3,3,R64,,4,3,,,,,,,,1,3,,,,,,,,,,,
2025-australian-open,Australian Open,Hard,,G,20250112,91,885728,,,Jaqueline  Cristian,,,,,152800,,,Lucia Bronzetti,,,,,7-5 7-5,3,R64,,3,0,,,,,,,,0,2,,,,,,,,,,,
2025-australian-open,Australian Open,Hard,,G,20250112,92,568896,,,Elina Svitolina,,,,,446701,,,Caroline Dolehide,,,,,6-1 6-4,3,R64,,7,3,,,,,,,,4,0,,,,,,,,,,,
2025-australian-open,Australian Open,Hard,,G,20250112,93,876368,,,Veronika Kudermetova,,,,,970027,,,Katie Boulter,,,,,7-6 2-6 6-2,3,R64,,7,3,,,,,,,,5,3,,,,,,,,,,,
2025-australian-open,Australian Open,Hard,,G,20250112,94,731934,,,Madison Keys,,,,,275310,,,Elena-Gabriela Ruse,,,,,7-6 2-6 7-5,3,R64,,1,4,,,,,,,,4,4,,,,,,,,,,,
2025-australian-open,Australian Open,Hard,,G,20250112,95,788190,,,Danielle Collins,,,,,779188,,,Destanee Aiava,,,,,7-6 4-6 6-2,3,R64,,6,12,,,,,,,,5,3,,,,,,,,,,,
2025-australian-open,Australian Open,Hard,,G,20250112,96,324333,,,Jasmine Paolini,,,,,988957,,,Renata Zarazua,,,,,6-2 6-3,3,R64,,5,1,,,,,,,,0,1,,,,,,,,,,,
2025-australian-open,Australian Open,Hard,,G,20250112,97,834140,,,Anastasia Pavlyuchenkova,,,,,685811,,,Laura Siegemund,,,,,6-1 6-2,3,R32,,1,0,,,,,,,,2,5,,,,,,,,,,,
2025-australian-open,Australian Open,Hard,,G,20250112,98,975382,,,Donna Vekic,,,,,425446,,,Diana Shnaider,,,,,7-6 6-7 7-5,3,R32,,10,5,,,,,,,,5,6,,,,,,,,,,,
2025-australian-open,Australian Open,Hard,,G,20250112,99,716715,,,Aryna Sabalenka,,,,,359411,,,Clara Tauson,,,,,7-6 6-4,3,R32,,0,2,,,,,,,,3,6,,,,,,,,,,,
2025-australian-open,Australian Open,Hard,,G,20250112,100,695399,,,Paula Badosa,,,,,756180,,,Marta Kostyuk,,,,,6-4 4-6 6-3,3,R32,,3,3,,,,,,,,6,16,,,,,,,,,,,
2025-australian-open,Australian Open,Hard,,G,20250112,101,727666,,,Mirra Andreeva,,,,,362890,,,Magdalena Frech,,,,,6-2 1-6 6-2,3,R32,,4,3,,,,,,,,1,1,,,,,,,,,,,
2025-australian-open,Australian Open,Hard,,G,20250112,102,218416,,,Belinda Bencic,,,,,714334,,,Naomi Osaka,,,,,7-6,3,R32,,0,0,,,,,,,,8,0,,,,,,,,,,,
2025-australian-open,Australian Open,Hard,,G,20250112,103,296713,,,Coco Gauff,,,,,914953,,,Leylah Fernandez,,,,,6-4 6-2,3,R32,,5,4,,,,,,,,1,3,,,,,,,,,,,
2025-australian-open,Australian Open,Hard,,G,20250112,104,923407,,,Olga Danilovic,,,,,814118,,,Jessica Pegula,,,,,7-6 6-1,3,R32,,5,1,,,,,,,,1,3,,,,,,,,,,,
2025-australian-open,Australian Open,Hard,,G,20250112,105,804248,,,Emma Navarro,,,,,638293,,,Ons Jabeur,,,,,6-4 3-6 6-4,3,R32,,1,5,,,,,,,,4,2,,,,,,,,,,,
2025-australian-open,Australian Open,Hard,,G,20250112,106,139227,,,Iga Swiatek,,,,,858188,,,Emma Raducanu,,,,,6-1 6-0,3,R32,,2,3,,,,,,,,1,4,,,,,,,,,,,
2025-australian-open,Australian Open,Hard,,G,20250112,107,743463,,,Eva Lys,,,,,885728,,,Jaqueline  Cristian,,,,,4-6 6-3 6-3,3,R32,,0,1,,,,,,,,3,4,,,,,,,,,,,
2025-australian-open,Australian Open,Hard,,G,20250112,108,626163,,,Daria Kasatkina,,,,,133650,,,Yulia Putintseva,,,,,7-5 6-1,3,R32,,1,7,,,,,,,,0,1,,,,,,,,,,,
2025-australian-open,Australian Open,Hard,,G,20250112,109,350535,,,Elena Rybakina,,,,,813190,,,Dayana Yastremska,,,,,6-3 6-4,3,R32,,2,2,,,,,,,,5,8,,,,,,,,,,,
2025-australian-open,Australian Open,Hard,,G,20250112,110,876368,,,Veronika Kudermetova,,,,,692146,,,Beatriz Haddad Maia,,,,,6-4 6-2,3,R32,,1,0,,,,,,,,4,4,,,,,,,,,,,
2025-australian-open,Australian Open,Hard,,G,20250112,111,568896,,,Elina Svitolina,,,,,324333,,,Jasmine Paolini,,,,,2-6 6-4 6-0,3,R32,,7,5,,,,,,,,0,3,,,,,,,,,,,
2025-australian-open,Australian Open,Hard,,G,20250112,112,731934,,,Madison Keys,,,,,788190,,,Danielle Collins,,,,,6-4 6-4,3,R32,,4,4,,,,,,,,3,3,,,,,,,,,,,
2025-australian-open,Australian Open,Hard,,G,20250112,113,716715,,,Aryna Sabalenka,,,,,727666,,,Mirra Andreeva,,,,,6-1 6-2,3,R16,,3,0,,,,,,,,2,3,,,,,,,,,,,
2025-australian-open,Australian Open,Hard,,G,20250112,114,296713,,,Coco Gauff,,,,,218416,,,Belinda Bencic,,,,,5-7 6-2 6-1,3,R16,,8,9,,,,,,,,1,1,,,,,,,,,,,
2025-australian-open,Australian Open,Hard,,G,20250112,115,834140,,,Anastasia Pavlyuchenkova,,,,,975382,,,Donna Vekic,,,,,7-6 6-0,3,R16,,10,0,,,,,,,,2,5,,,,,,,,,,,
2025-australian-open,Australian Open,Hard,,G,20250112,116,695399,,,Paula Badosa,,,,,923407,,,Olga Danilovic,,,,,6-1 7-6,3,R16,,7,3,,,,,,,,1,0,,,,,,,,,,,
2025-australian-open,Australian Open,Hard,,G,20250112,117,568896,,,Elina Svitolina,,,,,876368,,,Veronika Kudermetova,,,,,6-4 6-1,3,R16,,5,3,,,,,,,,0,0,,,,,,,,,,,
2025-australian-open,Australian Open,Hard,,G,20250112,118,731934,,,Madison Keys,,,,,350535,,,Elena Rybakina,,,,,6-3 1-6 6-3,3,R16,,4,6,,,,,,,,3,6,,,,,,,,,,,
2025-australian-open,Australian Open,Hard,,G,20250112,119,804248,,,Emma Navarro,,,,,626163,,,Daria Kasatkina,,,,,6-4 5-7 7-5,3,R16,,1,5,,,,,,,,3,9,,,,,,,,,,,
2025-australian-open,Australian Open,Hard,,G,20250112,120,139227,,,Iga Swiatek,,,,,743463,,,Eva Lys,,,,,6-0 6-1,3,R16,,3,2,,,,,,,,0,2,,,,,,,,,,,
2025-australian-open,Australian Open,Hard,,G,20250112,121,695399,,,Paula Badosa,,,,,296713,,,Coco Gauff,,,,,7-5 6-4,3,QF,,3,2,,,,,,,,4,6,,,,,,,,,,,
2025-australian-open,Australian Open,Hard,,G,20250112,122,716715,,,Aryna Sabalenka,,,,,834140,,,Anastasia Pavlyuchenkova,,,,,6-2 2-6 6-3,3,QF,,3,3,,,,,,,,3,5,,,,,,,,,,,
2025-australian-open,Australian Open,Hard,,G,20250112,123,731934,,,Madison Keys,,,,,568896,,,Elina Svitolina,,,,,3-6 6-3 6-4,3,QF,,6,4,,,,,,,,3,1,,,,,,,,,,,
2025-australian-open,Australian Open,Hard,,G,20250112,124,139227,,,Iga Swiatek,,,,,804248,,,Emma Navarro,,,,,6-1 6-2,3,QF,,1,2,,,,,,,,1,1,,,,,,,,,,,
2025-australian-open,Australian Open,Hard,,G,20250112,125,716715,,,Aryna Sabalenka,,,,,695399,,,Paula Badosa,,,,,6-4 6-2,3,SF,,2,1,,,,,,,,4,4,,,,,,,,,,,
2025-australian-open,Australian Open,Hard,,G,20250112,126,731934,,,Madison Keys,,,,,139227,,,Iga Swiatek,,,,,5-7 6-1 7-6,3,SF,,7,4,,,,,,,,0,7,,,,,,,,,,,
2025-australian-open,Australian Open,Hard,,G,20250112,127,731934,,,Madison Keys,,,,,716715,,,Aryna Sabalenka,,,,,6-3 2-6 7-5,3,F,,6,0,,,,,,,,3,5,,,,,,,,,,,
2025-linz-wta-indoor,Linz WTA (indoor),Hard,,I,20250127,1,897792,,,Viktoriya Tomova,,,,,595819,,,Jessica Bouzas Maneiro,,,,,7-6 6-4,3,R32,,0,4,,,,,,,,1,4,,,,,,,,,,,
2025-linz-wta-indoor,Linz WTA (indoor),Hard,,I,20250127,2,600745,,,Sorana Cirstea,,,,,342785,,,Arantxa Rus,,,,,5-7 6-2 6-3,3,R32,,0,2,,,,,,,,4,8,,,,,,,,,,,
2025-linz-wta-indoor,Linz WTA (indoor),Hard,,I,20250127,3,651454,,,Antonia Ruzic,,,,,729721,,,Mayar Sherif,,,,,6-3 6-4,3,R32,,5,3,,,,,,,,6,2,,,,,,,,,,,
2025-linz-wta-indoor,Linz WTA (indoor),Hard,,I,20250127,4,359411,,,Clara Tauson,,,,,561744,,,Anhelina Kalinina,,,,,6-3 6-3,3,R32,,11,4,,,,,,,,2,0,,,,,,,,,,,
2025-linz-wta-indoor,Linz WTA (indoor),Hard,,I,20250127,5,355591,,,Sara Sorribes Tormo,,,,,460138,,,Lulu Sun,,,,,6-3 6-3,3,R32,,2,2,,,,,,,,2,6,,,,,,,,,,,
2025-linz-wta-indoor,Linz WTA (indoor),Hard,,I,20250127,6,123538,,,Rebecca Sramkova,,,,,121013,,,Elisabetta Cocciaretto,,,,,7-5 7-5,3,R32,,2,3,,,,,,,,1,2,,,,,,,,,,,
2025-linz-wta-indoor,Linz WTA (indoor),Hard,,I,20250127,7,651611,,,Anastasia Potapova,,,,,346262,,,Julia Grabher,,,,,6-2 6-2,3,R32,,4,5,,,,,,,,1,4,,,,,,,,,,,
2025-linz-wta-indoor,Linz WTA (indoor),Hard,,I,20250127,8,114904,,,Aliaksandra Sasnovich,,,,,926087,,,Anastasia Zakharova,,,,,6-3 7-6,3,R32,,5,2,,,,,,,,3,2,,,,,,,,,,,
2025-linz-wta-indoor,Linz WTA (indoor),Hard,,I,20250127,9,824559,,,Petra Martic,,,,,743463,,,Eva Lys,,,,,6-4 5-7 6-3,3,R32,,8,5,,,,,,,,3,6,,,,,,,,,,,
2025-linz-wta-indoor,Linz WTA (indoor),Hard,,I,20250127,10,813190,,,Dayana Yastremska,,,,,152800,,,Lucia Bronzetti,,,,,7-6 7-5,3,R32,,5,7,,,,,,,,4,4,,,,,,,,,,,
2025-linz-wta-indoor,Linz WTA (indoor),Hard,,I,20250127,11,272544,,,Elina Avanesyan,,,,,344482,,,Katerina Siniakova,,,,,6-3 6-2,3,R32,,1,1,,,,,,,,2,6,,,,,,,,,,,
2025-linz-wta-indoor,Linz WTA (indoor),Hard,,I,20250127,12,126226,,,Anna Blinkova,,,,,879393,,,Sinja Kraus,,,,,7-6 6-2,3,R32,,0,2,,,,,,,,1,4,,,,,,,,,,,
2025-linz-wta-indoor,Linz WTA (indoor),Hard,,I,20250127,13,359411,,,Clara Tauson,,,,,600745,,,Sorana Cirstea,,,,,6-2 6-4,3,R16,,1,3,,,,,,,,1,5,,,,,,,,,,,
2025-linz-wta-indoor,Linz WTA (indoor),Hard,,I,20250127,14,710062,,,Maria Sakkari,,,,,897792,,,Viktoriya Tomova,,,,,6-3 6-2,3,R16,,5,1,,,,,,,,3,1,,,,,,,,,,,
2025-linz-wta-indoor,Linz WTA (indoor),Hard,,I,20250127,15,651611,,,Anastasia Potapova,,,,,123538,,,Rebecca Sramkova,,,,,7-6 6-4,3,R16,,3,2,,,,,,,,2,4,,,,,,,,,,,
2025-linz-wta-indoor,Linz WTA (indoor),Hard,,I,20250127,16,813190,,,Dayana Yastremska,,,,,651454,,,Antonia Ruzic,,,,,7-5 6-1,3,R16,,3,7,,,,,,,,1,4,,,,,,,,,,,
2025-linz-wta-indoor,Linz WTA (indoor),Hard,,I,20250127,17,824559,,,Petra Martic,,,,,272544,,,Elina Avanesyan,,,,,6-4 4-6 7-5,3,R16,,6,4,,,,,,,,0,6,,,,,,,,,,,
2025-linz-wta-indoor,Linz WTA (indoor),Hard,,I,20250127,18,126226,,,Anna Blinkova,,,,,568896,,,Elina Svitolina,,,,,6-4 6-4,3,R16,,2,5,,,,,,,,2,2,,,,,,,,,,,
2025-linz-wta-indoor,Linz WTA (indoor),Hard,,I,20250127,19,563551,,,Karolina Muchova,,,,,355591,,,Sara Sorribes Tormo,,,,,6-2 6-3,3,R16,,5,0,,,,,,,,0,2,,,,,,,,,,,
2025-linz-wta-indoor,Linz WTA (indoor),Hard,,I,20250127,20,558914,,,Ekaterina Alexandrova,,,,,114904,,,Aliaksandra Sasnovich,,,,,6-3 6-2,3,R16,,6,4,,,,,,,,1,2,,,,,,,,,,,
2025-linz-wta-indoor,Linz WTA (indoor),Hard,,I,20250127,21,813190,,,Dayana Yastremska,,,,,710062,,,Maria Sakkari,,,,,7-5 6-0,3,QF,,1,1,,,,,,,,0,2,,,,,,,,,,,
2025-linz-wta-indoor,Linz WTA (indoor),Hard,,I,20250127,22,359411,,,Clara Tauson,,,,,126226,,,Anna Blinkova,,,,,6-4 6-3,3,QF,,9,3,,,,,,,,1,6,,,,,,,,,,,
2025-linz-wta-indoor,Linz WTA (indoor),Hard,,I,20250127,23,563551,,,Karolina Muchova,,,,,651611,,,Anastasia Potapova,,,,,6-3 3-6 6-3,3,QF,,9,1,,,,,,,,2,2,,,,,,,,,,,
2025-linz-wta-indoor,Linz WTA (indoor),Hard,,I,20250127,24,558914,,,Ekaterina Alexandrova,,,,,824559,,,Petra Martic,,,,,3-6 6-2 6-2,3,QF,,9,8,,,,,,,,4,2,,,,,,,,,,,
2025-linz-wta-indoor,Linz WTA (indoor),Hard,,I,20250127,25,813190,,,Dayana Yastremska,,,,,359411,,,Clara Tauson,,,,,6-1 6-4,3,SF,,6,7,,,,,,,,5,5,,,,,,,,,,,
2025-linz-wta-indoor,Linz WTA (indoor),Hard,,I,20250127,26,558914,,,Ekaterina Alexandrova,,,,,563551,,,Karolina Muchova,,,,,6-0 6-4,3,SF,,6,4,,,,,,,,1,5,,,,,,,,,,,
2025-linz-wta-indoor,Linz WTA (indoor),Hard,,I,20250127,27,558914,,,Ekaterina Alexandrova,,,,,813190,,,Dayana Yastremska,,,,,6-2 3-6 7-5,3,F,,2,3,,,,,,,,3,8,,,,,,,,,,,
2025-singapore-wta-indoor,Singapore WTA (indoor),Hard,,I,20250127,1,769396,,,Camila Osorio,,,,,557676,,,Bernarda Pera,,,,,6-1 6-7 6-3,3,R32,,5,3,,,,,,,,5,4,,,,,,,,,,,
2025-singapore-wta-indoor,Singapore WTA (indoor),Hard,,I,20250127,2,619460,,,Ann Li,,,,,658597,,,Daria Saville,,,,,6-3 6-1,3,R32,,5,3,,,,,,,,0,7,,,,,,,,,,,
2025-singapore-wta-indoor,Singapore WTA (indoor),Hard,,I,20250127,3,690300,,,Maya Joint,,,,,663060,,,Alycia Parks,,,,,4-6 6-1 7-5,3,R32,,2,7,,,,,,,,4,7,,,,,,,,,,,
2025-singapore-wta-indoor,Singapore WTA (indoor),Hard,,I,20250127,4,480371,,,Cristina Bucsa,,,,,858188,,,Emma Raducanu,,,,,5-7 7-5 7-5,3,R32,,1,3,,,,,,,,7,7,,,,,,,,,,,
2025-singapore-wta-indoor,Singapore WTA (indoor),Hard,,I,20250127,5,216676,,,Mananchaya Sawangkaew,,,,,500520,,,Sijia Wei,,,,,6-4 7-6,3,R32,,0,3,,,,,,,,0,5,,,,,,,,,,,
2025-singapore-wta-indoor,Singapore WTA (indoor),Hard,,I,20250127,6,393113,,,Anna Kalinskaya,,,,,446701,,,Caroline Dolehide,,,,,6-4 4-6 6-2,3,R32,,0,2,,,,,,,,2,3,,,,,,,,,,,
2025-singapore-wta-indoor,Singapore WTA (indoor),Hard,,I,20250127,7,125061,,,Dominika Salkova,,,,,303568,,,Erika Andreeva,,,,,7-6 6-2,3,R32,,4,1,,,,,,,,2,4,,,,,,,,,,,
2025-singapore-wta-indoor,Singapore WTA (indoor),Hard,,I,20250127,8,330724,,,Simona Waltert,,,,,389789,,,Ajla Tomljanovic,,,,,6-2 6-3,3,R32,,9,2,,,,,,,,3,3,,,,,,,,,,,
2025-singapore-wta-indoor,Singapore WTA (indoor),Hard,,I,20250127,9,987862,,,Hailey Baptiste,,,,,988957,,,Renata Zarazua,,,,,2-6 6-0 6-3,3,R32,,6,1,,,,,,,,1,2,,,,,,,,,,,
2025-singapore-wta-indoor,Singapore WTA (indoor),Hard,,I,20250127,10,851560,,,Kimberly Birrell,,,,,824108,,,Polina Kudermetova,,,,,6-3 6-2,3,R32,,5,1,,,,,,,,5,3,,,,,,,,,,,
2025-singapore-wta-indoor,Singapore WTA (indoor),Hard,,I,20250127,11,394732,,,Maria Timofeeva,,,,,674631,,,Xinyu Wang,,,,,6-3 7-6,3,R32,,5,3,,,,,,,,0,1,,,,,,,,,,,
2025-singapore-wta-indoor,Singapore WTA (indoor),Hard,,I,20250127,12,397015,,,Olivia Gadecki,,,,,482165,,,Moyuka Uchijima,,,,,6-1 6-7 6-2,3,R32,,6,6,,,,,,,,2,11,,,,,,,,,,,
2025-singapore-wta-indoor,Singapore WTA (indoor),Hard,,I,20250127,13,600494,,,Xinyu Wang,,,,,675084,,,Rebecca Marino,,,,,6-4 5-7 7-5,3,R32,,3,4,,,,,,,,13,3,,,,,,,,,,,
2025-singapore-wta-indoor,Singapore WTA (indoor),Hard,,I,20250127,14,920327,,,Jil Teichmann,,,,,805782,,,Harriet Dart,,,,,6-3 6-1,3,R32,,4,3,,,,,,,,1,5,,,,,,,,,,,
2025-singapore-wta-indoor,Singapore WTA (indoor),Hard,,I,20250127,15,809758,,,Elise Mertens,,,,,948848,,,Taylor Townsend,,,,,6-1 6-0,3,R32,,4,5,,,,,,,,1,2,,,,,,,,,,,
2025-singapore-wta-indoor,Singapore WTA (indoor),Hard,,I,20250127,16,913730,,,Tatjana Maria,,,,,976242,,,Yuliia Starodubtseva,,,,,2-6 6-1 6-2,3,R32,,4,0,,,,,,,,4,4,,,,,,,,,,,
2025-singapore-wta-indoor,Singapore WTA (indoor),Hard,,I,20250127,17,769396,,,Camila Osorio,,,,,125061,,,Dominika Salkova,,,,,3-6 6-2 6-4,3,R16,,6,5,,,,,,,,0,6,,,,,,,,,,,
2025-singapore-wta-indoor,Singapore WTA (indoor),Hard,,I,20250127,18,216676,,,Mananchaya Sawangkaew,,,,,480371,,,Cristina Bucsa,,,,,6-4 6-4,3,R16,,1,4,,,,,,,,0,2,,,,,,,,,,,
2025-singapore-wta-indoor,Singapore WTA (indoor),Hard,,I,20250127,19,393113,,,Anna Kalinskaya,,,,,330724,,,Simona Waltert,,,,,6-2 7-6,3,R16,,0,0,,,,,,,,6,5,,,,,,,,,,,
2025-singapore-wta-indoor,Singapore WTA (indoor),Hard,,I,20250127,20,619460,,,Ann Li,,,,,394732,,,Maria Timofeeva,,,,,6-3 6-2,3,R16,,2,3,,,,,,,,1,3,,,,,,,,,,,
2025-singapore-wta-indoor,Singapore WTA (indoor),Hard,,I,20250127,21,851560,,,Kimberly Birrell,,,,,987862,,,Hailey Baptiste,,,,,6-7 6-3 7-5,3,R16,,2,9,,,,,,,,9,5,,,,,,,,,,,
2025-singapore-wta-indoor,Singapore WTA (indoor),Hard,,I,20250127,22,809758,,,Elise Mertens,,,,,913730,,,Tatjana Maria,,,,,6-7 6-3 6-1,3,R16,,5,2,,,,,,,,5,0,,,,,,,,,,,
2025-singapore-wta-indoor,Singapore WTA (indoor),Hard,,I,20250127,23,600494,,,Xinyu Wang,,,,,690300,,,Maya Joint,,,,,6-4 6-2,3,R16,,0,3,,,,,,,,0,1,,,,,,,,,,,
2025-singapore-wta-indoor,Singapore WTA (indoor),Hard,,I,20250127,24,920327,,,Jil Teichmann,,,,,397015,,,Olivia Gadecki,,,,,6-4 6-4,3,R16,,5,2,,,,,,,,2,3,,,,,,,,,,,
2025-singapore-wta-indoor,Singapore WTA (indoor),Hard,,I,20250127,25,619460,,,Ann Li,,,,,851560,,,Kimberly Birrell,,,,,7-6 7-6,3,QF,,6,3,,,,,,,,3,4,,,,,,,,,,,
2025-singapore-wta-indoor,Singapore WTA (indoor),Hard,,I,20250127,26,393113,,,Anna Kalinskaya,,,,,216676,,,Mananchaya Sawangkaew,,,,,6-3 4-6 6-0,3,QF,,3,1,,,,,,,,6,5,,,,,,,,,,,
2025-singapore-wta-indoor,Singapore WTA (indoor),Hard,,I,20250127,27,600494,,,Xinyu Wang,,,,,920327,,,Jil Teichmann,,,,,6-7 7-6 6-4,3,QF,,8,1,,,,,,,,10,2,,,,,,,,,,,
2025-singapore-wta-indoor,Singapore WTA (indoor),Hard,,I,20250127,28,809758,,,Elise Mertens,,,,,769396,,,Camila Osorio,,,,,6-4 6-2,3,QF,,6,2,,,,,,,,1,11,,,,,,,,,,,
2025-singapore-wta-indoor,Singapore WTA (indoor),Hard,,I,20250127,29,619460,,,Ann Li,,,,,393113,,,Anna Kalinskaya,,,,,7-6 1-0,3,SF,,9,1,,,,,,,,2,2,,,,,,,,,,,
2025-singapore-wta-indoor,Singapore WTA (indoor),Hard,,I,20250127,30,809758,,,Elise Mertens,,,,,600494,,,Xinyu Wang,,,,,6-3 6-4,3,SF,,9,2,,,,,,,,3,0,,,,,,,,,,,
2025-singapore-wta-indoor,Singapore WTA (indoor),Hard,,I,20250127,31,809758,,,Elise Mertens,,,,,619460,,,Ann Li,,,,,6-1 6-4,3,F,,4,1,,,,,,,,3,1,,,,,,,,,,,
2025-abu-dhabi,Abu Dhabi,Hard,,P,20250203,1,879804,,,Sonobe W.,,,,,803486,,,Yue Yuan,,,,,6-4 6-3,3,R32,,5,1,,,,,,,,1,0,,,,,,,,,,,
2025-abu-dhabi,Abu Dhabi,Hard,,P,20250203,2,701534,,,Ashlyn Krueger,,,,,421789,,,Mccartney Kessler,,,,,6-3 6-7 6-3,3,R32,,6,7,,,,,,,,3,2,,,,,,,,,,,
2025-abu-dhabi,Abu Dhabi,Hard,,P,20250203,3,421894,,,Katie Volynets,,,,,444525,,,Sonay Kartal,,,,,3-6 6-4 6-4,3,R32,,1,1,,,,,,,,1,1,,,,,,,,,,,
2025-abu-dhabi,Abu Dhabi,Hard,,P,20250203,4,460138,,,Lulu Sun,,,,,464502,,,Caroline Garcia,,,,,6-1 6-3,3,R32,,3,2,,,,,,,,1,3,,,,,,,,,,,
2025-abu-dhabi,Abu Dhabi,Hard,,P,20250203,5,876368,,,Veronika Kudermetova,,,,,286370,,,Liudmila Samsonova,,,,,5-7 6-1 7-6,3,R32,,6,6,,,,,,,,7,4,,,,,,,,,,,
2025-abu-dhabi,Abu Dhabi,Hard,,P,20250203,6,914953,,,Leylah Fernandez,,,,,482165,,,Moyuka Uchijima,,,,,7-6 7-6,3,R32,,0,8,,,,,,,,0,3,,,,,,,,,,,
2025-abu-dhabi,Abu Dhabi,Hard,,P,20250203,7,187314,,,Linda Noskova,,,,,362890,,,Magdalena Frech,,,,,6-0 6-3,3,R32,,2,1,,,,,,,,2,0,,,,,,,,,,,
2025-abu-dhabi,Abu Dhabi,Hard,,P,20250203,8,684064,,,Magda Linette,,,,,988957,,,Renata Zarazua,,,,,6-4 7-6,3,R32,,2,0,,,,,,,,1,3,,,,,,,,,,,
2025-abu-dhabi,Abu Dhabi,Hard,,P,20250203,9,218416,,,Belinda Bencic,,,,,123538,,,Rebecca Sramkova,,,,,6-2 3-6 6-1,3,R32,,1,3,,,,,,,,4,1,,,,,,,,,,,
2025-abu-dhabi,Abu Dhabi,Hard,,P,20250203,10,834140,,,Anastasia Pavlyuchenkova,,,,,549141,,,Sofia Kenin,,,,,6-3 6-1,3,R32,,4,1,,,,,,,,2,0,,,,,,,,,,,
2025-abu-dhabi,Abu Dhabi,Hard,,P,20250203,11,339700,,,Marketa Vondrousova,,,,,858188,,,Emma Raducanu,,,,,6-3 6-4,3,R32,,4,9,,,,,,,,0,2,,,,,,,,,,,
2025-abu-dhabi,Abu Dhabi,Hard,,P,20250203,12,638293,,,Ons Jabeur,,,,,762485,,,Jelena Ostapenko,,,,,7-6 7-5,3,R32,,6,2,,,,,,,,1,8,,,,,,,,,,,
2025-abu-dhabi,Abu Dhabi,Hard,,P,20250203,13,218416,,,Belinda Bencic,,,,,876368,,,Veronika Kudermetova,,,,,6-0 6-0,3,R16,,2,1,,,,,,,,0,3,,,,,,,,,,,
2025-abu-dhabi,Abu Dhabi,Hard,,P,20250203,14,339700,,,Marketa Vondrousova,,,,,133650,,,Yulia Putintseva,,,,,6-2 6-3,3,R16,,3,6,,,,,,,,0,0,,,,,,,,,,,
2025-abu-dhabi,Abu Dhabi,Hard,,P,20250203,15,350535,,,Elena Rybakina,,,,,421894,,,Katie Volynets,,,,,2-6 6-4 6-4,3,R16,,7,7,,,,,,,,1,1,,,,,,,,,,,
2025-abu-dhabi,Abu Dhabi,Hard,,P,20250203,16,914953,,,Leylah Fernandez,,,,,460138,,,Lulu Sun,,,,,6-0 6-3,3,R16,,2,3,,,,,,,,7,3,,,,,,,,,,,
2025-abu-dhabi,Abu Dhabi,Hard,,P,20250203,17,701534,,,Ashlyn Krueger,,,,,626163,,,Daria Kasatkina,,,,,1-6 7-5 6-4,3,R16,,2,9,,,,,,,,1,10,,,,,,,,,,,
2025-abu-dhabi,Abu Dhabi,Hard,,P,20250203,18,638293,,,Ons Jabeur,,,,,879804,,,Sonobe W.,,,,,6-3 6-3,3,R16,,1,4,,,,,,,,0,6,,,,,,,,,,,
2025-abu-dhabi,Abu Dhabi,Hard,,P,20250203,19,187314,,,Linda Noskova,,,,,695399,,,Paula Badosa,,,,,6-4 6-1,3,R16,,3,2,,,,,,,,2,2,,,,,,,,,,,
2025-abu-dhabi,Abu Dhabi,Hard,,P,20250203,20,684064,,,Magda Linette,,,,,834140,,,Anastasia Pavlyuchenkova,,,,,5-7 4-1,3,R16,,3,4,,,,,,,,1,5,,,,,,,,,,,
2025-abu-dhabi,Abu Dhabi,Hard,,P,20250203,21,218416,,,Belinda Bencic,,,,,339700,,,Marketa Vondrousova,,,,,7-5 6-3,3,QF,,1,4,,,,,,,,4,3,,,,,,,,,,,
2025-abu-dhabi,Abu Dhabi,Hard,,P,20250203,22,701534,,,Ashlyn Krueger,,,,,914953,,,Leylah Fernandez,,,,,7-5 4-6 6-2,3,QF,,8,7,,,,,,,,1,7,,,,,,,,,,,
2025-abu-dhabi,Abu Dhabi,Hard,,P,20250203,23,350535,,,Elena Rybakina,,,,,638293,,,Ons Jabeur,,,,,6-2 4-6 7-6,3,QF,,3,5,,,,,,,,1,4,,,,,,,,,,,
2025-abu-dhabi,Abu Dhabi,Hard,,P,20250203,24,187314,,,Linda Noskova,,,,,684064,,,Magda Linette,,,,,6-4 6-3,3,QF,,3,3,,,,,,,,4,2,,,,,,,,,,,
2025-abu-dhabi,Abu Dhabi,Hard,,P,20250203,25,701534,,,Ashlyn Krueger,,,,,187314,,,Linda Noskova,,,,,7-6 6-4,3,SF,,6,5,,,,,,,,4,4,,,,,,,,,,,
2025-abu-dhabi,Abu Dhabi,Hard,,P,20250203,26,218416,,,Belinda Bencic,,,,,350535,,,Elena Rybakina,,,,,3-6 6-3 6-4,3,SF,,2,4,,,,,,,,6,3,,,,,,,,,,,
2025-abu-dhabi,Abu Dhabi,Hard,,P,20250203,27,218416,,,Belinda Bencic,,,,,701534,,,Ashlyn Krueger,,,,,4-6 6-1 6-1,3,F,,2,3,,,,,,,,3,11,,,,,,,,,,,
2025-cluj-napoca-wta-indoor,Cluj-Napoca WTA (indoor),Hard,,I,20250203,1,897792,,,Viktoriya Tomova,,,,,729721,,,Mayar Sherif,,,,,3-6 6-4 6-1,3,R32,,2,1,,,,,,,,4,3,,,,,,,,,,,
2025-cluj-napoca-wta-indoor,Cluj-Napoca WTA (indoor),Hard,,I,20250203,2,689373,,,Suzan Lamens,,,,,610520,,,Anna Bondar,,,,,7-6 7-6,3,R32,,3,5,,,,,,,,10,2,,,,,,,,,,,
2025-cluj-napoca-wta-indoor,Cluj-Napoca WTA (indoor),Hard,,I,20250203,3,446701,,,Caroline Dolehide,,,,,656660,,,Daria Snigur,,,,,7-5 2-6 6-4,3,R32,,5,1,,,,,,,,1,2,,,,,,,,,,,
2025-cluj-napoca-wta-indoor,Cluj-Napoca WTA (indoor),Hard,,I,20250203,4,561744,,,Anhelina Kalinina,,,,,275310,,,Elena-Gabriela Ruse,,,,,6-2 6-3,3,R32,,0,2,,,,,,,,0,6,,,,,,,,,,,
2025-cluj-napoca-wta-indoor,Cluj-Napoca WTA (indoor),Hard,,I,20250203,5,420409,,,Marina Stakusic,,,,,600745,,,Sorana Cirstea,,,,,6-1 1-6 6-4,3,R32,,0,5,,,,,,,,4,3,,,,,,,,,,,
2025-cluj-napoca-wta-indoor,Cluj-Napoca WTA (indoor),Hard,,I,20250203,6,988932,,,Viktorija Golubic,,,,,342785,,,Arantxa Rus,,,,,7-5 4-6 7-6,3,R32,,0,11,,,,,,,,0,7,,,,,,,,,,,
2025-cluj-napoca-wta-indoor,Cluj-Napoca WTA (indoor),Hard,,I,20250203,7,651611,,,Anastasia Potapova,,,,,346262,,,Julia Grabher,,,,,6-4 6-0,3,R32,,4,5,,,,,,,,4,3,,,,,,,,,,,
2025-cluj-napoca-wta-indoor,Cluj-Napoca WTA (indoor),Hard,,I,20250203,8,923407,,,Olga Danilovic,,,,,663060,,,Alycia Parks,,,,,6-3 6-3,3,R32,,2,2,,,,,,,,2,9,,,,,,,,,,,
2025-cluj-napoca-wta-indoor,Cluj-Napoca WTA (indoor),Hard,,I,20250203,9,114904,,,Aliaksandra Sasnovich,,,,,595819,,,Jessica Bouzas Maneiro,,,,,6-7 7-5 6-4,3,R32,,0,2,,,,,,,,2,8,,,,,,,,,,,
2025-cluj-napoca-wta-indoor,Cluj-Napoca WTA (indoor),Hard,,I,20250203,10,121013,,,Elisabetta Cocciaretto,,,,,707117,,,Irina-Camelia Begu,,,,,6-3 7-5,3,R32,,2,2,,,,,,,,2,1,,,,,,,,,,,
2025-cluj-napoca-wta-indoor,Cluj-Napoca WTA (indoor),Hard,,I,20250203,11,126226,,,Anna Blinkova,,,,,355591,,,Sara Sorribes Tormo,,,,,6-2 6-2,3,R32,,1,1,,,,,,,,0,0,,,,,,,,,,,
2025-cluj-napoca-wta-indoor,Cluj-Napoca WTA (indoor),Hard,,I,20250203,12,288191,,,Ana Bogdan,,,,,889635,,,Jodie Burrage,,,,,6-2 6-3,3,R32,,1,0,,,,,,,,2,5,,,,,,,,,,,
2025-cluj-napoca-wta-indoor,Cluj-Napoca WTA (indoor),Hard,,I,20250203,13,152800,,,Lucia Bronzetti,,,,,853053,,,Simona Halep,,,,,6-1 6-1,3,R32,,2,1,,,,,,,,1,1,,,,,,,,,,,
2025-cluj-napoca-wta-indoor,Cluj-Napoca WTA (indoor),Hard,,I,20250203,14,688846,,,Peyton Stearns,,,,,323630,,,Varvara Gracheva,,,,,2-6 6-2 6-2,3,R32,,1,3,,,,,,,,5,3,,,,,,,,,,,
2025-cluj-napoca-wta-indoor,Cluj-Napoca WTA (indoor),Hard,,I,20250203,15,344482,,,Katerina Siniakova,,,,,794930,,,Francesca Jones,,,,,6-4 6-7 6-4,3,R32,,4,9,,,,,,,,1,2,,,,,,,,,,,
2025-cluj-napoca-wta-indoor,Cluj-Napoca WTA (indoor),Hard,,I,20250203,16,561744,,,Anhelina Kalinina,,,,,689373,,,Suzan Lamens,,,,,1-6 6-4 6-4,3,R16,,0,7,,,,,,,,1,2,,,,,,,,,,,
2025-cluj-napoca-wta-indoor,Cluj-Napoca WTA (indoor),Hard,,I,20250203,17,114904,,,Aliaksandra Sasnovich,,,,,420409,,,Marina Stakusic,,,,,6-3 7-5,3,R16,,0,1,,,,,,,,1,6,,,,,,,,,,,
2025-cluj-napoca-wta-indoor,Cluj-Napoca WTA (indoor),Hard,,I,20250203,18,631483,,,Ella Seidel,,,,,885728,,,Jaqueline  Cristian,,,,,6-4 6-2,3,R32,,3,1,,,,,,,,2,5,,,,,,,,,,,
2025-cluj-napoca-wta-indoor,Cluj-Napoca WTA (indoor),Hard,,I,20250203,19,897792,,,Viktoriya Tomova,,,,,923407,,,Olga Danilovic,,,,,7-5 7-5,3,R16,,2,2,,,,,,,,1,5,,,,,,,,,,,
2025-cluj-napoca-wta-indoor,Cluj-Napoca WTA (indoor),Hard,,I,20250203,20,344482,,,Katerina Siniakova,,,,,446701,,,Caroline Dolehide,,,,,2-6 6-1 6-4,3,R16,,7,1,,,,,,,,3,1,,,,,,,,,,,
2025-cluj-napoca-wta-indoor,Cluj-Napoca WTA (indoor),Hard,,I,20250203,21,651611,,,Anastasia Potapova,,,,,988932,,,Viktorija Golubic,,,,,6-4 7-5,3,R16,,0,3,,,,,,,,0,2,,,,,,,,,,,
2025-cluj-napoca-wta-indoor,Cluj-Napoca WTA (indoor),Hard,,I,20250203,22,631483,,,Ella Seidel,,,,,126226,,,Anna Blinkova,,,,,6-2 7-6,3,R16,,5,3,,,,,,,,2,3,,,,,,,,,,,
2025-cluj-napoca-wta-indoor,Cluj-Napoca WTA (indoor),Hard,,I,20250203,23,152800,,,Lucia Bronzetti,,,,,688846,,,Peyton Stearns,,,,,6-2 7-6,3,R16,,8,0,,,,,,,,2,2,,,,,,,,,,,
2025-cluj-napoca-wta-indoor,Cluj-Napoca WTA (indoor),Hard,,I,20250203,24,121013,,,Elisabetta Cocciaretto,,,,,288191,,,Ana Bogdan,,,,,6-3 6-0,3,R16,,1,1,,,,,,,,1,3,,,,,,,,,,,
2025-cluj-napoca-wta-indoor,Cluj-Napoca WTA (indoor),Hard,,I,20250203,25,114904,,,Aliaksandra Sasnovich,,,,,561744,,,Anhelina Kalinina,,,,,2-6 6-4 7-6,3,QF,,0,4,,,,,,,,4,3,,,,,,,,,,,
2025-cluj-napoca-wta-indoor,Cluj-Napoca WTA (indoor),Hard,,I,20250203,26,344482,,,Katerina Siniakova,,,,,897792,,,Viktoriya Tomova,,,,,6-3 7-6,3,QF,,0,5,,,,,,,,0,10,,,,,,,,,,,
2025-cluj-napoca-wta-indoor,Cluj-Napoca WTA (indoor),Hard,,I,20250203,27,651611,,,Anastasia Potapova,,,,,631483,,,Ella Seidel,,,,,6-2 6-3,3,QF,,6,3,,,,,,,,2,2,,,,,,,,,,,
2025-cluj-napoca-wta-indoor,Cluj-Napoca WTA (indoor),Hard,,I,20250203,28,152800,,,Lucia Bronzetti,,,,,121013,,,Elisabetta Cocciaretto,,,,,6-1 6-4,3,QF,,2,0,,,,,,,,0,2,,,,,,,,,,,
2025-cluj-napoca-wta-indoor,Cluj-Napoca WTA (indoor),Hard,,I,20250203,29,651611,,,Anastasia Potapova,,,,,114904,,,Aliaksandra Sasnovich,,,,,6-3 7-5,3,SF,,5,2,,,,,,,,0,0,,,,,,,,,,,
2025-cluj-napoca-wta-indoor,Cluj-Napoca WTA (indoor),Hard,,I,20250203,30,152800,,,Lucia Bronzetti,,,,,344482,,,Katerina Siniakova,,,,,4-0,3,SF,,0,0,,,,,,,,0,1,,,,,,,,,,,
2025-cluj-napoca-wta-indoor,Cluj-Napoca WTA (indoor),Hard,,I,20250203,31,651611,,,Anastasia Potapova,,,,,152800,,,Lucia Bronzetti,,,,,4-6 6-1 6-2,3,F,,6,2,,,,,,,,1,4,,,,,,,,,,,
2025-doha,Doha,Hard,,PM,20250209,1,480371,,,Cristina Bucsa,,,,,393113,,,Anna Kalinskaya,,,,,6-7 7-5 6-4,3,R64,,4,3,,,,,,,,0,6,,,,,,,,,,,
2025-doha,Doha,Hard,,PM,20250209,2,663060,,,Alycia Parks,,,,,425446,,,Diana Shnaider,,,,,6-4 7-6,3,R64,,7,7,,,,,,,,1,1,,,,,,,,,,,
2025-doha,Doha,Hard,,PM,20250209,3,464502,,,Caroline Garcia,,,,,803486,,,Yue Yuan,,,,,6-1 7-6,3,R64,,3,1,,,,,,,,0,3,,,,,,,,,,,
2025-doha,Doha,Hard,,PM,20250209,4,710062,,,Maria Sakkari,,,,,275310,,,Elena-Gabriela Ruse,,,,,4-6 6-3 4-0,3,R64,,0,2,,,,,,,,0,6,,,,,,,,,,,
2025-doha,Doha,Hard,,PM,20250209,5,809758,,,Elise Mertens,,,,,359411,,,Clara Tauson,,,,,6-0,3,R64,,3,0,,,,,,,,0,2,,,,,,,,,,,
2025-doha,Doha,Hard,,PM,20250209,6,914953,,,Leylah Fernandez,,,,,460146,,,Greet Minnen,,,,,6-1 6-2,3,R64,,3,1,,,,,,,,0,4,,,,,,,,,,,
2025-doha,Doha,Hard,,PM,20250209,7,756180,,,Marta Kostyuk,,,,,337480,,,Zeynep Sonmez,,,,,6-3 6-3,3,R64,,2,3,,,,,,,,0,6,,,,,,,,,,,
2025-doha,Doha,Hard,,PM,20250209,8,286370,,,Liudmila Samsonova,,,,,460138,,,Lulu Sun,,,,,6-3 6-3,3,R64,,2,4,,,,,,,,4,4,,,,,,,,,,,
2025-doha,Doha,Hard,,PM,20250209,9,727666,,,Mirra Andreeva,,,,,421894,,,Katie Volynets,,,,,4-6 7-6 6-4,3,R64,,11,5,,,,,,,,0,1,,,,,,,,,,,
2025-doha,Doha,Hard,,PM,20250209,10,272544,,,Elina Avanesyan,,,,,600494,,,Xinyu Wang,,,,,7-6 1-6 7-6,3,R64,,2,3,,,,,,,,2,5,,,,,,,,,,,
2025-doha,Doha,Hard,,PM,20250209,11,362890,,,Magdalena Frech,,,,,692146,,,Beatriz Haddad Maia,,,,,6-4 3-6 6-2,3,R64,,3,3,,,,,,,,2,7,,,,,,,,,,,
2025-doha,Doha,Hard,,PM,20250209,12,558914,,,Ekaterina Alexandrova,,,,,858188,,,Emma Raducanu,,,,,6-3 7-5,3,R64,,1,2,,,,,,,,5,1,,,,,,,,,,,
2025-doha,Doha,Hard,,PM,20250209,13,324536,,,Amanda Anisimova,,,,,804895,,,Victoria Azarenka,,,,,6-3 7-5,3,R64,,6,2,,,,,,,,1,7,,,,,,,,,,,
2025-doha,Doha,Hard,,PM,20250209,14,187314,,,Linda Noskova,,,,,975382,,,Donna Vekic,,,,,6-2 6-4,3,R64,,5,1,,,,,,,,0,4,,,,,,,,,,,
2025-doha,Doha,Hard,,PM,20250209,15,133650,,,Yulia Putintseva,,,,,482165,,,Moyuka Uchijima,,,,,6-2 6-7 6-3,3,R64,,2,2,,,,,,,,2,0,,,,,,,,,,,
2025-doha,Doha,Hard,,PM,20250209,16,123538,,,Rebecca Sramkova,,,,,561744,,,Anhelina Kalinina,,,,,6-2 6-3,3,R64,,3,1,,,,,,,,1,5,,,,,,,,,,,
2025-doha,Doha,Hard,,PM,20250209,17,549141,,,Sofia Kenin,,,,,701534,,,Ashlyn Krueger,,,,,6-4 6-4,3,R64,,1,2,,,,,,,,5,4,,,,,,,,,,,
2025-doha,Doha,Hard,,PM,20250209,18,626163,,,Daria Kasatkina,,,,,824108,,,Polina Kudermetova,,,,,6-0 6-0,3,R64,,1,1,,,,,,,,0,2,,,,,,,,,,,
2025-doha,Doha,Hard,,PM,20250209,19,684064,,,Magda Linette,,,,,876368,,,Veronika Kudermetova,,,,,3-6 6-0 6-4,3,R64,,5,1,,,,,,,,3,2,,,,,,,,,,,
2025-doha,Doha,Hard,,PM,20250209,20,762485,,,Jelena Ostapenko,,,,,604616,,,Aoi Ito,,,,,6-2 6-1,3,R64,,6,4,,,,,,,,1,2,,,,,,,,,,,
2025-doha,Doha,Hard,,PM,20250209,21,139227,,,Iga Swiatek,,,,,710062,,,Maria Sakkari,,,,,6-3 6-2,3,R32,,3,1,,,,,,,,1,2,,,,,,,,,,,
2025-doha,Doha,Hard,,PM,20250209,22,914953,,,Leylah Fernandez,,,,,804248,,,Emma Navarro,,,,,6-2 6-2,3,R32,,4,2,,,,,,,,0,1,,,,,,,,,,,
2025-doha,Doha,Hard,,PM,20250209,23,688846,,,Peyton Stearns,,,,,813190,,,Dayana Yastremska,,,,,7-5 6-3,3,R64,,3,4,,,,,,,,4,7,,,,,,,,,,,
2025-doha,Doha,Hard,,PM,20250209,24,568896,,,Elina Svitolina,,,,,339700,,,Marketa Vondrousova,,,,,0-6 6-2 7-5,3,R64,,1,5,,,,,,,,6,4,,,,,,,,,,,
2025-doha,Doha,Hard,,PM,20250209,25,638293,,,Ons Jabeur,,,,,421789,,,Mccartney Kessler,,,,,6-2 6-0,3,R64,,0,0,,,,,,,,0,2,,,,,,,,,,,
2025-doha,Doha,Hard,,PM,20250209,26,695399,,,Paula Badosa,,,,,988957,,,Renata Zarazua,,,,,6-3 4-6 6-2,3,R64,,14,6,,,,,,,,0,4,,,,,,,,,,,
2025-doha,Doha,Hard,,PM,20250209,27,187314,,,Linda Noskova,,,,,133650,,,Yulia Putintseva,,,,,6-2 6-3,3,R32,,2,1,,,,,,,,0,1,,,,,,,,,,,
2025-doha,Doha,Hard,,PM,20250209,28,549141,,,Sofia Kenin,,,,,663060,,,Alycia Parks,,,,,7-6 3-6 6-2,3,R32,,2,2,,,,,,,,14,16,,,,,,,,,,,
2025-doha,Doha,Hard,,PM,20250209,29,809758,,,Elise Mertens,,,,,480371,,,Cristina Bucsa,,,,,6-2 6-3,3,R32,,1,2,,,,,,,,1,6,,,,,,,,,,,
2025-doha,Doha,Hard,,PM,20250209,30,324333,,,Jasmine Paolini,,,,,464502,,,Caroline Garcia,,,,,6-3 6-4,3,R32,,0,1,,,,,,,,3,4,,,,,,,,,,,
2025-doha,Doha,Hard,,PM,20250209,31,762485,,,Jelena Ostapenko,,,,,286370,,,Liudmila Samsonova,,,,,7-6 7-5,3,R32,,5,5,,,,,,,,7,10,,,,,,,,,,,
2025-doha,Doha,Hard,,PM,20250209,32,350535,,,Elena Rybakina,,,,,688846,,,Peyton Stearns,,,,,6-2 6-4,3,R32,,6,6,,,,,,,,4,2,,,,,,,,,,,
2025-doha,Doha,Hard,,PM,20250209,33,756180,,,Marta Kostyuk,,,,,296713,,,Coco Gauff,,,,,6-2 7-5,3,R32,,2,2,,,,,,,,1,7,,,,,,,,,,,
2025-doha,Doha,Hard,,PM,20250209,34,123538,,,Rebecca Sramkova,,,,,727666,,,Mirra Andreeva,,,,,3-6 6-3 7-5,3,R32,,3,6,,,,,,,,6,3,,,,,,,,,,,
2025-doha,Doha,Hard,,PM,20250209,35,814118,,,Jessica Pegula,,,,,568896,,,Elina Svitolina,,,,,6-3 7-6,3,R32,,2,2,,,,,,,,5,3,,,,,,,,,,,
2025-doha,Doha,Hard,,PM,20250209,36,638293,,,Ons Jabeur,,,,,809492,,,Qinwen Zheng,,,,,6-4 6-2,3,R32,,1,1,,,,,,,,4,5,,,,,,,,,,,
2025-doha,Doha,Hard,,PM,20250209,37,558914,,,Ekaterina Alexandrova,,,,,716715,,,Aryna Sabalenka,,,,,3-6 6-3 7-6,3,R32,,4,1,,,,,,,,6,1,,,,,,,,,,,
2025-doha,Doha,Hard,,PM,20250209,38,684064,,,Magda Linette,,,,,362890,,,Magdalena Frech,,,,,7-5 5-7 6-4,3,R32,,3,1,,,,,,,,1,1,,,,,,,,,,,
2025-doha,Doha,Hard,,PM,20250209,39,626163,,,Daria Kasatkina,,,,,272544,,,Elina Avanesyan,,,,,6-2 6-3,3,R32,,0,4,,,,,,,,0,2,,,,,,,,,,,
2025-doha,Doha,Hard,,PM,20250209,40,324536,,,Amanda Anisimova,,,,,695399,,,Paula Badosa,,,,,6-4 6-3,3,R32,,2,3,,,,,,,,2,2,,,,,,,,,,,
2025-doha,Doha,Hard,,PM,20250209,41,350535,,,Elena Rybakina,,,,,123538,,,Rebecca Sramkova,,,,,7-6 6-2,3,R16,,4,2,,,,,,,,2,2,,,,,,,,,,,
2025-doha,Doha,Hard,,PM,20250209,42,762485,,,Jelena Ostapenko,,,,,324333,,,Jasmine Paolini,,,,,6-2 6-2,3,R16,,9,3,,,,,,,,3,3,,,,,,,,,,,
2025-doha,Doha,Hard,,PM,20250209,43,814118,,,Jessica Pegula,,,,,626163,,,Daria Kasatkina,,,,,6-3 7-5,3,R16,,0,2,,,,,,,,0,3,,,,,,,,,,,
2025-doha,Doha,Hard,,PM,20250209,44,756180,,,Marta Kostyuk,,,,,684064,,,Magda Linette,,,,,6-4 6-2,3,R16,,3,6,,,,,,,,0,2,,,,,,,,,,,
2025-doha,Doha,Hard,,PM,20250209,45,139227,,,Iga Swiatek,,,,,187314,,,Linda Noskova,,,,,6-7 6-4 6-4,3,R16,,4,3,,,,,,,,16,3,,,,,,,,,,,
2025-doha,Doha,Hard,,PM,20250209,46,558914,,,Ekaterina Alexandrova,,,,,809758,,,Elise Mertens,,,,,6-4 6-2,3,R16,,3,1,,,,,,,,6,1,,,,,,,,,,,
2025-doha,Doha,Hard,,PM,20250209,47,638293,,,Ons Jabeur,,,,,549141,,,Sofia Kenin,,,,,6-3 6-4,3,R16,,5,2,,,,,,,,0,4,,,,,,,,,,,
2025-doha,Doha,Hard,,PM,20250209,48,324536,,,Amanda Anisimova,,,,,914953,,,Leylah Fernandez,,,,,6-3 6-0,3,R16,,0,3,,,,,,,,0,1,,,,,,,,,,,
2025-doha,Doha,Hard,,PM,20250209,49,558914,,,Ekaterina Alexandrova,,,,,814118,,,Jessica Pegula,,,,,4-6 6-1 6-1,3,QF,,2,4,,,,,,,,3,1,,,,,,,,,,,
2025-doha,Doha,Hard,,PM,20250209,50,139227,,,Iga Swiatek,,,,,350535,,,Elena Rybakina,,,,,6-2 7-5,3,QF,,1,1,,,,,,,,3,2,,,,,,,,,,,
2025-doha,Doha,Hard,,PM,20250209,51,762485,,,Jelena Ostapenko,,,,,638293,,,Ons Jabeur,,,,,6-2 6-2,3,QF,,4,5,,,,,,,,2,1,,,,,,,,,,,
2025-doha,Doha,Hard,,PM,20250209,52,324536,,,Amanda Anisimova,,,,,756180,,,Marta Kostyuk,,,,,4-6 7-5 6-4,3,QF,,0,5,,,,,,,,6,8,,,,,,,,,,,
2025-doha,Doha,Hard,,PM,20250209,53,762485,,,Jelena Ostapenko,,,,,139227,,,Iga Swiatek,,,,,6-3 6-1,3,SF,,4,4,,,,,,,,1,3,,,,,,,,,,,
2025-doha,Doha,Hard,,PM,20250209,54,324536,,,Amanda Anisimova,,,,,558914,,,Ekaterina Alexandrova,,,,,6-3 6-3,3,SF,,4,2,,,,,,,,3,5,,,,,,,,,,,
2025-doha,Doha,Hard,,PM,20250209,55,324536,,,Amanda Anisimova,,,,,762485,,,Jelena Ostapenko,,,,,6-4 6-3,3,F,,0,2,,,,,,,,3,10,,,,,,,,,,,
2025-dubai,Dubai,Hard,,PM,20250216,1,663060,,,Alycia Parks,,,,,600494,,,Xinyu Wang,,,,,6-3 6-3,3,R64,,9,4,,,,,,,,2,2,,,,,,,,,,,
2025-dubai,Dubai,Hard,,PM,20250216,2,695399,,,Paula Badosa,,,,,460138,,,Lulu Sun,,,,,6-3 6-4,3,R64,,5,6,,,,,,,,2,2,,,,,,,,,,,
2025-dubai,Dubai,Hard,,PM,20250216,3,809758,,,Elise Mertens,,,,,914953,,,Leylah Fernandez,,,,,6-2 6-2,3,R64,,6,4,,,,,,,,1,4,,,,,,,,,,,
2025-dubai,Dubai,Hard,,PM,20250216,4,813190,,,Dayana Yastremska,,,,,684064,,,Magda Linette,,,,,6-3 7-5,3,R64,,1,4,,,,,,,,0,1,,,,,,,,,,,
2025-dubai,Dubai,Hard,,PM,20250216,5,549141,,,Sofia Kenin,,,,,975382,,,Donna Vekic,,,,,7-5 6-3,3,R64,,5,4,,,,,,,,6,3,,,,,,,,,,,
2025-dubai,Dubai,Hard,,PM,20250216,6,187314,,,Linda Noskova,,,,,133650,,,Yulia Putintseva,,,,,6-2 7-6,3,R64,,7,4,,,,,,,,1,2,,,,,,,,,,,
2025-dubai,Dubai,Hard,,PM,20250216,7,218416,,,Belinda Bencic,,,,,604616,,,Aoi Ito,,,,,6-0 6-2,3,R64,,1,1,,,,,,,,0,1,,,,,,,,,,,
2025-dubai,Dubai,Hard,,PM,20250216,8,286370,,,Liudmila Samsonova,,,,,834140,,,Anastasia Pavlyuchenkova,,,,,6-2 6-2,3,R64,,6,0,,,,,,,,5,2,,,,,,,,,,,
2025-dubai,Dubai,Hard,,PM,20250216,9,339700,,,Marketa Vondrousova,,,,,464502,,,Caroline Garcia,,,,,6-2 6-2,3,R64,,3,5,,,,,,,,0,3,,,,,,,,,,,
2025-dubai,Dubai,Hard,,PM,20250216,10,563551,,,Karolina Muchova,,,,,689373,,,Suzan Lamens,,,,,6-2 6-2,3,R64,,9,1,,,,,,,,1,4,,,,,,,,,,,
2025-dubai,Dubai,Hard,,PM,20250216,11,568896,,,Elina Svitolina,,,,,393113,,,Anna Kalinskaya,,,,,6-1 6-2,3,R64,,1,3,,,,,,,,0,2,,,,,,,,,,,
2025-dubai,Dubai,Hard,,PM,20250216,12,858188,,,Emma Raducanu,,,,,710062,,,Maria Sakkari,,,,,6-4 6-2,3,R64,,3,0,,,,,,,,2,1,,,,,,,,,,,
2025-dubai,Dubai,Hard,,PM,20250216,13,743463,,,Eva Lys,,,,,707117,,,Irina-Camelia Begu,,,,,5-7 7-5 6-3,3,R64,,2,6,,,,,,,,1,4,,,,,,,,,,,
2025-dubai,Dubai,Hard,,PM,20250216,14,651611,,,Anastasia Potapova,,,,,692146,,,Beatriz Haddad Maia,,,,,6-3 6-0,3,R64,,1,3,,,,,,,,0,1,,,,,,,,,,,
2025-dubai,Dubai,Hard,,PM,20250216,15,425446,,,Diana Shnaider,,,,,362890,,,Magdalena Frech,,,,,6-2 6-2,3,R64,,1,1,,,,,,,,2,2,,,,,,,,,,,
2025-dubai,Dubai,Hard,,PM,20250216,16,756180,,,Marta Kostyuk,,,,,344482,,,Katerina Siniakova,,,,,6-3 6-4,3,R64,,2,4,,,,,,,,3,5,,,,,,,,,,,
2025-dubai,Dubai,Hard,,PM,20250216,17,600745,,,Sorana Cirstea,,,,,626163,,,Daria Kasatkina,,,,,6-1 6-4,3,R64,,9,3,,,,,,,,0,1,,,,,,,,,,,
2025-dubai,Dubai,Hard,,PM,20250216,18,359411,,,Clara Tauson,,,,,123538,,,Rebecca Sramkova,,,,,7-6 6-0,3,R64,,9,1,,,,,,,,7,5,,,,,,,,,,,
2025-dubai,Dubai,Hard,,PM,20250216,19,804895,,,Victoria Azarenka,,,,,561744,,,Anhelina Kalinina,,,,,2-6 7-6 6-4,3,R64,,4,6,,,,,,,,8,6,,,,,,,,,,,
2025-dubai,Dubai,Hard,,PM,20250216,20,482165,,,Moyuka Uchijima,,,,,762485,,,Jelena Ostapenko,,,,,6-3 6-3,3,R64,,7,3,,,,,,,,5,9,,,,,,,,,,,
2025-dubai,Dubai,Hard,,PM,20250216,21,421789,,,Mccartney Kessler,,,,,324536,,,Amanda Anisimova,,,,,6-2 6-3,3,R64,,1,1,,,,,,,,2,7,,,,,,,,,,,
2025-dubai,Dubai,Hard,,PM,20250216,22,876368,,,Veronika Kudermetova,,,,,558914,,,Ekaterina Alexandrova,,,,,3-6 6-4 6-3,3,R64,,9,0,,,,,,,,3,4,,,,,,,,,,,
2025-dubai,Dubai,Hard,,PM,20250216,23,688846,,,Peyton Stearns,,,,,638293,,,Ons Jabeur,,,,,7-6 6-4,3,R64,,3,2,,,,,,,,5,2,,,,,,,,,,,
2025-dubai,Dubai,Hard,,PM,20250216,24,727666,,,Mirra Andreeva,,,,,272544,,,Elina Avanesyan,,,,,6-2 6-1,3,R64,,0,3,,,,,,,,0,4,,,,,,,,,,,
2025-dubai,Dubai,Hard,,PM,20250216,25,324333,,,Jasmine Paolini,,,,,743463,,,Eva Lys,,,,,6-2 7-5,3,R32,,0,1,,,,,,,,0,3,,,,,,,,,,,
2025-dubai,Dubai,Hard,,PM,20250216,26,695399,,,Paula Badosa,,,,,809758,,,Elise Mertens,,,,,6-2 6-1,3,R32,,4,2,,,,,,,,2,4,,,,,,,,,,,
2025-dubai,Dubai,Hard,,PM,20250216,27,350535,,,Elena Rybakina,,,,,482165,,,Moyuka Uchijima,,,,,6-3 6-2,3,R32,,7,2,,,,,,,,3,2,,,,,,,,,,,
2025-dubai,Dubai,Hard,,PM,20250216,28,187314,,,Linda Noskova,,,,,425446,,,Diana Shnaider,,,,,7-6 4-6 6-3,3,R32,,16,9,,,,,,,,6,6,,,,,,,,,,,
2025-dubai,Dubai,Hard,,PM,20250216,29,549141,,,Sofia Kenin,,,,,756180,,,Marta Kostyuk,,,,,5-7 7-6 7-6,3,R32,,0,4,,,,,,,,8,10,,,,,,,,,,,
2025-dubai,Dubai,Hard,,PM,20250216,30,814118,,,Jessica Pegula,,,,,286370,,,Liudmila Samsonova,,,,,6-0 6-4,3,R32,,1,0,,,,,,,,3,4,,,,,,,,,,,
2025-dubai,Dubai,Hard,,PM,20250216,31,139227,,,Iga Swiatek,,,,,804895,,,Victoria Azarenka,,,,,6-0 6-2,3,R32,,0,3,,,,,,,,2,2,,,,,,,,,,,
2025-dubai,Dubai,Hard,,PM,20250216,32,813190,,,Dayana Yastremska,,,,,651611,,,Anastasia Potapova,,,,,6-2 6-3,3,R32,,3,2,,,,,,,,0,0,,,,,,,,,,,
2025-dubai,Dubai,Hard,,PM,20250216,33,421789,,,Mccartney Kessler,,,,,296713,,,Coco Gauff,,,,,6-4 7-5,3,R32,,0,1,,,,,,,,4,1,,,,,,,,,,,
2025-dubai,Dubai,Hard,,PM,20250216,34,716715,,,Aryna Sabalenka,,,,,876368,,,Veronika Kudermetova,,,,,6-3 6-4,3,R32,,3,1,,,,,,,,3,3,,,,,,,,,,,
2025-dubai,Dubai,Hard,,PM,20250216,35,563551,,,Karolina Muchova,,,,,858188,,,Emma Raducanu,,,,,7-6 6-4,3,R32,,4,2,,,,,,,,6,3,,,,,,,,,,,
2025-dubai,Dubai,Hard,,PM,20250216,36,359411,,,Clara Tauson,,,,,568896,,,Elina Svitolina,,,,,7-6 3-6 7-6,3,R32,,9,2,,,,,,,,7,4,,,,,,,,,,,
2025-dubai,Dubai,Hard,,PM,20250216,37,727666,,,Mirra Andreeva,,,,,339700,,,Marketa Vondrousova,,,,,7-5 6-0,3,R32,,6,7,,,,,,,,2,10,,,,,,,,,,,
2025-dubai,Dubai,Hard,,PM,20250216,38,688846,,,Peyton Stearns,,,,,809492,,,Qinwen Zheng,,,,,3-6 6-4 6-4,3,R32,,0,2,,,,,,,,12,4,,,,,,,,,,,
2025-dubai,Dubai,Hard,,PM,20250216,39,600745,,,Sorana Cirstea,,,,,663060,,,Alycia Parks,,,,,3-6 6-4 6-1,3,R32,,1,0,,,,,,,,10,13,,,,,,,,,,,
2025-dubai,Dubai,Hard,,PM,20250216,40,804248,,,Emma Navarro,,,,,218416,,,Belinda Bencic,,,,,7-6 2-6 6-3,3,R32,,1,5,,,,,,,,3,3,,,,,,,,,,,
2025-dubai,Dubai,Hard,,PM,20250216,41,549141,,,Sofia Kenin,,,,,324333,,,Jasmine Paolini,,,,,6-4 6-0,3,R16,,1,0,,,,,,,,4,2,,,,,,,,,,,
2025-dubai,Dubai,Hard,,PM,20250216,42,187314,,,Linda Noskova,,,,,814118,,,Jessica Pegula,,,,,6-3 7-6,3,R16,,8,5,,,,,,,,0,1,,,,,,,,,,,
2025-dubai,Dubai,Hard,,PM,20250216,43,139227,,,Iga Swiatek,,,,,813190,,,Dayana Yastremska,,,,,7-5 6-0,3,R16,,0,2,,,,,,,,1,2,,,,,,,,,,,
2025-dubai,Dubai,Hard,,PM,20250216,44,350535,,,Elena Rybakina,,,,,695399,,,Paula Badosa,,,,,4-6 7-6 7-6,3,R16,,10,8,,,,,,,,8,8,,,,,,,,,,,
2025-dubai,Dubai,Hard,,PM,20250216,45,727666,,,Mirra Andreeva,,,,,688846,,,Peyton Stearns,,,,,6-1 6-1,3,R16,,6,7,,,,,,,,1,2,,,,,,,,,,,
2025-dubai,Dubai,Hard,,PM,20250216,46,563551,,,Karolina Muchova,,,,,421789,,,Mccartney Kessler,,,,,6-3 1-6 7-6,3,R16,,8,2,,,,,,,,0,2,,,,,,,,,,,
2025-dubai,Dubai,Hard,,PM,20250216,47,359411,,,Clara Tauson,,,,,716715,,,Aryna Sabalenka,,,,,6-3 6-2,3,R16,,7,1,,,,,,,,4,3,,,,,,,,,,,
2025-dubai,Dubai,Hard,,PM,20250216,48,600745,,,Sorana Cirstea,,,,,804248,,,Emma Navarro,,,,,7-6 3-6 7-5,3,R16,,2,2,,,,,,,,0,2,,,,,,,,,,,
2025-dubai,Dubai,Hard,,PM,20250216,49,727666,,,Mirra Andreeva,,,,,139227,,,Iga Swiatek,,,,,6-3 6-3,3,QF,,10,3,,,,,,,,0,2,,,,,,,,,,,
2025-dubai,Dubai,Hard,,PM,20250216,50,359411,,,Clara Tauson,,,,,187314,,,Linda Noskova,,,,,7-6 6-4,3,QF,,9,2,,,,,,,,10,6,,,,,,,,,,,
2025-dubai,Dubai,Hard,,PM,20250216,51,350535,,,Elena Rybakina,,,,,549141,,,Sofia Kenin,,,,,6-2 7-6,3,QF,,17,3,,,,,,,,0,1,,,,,,,,,,,
2025-dubai,Dubai,Hard,,PM,20250216,52,563551,,,Karolina Muchova,,,,,600745,,,Sorana Cirstea,,,,,6-2 7-5,3,QF,,2,2,,,,,,,,0,2,,,,,,,,,,,
2025-dubai,Dubai,Hard,,PM,20250216,53,727666,,,Mirra Andreeva,,,,,350535,,,Elena Rybakina,,,,,6-4 4-6 6-3,3,SF,,3,8,,,,,,,,7,3,,,,,,,,,,,
2025-dubai,Dubai,Hard,,PM,20250216,54,359411,,,Clara Tauson,,,,,563551,,,Karolina Muchova,,,,,6-4 6-7 6-3,3,SF,,9,5,,,,,,,,6,1,,,,,,,,,,,
2025-dubai,Dubai,Hard,,PM,20250216,55,727666,,,Mirra Andreeva,,,,,359411,,,Clara Tauson,,,,,7-6 6-1,3,F,,6,5,,,,,,,,1,4,,,,,,,,,,,
2025-austin,Austin,Hard,,I,20250224,1,389789,,,Ajla Tomljanovic,,,,,421894,,,Katie Volynets,,,,,7-6 7-5,3,R32,,1,9,,,,,,,,2,2,,,,,,,,,,,
2025-austin,Austin,Hard,,I,20250224,2,457861,,,Nuria Parrizas Diaz,,,,,876509,,,Rapolu M.,,,,,6-2 6-4,3,R32,,1,2,,,,,,,,2,5,,,,,,,,,,,
2025-austin,Austin,Hard,,I,20250224,3,851560,,,Kimberly Birrell,,,,,803486,,,Yue Yuan,,,,,7-6 7-6,3,R32,,2,9,,,,,,,,8,4,,,,,,,,,,,
2025-austin,Austin,Hard,,I,20250224,4,126226,,,Anna Blinkova,,,,,482165,,,Moyuka Uchijima,,,,,4-6 6-4 6-0,3,R32,,2,7,,,,,,,,1,9,,,,,,,,,,,
2025-austin,Austin,Hard,,I,20250224,5,913730,,,Tatjana Maria,,,,,610520,,,Anna Bondar,,,,,6-4 4-6 6-1,3,R32,,7,9,,,,,,,,3,3,,,,,,,,,,,
2025-austin,Austin,Hard,,I,20250224,6,889635,,,Jodie Burrage,,,,,862485,,,Petra Kvitova,,,,,3-6 6-4 6-4,3,R32,,14,8,,,,,,,,6,12,,,,,,,,,,,
2025-austin,Austin,Hard,,I,20250224,7,681751,,,Ena Shibahara,,,,,506008,,,Kaja Juvan,,,,,2-6 6-3 6-2,3,R32,,3,4,,,,,,,,0,8,,,,,,,,,,,
2025-austin,Austin,Hard,,I,20250224,8,480371,,,Cristina Bucsa,,,,,557676,,,Bernarda Pera,,,,,6-3 6-4,3,R32,,1,5,,,,,,,,6,6,,,,,,,,,,,
2025-austin,Austin,Hard,,I,20250224,9,814118,,,Jessica Pegula,,,,,342785,,,Arantxa Rus,,,,,6-3 3-2,3,R32,,3,3,,,,,,,,2,5,,,,,,,,,,,
2025-austin,Austin,Hard,,I,20250224,10,446701,,,Caroline Dolehide,,,,,926087,,,Anastasia Zakharova,,,,,6-2 5-7 6-4,3,R32,,2,6,,,,,,,,2,4,,,,,,,,,,,
2025-austin,Austin,Hard,,I,20250224,11,323630,,,Varvara Gracheva,,,,,688846,,,Peyton Stearns,,,,,6-2 6-3,3,R32,,3,5,,,,,,,,6,6,,,,,,,,,,,
2025-austin,Austin,Hard,,I,20250224,12,460146,,,Greet Minnen,,,,,500520,,,Sijia Wei,,,,,5-7 6-3 6-2,3,R32,,2,6,,,,,,,,1,7,,,,,,,,,,,
2025-austin,Austin,Hard,,I,20250224,13,425446,,,Diana Shnaider,,,,,589935,,,Tatiana Prozorova,,,,,0-6 6-2 7-5,3,R32,,1,5,,,,,,,,1,3,,,,,,,,,,,
2025-austin,Austin,Hard,,I,20250224,14,600745,,,Sorana Cirstea,,,,,685811,,,Laura Siegemund,,,,,6-3 0-6 6-1,3,R32,,1,1,,,,,,,,0,4,,,,,,,,,,,
2025-austin,Austin,Hard,,I,20250224,15,689373,,,Suzan Lamens,,,,,568609,,,Kamilla Rakhimova,,,,,1-6 6-3 6-4,3,R32,,6,5,,,,,,,,2,6,,,,,,,,,,,
2025-austin,Austin,Hard,,I,20250224,16,126226,,,Anna Blinkova,,,,,913730,,,Tatjana Maria,,,,,6-2 6-2,3,R16,,1,2,,,,,,,,1,3,,,,,,,,,,,
2025-austin,Austin,Hard,,I,20250224,17,421789,,,Mccartney Kessler,,,,,988932,,,Viktorija Golubic,,,,,6-2 7-5,3,R32,,3,1,,,,,,,,1,1,,,,,,,,,,,
2025-austin,Austin,Hard,,I,20250224,18,814118,,,Jessica Pegula,,,,,457861,,,Nuria Parrizas Diaz,,,,,6-1 6-3,3,R16,,4,1,,,,,,,,1,5,,,,,,,,,,,
2025-austin,Austin,Hard,,I,20250224,19,389789,,,Ajla Tomljanovic,,,,,889635,,,Jodie Burrage,,,,,4-6 6-3 6-0,3,R16,,12,5,,,,,,,,11,10,,,,,,,,,,,
2025-austin,Austin,Hard,,I,20250224,20,681751,,,Ena Shibahara,,,,,851560,,,Kimberly Birrell,,,,,6-3 4-6 6-4,3,R16,,10,1,,,,,,,,1,8,,,,,,,,,,,
2025-austin,Austin,Hard,,I,20250224,21,600745,,,Sorana Cirstea,,,,,425446,,,Diana Shnaider,,,,,6-3 2-6 6-4,3,R16,,6,2,,,,,,,,1,2,,,,,,,,,,,
2025-austin,Austin,Hard,,I,20250224,22,421789,,,Mccartney Kessler,,,,,480371,,,Cristina Bucsa,,,,,5-7 6-3 7-6,3,R16,,2,7,,,,,,,,2,3,,,,,,,,,,,
2025-austin,Austin,Hard,,I,20250224,23,460146,,,Greet Minnen,,,,,689373,,,Suzan Lamens,,,,,6-1 6-0,3,R16,,2,4,,,,,,,,1,3,,,,,,,,,,,
2025-austin,Austin,Hard,,I,20250224,24,446701,,,Caroline Dolehide,,,,,323630,,,Varvara Gracheva,,,,,5-7 6-2 6-2,3,R16,,3,4,,,,,,,,0,6,,,,,,,,,,,
2025-austin,Austin,Hard,,I,20250224,25,389789,,,Ajla Tomljanovic,,,,,681751,,,Ena Shibahara,,,,,7-5 3-6 7-6,3,QF,,2,11,,,,,,,,12,8,,,,,,,,,,,
2025-austin,Austin,Hard,,I,20250224,26,814118,,,Jessica Pegula,,,,,126226,,,Anna Blinkova,,,,,6-2 6-2,3,QF,,3,4,,,,,,,,0,5,,,,,,,,,,,
2025-austin,Austin,Hard,,I,20250224,27,421789,,,Mccartney Kessler,,,,,600745,,,Sorana Cirstea,,,,,5-7 6-4 6-1,3,QF,,3,4,,,,,,,,1,4,,,,,,,,,,,
2025-austin,Austin,Hard,,I,20250224,28,460146,,,Greet Minnen,,,,,446701,,,Caroline Dolehide,,,,,6-3 7-5,3,QF,,5,3,,,,,,,,2,2,,,,,,,,,,,
2025-austin,Austin,Hard,,I,20250224,29,814118,,,Jessica Pegula,,,,,389789,,,Ajla Tomljanovic,,,,,6-1 4-6 6-3,3,SF,,4,4,,,,,,,,3,11,,,,,,,,,,,
2025-austin,Austin,Hard,,I,20250224,30,421789,,,Mccartney Kessler,,,,,460146,,,Greet Minnen,,,,,7-5 6-4,3,SF,,3,2,,,,,,,,0,10,,,,,,,,,,,
2025-austin,Austin,Hard,,I,20250224,31,814118,,,Jessica Pegula,,,,,421789,,,Mccartney Kessler,,,,,7-5 6-2,3,F,,0,2,,,,,,,,0,4,,,,,,,,,,,
2025-merida,Merida,Hard,,P,20250224,1,561744,,,Anhelina Kalinina,,,,,344636,,,Leolia Jeanjean,,,,,6-4 1-6 6-1,3,R32,,1,1,,,,,,,,4,4,,,,,,,,,,,
2025-merida,Merida,Hard,,P,20250224,2,690300,,,Maya Joint,,,,,346262,,,Julia Grabher,,,,,6-3 6-2,3,R32,,1,2,,,,,,,,0,2,,,,,,,,,,,
2025-merida,Merida,Hard,,P,20250224,3,272544,,,Elina Avanesyan,,,,,362890,,,Magdalena Frech,,,,,4-6 6-3 6-3,3,R32,,3,3,,,,,,,,0,2,,,,,,,,,,,
2025-merida,Merida,Hard,,P,20250224,4,595819,,,Jessica Bouzas Maneiro,,,,,435950,,,Renata Jamrichova,,,,,7-5 5-7 7-5,3,R32,,6,12,,,,,,,,0,8,,,,,,,,,,,
2025-merida,Merida,Hard,,P,20250224,5,741705,,,Emiliana Arango,,,,,957435,,,Maria Lourdes Carle,,,,,6-2 6-3,3,R32,,0,3,,,,,,,,0,1,,,,,,,,,,,
2025-merida,Merida,Hard,,P,20250224,6,794930,,,Francesca Jones,,,,,729721,,,Mayar Sherif,,,,,6-4 3-0,3,R32,,0,0,,,,,,,,2,0,,,,,,,,,,,
2025-merida,Merida,Hard,,P,20250224,7,658597,,,Daria Saville,,,,,756180,,,Marta Kostyuk,,,,,6-4 7-6,3,R32,,0,4,,,,,,,,3,8,,,,,,,,,,,
2025-merida,Merida,Hard,,P,20250224,8,123538,,,Rebecca Sramkova,,,,,460138,,,Lulu Sun,,,,,6-3 6-1,3,R32,,7,3,,,,,,,,1,2,,,,,,,,,,,
2025-merida,Merida,Hard,,P,20250224,9,824559,,,Petra Martic,,,,,441252,,,Sloane Stephens,,,,,6-2 6-3,3,R32,,0,3,,,,,,,,0,3,,,,,,,,,,,
2025-merida,Merida,Hard,,P,20250224,10,684064,,,Magda Linette,,,,,121013,,,Elisabetta Cocciaretto,,,,,6-4 6-0,3,R32,,3,2,,,,,,,,0,4,,,,,,,,,,,
2025-merida,Merida,Hard,,P,20250224,11,337480,,,Zeynep Sonmez,,,,,710062,,,Maria Sakkari,,,,,7-5 6-2,3,R32,,0,4,,,,,,,,0,5,,,,,,,,,,,
2025-merida,Merida,Hard,,P,20250224,12,885728,,,Jaqueline  Cristian,,,,,976242,,,Yuliia Starodubtseva,,,,,6-4 4-1,3,R32,,1,4,,,,,,,,0,1,,,,,,,,,,,
2025-merida,Merida,Hard,,P,20250224,13,658597,,,Daria Saville,,,,,561744,,,Anhelina Kalinina,,,,,4-6 6-2 6-2,3,R16,,2,9,,,,,,,,1,4,,,,,,,,,,,
2025-merida,Merida,Hard,,P,20250224,14,272544,,,Elina Avanesyan,,,,,595819,,,Jessica Bouzas Maneiro,,,,,6-1 6-4,3,R16,,0,1,,,,,,,,0,5,,,,,,,,,,,
2025-merida,Merida,Hard,,P,20250224,15,690300,,,Maya Joint,,,,,975382,,,Donna Vekic,,,,,6-1 6-2,3,R16,,1,1,,,,,,,,1,3,,,,,,,,,,,
2025-merida,Merida,Hard,,P,20250224,16,695399,,,Paula Badosa,,,,,885728,,,Jaqueline  Cristian,,,,,6-2 6-1,3,R16,,8,2,,,,,,,,1,3,,,,,,,,,,,
2025-merida,Merida,Hard,,P,20250224,17,741705,,,Emiliana Arango,,,,,794930,,,Francesca Jones,,,,,3-6 6-3 3-4,3,R16,,2,5,,,,,,,,0,6,,,,,,,,,,,
2025-merida,Merida,Hard,,P,20250224,18,123538,,,Rebecca Sramkova,,,,,692146,,,Beatriz Haddad Maia,,,,,7-6 6-3,3,R16,,7,2,,,,,,,,1,6,,,,,,,,,,,
2025-merida,Merida,Hard,,P,20250224,19,337480,,,Zeynep Sonmez,,,,,684064,,,Magda Linette,,,,,6-3 3-1,3,R16,,1,4,,,,,,,,2,1,,,,,,,,,,,
2025-merida,Merida,Hard,,P,20250224,20,804248,,,Emma Navarro,,,,,824559,,,Petra Martic,,,,,6-1 6-2,3,R16,,0,0,,,,,,,,0,3,,,,,,,,,,,
2025-merida,Merida,Hard,,P,20250224,21,272544,,,Elina Avanesyan,,,,,690300,,,Maya Joint,,,,,4-6 6-2 6-0,3,QF,,1,4,,,,,,,,0,8,,,,,,,,,,,
2025-merida,Merida,Hard,,P,20250224,22,741705,,,Emiliana Arango,,,,,123538,,,Rebecca Sramkova,,,,,5-7 6-3 6-0,3,QF,,1,3,,,,,,,,1,2,,,,,,,,,,,
2025-merida,Merida,Hard,,P,20250224,23,804248,,,Emma Navarro,,,,,337480,,,Zeynep Sonmez,,,,,6-4 6-2,3,QF,,0,0,,,,,,,,0,4,,,,,,,,,,,
2025-merida,Merida,Hard,,P,20250224,24,658597,,,Daria Saville,,,,,695399,,,Paula Badosa,,,,,1-6 5-3,3,QF,,0,5,,,,,,,,2,4,,,,,,,,,,,
2025-merida,Merida,Hard,,P,20250224,25,804248,,,Emma Navarro,,,,,272544,,,Elina Avanesyan,,,,,6-3 6-3,3,SF,,0,2,,,,,,,,1,1,,,,,,,,,,,
2025-merida,Merida,Hard,,P,20250224,26,741705,,,Emiliana Arango,,,,,658597,,,Daria Saville,,,,,6-3 4-6 6-2,3,SF,,0,4,,,,,,,,0,5,,,,,,,,,,,
2025-merida,Merida,Hard,,P,20250224,27,804248,,,Emma Navarro,,,,,741705,,,Emiliana Arango,,,,,6-0 6-0,3,F,,0,2,,,,,,,,0,4,,,,,,,,,,,
2025-indian-wells,Indian Wells,Hard,,PM,20250305,1,464502,,,Caroline Garcia,,,,,557676,,,Bernarda Pera,,,,,6-3 6-4,3,R128,,3,0,,,,,,,,1,2,,,,,,,,,,,
2025-indian-wells,Indian Wells,Hard,,PM,20250305,2,121013,,,Elisabetta Cocciaretto,,,,,988957,,,Renata Zarazua,,,,,6-4 1-0,3,R128,,3,2,,,,,,,,0,2,,,,,,,,,,,
2025-indian-wells,Indian Wells,Hard,,PM,20250305,3,460138,,,Lulu Sun,,,,,123538,,,Rebecca Sramkova,,,,,6-3 1-6 7-6,3,R128,,6,3,,,,,,,,5,1,,,,,,,,,,,
2025-indian-wells,Indian Wells,Hard,,PM,20250305,4,323630,,,Varvara Gracheva,,,,,862485,,,Petra Kvitova,,,,,4-6 6-3 6-4,3,R128,,1,3,,,,,,,,2,8,,,,,,,,,,,
2025-indian-wells,Indian Wells,Hard,,PM,20250305,5,707117,,,Irina-Camelia Begu,,,,,619460,,,Ann Li,,,,,7-5 3-6 6-1,3,R128,,2,3,,,,,,,,7,1,,,,,,,,,,,
2025-indian-wells,Indian Wells,Hard,,PM,20250305,6,987862,,,Hailey Baptiste,,,,,791769,,,Whitney Osuigwe,,,,,6-1 6-2,3,R128,,3,0,,,,,,,,0,2,,,,,,,,,,,
2025-indian-wells,Indian Wells,Hard,,PM,20250305,7,689373,,,Suzan Lamens,,,,,369605,,,Marie Bouzkova,,,,,3-6 6-3 6-3,3,R128,,2,7,,,,,,,,1,10,,,,,,,,,,,
2025-indian-wells,Indian Wells,Hard,,PM,20250305,8,684064,,,Magda Linette,,,,,688846,,,Peyton Stearns,,,,,6-4 4-6 6-3,3,R128,,5,2,,,,,,,,1,2,,,,,,,,,,,
2025-indian-wells,Indian Wells,Hard,,PM,20250305,9,446701,,,Caroline Dolehide,,,,,568609,,,Kamilla Rakhimova,,,,,6-2 7-6,3,R128,,2,4,,,,,,,,1,4,,,,,,,,,,,
2025-indian-wells,Indian Wells,Hard,,PM,20250305,10,600494,,,Xinyu Wang,,,,,729721,,,Mayar Sherif,,,,,6-4 7-5,3,R128,,1,5,,,,,,,,3,2,,,,,,,,,,,
2025-indian-wells,Indian Wells,Hard,,PM,20250305,11,344482,,,Katerina Siniakova,,,,,957435,,,Maria Lourdes Carle,,,,,6-2 6-1,3,R128,,0,2,,,,,,,,0,7,,,,,,,,,,,
2025-indian-wells,Indian Wells,Hard,,PM,20250305,12,804895,,,Victoria Azarenka,,,,,532196,,,Clervie Ngounoue,,,,,6-4 7-6,3,R128,,4,6,,,,,,,,5,5,,,,,,,,,,,
2025-indian-wells,Indian Wells,Hard,,PM,20250305,13,769396,,,Camila Osorio,,,,,714334,,,Naomi Osaka,,,,,6-4 6-4,3,R128,,0,6,,,,,,,,4,3,,,,,,,,,,,
2025-indian-wells,Indian Wells,Hard,,PM,20250305,14,735911,,,Robin Montgomery,,,,,534672,,,Jule Niemeier,,,,,3-6 7-5 6-2,3,R128,,3,6,,,,,,,,0,8,,,,,,,,,,,
2025-indian-wells,Indian Wells,Hard,,PM,20250305,15,701534,,,Ashlyn Krueger,,,,,421894,,,Katie Volynets,,,,,0-6 6-2 6-2,3,R128,,3,7,,,,,,,,0,2,,,,,,,,,,,
2025-indian-wells,Indian Wells,Hard,,PM,20250305,16,813190,,,Dayana Yastremska,,,,,803486,,,Yue Yuan,,,,,6-2 6-4,3,R128,,1,4,,,,,,,,0,1,,,,,,,,,,,
2025-indian-wells,Indian Wells,Hard,,PM,20250305,17,549141,,,Sofia Kenin,,,,,646421,,,Maddison Inglis,,,,,6-2 6-1,3,R128,,2,2,,,,,,,,1,0,,,,,,,,,,,
2025-indian-wells,Indian Wells,Hard,,PM,20250305,18,824108,,,Polina Kudermetova,,,,,737156,,,Claire Liu,,,,,6-4 6-2,3,R128,,0,4,,,,,,,,5,5,,,,,,,,,,,
2025-indian-wells,Indian Wells,Hard,,PM,20250305,19,152800,,,Lucia Bronzetti,,,,,561744,,,Anhelina Kalinina,,,,,6-4 7-5,3,R128,,2,5,,,,,,,,3,3,,,,,,,,,,,
2025-indian-wells,Indian Wells,Hard,,PM,20250305,20,897792,,,Viktoriya Tomova,,,,,923407,,,Olga Danilovic,,,,,6-2 6-3,3,R128,,4,2,,,,,,,,0,4,,,,,,,,,,,
2025-indian-wells,Indian Wells,Hard,,PM,20250305,21,520895,,,Caty Mcnally,,,,,389789,,,Ajla Tomljanovic,,,,,6-4 0-0,3,R128,,0,3,,,,,,,,0,6,,,,,,,,,,,
2025-indian-wells,Indian Wells,Hard,,PM,20250305,22,600745,,,Sorana Cirstea,,,,,690300,,,Maya Joint,,,,,6-2 7-5,3,R128,,1,0,,,,,,,,0,4,,,,,,,,,,,
2025-indian-wells,Indian Wells,Hard,,PM,20250305,23,482165,,,Moyuka Uchijima,,,,,858188,,,Emma Raducanu,,,,,6-3 6-2,3,R128,,2,2,,,,,,,,2,4,,,,,,,,,,,
2025-indian-wells,Indian Wells,Hard,,PM,20250305,24,444525,,,Sonay Kartal,,,,,958557,,,Varvara Lepchenko,,,,,7-6 6-2,3,R128,,1,2,,,,,,,,1,1,,,,,,,,,,,
2025-indian-wells,Indian Wells,Hard,,PM,20250305,25,218416,,,Belinda Bencic,,,,,913730,,,Tatjana Maria,,,,,6-1 6-1,3,R128,,0,3,,,,,,,,1,2,,,,,,,,,,,
2025-indian-wells,Indian Wells,Hard,,PM,20250305,26,885728,,,Jaqueline  Cristian,,,,,876368,,,Veronika Kudermetova,,,,,6-2 6-3,3,R128,,4,3,,,,,,,,1,3,,,,,,,,,,,
2025-indian-wells,Indian Wells,Hard,,PM,20250305,27,851560,,,Kimberly Birrell,,,,,988932,,,Viktorija Golubic,,,,,6-4 6-4,3,R128,,1,12,,,,,,,,0,2,,,,,,,,,,,
2025-indian-wells,Indian Wells,Hard,,PM,20250305,28,651611,,,Anastasia Potapova,,,,,595819,,,Jessica Bouzas Maneiro,,,,,6-7 6-4 7-5,3,R128,,0,8,,,,,,,,1,12,,,,,,,,,,,
2025-indian-wells,Indian Wells,Hard,,PM,20250305,29,421789,,,Mccartney Kessler,,,,,126226,,,Anna Blinkova,,,,,6-1 6-2,3,R128,,0,1,,,,,,,,0,2,,,,,,,,,,,
2025-indian-wells,Indian Wells,Hard,,PM,20250305,30,756180,,,Marta Kostyuk,,,,,735911,,,Robin Montgomery,,,,,6-1 6-3,3,R64,,2,0,,,,,,,,0,6,,,,,,,,,,,
2025-indian-wells,Indian Wells,Hard,,PM,20250305,31,350535,,,Elena Rybakina,,,,,689373,,,Suzan Lamens,,,,,6-3 6-3,3,R64,,5,3,,,,,,,,4,6,,,,,,,,,,,
2025-indian-wells,Indian Wells,Hard,,PM,20250305,32,970027,,,Katie Boulter,,,,,707117,,,Irina-Camelia Begu,,,,,6-7 6-3 6-0,3,R64,,2,9,,,,,,,,1,7,,,,,,,,,,,
2025-indian-wells,Indian Wells,Hard,,PM,20250305,33,563551,,,Karolina Muchova,,,,,121013,,,Elisabetta Cocciaretto,,,,,6-4 6-3,3,R64,,4,2,,,,,,,,1,0,,,,,,,,,,,
2025-indian-wells,Indian Wells,Hard,,PM,20250305,34,388459,,,Iva Jovic,,,,,346262,,,Julia Grabher,,,,,2-6 7-5 6-0,3,R128,,2,6,,,,,,,,3,2,,,,,,,,,,,
2025-indian-wells,Indian Wells,Hard,,PM,20250305,35,272544,,,Elina Avanesyan,,,,,331161,,,Lauren Davis,,,,,6-4 6-2,3,R128,,1,5,,,,,,,,0,3,,,,,,,,,,,
2025-indian-wells,Indian Wells,Hard,,PM,20250305,36,344482,,,Katerina Siniakova,,,,,133650,,,Yulia Putintseva,,,,,6-2 6-2,3,R64,,2,5,,,,,,,,0,3,,,,,,,,,,,
2025-indian-wells,Indian Wells,Hard,,PM,20250305,37,813190,,,Dayana Yastremska,,,,,638293,,,Ons Jabeur,,,,,6-3 6-1,3,R64,,0,1,,,,,,,,1,5,,,,,,,,,,,
2025-indian-wells,Indian Wells,Hard,,PM,20250305,38,359411,,,Clara Tauson,,,,,769396,,,Camila Osorio,,,,,7-6 7-5,3,R64,,4,2,,,,,,,,2,8,,,,,,,,,,,
2025-indian-wells,Indian Wells,Hard,,PM,20250305,39,460138,,,Lulu Sun,,,,,187314,,,Linda Noskova,,,,,6-1 6-4,3,R64,,6,4,,,,,,,,6,7,,,,,,,,,,,
2025-indian-wells,Indian Wells,Hard,,PM,20250305,40,663060,,,Alycia Parks,,,,,393113,,,Anna Kalinskaya,,,,,6-4 6-3,3,R128,,4,3,,,,,,,,1,4,,,,,,,,,,,
2025-indian-wells,Indian Wells,Hard,,PM,20250305,41,446701,,,Caroline Dolehide,,,,,743463,,,Eva Lys,,,,,7-6 6-4,3,R64,,3,3,,,,,,,,0,9,,,,,,,,,,,
2025-indian-wells,Indian Wells,Hard,,PM,20250305,42,139227,,,Iga Swiatek,,,,,464502,,,Caroline Garcia,,,,,6-2 6-0,3,R64,,3,3,,,,,,,,2,4,,,,,,,,,,,
2025-indian-wells,Indian Wells,Hard,,PM,20250305,43,600494,,,Xinyu Wang,,,,,762485,,,Jelena Ostapenko,,,,,6-4 6-4,3,R64,,7,6,,,,,,,,0,2,,,,,,,,,,,
2025-indian-wells,Indian Wells,Hard,,PM,20250305,44,814118,,,Jessica Pegula,,,,,684064,,,Magda Linette,,,,,6-4 6-2,3,R64,,2,0,,,,,,,,3,1,,,,,,,,,,,
2025-indian-wells,Indian Wells,Hard,,PM,20250305,45,568896,,,Elina Svitolina,,,,,701534,,,Ashlyn Krueger,,,,,6-1 6-7 6-3,3,R64,,3,8,,,,,,,,3,13,,,,,,,,,,,
2025-indian-wells,Indian Wells,Hard,,PM,20250305,46,727666,,,Mirra Andreeva,,,,,323630,,,Varvara Gracheva,,,,,7-5 6-4,3,R64,,2,2,,,,,,,,0,5,,,,,,,,,,,
2025-indian-wells,Indian Wells,Hard,,PM,20250305,47,788190,,,Danielle Collins,,,,,987862,,,Hailey Baptiste,,,,,5-7 6-2 6-4,3,R64,,6,6,,,,,,,,2,5,,,,,,,,,,,
2025-indian-wells,Indian Wells,Hard,,PM,20250305,48,809492,,,Qinwen Zheng,,,,,804895,,,Victoria Azarenka,,,,,6-3 6-4,3,R64,,4,4,,,,,,,,1,4,,,,,,,,,,,
2025-indian-wells,Indian Wells,Hard,,PM,20250305,49,731934,,,Madison Keys,,,,,651611,,,Anastasia Potapova,,,,,6-3 6-0,3,R64,,0,4,,,,,,,,0,1,,,,,,,,,,,
2025-indian-wells,Indian Wells,Hard,,PM,20250305,50,710062,,,Maria Sakkari,,,,,897792,,,Viktoriya Tomova,,,,,6-0 6-3,3,R64,,3,3,,,,,,,,0,5,,,,,,,,,,,
2025-indian-wells,Indian Wells,Hard,,PM,20250305,51,152800,,,Lucia Bronzetti,,,,,362890,,,Magdalena Frech,,,,,6-3 7-5,3,R64,,1,3,,,,,,,,0,0,,,,,,,,,,,
2025-indian-wells,Indian Wells,Hard,,PM,20250305,52,824108,,,Polina Kudermetova,,,,,558914,,,Ekaterina Alexandrova,,,,,7-5 6-2,3,R64,,2,2,,,,,,,,3,4,,,,,,,,,,,
2025-indian-wells,Indian Wells,Hard,,PM,20250305,53,324333,,,Jasmine Paolini,,,,,388459,,,Iva Jovic,,,,,7-6 1-6 6-3,3,R64,,1,3,,,,,,,,3,1,,,,,,,,,,,
2025-indian-wells,Indian Wells,Hard,,PM,20250305,54,975382,,,Donna Vekic,,,,,272544,,,Elina Avanesyan,,,,,6-3 6-3,3,R64,,1,8,,,,,,,,0,6,,,,,,,,,,,
2025-indian-wells,Indian Wells,Hard,,PM,20250305,55,296713,,,Coco Gauff,,,,,482165,,,Moyuka Uchijima,,,,,6-4 3-6 7-6,3,R64,,4,21,,,,,,,,0,5,,,,,,,,,,,
2025-indian-wells,Indian Wells,Hard,,PM,20250305,56,444525,,,Sonay Kartal,,,,,692146,,,Beatriz Haddad Maia,,,,,6-2 6-1,3,R64,,4,2,,,,,,,,0,2,,,,,,,,,,,
2025-indian-wells,Indian Wells,Hard,,PM,20250305,57,809758,,,Elise Mertens,,,,,851560,,,Kimberly Birrell,,,,,6-4 7-5,3,R64,,10,7,,,,,,,,1,3,,,,,,,,,,,
2025-indian-wells,Indian Wells,Hard,,PM,20250305,58,626163,,,Daria Kasatkina,,,,,549141,,,Sofia Kenin,,,,,3-6 7-5 6-4,3,R64,,9,7,,,,,,,,0,3,,,,,,,,,,,
2025-indian-wells,Indian Wells,Hard,,PM,20250305,59,885728,,,Jaqueline  Cristian,,,,,914953,,,Leylah Fernandez,,,,,5-7 7-6 6-3,3,R64,,3,6,,,,,,,,3,2,,,,,,,,,,,
2025-indian-wells,Indian Wells,Hard,,PM,20250305,60,218416,,,Belinda Bencic,,,,,324536,,,Amanda Anisimova,,,,,6-4 6-7 6-1,3,R64,,4,2,,,,,,,,5,8,,,,,,,,,,,
2025-indian-wells,Indian Wells,Hard,,PM,20250305,61,286370,,,Liudmila Samsonova,,,,,520895,,,Caty Mcnally,,,,,7-6 6-4,3,R64,,1,3,,,,,,,,1,7,,,,,,,,,,,
2025-indian-wells,Indian Wells,Hard,,PM,20250305,62,716715,,,Aryna Sabalenka,,,,,421789,,,Mccartney Kessler,,,,,7-6 6-3,3,R64,,6,2,,,,,,,,3,0,,,,,,,,,,,
2025-indian-wells,Indian Wells,Hard,,PM,20250305,63,425446,,,Diana Shnaider,,,,,663060,,,Alycia Parks,,,,,6-1 6-1,3,R64,,0,2,,,,,,,,2,4,,,,,,,,,,,
2025-indian-wells,Indian Wells,Hard,,PM,20250305,64,804248,,,Emma Navarro,,,,,600745,,,Sorana Cirstea,,,,,3-6 6-1 7-6,3,R64,,0,2,,,,,,,,1,0,,,,,,,,,,,
2025-indian-wells,Indian Wells,Hard,,PM,20250305,65,756180,,,Marta Kostyuk,,,,,446701,,,Caroline Dolehide,,,,,6-3 6-3,3,R32,,4,6,,,,,,,,1,6,,,,,,,,,,,
2025-indian-wells,Indian Wells,Hard,,PM,20250305,66,139227,,,Iga Swiatek,,,,,813190,,,Dayana Yastremska,,,,,6-0 6-2,3,R32,,1,1,,,,,,,,1,4,,,,,,,,,,,
2025-indian-wells,Indian Wells,Hard,,PM,20250305,67,350535,,,Elena Rybakina,,,,,970027,,,Katie Boulter,,,,,6-0 7-5,3,R32,,6,2,,,,,,,,2,3,,,,,,,,,,,
2025-indian-wells,Indian Wells,Hard,,PM,20250305,68,563551,,,Karolina Muchova,,,,,344482,,,Katerina Siniakova,,,,,7-5 6-1,3,R32,,4,1,,,,,,,,1,5,,,,,,,,,,,
2025-indian-wells,Indian Wells,Hard,,PM,20250305,69,814118,,,Jessica Pegula,,,,,600494,,,Xinyu Wang,,,,,6-2 6-1,3,R32,,2,2,,,,,,,,1,3,,,,,,,,,,,
2025-indian-wells,Indian Wells,Hard,,PM,20250305,70,568896,,,Elina Svitolina,,,,,788190,,,Danielle Collins,,,,,6-2 6-4,3,R32,,4,8,,,,,,,,4,2,,,,,,,,,,,
2025-indian-wells,Indian Wells,Hard,,PM,20250305,71,727666,,,Mirra Andreeva,,,,,359411,,,Clara Tauson,,,,,6-3 6-0,3,R32,,3,1,,,,,,,,3,2,,,,,,,,,,,
2025-indian-wells,Indian Wells,Hard,,PM,20250305,72,809492,,,Qinwen Zheng,,,,,460138,,,Lulu Sun,,,,,6-4 7-5,3,R32,,4,5,,,,,,,,1,2,,,,,,,,,,,
2025-indian-wells,Indian Wells,Hard,,PM,20250305,73,731934,,,Madison Keys,,,,,809758,,,Elise Mertens,,,,,6-2 6-7 6-4,3,R32,,5,12,,,,,,,,1,9,,,,,,,,,,,
2025-indian-wells,Indian Wells,Hard,,PM,20250305,74,444525,,,Sonay Kartal,,,,,824108,,,Polina Kudermetova,,,,,7-5 6-3,3,R32,,1,0,,,,,,,,1,4,,,,,,,,,,,
2025-indian-wells,Indian Wells,Hard,,PM,20250305,75,296713,,,Coco Gauff,,,,,710062,,,Maria Sakkari,,,,,7-6 6-2,3,R32,,2,9,,,,,,,,2,6,,,,,,,,,,,
2025-indian-wells,Indian Wells,Hard,,PM,20250305,76,218416,,,Belinda Bencic,,,,,425446,,,Diana Shnaider,,,,,6-4 6-4,3,R32,,1,3,,,,,,,,1,3,,,,,,,,,,,
2025-indian-wells,Indian Wells,Hard,,PM,20250305,77,716715,,,Aryna Sabalenka,,,,,152800,,,Lucia Bronzetti,,,,,6-1 6-2,3,R32,,2,2,,,,,,,,0,2,,,,,,,,,,,
2025-indian-wells,Indian Wells,Hard,,PM,20250305,78,286370,,,Liudmila Samsonova,,,,,626163,,,Daria Kasatkina,,,,,2-6 6-3 6-2,3,R32,,7,2,,,,,,,,0,5,,,,,,,,,,,
2025-indian-wells,Indian Wells,Hard,,PM,20250305,79,975382,,,Donna Vekic,,,,,804248,,,Emma Navarro,,,,,7-6 6-1,3,R32,,1,2,,,,,,,,2,0,,,,,,,,,,,
2025-indian-wells,Indian Wells,Hard,,PM,20250305,80,324333,,,Jasmine Paolini,,,,,885728,,,Jaqueline  Cristian,,,,,6-4 3-6 6-4,3,R32,,5,3,,,,,,,,2,4,,,,,,,,,,,
2025-indian-wells,Indian Wells,Hard,,PM,20250305,81,139227,,,Iga Swiatek,,,,,563551,,,Karolina Muchova,,,,,6-1 6-1,3,R16,,0,1,,,,,,,,1,3,,,,,,,,,,,
2025-indian-wells,Indian Wells,Hard,,PM,20250305,82,568896,,,Elina Svitolina,,,,,814118,,,Jessica Pegula,,,,,5-7 6-1 6-2,3,R16,,5,7,,,,,,,,1,3,,,,,,,,,,,
2025-indian-wells,Indian Wells,Hard,,PM,20250305,83,727666,,,Mirra Andreeva,,,,,350535,,,Elena Rybakina,,,,,6-1 6-2,3,R16,,2,1,,,,,,,,0,3,,,,,,,,,,,
2025-indian-wells,Indian Wells,Hard,,PM,20250305,84,809492,,,Qinwen Zheng,,,,,756180,,,Marta Kostyuk,,,,,6-3 6-2,3,R16,,3,1,,,,,,,,1,7,,,,,,,,,,,
2025-indian-wells,Indian Wells,Hard,,PM,20250305,85,218416,,,Belinda Bencic,,,,,296713,,,Coco Gauff,,,,,3-6 6-3 6-4,3,R16,,0,3,,,,,,,,4,8,,,,,,,,,,,
2025-indian-wells,Indian Wells,Hard,,PM,20250305,86,731934,,,Madison Keys,,,,,975382,,,Donna Vekic,,,,,4-6 7-6 6-3,3,R16,,7,4,,,,,,,,2,5,,,,,,,,,,,
2025-indian-wells,Indian Wells,Hard,,PM,20250305,87,716715,,,Aryna Sabalenka,,,,,444525,,,Sonay Kartal,,,,,6-1 6-2,3,R16,,2,1,,,,,,,,0,2,,,,,,,,,,,
2025-indian-wells,Indian Wells,Hard,,PM,20250305,88,286370,,,Liudmila Samsonova,,,,,324333,,,Jasmine Paolini,,,,,6-0 6-4,3,R16,,4,1,,,,,,,,0,2,,,,,,,,,,,
2025-indian-wells,Indian Wells,Hard,,PM,20250305,89,139227,,,Iga Swiatek,,,,,809492,,,Qinwen Zheng,,,,,6-3 6-3,3,QF,,1,2,,,,,,,,3,3,,,,,,,,,,,
2025-indian-wells,Indian Wells,Hard,,PM,20250305,90,727666,,,Mirra Andreeva,,,,,568896,,,Elina Svitolina,,,,,7-5 6-3,3,QF,,0,2,,,,,,,,0,4,,,,,,,,,,,
2025-indian-wells,Indian Wells,Hard,,PM,20250305,91,731934,,,Madison Keys,,,,,218416,,,Belinda Bencic,,,,,6-1 6-1,3,QF,,2,2,,,,,,,,0,4,,,,,,,,,,,
2025-indian-wells,Indian Wells,Hard,,PM,20250305,92,716715,,,Aryna Sabalenka,,,,,286370,,,Liudmila Samsonova,,,,,6-2 6-3,3,QF,,1,0,,,,,,,,0,3,,,,,,,,,,,
2025-indian-wells,Indian Wells,Hard,,PM,20250305,93,727666,,,Mirra Andreeva,,,,,139227,,,Iga Swiatek,,,,,7-6 1-6 6-3,3,SF,,5,4,,,,,,,,4,3,,,,,,,,,,,
2025-indian-wells,Indian Wells,Hard,,PM,20250305,94,716715,,,Aryna Sabalenka,,,,,731934,,,Madison Keys,,,,,6-0 6-1,3,SF,,0,1,,,,,,,,2,2,,,,,,,,,,,
2025-indian-wells,Indian Wells,Hard,,PM,20250305,95,727666,,,Mirra Andreeva,,,,,716715,,,Aryna Sabalenka,,,,,2-6 6-4 6-3,3,F,,6,2,,,,,,,,1,1,,,,,,,,,,,
2025-miami,Miami,Hard,,PM,20250318,1,344482,,,Katerina Siniakova,,,,,803486,,,Yue Yuan,,,,,6-2 2-6 7-6,3,R128,,3,1,,,,,,,,4,4,,,,,,,,,,,
2025-miami,Miami,Hard,,PM,20250318,2,897792,,,Viktoriya Tomova,,,,,520895,,,Caty Mcnally,,,,,6-3 2-6 6-3,3,R128,,0,0,,,,,,,,2,4,,,,,,,,,,,
2025-miami,Miami,Hard,,PM,20250318,3,663060,,,Alycia Parks,,,,,323630,,,Varvara Gracheva,,,,,3-6 7-6 6-3,3,R128,,13,8,,,,,,,,2,6,,,,,,,,,,,
2025-miami,Miami,Hard,,PM,20250318,4,684064,,,Magda Linette,,,,,834140,,,Anastasia Pavlyuchenkova,,,,,7-6 6-2,3,R128,,10,7,,,,,,,,4,6,,,,,,,,,,,
2025-miami,Miami,Hard,,PM,20250318,5,152800,,,Lucia Bronzetti,,,,,595819,,,Jessica Bouzas Maneiro,,,,,6-4 6-3,3,R128,,1,0,,,,,,,,0,6,,,,,,,,,,,
2025-miami,Miami,Hard,,PM,20250318,6,600745,,,Sorana Cirstea,,,,,121013,,,Elisabetta Cocciaretto,,,,,6-3 7-6,3,R128,,3,1,,,,,,,,1,5,,,,,,,,,,,
2025-miami,Miami,Hard,,PM,20250318,7,714334,,,Naomi Osaka,,,,,976242,,,Yuliia Starodubtseva,,,,,3-6 6-4 6-3,3,R128,,10,4,,,,,,,,0,1,,,,,,,,,,,
2025-miami,Miami,Hard,,PM,20250318,8,123538,,,Rebecca Sramkova,,,,,647835,,,Lucrezia Stefanini,,,,,3-6 6-1 6-3,3,R128,,1,1,,,,,,,,0,5,,,,,,,,,,,
2025-miami,Miami,Hard,,PM,20250318,9,334255,,,Linda Fruhvirtova,,,,,737156,,,Claire Liu,,,,,7-5 4-6 6-3,3,R128,,5,4,,,,,,,,8,5,,,,,,,,,,,
2025-miami,Miami,Hard,,PM,20250318,10,331161,,,Lauren Davis,,,,,604616,,,Aoi Ito,,,,,6-4 3-6 6-4,3,R128,,0,0,,,,,,,,2,3,,,,,,,,,,,
2025-miami,Miami,Hard,,PM,20250318,11,275310,,,Elena-Gabriela Ruse,,,,,824108,,,Polina Kudermetova,,,,,6-1 6-7 6-2,3,R128,,6,6,,,,,,,,0,9,,,,,,,,,,,
2025-miami,Miami,Hard,,PM,20250318,12,549141,,,Sofia Kenin,,,,,862485,,,Petra Kvitova,,,,,6-4 7-5,3,R128,,1,1,,,,,,,,13,7,,,,,,,,,,,
2025-miami,Miami,Hard,,PM,20250318,13,149280,,,Rebeka Masarova,,,,,460146,,,Greet Minnen,,,,,6-7 6-4 7-5,3,R128,,11,3,,,,,,,,4,3,,,,,,,,,,,
2025-miami,Miami,Hard,,PM,20250318,14,987862,,,Hailey Baptiste,,,,,923407,,,Olga Danilovic,,,,,6-3 6-7 6-1,3,R128,,3,0,,,,,,,,5,4,,,,,,,,,,,
2025-miami,Miami,Hard,,PM,20250318,15,701534,,,Ashlyn Krueger,,,,,988957,,,Renata Zarazua,,,,,6-3 6-2,3,R128,,8,1,,,,,,,,1,3,,,,,,,,,,,
2025-miami,Miami,Hard,,PM,20250318,16,948848,,,Taylor Townsend,,,,,619460,,,Ann Li,,,,,3-6 6-4 6-2,3,R128,,3,3,,,,,,,,6,2,,,,,,,,,,,
2025-miami,Miami,Hard,,PM,20250318,17,851560,,,Kimberly Birrell,,,,,651611,,,Anastasia Potapova,,,,,3-6 6-3 7-6,3,R128,,3,9,,,,,,,,5,2,,,,,,,,,,,
2025-miami,Miami,Hard,,PM,20250318,18,844223,,,Victoria Mboko,,,,,769396,,,Camila Osorio,,,,,7-5 5-7 6-3,3,R128,,4,7,,,,,,,,1,2,,,,,,,,,,,
2025-miami,Miami,Hard,,PM,20250318,19,126226,,,Anna Blinkova,,,,,568609,,,Kamilla Rakhimova,,,,,4-6 6-3 6-2,3,R128,,6,3,,,,,,,,3,0,,,,,,,,,,,
2025-miami,Miami,Hard,,PM,20250318,20,876368,,,Veronika Kudermetova,,,,,600494,,,Xinyu Wang,,,,,6-2 7-6,3,R128,,7,3,,,,,,,,0,1,,,,,,,,,,,
2025-miami,Miami,Hard,,PM,20250318,21,858188,,,Emma Raducanu,,,,,913576,,,Sayaka Ishii,,,,,6-2 6-1,3,R128,,6,1,,,,,,,,0,1,,,,,,,,,,,
2025-miami,Miami,Hard,,PM,20250318,22,421789,,,Mccartney Kessler,,,,,369605,,,Marie Bouzkova,,,,,6-4 2-6 6-4,3,R128,,1,2,,,,,,,,2,0,,,,,,,,,,,
2025-miami,Miami,Hard,,PM,20250318,23,557676,,,Bernarda Pera,,,,,389789,,,Ajla Tomljanovic,,,,,6-3 6-2,3,R128,,7,7,,,,,,,,5,5,,,,,,,,,,,
2025-miami,Miami,Hard,,PM,20250318,24,272544,,,Elina Avanesyan,,,,,303568,,,Erika Andreeva,,,,,6-1 6-7 6-4,3,R128,,1,0,,,,,,,,0,1,,,,,,,,,,,
2025-miami,Miami,Hard,,PM,20250318,25,464502,,,Caroline Garcia,,,,,610520,,,Anna Bondar,,,,,6-0 7-6,3,R128,,2,2,,,,,,,,3,6,,,,,,,,,,,
2025-miami,Miami,Hard,,PM,20250318,26,261807,,,Alexandra Eala,,,,,421894,,,Katie Volynets,,,,,6-3 7-6,3,R128,,0,1,,,,,,,,0,1,,,,,,,,,,,
2025-miami,Miami,Hard,,PM,20250318,27,346262,,,Julia Grabher,,,,,439600,,,Grant T. C.,,,,,6-4 6-4,3,R128,,2,3,,,,,,,,1,4,,,,,,,,,,,
2025-miami,Miami,Hard,,PM,20250318,28,688846,,,Peyton Stearns,,,,,970027,,,Katie Boulter,,,,,6-4 6-2,3,R128,,1,3,,,,,,,,5,4,,,,,,,,,,,
2025-miami,Miami,Hard,,PM,20250318,29,482165,,,Moyuka Uchijima,,,,,689373,,,Suzan Lamens,,,,,6-4 6-3,3,R128,,7,5,,,,,,,,1,6,,,,,,,,,,,
2025-miami,Miami,Hard,,PM,20250318,30,218416,,,Belinda Bencic,,,,,813190,,,Dayana Yastremska,,,,,6-4 1-6 7-5,3,R128,,5,9,,,,,,,,7,13,,,,,,,,,,,
2025-miami,Miami,Hard,,PM,20250318,31,804895,,,Victoria Azarenka,,,,,561744,,,Anhelina Kalinina,,,,,6-3 6-1,3,R128,,5,0,,,,,,,,1,0,,,,,,,,,,,
2025-miami,Miami,Hard,,PM,20250318,32,729721,,,Mayar Sherif,,,,,460138,,,Lulu Sun,,,,,7-5 1-6 6-4,3,R128,,4,3,,,,,,,,4,3,,,,,,,,,,,
2025-miami,Miami,Hard,,PM,20250318,33,324333,,,Jasmine Paolini,,,,,123538,,,Rebecca Sramkova,,,,,6-4 6-4,3,R64,,1,2,,,,,,,,6,4,,,,,,,,,,,
2025-miami,Miami,Hard,,PM,20250318,34,809492,,,Qinwen Zheng,,,,,331161,,,Lauren Davis,,,,,6-1 7-5,3,R64,,12,3,,,,,,,,0,0,,,,,,,,,,,
2025-miami,Miami,Hard,,PM,20250318,35,275310,,,Elena-Gabriela Ruse,,,,,362890,,,Magdalena Frech,,,,,6-4 6-4,3,R64,,5,3,,,,,,,,2,1,,,,,,,,,,,
2025-miami,Miami,Hard,,PM,20250318,36,701534,,,Ashlyn Krueger,,,,,350535,,,Elena Rybakina,,,,,6-4 2-6 6-4,3,R64,,4,2,,,,,,,,5,5,,,,,,,,,,,
2025-miami,Miami,Hard,,PM,20250318,37,914953,,,Leylah Fernandez,,,,,663060,,,Alycia Parks,,,,,7-6 6-3,3,R64,,1,5,,,,,,,,2,5,,,,,,,,,,,
2025-miami,Miami,Hard,,PM,20250318,38,296713,,,Coco Gauff,,,,,549141,,,Sofia Kenin,,,,,6-0 6-0,3,R64,,1,2,,,,,,,,0,2,,,,,,,,,,,
2025-miami,Miami,Hard,,PM,20250318,39,684064,,,Magda Linette,,,,,558914,,,Ekaterina Alexandrova,,,,,7-6 6-2,3,R64,,3,0,,,,,,,,7,5,,,,,,,,,,,
2025-miami,Miami,Hard,,PM,20250318,40,716715,,,Aryna Sabalenka,,,,,897792,,,Viktoriya Tomova,,,,,6-3 6-0,3,R64,,1,0,,,,,,,,2,7,,,,,,,,,,,
2025-miami,Miami,Hard,,PM,20250318,41,948848,,,Taylor Townsend,,,,,133650,,,Yulia Putintseva,,,,,7-6 1-6 6-1,3,R64,,5,6,,,,,,,,1,1,,,,,,,,,,,
2025-miami,Miami,Hard,,PM,20250318,42,638293,,,Ons Jabeur,,,,,344482,,,Katerina Siniakova,,,,,6-4 7-6,3,R64,,3,3,,,,,,,,0,5,,,,,,,,,,,
2025-miami,Miami,Hard,,PM,20250318,43,710062,,,Maria Sakkari,,,,,152800,,,Lucia Bronzetti,,,,,6-3 5-7 6-4,3,R64,,10,5,,,,,,,,1,6,,,,,,,,,,,
2025-miami,Miami,Hard,,PM,20250318,44,987862,,,Hailey Baptiste,,,,,626163,,,Daria Kasatkina,,,,,3-6 6-4 7-5,3,R64,,11,4,,,,,,,,5,6,,,,,,,,,,,
2025-miami,Miami,Hard,,PM,20250318,45,149280,,,Rebeka Masarova,,,,,975382,,,Donna Vekic,,,,,6-1 6-3,3,R64,,3,2,,,,,,,,1,4,,,,,,,,,,,
2025-miami,Miami,Hard,,PM,20250318,46,334255,,,Linda Fruhvirtova,,,,,692146,,,Beatriz Haddad Maia,,,,,6-0 6-2,3,R64,,2,2,,,,,,,,0,1,,,,,,,,,,,
2025-miami,Miami,Hard,,PM,20250318,47,714334,,,Naomi Osaka,,,,,286370,,,Liudmila Samsonova,,,,,6-2 6-4,3,R64,,6,1,,,,,,,,3,4,,,,,,,,,,,
2025-miami,Miami,Hard,,PM,20250318,48,788190,,,Danielle Collins,,,,,600745,,,Sorana Cirstea,,,,,6-4 7-6,3,R64,,4,4,,,,,,,,6,1,,,,,,,,,,,
2025-miami,Miami,Hard,,PM,20250318,49,393113,,,Anna Kalinskaya,,,,,482165,,,Moyuka Uchijima,,,,,6-1 6-3,3,R64,,0,2,,,,,,,,4,3,,,,,,,,,,,
2025-miami,Miami,Hard,,PM,20250318,50,126226,,,Anna Blinkova,,,,,425446,,,Diana Shnaider,,,,,6-4 7-6,3,R64,,2,2,,,,,,,,1,3,,,,,,,,,,,
2025-miami,Miami,Hard,,PM,20250318,51,139227,,,Iga Swiatek,,,,,464502,,,Caroline Garcia,,,,,6-2 7-5,3,R64,,8,1,,,,,,,,2,1,,,,,,,,,,,
2025-miami,Miami,Hard,,PM,20250318,52,261807,,,Alexandra Eala,,,,,762485,,,Jelena Ostapenko,,,,,7-6 7-5,3,R64,,3,3,,,,,,,,6,6,,,,,,,,,,,
2025-miami,Miami,Hard,,PM,20250318,53,809758,,,Elise Mertens,,,,,688846,,,Peyton Stearns,,,,,6-4 6-1,3,R64,,4,7,,,,,,,,1,4,,,,,,,,,,,
2025-miami,Miami,Hard,,PM,20250318,54,695399,,,Paula Badosa,,,,,844223,,,Victoria Mboko,,,,,7-5 1-6 7-6,3,R64,,5,7,,,,,,,,4,8,,,,,,,,,,,
2025-miami,Miami,Hard,,PM,20250318,55,858188,,,Emma Raducanu,,,,,804248,,,Emma Navarro,,,,,7-6 2-6 7-6,3,R64,,3,8,,,,,,,,3,2,,,,,,,,,,,
2025-miami,Miami,Hard,,PM,20250318,56,359411,,,Clara Tauson,,,,,346262,,,Julia Grabher,,,,,6-4 7-5,3,R64,,1,2,,,,,,,,3,3,,,,,,,,,,,
2025-miami,Miami,Hard,,PM,20250318,57,421789,,,Mccartney Kessler,,,,,187314,,,Linda Noskova,,,,,2-6 7-5 7-6,3,R64,,7,3,,,,,,,,7,5,,,,,,,,,,,
2025-miami,Miami,Hard,,PM,20250318,58,756180,,,Marta Kostyuk,,,,,851560,,,Kimberly Birrell,,,,,7-5 4-6 6-3,3,R64,,3,8,,,,,,,,0,4,,,,,,,,,,,
2025-miami,Miami,Hard,,PM,20250318,59,563551,,,Karolina Muchova,,,,,804895,,,Victoria Azarenka,,,,,6-0 0-0,3,R64,,2,1,,,,,,,,0,5,,,,,,,,,,,
2025-miami,Miami,Hard,,PM,20250318,60,814118,,,Jessica Pegula,,,,,557676,,,Bernarda Pera,,,,,6-4 6-4,3,R64,,2,1,,,,,,,,5,5,,,,,,,,,,,
2025-miami,Miami,Hard,,PM,20250318,61,568896,,,Elina Svitolina,,,,,218416,,,Belinda Bencic,,,,,6-1 6-2,3,R64,,4,2,,,,,,,,3,2,,,,,,,,,,,
2025-miami,Miami,Hard,,PM,20250318,62,324536,,,Amanda Anisimova,,,,,729721,,,Mayar Sherif,,,,,6-2 6-2,3,R64,,1,5,,,,,,,,0,3,,,,,,,,,,,
2025-miami,Miami,Hard,,PM,20250318,63,727666,,,Mirra Andreeva,,,,,876368,,,Veronika Kudermetova,,,,,6-0 6-2,3,R64,,4,0,,,,,,,,4,7,,,,,,,,,,,
2025-miami,Miami,Hard,,PM,20250318,64,731934,,,Madison Keys,,,,,272544,,,Elina Avanesyan,,,,,6-3 6-3,3,R64,,2,3,,,,,,,,0,3,,,,,,,,,,,
2025-miami,Miami,Hard,,PM,20250318,65,701534,,,Ashlyn Krueger,,,,,914953,,,Leylah Fernandez,,,,,6-1 7-5,3,R32,,2,3,,,,,,,,1,1,,,,,,,,,,,
2025-miami,Miami,Hard,,PM,20250318,66,324333,,,Jasmine Paolini,,,,,638293,,,Ons Jabeur,,,,,4-3,3,R32,,0,1,,,,,,,,1,1,,,,,,,,,,,
2025-miami,Miami,Hard,,PM,20250318,67,714334,,,Naomi Osaka,,,,,987862,,,Hailey Baptiste,,,,,7-6 3-6 6-4,3,R32,,13,4,,,,,,,,9,3,,,,,,,,,,,
2025-miami,Miami,Hard,,PM,20250318,68,716715,,,Aryna Sabalenka,,,,,275310,,,Elena-Gabriela Ruse,,,,,6-1 0-0,3,R32,,3,1,,,,,,,,1,1,,,,,,,,,,,
2025-miami,Miami,Hard,,PM,20250318,69,296713,,,Coco Gauff,,,,,710062,,,Maria Sakkari,,,,,6-2 6-4,3,R32,,1,3,,,,,,,,1,0,,,,,,,,,,,
2025-miami,Miami,Hard,,PM,20250318,70,684064,,,Magda Linette,,,,,334255,,,Linda Fruhvirtova,,,,,7-5 6-4,3,R32,,2,4,,,,,,,,5,5,,,,,,,,,,,
2025-miami,Miami,Hard,,PM,20250318,71,788190,,,Danielle Collins,,,,,149280,,,Rebeka Masarova,,,,,6-4 3-6 6-3,3,R32,,3,4,,,,,,,,11,7,,,,,,,,,,,
2025-miami,Miami,Hard,,PM,20250318,72,809492,,,Qinwen Zheng,,,,,948848,,,Taylor Townsend,,,,,6-1 7-6,3,R32,,3,2,,,,,,,,3,0,,,,,,,,,,,
2025-miami,Miami,Hard,,PM,20250318,73,568896,,,Elina Svitolina,,,,,563551,,,Karolina Muchova,,,,,6-2 3-6 6-2,3,R32,,6,1,,,,,,,,8,2,,,,,,,,,,,
2025-miami,Miami,Hard,,PM,20250318,74,695399,,,Paula Badosa,,,,,359411,,,Clara Tauson,,,,,6-3 7-6,3,R32,,7,5,,,,,,,,5,1,,,,,,,,,,,
2025-miami,Miami,Hard,,PM,20250318,75,139227,,,Iga Swiatek,,,,,809758,,,Elise Mertens,,,,,7-6 6-1,3,R32,,6,3,,,,,,,,5,2,,,,,,,,,,,
2025-miami,Miami,Hard,,PM,20250318,76,756180,,,Marta Kostyuk,,,,,126226,,,Anna Blinkova,,,,,6-2 6-1,3,R32,,5,3,,,,,,,,0,4,,,,,,,,,,,
2025-miami,Miami,Hard,,PM,20250318,77,261807,,,Alexandra Eala,,,,,731934,,,Madison Keys,,,,,6-4 6-2,3,R32,,1,1,,,,,,,,5,4,,,,,,,,,,,
2025-miami,Miami,Hard,,PM,20250318,78,814118,,,Jessica Pegula,,,,,393113,,,Anna Kalinskaya,,,,,6-7 6-2 7-6,3,R32,,5,4,,,,,,,,2,4,,,,,,,,,,,
2025-miami,Miami,Hard,,PM,20250318,79,858188,,,Emma Raducanu,,,,,421789,,,Mccartney Kessler,,,,,6-1 3-0,3,R32,,3,1,,,,,,,,0,2,,,,,,,,,,,
2025-miami,Miami,Hard,,PM,20250318,80,324536,,,Amanda Anisimova,,,,,727666,,,Mirra Andreeva,,,,,7-6 2-6 6-3,3,R32,,1,7,,,,,,,,8,7,,,,,,,,,,,
2025-miami,Miami,Hard,,PM,20250318,81,324333,,,Jasmine Paolini,,,,,714334,,,Naomi Osaka,,,,,3-6 6-4 6-4,3,R16,,1,2,,,,,,,,7,0,,,,,,,,,,,
2025-miami,Miami,Hard,,PM,20250318,82,809492,,,Qinwen Zheng,,,,,701534,,,Ashlyn Krueger,,,,,6-2 7-6,3,R16,,5,2,,,,,,,,4,4,,,,,,,,,,,
2025-miami,Miami,Hard,,PM,20250318,83,716715,,,Aryna Sabalenka,,,,,788190,,,Danielle Collins,,,,,6-4 6-4,3,R16,,7,0,,,,,,,,1,2,,,,,,,,,,,
2025-miami,Miami,Hard,,PM,20250318,84,858188,,,Emma Raducanu,,,,,324536,,,Amanda Anisimova,,,,,6-1 6-3,3,R16,,2,0,,,,,,,,1,2,,,,,,,,,,,
2025-miami,Miami,Hard,,PM,20250318,85,684064,,,Magda Linette,,,,,296713,,,Coco Gauff,,,,,6-4 6-4,3,R16,,0,0,,,,,,,,3,12,,,,,,,,,,,
2025-miami,Miami,Hard,,PM,20250318,86,814118,,,Jessica Pegula,,,,,756180,,,Marta Kostyuk,,,,,6-2 6-3,3,R16,,1,2,,,,,,,,0,5,,,,,,,,,,,
2025-miami,Miami,Hard,,PM,20250318,87,261807,,,Alexandra Eala,,,,,695399,,,Paula Badosa,,,,,,3,R16,,,,,,,,,,,,,,,,,,,,,,,
2025-miami,Miami,Hard,,PM,20250318,88,139227,,,Iga Swiatek,,,,,568896,,,Elina Svitolina,,,,,7-6 6-3,3,R16,,1,3,,,,,,,,3,5,,,,,,,,,,,
2025-miami,Miami,Hard,,PM,20250318,89,324333,,,Jasmine Paolini,,,,,684064,,,Magda Linette,,,,,6-3 6-2,3,QF,,2,2,,,,,,,,3,1,,,,,,,,,,,
2025-miami,Miami,Hard,,PM,20250318,90,716715,,,Aryna Sabalenka,,,,,809492,,,Qinwen Zheng,,,,,6-2 7-5,3,QF,,1,0,,,,,,,,3,4,,,,,,,,,,,
2025-miami,Miami,Hard,,PM,20250318,91,261807,,,Alexandra Eala,,,,,139227,,,Iga Swiatek,,,,,6-2 7-5,3,QF,,1,3,,,,,,,,3,4,,,,,,,,,,,
2025-miami,Miami,Hard,,PM,20250318,92,814118,,,Jessica Pegula,,,,,858188,,,Emma Raducanu,,,,,6-4 6-7 6-2,3,QF,,6,1,,,,,,,,3,0,,,,,,,,,,,
2025-miami,Miami,Hard,,PM,20250318,93,716715,,,Aryna Sabalenka,,,,,324333,,,Jasmine Paolini,,,,,6-2 6-2,3,SF,,6,2,,,,,,,,3,1,,,,,,,,,,,
2025-miami,Miami,Hard,,PM,20250318,94,814118,,,Jessica Pegula,,,,,261807,,,Alexandra Eala,,,,,7-6 5-7 6-3,3,SF,,6,2,,,,,,,,2,4,,,,,,,,,,,
2025-miami,Miami,Hard,,PM,20250318,95,716715,,,Aryna Sabalenka,,,,,814118,,,Jessica Pegula,,,,,7-5 6-2,3,F,,3,1,,,,,,,,1,3,,,,,,,,,,,
2025-charleston,Charleston,Clay,,P,20250331,1,735911,,,Robin Montgomery,,,,,897792,,,Viktoriya Tomova,,,,,6-1 6-3,3,R64,,6,5,,,,,,,,0,3,,,,,,,,,,,
2025-charleston,Charleston,Clay,,P,20250331,2,323630,,,Varvara Gracheva,,,,,805782,,,Harriet Dart,,,,,6-1 3-6 6-1,3,R64,,4,3,,,,,,,,0,2,,,,,,,,,,,
2025-charleston,Charleston,Clay,,P,20250331,3,446701,,,Caroline Dolehide,,,,,121013,,,Elisabetta Cocciaretto,,,,,6-4 6-1,3,R64,,0,4,,,,,,,,0,2,,,,,,,,,,,
2025-charleston,Charleston,Clay,,P,20250331,4,421894,,,Katie Volynets,,,,,451842,,,Katherine Sebov,,,,,6-0 6-0,3,R64,,0,0,,,,,,,,0,1,,,,,,,,,,,
2025-charleston,Charleston,Clay,,P,20250331,5,520895,,,Caty Mcnally,,,,,561744,,,Anhelina Kalinina,,,,,4-6 6-1 6-4,3,R64,,1,2,,,,,,,,1,5,,,,,,,,,,,
2025-charleston,Charleston,Clay,,P,20250331,6,824108,,,Polina Kudermetova,,,,,707117,,,Irina-Camelia Begu,,,,,6-3 6-4,3,R64,,1,3,,,,,,,,2,5,,,,,,,,,,,
2025-charleston,Charleston,Clay,,P,20250331,7,876368,,,Veronika Kudermetova,,,,,925025,,,Maria Mateas,,,,,6-0 6-2,3,R64,,4,0,,,,,,,,0,4,,,,,,,,,,,
2025-charleston,Charleston,Clay,,P,20250331,8,389789,,,Ajla Tomljanovic,,,,,886250,,,Kyoka Okamura,,,,,3-6 6-1 6-2,3,R64,,3,5,,,,,,,,3,4,,,,,,,,,,,
2025-charleston,Charleston,Clay,,P,20250331,9,710062,,,Maria Sakkari,,,,,420409,,,Marina Stakusic,,,,,6-3 6-2,3,R64,,2,2,,,,,,,,2,3,,,,,,,,,,,
2025-charleston,Charleston,Clay,,P,20250331,10,331161,,,Lauren Davis,,,,,673298,,,Jamie Loeb,,,,,3-6 6-1 6-3,3,R64,,3,2,,,,,,,,2,2,,,,,,,,,,,
2025-charleston,Charleston,Clay,,P,20250331,11,235584,,,Iryna Shymanovich,,,,,630986,,,Heather Watson,,,,,7-6 6-4,3,R64,,2,3,,,,,,,,3,1,,,,,,,,,,,
2025-charleston,Charleston,Clay,,P,20250331,12,549141,,,Sofia Kenin,,,,,557676,,,Bernarda Pera,,,,,6-3 6-4,3,R64,,5,6,,,,,,,,7,2,,,,,,,,,,,
2025-charleston,Charleston,Clay,,P,20250331,13,619460,,,Ann Li,,,,,126226,,,Anna Blinkova,,,,,6-4 6-3,3,R64,,6,1,,,,,,,,1,5,,,,,,,,,,,
2025-charleston,Charleston,Clay,,P,20250331,14,936231,,,Louisa Chirico,,,,,303568,,,Erika Andreeva,,,,,6-4 3-6 6-4,3,R64,,2,6,,,,,,,,3,3,,,,,,,,,,,
2025-charleston,Charleston,Clay,,P,20250331,15,987862,,,Hailey Baptiste,,,,,397015,,,Olivia Gadecki,,,,,6-2 6-4,3,R64,,1,3,,,,,,,,0,3,,,,,,,,,,,
2025-charleston,Charleston,Clay,,P,20250331,16,731934,,,Madison Keys,,,,,446701,,,Caroline Dolehide,,,,,6-3 7-6,3,R32,,2,1,,,,,,,,1,2,,,,,,,,,,,
2025-charleston,Charleston,Clay,,P,20250331,17,952597,,,Shuai Zhang,,,,,152800,,,Lucia Bronzetti,,,,,7-5 5-7 6-4,3,R64,,2,7,,,,,,,,2,1,,,,,,,,,,,
2025-charleston,Charleston,Clay,,P,20250331,18,788190,,,Danielle Collins,,,,,735911,,,Robin Montgomery,,,,,6-3 6-1,3,R32,,5,0,,,,,,,,3,4,,,,,,,,,,,
2025-charleston,Charleston,Clay,,P,20250331,19,324536,,,Amanda Anisimova,,,,,876368,,,Veronika Kudermetova,,,,,6-2 6-2,3,R32,,2,2,,,,,,,,1,3,,,,,,,,,,,
2025-charleston,Charleston,Clay,,P,20250331,20,626163,,,Daria Kasatkina,,,,,331161,,,Lauren Davis,,,,,6-1 6-1,3,R32,,0,4,,,,,,,,1,3,,,,,,,,,,,
2025-charleston,Charleston,Clay,,P,20250331,21,393113,,,Anna Kalinskaya,,,,,520895,,,Caty Mcnally,,,,,6-1 6-4,3,R32,,1,0,,,,,,,,0,3,,,,,,,,,,,
2025-charleston,Charleston,Clay,,P,20250331,22,425446,,,Diana Shnaider,,,,,824108,,,Polina Kudermetova,,,,,6-3 6-2,3,R32,,1,4,,,,,,,,0,4,,,,,,,,,,,
2025-charleston,Charleston,Clay,,P,20250331,23,762485,,,Jelena Ostapenko,,,,,936231,,,Louisa Chirico,,,,,7-5 6-2,3,R32,,5,4,,,,,,,,2,4,,,,,,,,,,,
2025-charleston,Charleston,Clay,,P,20250331,24,804248,,,Emma Navarro,,,,,987862,,,Hailey Baptiste,,,,,6-4 6-3,3,R32,,2,2,,,,,,,,5,3,,,,,,,,,,,
2025-charleston,Charleston,Clay,,P,20250331,25,558914,,,Ekaterina Alexandrova,,,,,619460,,,Ann Li,,,,,6-3 6-0,3,R32,,4,4,,,,,,,,6,4,,,,,,,,,,,
2025-charleston,Charleston,Clay,,P,20250331,26,133650,,,Yulia Putintseva,,,,,952597,,,Shuai Zhang,,,,,7-6 6-1,3,R32,,3,2,,,,,,,,1,2,,,,,,,,,,,
2025-charleston,Charleston,Clay,,P,20250331,27,549141,,,Sofia Kenin,,,,,218416,,,Belinda Bencic,,,,,6-0 6-3,3,R32,,5,3,,,,,,,,1,3,,,,,,,,,,,
2025-charleston,Charleston,Clay,,P,20250331,28,814118,,,Jessica Pegula,,,,,235584,,,Iryna Shymanovich,,,,,6-0 6-3,3,R32,,3,4,,,,,,,,0,3,,,,,,,,,,,
2025-charleston,Charleston,Clay,,P,20250331,29,389789,,,Ajla Tomljanovic,,,,,688846,,,Peyton Stearns,,,,,6-1 6-4,3,R32,,1,4,,,,,,,,1,3,,,,,,,,,,,
2025-charleston,Charleston,Clay,,P,20250331,30,701534,,,Ashlyn Krueger,,,,,421894,,,Katie Volynets,,,,,6-3 7-6,3,R32,,4,6,,,,,,,,1,0,,,,,,,,,,,
2025-charleston,Charleston,Clay,,P,20250331,31,809492,,,Qinwen Zheng,,,,,710062,,,Maria Sakkari,,,,,6-4 6-1,3,R32,,4,2,,,,,,,,1,3,,,,,,,,,,,
2025-charleston,Charleston,Clay,,P,20250331,32,809758,,,Elise Mertens,,,,,323630,,,Varvara Gracheva,,,,,6-3 7-5,3,R32,,3,7,,,,,,,,0,4,,,,,,,,,,,
2025-charleston,Charleston,Clay,,P,20250331,33,324536,,,Amanda Anisimova,,,,,133650,,,Yulia Putintseva,,,,,6-4 6-4,3,R16,,4,3,,,,,,,,3,4,,,,,,,,,,,
2025-charleston,Charleston,Clay,,P,20250331,34,558914,,,Ekaterina Alexandrova,,,,,425446,,,Diana Shnaider,,,,,6-2 6-1,3,R16,,8,2,,,,,,,,0,3,,,,,,,,,,,
2025-charleston,Charleston,Clay,,P,20250331,35,804248,,,Emma Navarro,,,,,701534,,,Ashlyn Krueger,,,,,4-6 6-4 6-2,3,R16,,2,4,,,,,,,,2,7,,,,,,,,,,,
2025-charleston,Charleston,Clay,,P,20250331,36,788190,,,Danielle Collins,,,,,762485,,,Jelena Ostapenko,,,,,7-5 6-3,3,R16,,3,4,,,,,,,,3,5,,,,,,,,,,,
2025-charleston,Charleston,Clay,,P,20250331,37,814118,,,Jessica Pegula,,,,,389789,,,Ajla Tomljanovic,,,,,6-3 6-2,3,R16,,3,1,,,,,,,,3,2,,,,,,,,,,,
2025-charleston,Charleston,Clay,,P,20250331,38,809492,,,Qinwen Zheng,,,,,809758,,,Elise Mertens,,,,,6-3 3-6 6-3,3,R16,,6,5,,,,,,,,1,8,,,,,,,,,,,
2025-charleston,Charleston,Clay,,P,20250331,39,393113,,,Anna Kalinskaya,,,,,731934,,,Madison Keys,,,,,6-2 6-4,3,R16,,0,1,,,,,,,,3,0,,,,,,,,,,,
2025-charleston,Charleston,Clay,,P,20250331,40,549141,,,Sofia Kenin,,,,,626163,,,Daria Kasatkina,,,,,6-3 7-6,3,R16,,2,4,,,,,,,,5,5,,,,,,,,,,,
2025-charleston,Charleston,Clay,,P,20250331,41,814118,,,Jessica Pegula,,,,,788190,,,Danielle Collins,,,,,1-6 6-3 6-0,3,QF,,0,1,,,,,,,,2,7,,,,,,,,,,,
2025-charleston,Charleston,Clay,,P,20250331,42,558914,,,Ekaterina Alexandrova,,,,,809492,,,Qinwen Zheng,,,,,6-1 6-4,3,QF,,2,3,,,,,,,,2,3,,,,,,,,,,,
2025-charleston,Charleston,Clay,,P,20250331,43,549141,,,Sofia Kenin,,,,,393113,,,Anna Kalinskaya,,,,,6-4 6-3,3,QF,,1,3,,,,,,,,7,2,,,,,,,,,,,
2025-charleston,Charleston,Clay,,P,20250331,44,324536,,,Amanda Anisimova,,,,,804248,,,Emma Navarro,,,,,7-5 7-6,3,QF,,2,5,,,,,,,,2,4,,,,,,,,,,,
2025-charleston,Charleston,Clay,,P,20250331,45,814118,,,Jessica Pegula,,,,,558914,,,Ekaterina Alexandrova,,,,,6-2 2-6 7-5,3,SF,,1,2,,,,,,,,7,7,,,,,,,,,,,
2025-charleston,Charleston,Clay,,P,20250331,46,549141,,,Sofia Kenin,,,,,324536,,,Amanda Anisimova,,,,,5-2,3,SF,,2,2,,,,,,,,3,4,,,,,,,,,,,
2025-charleston,Charleston,Clay,,P,20250331,47,814118,,,Jessica Pegula,,,,,549141,,,Sofia Kenin,,,,,6-3 7-5,3,F,,3,2,,,,,,,,1,6,,,,,,,,,,,
2025-bogota,Bogota,Clay,,I,20250401,1,913730,,,Tatjana Maria,,,,,944663,,,Chloe Paquet,,,,,6-7 7-5 6-4,3,R32,,3,8,,,,,,,,1,16,,,,,,,,,,,
2025-bogota,Bogota,Clay,,I,20250401,2,322624,,,Chang H.,,,,,958557,,,Varvara Lepchenko,,,,,4-6 6-1 6-2,3,R32,,2,7,,,,,,,,2,2,,,,,,,,,,,
2025-bogota,Bogota,Clay,,I,20250401,3,149526,,,Selena Janicijevic,,,,,355591,,,Sara Sorribes Tormo,,,,,6-1 6-2,3,R32,,0,1,,,,,,,,0,5,,,,,,,,,,,
2025-bogota,Bogota,Clay,,I,20250401,4,769396,,,Camila Osorio,,,,,634665,,,Mariana Isabel Higuita Barraza,,,,,6-0 6-1,3,R32,,2,3,,,,,,,,0,8,,,,,,,,,,,
2025-bogota,Bogota,Clay,,I,20250401,5,866608,,,Katarzyna Kawa,,,,,983277,,,Mediorreal A. V.,,,,,6-1 6-1,3,R32,,1,2,,,,,,,,0,3,,,,,,,,,,,
2025-bogota,Bogota,Clay,,I,20250401,6,638557,,,Patricia Maria Tig,,,,,741705,,,Emiliana Arango,,,,,6-3 6-3,3,R32,,2,3,,,,,,,,1,7,,,,,,,,,,,
2025-bogota,Bogota,Clay,,I,20250401,7,328017,,,Laura Pigossi,,,,,685811,,,Laura Siegemund,,,,,4-6 6-1 6-1,3,R32,,0,0,,,,,,,,0,5,,,,,,,,,,,
2025-bogota,Bogota,Clay,,I,20250401,8,265494,,,Raluka Serban,,,,,457861,,,Nuria Parrizas Diaz,,,,,2-6 6-4 6-1,3,R32,,2,22,,,,,,,,0,2,,,,,,,,,,,
2025-bogota,Bogota,Clay,,I,20250401,9,369605,,,Marie Bouzkova,,,,,814503,,,Aleksandra Krunic,,,,,6-0 3-6 6-3,3,R32,,6,10,,,,,,,,1,3,,,,,,,,,,,
2025-bogota,Bogota,Clay,,I,20250401,10,388459,,,Iva Jovic,,,,,663060,,,Alycia Parks,,,,,6-1 6-4,3,R32,,0,2,,,,,,,,4,7,,,,,,,,,,,
2025-bogota,Bogota,Clay,,I,20250401,11,260262,,,Lea Boskovic,,,,,710939,,,Irina Bara,,,,,6-4 6-4,3,R32,,0,2,,,,,,,,0,3,,,,,,,,,,,
2025-bogota,Bogota,Clay,,I,20250401,12,863232,,,Pareja J.,,,,,866621,,,Sanchez Uribe M. J.,,,,,6-1 6-1,3,R32,,0,1,,,,,,,,0,4,,,,,,,,,,,
2025-bogota,Bogota,Clay,,I,20250401,13,826437,,,Emina Bektas,,,,,612612,,,Torres Murcia M. C.,,,,,6-0 6-3,3,R32,,1,3,,,,,,,,0,3,,,,,,,,,,,
2025-bogota,Bogota,Clay,,I,20250401,14,344636,,,Leolia Jeanjean,,,,,905388,,,Kathinka Von Deichmann,,,,,6-4 7-5,3,R32,,1,4,,,,,,,,0,12,,,,,,,,,,,
2025-bogota,Bogota,Clay,,I,20250401,15,480371,,,Cristina Bucsa,,,,,329751,,,Leonie Kung,,,,,6-1 6-7 6-1,3,R32,,1,8,,,,,,,,2,9,,,,,,,,,,,
2025-bogota,Bogota,Clay,,I,20250401,16,885767,,,Julia Riera,,,,,794930,,,Francesca Jones,,,,,6-2 5-7 5-3,3,R32,,6,6,,,,,,,,2,11,,,,,,,,,,,
2025-bogota,Bogota,Clay,,I,20250401,17,866608,,,Katarzyna Kawa,,,,,328017,,,Laura Pigossi,,,,,1-6 7-6 6-3,3,R16,,0,2,,,,,,,,1,4,,,,,,,,,,,
2025-bogota,Bogota,Clay,,I,20250401,18,369605,,,Marie Bouzkova,,,,,265494,,,Raluka Serban,,,,,6-1 6-3,3,R16,,2,3,,,,,,,,0,9,,,,,,,,,,,
2025-bogota,Bogota,Clay,,I,20250401,19,863232,,,Pareja J.,,,,,638557,,,Patricia Maria Tig,,,,,6-3 7-6,3,R16,,3,3,,,,,,,,0,7,,,,,,,,,,,
2025-bogota,Bogota,Clay,,I,20250401,20,344636,,,Leolia Jeanjean,,,,,149526,,,Selena Janicijevic,,,,,6-4 6-3,3,R16,,1,5,,,,,,,,4,4,,,,,,,,,,,
2025-bogota,Bogota,Clay,,I,20250401,21,769396,,,Camila Osorio,,,,,826437,,,Emina Bektas,,,,,1-6 7-6 6-2,3,R16,,5,11,,,,,,,,5,7,,,,,,,,,,,
2025-bogota,Bogota,Clay,,I,20250401,22,913730,,,Tatjana Maria,,,,,322624,,,Chang H.,,,,,6-0 7-6,3,R16,,1,1,,,,,,,,1,12,,,,,,,,,,,
2025-bogota,Bogota,Clay,,I,20250401,23,260262,,,Lea Boskovic,,,,,480371,,,Cristina Bucsa,,,,,6-1 6-4,3,R16,,0,2,,,,,,,,0,8,,,,,,,,,,,
2025-bogota,Bogota,Clay,,I,20250401,24,885767,,,Julia Riera,,,,,388459,,,Iva Jovic,,,,,6-4 6-2,3,R16,,2,4,,,,,,,,2,2,,,,,,,,,,,
2025-bogota,Bogota,Clay,,I,20250401,25,769396,,,Camila Osorio,,,,,913730,,,Tatjana Maria,,,,,6-1 6-3,3,QF,,1,3,,,,,,,,2,1,,,,,,,,,,,
2025-bogota,Bogota,Clay,,I,20250401,26,885767,,,Julia Riera,,,,,260262,,,Lea Boskovic,,,,,6-3 2-6 6-1,3,QF,,4,10,,,,,,,,1,8,,,,,,,,,,,
2025-bogota,Bogota,Clay,,I,20250401,27,866608,,,Katarzyna Kawa,,,,,369605,,,Marie Bouzkova,,,,,5-7 6-1 7-5,3,QF,,4,8,,,,,,,,5,11,,,,,,,,,,,
2025-bogota,Bogota,Clay,,I,20250401,28,863232,,,Pareja J.,,,,,344636,,,Leolia Jeanjean,,,,,7-6 6-3,3,QF,,0,1,,,,,,,,1,10,,,,,,,,,,,
2025-bogota,Bogota,Clay,,I,20250401,29,769396,,,Camila Osorio,,,,,885767,,,Julia Riera,,,,,6-4 7-5,3,SF,,0,7,,,,,,,,2,4,,,,,,,,,,,
2025-bogota,Bogota,Clay,,I,20250401,30,866608,,,Katarzyna Kawa,,,,,863232,,,Pareja J.,,,,,7-5 6-2,3,SF,,2,2,,,,,,,,0,6,,,,,,,,,,,
2025-bogota,Bogota,Clay,,I,20250401,31,769396,,,Camila Osorio,,,,,866608,,,Katarzyna Kawa,,,,,6-3 6-3,3,F,,3,6,,,,,,,,1,3,,,,,,,,,,,
2025-rouen-wta-indoor,Rouen WTA (indoor),Clay,,I,20250414,1,792158,,,Tiantsoa Rakotomanga Rajaonah,,,,,152800,,,Lucia Bronzetti,,,,,6-2 6-3,3,R32,,1,2,,,,,,,,2,2,,,,,,,,,,,
2025-rouen-wta-indoor,Rouen WTA (indoor),Clay,,I,20250414,2,561744,,,Anhelina Kalinina,,,,,615524,,,Nao Hibino,,,,,6-0 6-4,3,R32,,0,2,,,,,,,,1,2,,,,,,,,,,,
2025-rouen-wta-indoor,Rouen WTA (indoor),Clay,,I,20250414,3,275310,,,Elena-Gabriela Ruse,,,,,973113,,,Elsa Jacquemot,,,,,1-6 6-1 6-4,3,R32,,1,4,,,,,,,,2,3,,,,,,,,,,,
2025-rouen-wta-indoor,Rouen WTA (indoor),Clay,,I,20250414,4,192242,,,Fiona Ferro,,,,,421789,,,Mccartney Kessler,,,,,6-7 6-2 7-5,3,R32,,5,1,,,,,,,,2,2,,,,,,,,,,,
2025-rouen-wta-indoor,Rouen WTA (indoor),Clay,,I,20250414,5,673787,,,Jessika Ponchet,,,,,711882,,,Rouvroy M.,,,,,6-2 6-4,3,R32,,2,1,,,,,,,,0,7,,,,,,,,,,,
2025-rouen-wta-indoor,Rouen WTA (indoor),Clay,,I,20250414,6,923407,,,Olga Danilovic,,,,,814503,,,Aleksandra Krunic,,,,,5-7 6-0 6-3,3,R32,,3,4,,,,,,,,2,4,,,,,,,,,,,
2025-rouen-wta-indoor,Rouen WTA (indoor),Clay,,I,20250414,7,799344,,,Lois Boisson,,,,,805782,,,Harriet Dart,,,,,6-0 6-3,3,R32,,6,1,,,,,,,,0,4,,,,,,,,,,,
2025-rouen-wta-indoor,Rouen WTA (indoor),Clay,,I,20250414,8,334255,,,Linda Fruhvirtova,,,,,126226,,,Anna Blinkova,,,,,6-7 6-4 7-5,3,R32,,4,5,,,,,,,,0,6,,,,,,,,,,,
2025-rouen-wta-indoor,Rouen WTA (indoor),Clay,,I,20250414,9,885728,,,Jaqueline  Cristian,,,,,671871,,,Diane Parry,,,,,6-4 6-3,3,R32,,4,0,,,,,,,,2,1,,,,,,,,,,,
2025-rouen-wta-indoor,Rouen WTA (indoor),Clay,,I,20250414,10,604556,,,Camilla Rosatello,,,,,663060,,,Alycia Parks,,,,,6-2 6-3,3,R32,,6,3,,,,,,,,3,5,,,,,,,,,,,
2025-rouen-wta-indoor,Rouen WTA (indoor),Clay,,I,20250414,11,595819,,,Jessica Bouzas Maneiro,,,,,710062,,,Maria Sakkari,,,,,6-0 3-6 6-3,3,R32,,0,3,,,,,,,,1,4,,,,,,,,,,,
2025-rouen-wta-indoor,Rouen WTA (indoor),Clay,,I,20250414,12,323630,,,Varvara Gracheva,,,,,444525,,,Sonay Kartal,,,,,6-3 6-2,3,R32,,1,3,,,,,,,,1,0,,,,,,,,,,,
2025-rouen-wta-indoor,Rouen WTA (indoor),Clay,,I,20250414,13,187314,,,Linda Noskova,,,,,557676,,,Bernarda Pera,,,,,4-6 7-6 6-4,3,R32,,9,6,,,,,,,,8,7,,,,,,,,,,,
2025-rouen-wta-indoor,Rouen WTA (indoor),Clay,,I,20250414,14,482165,,,Moyuka Uchijima,,,,,111614,,,Nuria Brancaccio,,,,,3-6 6-2 6-1,3,R32,,0,6,,,,,,,,0,2,,,,,,,,,,,
2025-rouen-wta-indoor,Rouen WTA (indoor),Clay,,I,20250414,15,689373,,,Suzan Lamens,,,,,409001,,,Bianca Andreescu,,,,,6-1 4-6 7-6,3,R32,,2,6,,,,,,,,6,1,,,,,,,,,,,
2025-rouen-wta-indoor,Rouen WTA (indoor),Clay,,I,20250414,16,275310,,,Elena-Gabriela Ruse,,,,,604556,,,Camilla Rosatello,,,,,6-0 6-4,3,R16,,2,4,,,,,,,,0,2,,,,,,,,,,,
2025-rouen-wta-indoor,Rouen WTA (indoor),Clay,,I,20250414,17,568896,,,Elina Svitolina,,,,,920327,,,Jil Teichmann,,,,,6-4 6-2,3,R32,,0,0,,,,,,,,1,2,,,,,,,,,,,
2025-rouen-wta-indoor,Rouen WTA (indoor),Clay,,I,20250414,18,673787,,,Jessika Ponchet,,,,,192242,,,Fiona Ferro,,,,,7-6 6-4,3,R16,,8,2,,,,,,,,2,4,,,,,,,,,,,
2025-rouen-wta-indoor,Rouen WTA (indoor),Clay,,I,20250414,19,792158,,,Tiantsoa Rakotomanga Rajaonah,,,,,885728,,,Jaqueline  Cristian,,,,,6-2 6-3,3,R16,,2,0,,,,,,,,2,2,,,,,,,,,,,
2025-rouen-wta-indoor,Rouen WTA (indoor),Clay,,I,20250414,20,689373,,,Suzan Lamens,,,,,187314,,,Linda Noskova,,,,,6-4 6-1,3,R16,,5,5,,,,,,,,4,2,,,,,,,,,,,
2025-rouen-wta-indoor,Rouen WTA (indoor),Clay,,I,20250414,21,482165,,,Moyuka Uchijima,,,,,799344,,,Lois Boisson,,,,,1-6 7-6 6-4,3,R16,,0,5,,,,,,,,7,4,,,,,,,,,,,
2025-rouen-wta-indoor,Rouen WTA (indoor),Clay,,I,20250414,22,923407,,,Olga Danilovic,,,,,334255,,,Linda Fruhvirtova,,,,,6-2 3-6 6-4,3,R16,,2,7,,,,,,,,3,4,,,,,,,,,,,
2025-rouen-wta-indoor,Rouen WTA (indoor),Clay,,I,20250414,23,568896,,,Elina Svitolina,,,,,561744,,,Anhelina Kalinina,,,,,6-4 6-0,3,R16,,4,0,,,,,,,,1,0,,,,,,,,,,,
2025-rouen-wta-indoor,Rouen WTA (indoor),Clay,,I,20250414,24,595819,,,Jessica Bouzas Maneiro,,,,,323630,,,Varvara Gracheva,,,,,6-3 6-3,3,R16,,1,0,,,,,,,,1,1,,,,,,,,,,,
2025-rouen-wta-indoor,Rouen WTA (indoor),Clay,,I,20250414,25,923407,,,Olga Danilovic,,,,,482165,,,Moyuka Uchijima,,,,,7-6 4-6 6-1,3,QF,,4,4,,,,,,,,1,5,,,,,,,,,,,
2025-rouen-wta-indoor,Rouen WTA (indoor),Clay,,I,20250414,26,275310,,,Elena-Gabriela Ruse,,,,,673787,,,Jessika Ponchet,,,,,6-2 6-2,3,QF,,5,4,,,,,,,,4,1,,,,,,,,,,,
2025-rouen-wta-indoor,Rouen WTA (indoor),Clay,,I,20250414,27,689373,,,Suzan Lamens,,,,,792158,,,Tiantsoa Rakotomanga Rajaonah,,,,,6-3 6-3,3,QF,,1,3,,,,,,,,1,5,,,,,,,,,,,
2025-rouen-wta-indoor,Rouen WTA (indoor),Clay,,I,20250414,28,568896,,,Elina Svitolina,,,,,595819,,,Jessica Bouzas Maneiro,,,,,6-3 6-2,3,QF,,1,0,,,,,,,,1,3,,,,,,,,,,,
2025-rouen-wta-indoor,Rouen WTA (indoor),Clay,,I,20250414,29,923407,,,Olga Danilovic,,,,,689373,,,Suzan Lamens,,,,,6-4 6-4,3,SF,,3,1,,,,,,,,2,3,,,,,,,,,,,
2025-rouen-wta-indoor,Rouen WTA (indoor),Clay,,I,20250414,30,568896,,,Elina Svitolina,,,,,275310,,,Elena-Gabriela Ruse,,,,,6-0 6-2,3,SF,,4,0,,,,,,,,2,6,,,,,,,,,,,
2025-rouen-wta-indoor,Rouen WTA (indoor),Clay,,I,20250414,31,568896,,,Elina Svitolina,,,,,923407,,,Olga Danilovic,,,,,6-4 7-6,3,F,,6,3,,,,,,,,5,3,,,,,,,,,,,
2025-stuttgart-wta-indoor,Stuttgart WTA (indoor),Clay,,I,20250414,1,809758,,,Elise Mertens,,,,,114904,,,Aliaksandra Sasnovich,,,,,7-6 6-2,3,R32,,4,4,,,,,,,,0,5,,,,,,,,,,,
2025-stuttgart-wta-indoor,Stuttgart WTA (indoor),Clay,,I,20250414,2,651611,,,Anastasia Potapova,,,,,359411,,,Clara Tauson,,,,,2-6 7-6 6-3,3,R32,,5,7,,,,,,,,2,2,,,,,,,,,,,
2025-stuttgart-wta-indoor,Stuttgart WTA (indoor),Clay,,I,20250414,3,425446,,,Diana Shnaider,,,,,876368,,,Veronika Kudermetova,,,,,5-7 6-2 6-3,3,R32,,1,3,,,,,,,,3,2,,,,,,,,,,,
2025-stuttgart-wta-indoor,Stuttgart WTA (indoor),Clay,,I,20250414,4,762485,,,Jelena Ostapenko,,,,,813190,,,Dayana Yastremska,,,,,6-3 3-0,3,R32,,2,1,,,,,,,,1,4,,,,,,,,,,,
2025-stuttgart-wta-indoor,Stuttgart WTA (indoor),Clay,,I,20250414,5,591336,,,Jana Fett,,,,,975382,,,Donna Vekic,,,,,7-6 6-4,3,R32,,4,12,,,,,,,,5,4,,,,,,,,,,,
2025-stuttgart-wta-indoor,Stuttgart WTA (indoor),Clay,,I,20250414,6,558914,,,Ekaterina Alexandrova,,,,,286370,,,Liudmila Samsonova,,,,,6-3 6-3,3,R32,,10,1,,,,,,,,4,8,,,,,,,,,,,
2025-stuttgart-wta-indoor,Stuttgart WTA (indoor),Clay,,I,20250414,7,534672,,,Jule Niemeier,,,,,685811,,,Laura Siegemund,,,,,4-6 6-3 6-4,3,R32,,5,7,,,,,,,,2,4,,,,,,,,,,,
2025-stuttgart-wta-indoor,Stuttgart WTA (indoor),Clay,,I,20250414,8,324333,,,Jasmine Paolini,,,,,743463,,,Eva Lys,,,,,6-2 6-1,3,R32,,0,3,,,,,,,,1,4,,,,,,,,,,,
2025-stuttgart-wta-indoor,Stuttgart WTA (indoor),Clay,,I,20250414,9,804248,,,Emma Navarro,,,,,692146,,,Beatriz Haddad Maia,,,,,6-3 6-0,3,R32,,3,3,,,,,,,,1,2,,,,,,,,,,,
2025-stuttgart-wta-indoor,Stuttgart WTA (indoor),Clay,,I,20250414,10,727666,,,Mirra Andreeva,,,,,303568,,,Erika Andreeva,,,,,6-2 1-0,3,R32,,0,1,,,,,,,,1,2,,,,,,,,,,,
2025-stuttgart-wta-indoor,Stuttgart WTA (indoor),Clay,,I,20250414,11,362890,,,Magdalena Frech,,,,,441079,,,Sara Errani,,,,,7-5 4-6 7-6,3,R32,,10,1,,,,,,,,0,1,,,,,,,,,,,
2025-stuttgart-wta-indoor,Stuttgart WTA (indoor),Clay,,I,20250414,12,139227,,,Iga Swiatek,,,,,591336,,,Jana Fett,,,,,6-2 6-2,3,R16,,3,1,,,,,,,,2,9,,,,,,,,,,,
2025-stuttgart-wta-indoor,Stuttgart WTA (indoor),Clay,,I,20250414,13,631483,,,Ella Seidel,,,,,913730,,,Tatjana Maria,,,,,3-6 7-6 6-4,3,R32,,3,4,,,,,,,,11,4,,,,,,,,,,,
2025-stuttgart-wta-indoor,Stuttgart WTA (indoor),Clay,,I,20250414,14,809758,,,Elise Mertens,,,,,425446,,,Diana Shnaider,,,,,6-2 7-6,3,R16,,8,3,,,,,,,,0,4,,,,,,,,,,,
2025-stuttgart-wta-indoor,Stuttgart WTA (indoor),Clay,,I,20250414,15,716715,,,Aryna Sabalenka,,,,,651611,,,Anastasia Potapova,,,,,,3,R16,,,,,,,,,,,,,,,,,,,,,,,
2025-stuttgart-wta-indoor,Stuttgart WTA (indoor),Clay,,I,20250414,16,558914,,,Ekaterina Alexandrova,,,,,727666,,,Mirra Andreeva,,,,,6-3 6-2,3,R16,,8,2,,,,,,,,4,2,,,,,,,,,,,
2025-stuttgart-wta-indoor,Stuttgart WTA (indoor),Clay,,I,20250414,17,324333,,,Jasmine Paolini,,,,,534672,,,Jule Niemeier,,,,,6-1 7-5,3,R16,,0,1,,,,,,,,0,6,,,,,,,,,,,
2025-stuttgart-wta-indoor,Stuttgart WTA (indoor),Clay,,I,20250414,18,814118,,,Jessica Pegula,,,,,362890,,,Magdalena Frech,,,,,6-1 6-1,3,R16,,1,2,,,,,,,,1,2,,,,,,,,,,,
2025-stuttgart-wta-indoor,Stuttgart WTA (indoor),Clay,,I,20250414,19,296713,,,Coco Gauff,,,,,631483,,,Ella Seidel,,,,,6-1 6-1,3,R16,,2,3,,,,,,,,1,1,,,,,,,,,,,
2025-stuttgart-wta-indoor,Stuttgart WTA (indoor),Clay,,I,20250414,20,762485,,,Jelena Ostapenko,,,,,804248,,,Emma Navarro,,,,,7-5 3-6 6-2,3,R16,,7,6,,,,,,,,1,4,,,,,,,,,,,
2025-stuttgart-wta-indoor,Stuttgart WTA (indoor),Clay,,I,20250414,21,558914,,,Ekaterina Alexandrova,,,,,814118,,,Jessica Pegula,,,,,6-0 6-4,3,QF,,6,5,,,,,,,,0,3,,,,,,,,,,,
2025-stuttgart-wta-indoor,Stuttgart WTA (indoor),Clay,,I,20250414,22,762485,,,Jelena Ostapenko,,,,,139227,,,Iga Swiatek,,,,,6-3 3-6 6-2,3,QF,,5,5,,,,,,,,5,8,,,,,,,,,,,
2025-stuttgart-wta-indoor,Stuttgart WTA (indoor),Clay,,I,20250414,23,716715,,,Aryna Sabalenka,,,,,809758,,,Elise Mertens,,,,,6-4 6-1,3,QF,,5,0,,,,,,,,4,1,,,,,,,,,,,
2025-stuttgart-wta-indoor,Stuttgart WTA (indoor),Clay,,I,20250414,24,324333,,,Jasmine Paolini,,,,,296713,,,Coco Gauff,,,,,6-4 6-3,3,QF,,1,0,,,,,,,,1,3,,,,,,,,,,,
2025-stuttgart-wta-indoor,Stuttgart WTA (indoor),Clay,,I,20250414,25,762485,,,Jelena Ostapenko,,,,,558914,,,Ekaterina Alexandrova,,,,,6-4 6-4,3,SF,,5,2,,,,,,,,5,2,,,,,,,,,,,
2025-stuttgart-wta-indoor,Stuttgart WTA (indoor),Clay,,I,20250414,26,716715,,,Aryna Sabalenka,,,,,324333,,,Jasmine Paolini,,,,,7-5 6-4,3,SF,,2,2,,,,,,,,1,1,,,,,,,,,,,
2025-stuttgart-wta-indoor,Stuttgart WTA (indoor),Clay,,I,20250414,27,762485,,,Jelena Ostapenko,,,,,716715,,,Aryna Sabalenka,,,,,6-4 6-1,3,F,,4,4,,,,,,,,6,4,,,,,,,,,,,
2025-madrid,Madrid,Clay,,PM,20250422,1,261807,,,Alexandra Eala,,,,,897792,,,Viktoriya Tomova,,,,,6-3 6-2,3,R128,,1,1,,,,,,,,0,3,,,,,,,,,,,
2025-madrid,Madrid,Clay,,PM,20250422,2,446701,,,Caroline Dolehide,,,,,272544,,,Elina Avanesyan,,,,,6-4 6-4,3,R128,,3,0,,,,,,,,1,4,,,,,,,,,,,
2025-madrid,Madrid,Clay,,PM,20250422,3,152800,,,Lucia Bronzetti,,,,,714334,,,Naomi Osaka,,,,,6-4 2-6 6-4,3,R128,,0,4,,,,,,,,7,3,,,,,,,,,,,
2025-madrid,Madrid,Clay,,PM,20250422,4,369605,,,Marie Bouzkova,,,,,988957,,,Renata Zarazua,,,,,6-2 4-6 6-1,3,R128,,3,3,,,,,,,,0,3,,,,,,,,,,,
2025-madrid,Madrid,Clay,,PM,20250422,5,595819,,,Jessica Bouzas Maneiro,,,,,729721,,,Mayar Sherif,,,,,6-3 6-1,3,R128,,2,0,,,,,,,,0,3,,,,,,,,,,,
2025-madrid,Madrid,Clay,,PM,20250422,6,987862,,,Hailey Baptiste,,,,,600745,,,Sorana Cirstea,,,,,6-2 5-7 7-6,3,R128,,5,5,,,,,,,,1,4,,,,,,,,,,,
2025-madrid,Madrid,Clay,,PM,20250422,7,970027,,,Katie Boulter,,,,,344482,,,Katerina Siniakova,,,,,4-6 6-2 6-1,3,R128,,4,7,,,,,,,,2,8,,,,,,,,,,,
2025-madrid,Madrid,Clay,,PM,20250422,8,460138,,,Lulu Sun,,,,,323630,,,Varvara Gracheva,,,,,3-6 6-1 6-4,3,R128,,3,1,,,,,,,,1,5,,,,,,,,,,,
2025-madrid,Madrid,Clay,,PM,20250422,9,769396,,,Camila Osorio,,,,,741705,,,Emiliana Arango,,,,,6-3 6-3,3,R128,,0,3,,,,,,,,0,0,,,,,,,,,,,
2025-madrid,Madrid,Clay,,PM,20250422,10,688846,,,Peyton Stearns,,,,,851560,,,Kimberly Birrell,,,,,5-7 6-3 6-4,3,R128,,3,6,,,,,,,,3,6,,,,,,,,,,,
2025-madrid,Madrid,Clay,,PM,20250422,11,690300,,,Maya Joint,,,,,398327,,,Martinez Cirez C.,,,,,6-2 2-6 6-4,3,R128,,0,2,,,,,,,,1,6,,,,,,,,,,,
2025-madrid,Madrid,Clay,,PM,20250422,12,671871,,,Diane Parry,,,,,707117,,,Irina-Camelia Begu,,,,,6-3 6-4,3,R128,,1,2,,,,,,,,3,5,,,,,,,,,,,
2025-madrid,Madrid,Clay,,PM,20250422,13,619460,,,Ann Li,,,,,114904,,,Aliaksandra Sasnovich,,,,,6-3 6-2,3,R128,,9,2,,,,,,,,0,3,,,,,,,,,,,
2025-madrid,Madrid,Clay,,PM,20250422,14,465575,,,Anastasija Sevastova,,,,,834140,,,Anastasia Pavlyuchenkova,,,,,6-4 7-5,3,R128,,2,3,,,,,,,,4,10,,,,,,,,,,,
2025-madrid,Madrid,Clay,,PM,20250422,15,421894,,,Katie Volynets,,,,,862485,,,Petra Kvitova,,,,,6-4 6-0,3,R128,,1,1,,,,,,,,1,9,,,,,,,,,,,
2025-madrid,Madrid,Clay,,PM,20250422,16,557676,,,Bernarda Pera,,,,,591336,,,Jana Fett,,,,,6-4 6-3,3,R128,,1,5,,,,,,,,3,6,,,,,,,,,,,
2025-madrid,Madrid,Clay,,PM,20250422,17,663060,,,Alycia Parks,,,,,199960,,,Victoria Jimenez Kasintseva,,,,,6-3 6-3,3,R128,,4,9,,,,,,,,0,8,,,,,,,,,,,
2025-madrid,Madrid,Clay,,PM,20250422,18,218416,,,Belinda Bencic,,,,,337480,,,Zeynep Sonmez,,,,,6-0 6-2,3,R128,,1,3,,,,,,,,0,4,,,,,,,,,,,
2025-madrid,Madrid,Clay,,PM,20250422,19,957435,,,Maria Lourdes Carle,,,,,123538,,,Rebecca Sramkova,,,,,6-3 6-2,3,R128,,0,7,,,,,,,,1,1,,,,,,,,,,,
2025-madrid,Madrid,Clay,,PM,20250422,20,710062,,,Maria Sakkari,,,,,600494,,,Xinyu Wang,,,,,6-4 7-6,3,R128,,1,5,,,,,,,,0,4,,,,,,,,,,,
2025-madrid,Madrid,Clay,,PM,20250422,21,858188,,,Emma Raducanu,,,,,689373,,,Suzan Lamens,,,,,7-6 6-4,3,R128,,4,1,,,,,,,,2,7,,,,,,,,,,,
2025-madrid,Madrid,Clay,,PM,20250422,22,149280,,,Rebeka Masarova,,,,,389789,,,Ajla Tomljanovic,,,,,6-3 1-6 7-5,3,R128,,9,5,,,,,,,,1,5,,,,,,,,,,,
2025-madrid,Madrid,Clay,,PM,20250422,23,126226,,,Anna Blinkova,,,,,416641,,,Panna Udvardy,,,,,6-4 6-2,3,R128,,2,0,,,,,,,,1,3,,,,,,,,,,,
2025-madrid,Madrid,Clay,,PM,20250422,24,976242,,,Yuliia Starodubtseva,,,,,334255,,,Linda Fruhvirtova,,,,,6-2 6-2,3,R128,,0,2,,,,,,,,2,8,,,,,,,,,,,
2025-madrid,Madrid,Clay,,PM,20250422,25,651611,,,Anastasia Potapova,,,,,701534,,,Ashlyn Krueger,,,,,6-7 6-4 6-2,3,R128,,0,8,,,,,,,,2,5,,,,,,,,,,,
2025-madrid,Madrid,Clay,,PM,20250422,26,876368,,,Veronika Kudermetova,,,,,824108,,,Polina Kudermetova,,,,,6-2 6-2,3,R128,,3,4,,,,,,,,1,4,,,,,,,,,,,
2025-madrid,Madrid,Clay,,PM,20250422,27,482165,,,Moyuka Uchijima,,,,,735911,,,Robin Montgomery,,,,,1-6 6-4 6-3,3,R128,,2,5,,,,,,,,8,6,,,,,,,,,,,
2025-madrid,Madrid,Clay,,PM,20250422,28,813190,,,Dayana Yastremska,,,,,794930,,,Francesca Jones,,,,,7-6 4-6 6-3,3,R128,,2,0,,,,,,,,3,4,,,,,,,,,,,
2025-madrid,Madrid,Clay,,PM,20250422,29,743463,,,Eva Lys,,,,,848660,,,Teodora Kostovic,,,,,6-2 6-2,3,R128,,2,2,,,,,,,,1,4,,,,,,,,,,,
2025-madrid,Madrid,Clay,,PM,20250422,30,923407,,,Olga Danilovic,,,,,804895,,,Victoria Azarenka,,,,,6-4 6-2,3,R128,,2,2,,,,,,,,2,4,,,,,,,,,,,
2025-madrid,Madrid,Clay,,PM,20250422,31,409001,,,Bianca Andreescu,,,,,421789,,,Mccartney Kessler,,,,,6-2 6-4,3,R128,,3,1,,,,,,,,0,2,,,,,,,,,,,
2025-madrid,Madrid,Clay,,PM,20250422,32,444525,,,Sonay Kartal,,,,,885728,,,Jaqueline  Cristian,,,,,6-2 7-5,3,R128,,2,1,,,,,,,,2,4,,,,,,,,,,,
2025-madrid,Madrid,Clay,,PM,20250422,33,286370,,,Liudmila Samsonova,,,,,446701,,,Caroline Dolehide,,,,,6-4 6-4,3,R64,,0,3,,,,,,,,3,4,,,,,,,,,,,
2025-madrid,Madrid,Clay,,PM,20250422,34,218416,,,Belinda Bencic,,,,,359411,,,Clara Tauson,,,,,7-5 7-5,3,R64,,3,3,,,,,,,,6,6,,,,,,,,,,,
2025-madrid,Madrid,Clay,,PM,20250422,35,975382,,,Donna Vekic,,,,,987862,,,Hailey Baptiste,,,,,6-4 6-3,3,R64,,1,7,,,,,,,,7,5,,,,,,,,,,,
2025-madrid,Madrid,Clay,,PM,20250422,36,362890,,,Magdalena Frech,,,,,595819,,,Jessica Bouzas Maneiro,,,,,5-7 7-6 6-4,3,R64,,1,2,,,,,,,,1,8,,,,,,,,,,,
2025-madrid,Madrid,Clay,,PM,20250422,37,393113,,,Anna Kalinskaya,,,,,671871,,,Diane Parry,,,,,7-6 6-4,3,R64,,5,5,,,,,,,,2,3,,,,,,,,,,,
2025-madrid,Madrid,Clay,,PM,20250422,38,692146,,,Beatriz Haddad Maia,,,,,557676,,,Bernarda Pera,,,,,2-6 6-3 6-1,3,R64,,4,7,,,,,,,,4,6,,,,,,,,,,,
2025-madrid,Madrid,Clay,,PM,20250422,39,727666,,,Mirra Andreeva,,,,,369605,,,Marie Bouzkova,,,,,6-3 6-4,3,R64,,3,7,,,,,,,,1,2,,,,,,,,,,,
2025-madrid,Madrid,Clay,,PM,20250422,40,804248,,,Emma Navarro,,,,,690300,,,Maya Joint,,,,,7-5 7-5,3,R64,,0,7,,,,,,,,3,6,,,,,,,,,,,
2025-madrid,Madrid,Clay,,PM,20250422,41,425446,,,Diana Shnaider,,,,,421894,,,Katie Volynets,,,,,6-1 6-2,3,R64,,0,1,,,,,,,,0,0,,,,,,,,,,,
2025-madrid,Madrid,Clay,,PM,20250422,42,187314,,,Linda Noskova,,,,,957435,,,Maria Lourdes Carle,,,,,7-5 6-1,3,R64,,5,9,,,,,,,,1,3,,,,,,,,,,,
2025-madrid,Madrid,Clay,,PM,20250422,43,139227,,,Iga Swiatek,,,,,261807,,,Alexandra Eala,,,,,4-6 6-4 6-2,3,R64,,6,4,,,,,,,,3,5,,,,,,,,,,,
2025-madrid,Madrid,Clay,,PM,20250422,44,465575,,,Anastasija Sevastova,,,,,762485,,,Jelena Ostapenko,,,,,7-6 6-2,3,R64,,4,4,,,,,,,,2,8,,,,,,,,,,,
2025-madrid,Madrid,Clay,,PM,20250422,45,976242,,,Yuliia Starodubtseva,,,,,121013,,,Elisabetta Cocciaretto,,,,,7-6 6-4,3,R64,,0,1,,,,,,,,0,1,,,,,,,,,,,
2025-madrid,Madrid,Clay,,PM,20250422,46,619460,,,Ann Li,,,,,914953,,,Leylah Fernandez,,,,,6-4 3-6 6-4,3,R64,,8,4,,,,,,,,2,5,,,,,,,,,,,
2025-madrid,Madrid,Clay,,PM,20250422,47,731934,,,Madison Keys,,,,,152800,,,Lucia Bronzetti,,,,,6-4 6-3,3,R64,,4,0,,,,,,,,0,4,,,,,,,,,,,
2025-madrid,Madrid,Clay,,PM,20250422,48,296713,,,Coco Gauff,,,,,813190,,,Dayana Yastremska,,,,,0-6 6-2 7-5,3,R64,,3,8,,,,,,,,3,7,,,,,,,,,,,
2025-madrid,Madrid,Clay,,PM,20250422,49,626163,,,Daria Kasatkina,,,,,663060,,,Alycia Parks,,,,,6-2 7-5,3,R64,,1,2,,,,,,,,2,8,,,,,,,,,,,
2025-madrid,Madrid,Clay,,PM,20250422,50,876368,,,Veronika Kudermetova,,,,,480371,,,Cristina Bucsa,,,,,4-6 7-6 7-5,3,R64,,6,6,,,,,,,,2,3,,,,,,,,,,,
2025-madrid,Madrid,Clay,,PM,20250422,51,710062,,,Maria Sakkari,,,,,684064,,,Magda Linette,,,,,7-6 6-3,3,R64,,2,1,,,,,,,,6,5,,,,,,,,,,,
2025-madrid,Madrid,Clay,,PM,20250422,52,324333,,,Jasmine Paolini,,,,,970027,,,Katie Boulter,,,,,6-1 6-2,3,R64,,1,2,,,,,,,,2,5,,,,,,,,,,,
2025-madrid,Madrid,Clay,,PM,20250422,53,716715,,,Aryna Sabalenka,,,,,126226,,,Anna Blinkova,,,,,6-3 6-4,3,R64,,1,5,,,,,,,,0,1,,,,,,,,,,,
2025-madrid,Madrid,Clay,,PM,20250422,54,482165,,,Moyuka Uchijima,,,,,638293,,,Ons Jabeur,,,,,4-6 6-3 6-4,3,R64,,3,5,,,,,,,,3,3,,,,,,,,,,,
2025-madrid,Madrid,Clay,,PM,20250422,55,558914,,,Ekaterina Alexandrova,,,,,923407,,,Olga Danilovic,,,,,6-3 6-4,3,R64,,3,3,,,,,,,,3,0,,,,,,,,,,,
2025-madrid,Madrid,Clay,,PM,20250422,56,688846,,,Peyton Stearns,,,,,324536,,,Amanda Anisimova,,,,,6-2 2-6 7-5,3,R64,,6,6,,,,,,,,5,8,,,,,,,,,,,
2025-madrid,Madrid,Clay,,PM,20250422,57,549141,,,Sofia Kenin,,,,,460138,,,Lulu Sun,,,,,6-3 6-2,3,R64,,4,2,,,,,,,,8,4,,,,,,,,,,,
2025-madrid,Madrid,Clay,,PM,20250422,58,809758,,,Elise Mertens,,,,,769396,,,Camila Osorio,,,,,6-3 6-3,3,R64,,3,1,,,,,,,,0,4,,,,,,,,,,,
2025-madrid,Madrid,Clay,,PM,20250422,59,651611,,,Anastasia Potapova,,,,,809492,,,Qinwen Zheng,,,,,6-4 6-4,3,R64,,2,4,,,,,,,,1,2,,,,,,,,,,,
2025-madrid,Madrid,Clay,,PM,20250422,60,568896,,,Elina Svitolina,,,,,444525,,,Sonay Kartal,,,,,6-3 6-1,3,R64,,0,1,,,,,,,,1,3,,,,,,,,,,,
2025-madrid,Madrid,Clay,,PM,20250422,61,756180,,,Marta Kostyuk,,,,,858188,,,Emma Raducanu,,,,,6-4 2-6 6-2,3,R64,,1,9,,,,,,,,0,4,,,,,,,,,,,
2025-madrid,Madrid,Clay,,PM,20250422,62,149280,,,Rebeka Masarova,,,,,133650,,,Yulia Putintseva,,,,,6-3 6-3,3,R64,,4,2,,,,,,,,0,1,,,,,,,,,,,
2025-madrid,Madrid,Clay,,PM,20250422,63,814118,,,Jessica Pegula,,,,,743463,,,Eva Lys,,,,,6-2 6-2,3,R64,,3,2,,,,,,,,1,4,,,,,,,,,,,
2025-madrid,Madrid,Clay,,PM,20250422,64,350535,,,Elena Rybakina,,,,,409001,,,Bianca Andreescu,,,,,6-3 6-2,3,R64,,3,1,,,,,,,,0,3,,,,,,,,,,,
2025-madrid,Madrid,Clay,,PM,20250422,65,727666,,,Mirra Andreeva,,,,,362890,,,Magdalena Frech,,,,,7-5 6-3,3,R32,,1,4,,,,,,,,1,4,,,,,,,,,,,
2025-madrid,Madrid,Clay,,PM,20250422,66,425446,,,Diana Shnaider,,,,,465575,,,Anastasija Sevastova,,,,,6-0 6-0,3,R32,,0,2,,,,,,,,0,3,,,,,,,,,,,
2025-madrid,Madrid,Clay,,PM,20250422,67,976242,,,Yuliia Starodubtseva,,,,,286370,,,Liudmila Samsonova,,,,,2-6 7-6 6-0,3,R32,,1,6,,,,,,,,0,2,,,,,,,,,,,
2025-madrid,Madrid,Clay,,PM,20250422,68,731934,,,Madison Keys,,,,,393113,,,Anna Kalinskaya,,,,,7-5 7-6,3,R32,,4,1,,,,,,,,0,2,,,,,,,,,,,
2025-madrid,Madrid,Clay,,PM,20250422,69,218416,,,Belinda Bencic,,,,,692146,,,Beatriz Haddad Maia,,,,,6-3 4-6 7-6,3,R32,,4,4,,,,,,,,5,5,,,,,,,,,,,
2025-madrid,Madrid,Clay,,PM,20250422,70,296713,,,Coco Gauff,,,,,619460,,,Ann Li,,,,,6-2 6-3,3,R32,,1,4,,,,,,,,3,2,,,,,,,,,,,
2025-madrid,Madrid,Clay,,PM,20250422,71,139227,,,Iga Swiatek,,,,,187314,,,Linda Noskova,,,,,6-4 6-2,3,R32,,4,0,,,,,,,,3,4,,,,,,,,,,,
2025-madrid,Madrid,Clay,,PM,20250422,72,975382,,,Donna Vekic,,,,,804248,,,Emma Navarro,,,,,4-6 6-3 6-2,3,R32,,6,4,,,,,,,,3,3,,,,,,,,,,,
2025-madrid,Madrid,Clay,,PM,20250422,73,756180,,,Marta Kostyuk,,,,,876368,,,Veronika Kudermetova,,,,,6-0 4-6 6-4,3,R32,,2,5,,,,,,,,1,8,,,,,,,,,,,
2025-madrid,Madrid,Clay,,PM,20250422,74,716715,,,Aryna Sabalenka,,,,,809758,,,Elise Mertens,,,,,3-6 6-2 6-1,3,R32,,6,4,,,,,,,,2,8,,,,,,,,,,,
2025-madrid,Madrid,Clay,,PM,20250422,75,710062,,,Maria Sakkari,,,,,324333,,,Jasmine Paolini,,,,,6-2 6-1,3,R32,,6,2,,,,,,,,0,1,,,,,,,,,,,
2025-madrid,Madrid,Clay,,PM,20250422,76,651611,,,Anastasia Potapova,,,,,549141,,,Sofia Kenin,,,,,3-6 6-4 7-6,3,R32,,6,4,,,,,,,,1,4,,,,,,,,,,,
2025-madrid,Madrid,Clay,,PM,20250422,77,482165,,,Moyuka Uchijima,,,,,814118,,,Jessica Pegula,,,,,6-3 6-2,3,R32,,4,4,,,,,,,,1,2,,,,,,,,,,,
2025-madrid,Madrid,Clay,,PM,20250422,78,688846,,,Peyton Stearns,,,,,149280,,,Rebeka Masarova,,,,,6-2 6-0,3,R32,,1,3,,,,,,,,2,2,,,,,,,,,,,
2025-madrid,Madrid,Clay,,PM,20250422,79,568896,,,Elina Svitolina,,,,,350535,,,Elena Rybakina,,,,,6-3 6-4,3,R32,,2,0,,,,,,,,5,2,,,,,,,,,,,
2025-madrid,Madrid,Clay,,PM,20250422,80,558914,,,Ekaterina Alexandrova,,,,,626163,,,Daria Kasatkina,,,,,6-3 7-6,3,R32,,2,5,,,,,,,,0,9,,,,,,,,,,,
2025-madrid,Madrid,Clay,,PM,20250422,81,727666,,,Mirra Andreeva,,,,,976242,,,Yuliia Starodubtseva,,,,,6-1 6-4,3,R16,,0,5,,,,,,,,0,2,,,,,,,,,,,
2025-madrid,Madrid,Clay,,PM,20250422,82,296713,,,Coco Gauff,,,,,218416,,,Belinda Bencic,,,,,6-4 6-2,3,R16,,2,1,,,,,,,,1,0,,,,,,,,,,,
2025-madrid,Madrid,Clay,,PM,20250422,83,139227,,,Iga Swiatek,,,,,425446,,,Diana Shnaider,,,,,6-0 6-7 6-4,3,R16,,5,5,,,,,,,,0,2,,,,,,,,,,,
2025-madrid,Madrid,Clay,,PM,20250422,84,731934,,,Madison Keys,,,,,975382,,,Donna Vekic,,,,,6-2 6-3,3,R16,,2,2,,,,,,,,0,2,,,,,,,,,,,
2025-madrid,Madrid,Clay,,PM,20250422,85,568896,,,Elina Svitolina,,,,,710062,,,Maria Sakkari,,,,,6-3 6-4,3,R16,,2,1,,,,,,,,3,2,,,,,,,,,,,
2025-madrid,Madrid,Clay,,PM,20250422,86,482165,,,Moyuka Uchijima,,,,,558914,,,Ekaterina Alexandrova,,,,,6-4 7-6,3,R16,,0,4,,,,,,,,0,5,,,,,,,,,,,
2025-madrid,Madrid,Clay,,PM,20250422,87,716715,,,Aryna Sabalenka,,,,,688846,,,Peyton Stearns,,,,,6-2 6-4,3,R16,,3,0,,,,,,,,0,2,,,,,,,,,,,
2025-madrid,Madrid,Clay,,PM,20250422,88,756180,,,Marta Kostyuk,,,,,651611,,,Anastasia Potapova,,,,,6-3 6-2,3,R16,,0,3,,,,,,,,2,4,,,,,,,,,,,
2025-madrid,Madrid,Clay,,PM,20250422,89,139227,,,Iga Swiatek,,,,,731934,,,Madison Keys,,,,,0-6 6-3 6-2,3,QF,,3,4,,,,,,,,4,3,,,,,,,,,,,
2025-madrid,Madrid,Clay,,PM,20250422,90,296713,,,Coco Gauff,,,,,727666,,,Mirra Andreeva,,,,,7-5 6-1,3,QF,,1,2,,,,,,,,4,3,,,,,,,,,,,
2025-madrid,Madrid,Clay,,PM,20250422,91,568896,,,Elina Svitolina,,,,,482165,,,Moyuka Uchijima,,,,,6-2 6-1,3,QF,,5,0,,,,,,,,1,5,,,,,,,,,,,
2025-madrid,Madrid,Clay,,PM,20250422,92,716715,,,Aryna Sabalenka,,,,,756180,,,Marta Kostyuk,,,,,7-6 7-6,3,QF,,2,5,,,,,,,,2,5,,,,,,,,,,,
2025-madrid,Madrid,Clay,,PM,20250422,93,296713,,,Coco Gauff,,,,,139227,,,Iga Swiatek,,,,,6-1 6-1,3,SF,,7,1,,,,,,,,1,3,,,,,,,,,,,
2025-madrid,Madrid,Clay,,PM,20250422,94,716715,,,Aryna Sabalenka,,,,,568896,,,Elina Svitolina,,,,,6-3 7-5,3,SF,,4,4,,,,,,,,4,4,,,,,,,,,,,
2025-madrid,Madrid,Clay,,PM,20250422,95,716715,,,Aryna Sabalenka,,,,,296713,,,Coco Gauff,,,,,6-3 7-6,3,F,,2,2,,,,,,,,2,8,,,,,,,,,,,
2025-rome,Rome,Clay,,PM,20250506,1,595819,,,Jessica Bouzas Maneiro,,,,,619460,,,Ann Li,,,,,6-3 5-7 7-6,3,R128,,1,3,,,,,,,,4,2,,,,,,,,,,,
2025-rome,Rome,Clay,,PM,20250506,2,862485,,,Petra Kvitova,,,,,707117,,,Irina-Camelia Begu,,,,,7-5 6-1,3,R128,,2,2,,,,,,,,2,6,,,,,,,,,,,
2025-rome,Rome,Clay,,PM,20250506,3,460138,,,Lulu Sun,,,,,300228,,,Georgia Pedone,,,,,3-6 6-1 6-3,3,R128,,5,1,,,,,,,,1,2,,,,,,,,,,,
2025-rome,Rome,Clay,,PM,20250506,4,885728,,,Jaqueline  Cristian,,,,,663060,,,Alycia Parks,,,,,6-2 6-0,3,R128,,1,2,,,,,,,,1,7,,,,,,,,,,,
2025-rome,Rome,Clay,,PM,20250506,5,689373,,,Suzan Lamens,,,,,988957,,,Renata Zarazua,,,,,6-1 1-6 6-1,3,R128,,1,4,,,,,,,,1,3,,,,,,,,,,,
2025-rome,Rome,Clay,,PM,20250506,6,152800,,,Lucia Bronzetti,,,,,465575,,,Anastasija Sevastova,,,,,6-3 6-4,3,R128,,2,2,,,,,,,,0,3,,,,,,,,,,,
2025-rome,Rome,Clay,,PM,20250506,7,123538,,,Rebecca Sramkova,,,,,421789,,,Mccartney Kessler,,,,,6-3 6-3,3,R128,,1,1,,,,,,,,2,3,,,,,,,,,,,
2025-rome,Rome,Clay,,PM,20250506,8,688846,,,Peyton Stearns,,,,,111614,,,Nuria Brancaccio,,,,,6-3 6-2,3,R128,,1,2,,,,,,,,2,4,,,,,,,,,,,
2025-rome,Rome,Clay,,PM,20250506,9,444525,,,Sonay Kartal,,,,,851560,,,Kimberly Birrell,,,,,4-6 6-3 6-4,3,R128,,2,0,,,,,,,,0,3,,,,,,,,,,,
2025-rome,Rome,Clay,,PM,20250506,10,369605,,,Marie Bouzkova,,,,,729721,,,Mayar Sherif,,,,,6-2 7-5,3,R128,,3,2,,,,,,,,2,0,,,,,,,,,,,
2025-rome,Rome,Clay,,PM,20250506,11,714334,,,Naomi Osaka,,,,,441079,,,Sara Errani,,,,,6-2 6-3,3,R128,,7,3,,,,,,,,0,2,,,,,,,,,,,
2025-rome,Rome,Clay,,PM,20250506,12,804895,,,Victoria Azarenka,,,,,769396,,,Camila Osorio,,,,,6-2 6-3,3,R128,,1,2,,,,,,,,2,4,,,,,,,,,,,
2025-rome,Rome,Clay,,PM,20250506,13,446701,,,Caroline Dolehide,,,,,397015,,,Olivia Gadecki,,,,,7-6 5-7 6-2,3,R128,,1,4,,,,,,,,1,6,,,,,,,,,,,
2025-rome,Rome,Clay,,PM,20250506,14,568609,,,Kamilla Rakhimova,,,,,600494,,,Xinyu Wang,,,,,6-3 6-2,3,R128,,1,0,,,,,,,,1,5,,,,,,,,,,,
2025-rome,Rome,Clay,,PM,20250506,15,323630,,,Varvara Gracheva,,,,,389789,,,Ajla Tomljanovic,,,,,6-3 6-4,3,R128,,3,5,,,,,,,,0,4,,,,,,,,,,,
2025-rome,Rome,Clay,,PM,20250506,16,275310,,,Elena-Gabriela Ruse,,,,,824108,,,Polina Kudermetova,,,,,6-7 6-4 6-2,3,R128,,7,14,,,,,,,,1,4,,,,,,,,,,,
2025-rome,Rome,Clay,,PM,20250506,17,844223,,,Victoria Mboko,,,,,685452,,,Zucchini A.,,,,,6-2 6-3,3,R128,,1,6,,,,,,,,2,2,,,,,,,,,,,
2025-rome,Rome,Clay,,PM,20250506,18,121013,,,Elisabetta Cocciaretto,,,,,272544,,,Elina Avanesyan,,,,,6-2 4-6 6-1,3,R128,,0,2,,,,,,,,0,4,,,,,,,,,,,
2025-rome,Rome,Clay,,PM,20250506,19,701534,,,Ashlyn Krueger,,,,,610520,,,Anna Bondar,,,,,4-6 6-2 6-1,3,R128,,6,4,,,,,,,,3,1,,,,,,,,,,,
2025-rome,Rome,Clay,,PM,20250506,20,987862,,,Hailey Baptiste,,,,,126226,,,Anna Blinkova,,,,,7-6 6-4,3,R128,,5,4,,,,,,,,2,5,,,,,,,,,,,
2025-rome,Rome,Clay,,PM,20250506,21,409001,,,Bianca Andreescu,,,,,539000,,,Urgesi F.,,,,,6-0 6-3,3,R128,,2,1,,,,,,,,3,2,,,,,,,,,,,
2025-rome,Rome,Clay,,PM,20250506,22,876368,,,Veronika Kudermetova,,,,,647835,,,Lucrezia Stefanini,,,,,7-5 6-2,3,R128,,5,3,,,,,,,,0,6,,,,,,,,,,,
2025-rome,Rome,Clay,,PM,20250506,23,743463,,,Eva Lys,,,,,482165,,,Moyuka Uchijima,,,,,6-1 6-0,3,R128,,0,3,,,,,,,,0,2,,,,,,,,,,,
2025-rome,Rome,Clay,,PM,20250506,24,834140,,,Anastasia Pavlyuchenkova,,,,,970027,,,Katie Boulter,,,,,6-3 6-3,3,R128,,1,3,,,,,,,,0,6,,,,,,,,,,,
2025-rome,Rome,Clay,,PM,20250506,25,710062,,,Maria Sakkari,,,,,218416,,,Belinda Bencic,,,,,6-2,3,R128,,1,0,,,,,,,,1,1,,,,,,,,,,,
2025-rome,Rome,Clay,,PM,20250506,26,741705,,,Emiliana Arango,,,,,897792,,,Viktoriya Tomova,,,,,7-6 5-7 6-4,3,R128,,0,5,,,,,,,,0,4,,,,,,,,,,,
2025-rome,Rome,Clay,,PM,20250506,27,651454,,,Antonia Ruzic,,,,,439600,,,Grant T. C.,,,,,3-6 6-3 7-5,3,R128,,1,1,,,,,,,,1,2,,,,,,,,,,,
2025-rome,Rome,Clay,,PM,20250506,28,923407,,,Olga Danilovic,,,,,344482,,,Katerina Siniakova,,,,,3-6 6-4 6-4,3,R128,,2,3,,,,,,,,1,7,,,,,,,,,,,
2025-rome,Rome,Clay,,PM,20250506,29,858188,,,Emma Raducanu,,,,,690300,,,Maya Joint,,,,,7-5 6-7 6-3,3,R128,,3,4,,,,,,,,1,3,,,,,,,,,,,
2025-rome,Rome,Clay,,PM,20250506,30,651611,,,Anastasia Potapova,,,,,813190,,,Dayana Yastremska,,,,,2-6 7-6 6-3,3,R128,,3,12,,,,,,,,0,7,,,,,,,,,,,
2025-rome,Rome,Clay,,PM,20250506,31,421894,,,Katie Volynets,,,,,342785,,,Arantxa Rus,,,,,6-3 6-3,3,R128,,0,0,,,,,,,,0,1,,,,,,,,,,,
2025-rome,Rome,Clay,,PM,20250506,32,756180,,,Marta Kostyuk,,,,,261807,,,Alexandra Eala,,,,,6-0 6-1,3,R128,,2,0,,,,,,,,0,2,,,,,,,,,,,
2025-rome,Rome,Clay,,PM,20250506,33,714334,,,Naomi Osaka,,,,,988932,,,Viktorija Golubic,,,,,2-6 7-5 6-1,3,R64,,8,4,,,,,,,,0,2,,,,,,,,,,,
2025-rome,Rome,Clay,,PM,20250506,34,885728,,,Jaqueline  Cristian,,,,,133650,,,Yulia Putintseva,,,,,7-6 7-5,3,R64,,4,4,,,,,,,,1,1,,,,,,,,,,,
2025-rome,Rome,Clay,,PM,20250506,35,638293,,,Ons Jabeur,,,,,862485,,,Petra Kvitova,,,,,,3,R64,,0,0,,,,,,,,0,0,,,,,,,,,,,
2025-rome,Rome,Clay,,PM,20250506,36,425446,,,Diana Shnaider,,,,,446701,,,Caroline Dolehide,,,,,6-0 6-0,3,R64,,1,2,,,,,,,,1,3,,,,,,,,,,,
2025-rome,Rome,Clay,,PM,20250506,37,762485,,,Jelena Ostapenko,,,,,123538,,,Rebecca Sramkova,,,,,1-6 6-4 6-3,3,R64,,4,8,,,,,,,,1,4,,,,,,,,,,,
2025-rome,Rome,Clay,,PM,20250506,38,809758,,,Elise Mertens,,,,,689373,,,Suzan Lamens,,,,,3-6 6-2 6-3,3,R64,,5,6,,,,,,,,1,6,,,,,,,,,,,
2025-rome,Rome,Clay,,PM,20250506,39,688846,,,Peyton Stearns,,,,,393113,,,Anna Kalinskaya,,,,,6-2 6-3,3,R64,,3,4,,,,,,,,1,4,,,,,,,,,,,
2025-rome,Rome,Clay,,PM,20250506,40,139227,,,Iga Swiatek,,,,,121013,,,Elisabetta Cocciaretto,,,,,6-1 6-0,3,R64,,1,0,,,,,,,,2,3,,,,,,,,,,,
2025-rome,Rome,Clay,,PM,20250506,41,324333,,,Jasmine Paolini,,,,,460138,,,Lulu Sun,,,,,6-4 6-3,3,R64,,0,1,,,,,,,,7,3,,,,,,,,,,,
2025-rome,Rome,Clay,,PM,20250506,42,788190,,,Danielle Collins,,,,,275310,,,Elena-Gabriela Ruse,,,,,6-3 6-3,3,R64,,4,3,,,,,,,,4,3,,,,,,,,,,,
2025-rome,Rome,Clay,,PM,20250506,43,987862,,,Hailey Baptiste,,,,,286370,,,Liudmila Samsonova,,,,,6-3 2-6 6-4,3,R64,,5,8,,,,,,,,0,2,,,,,,,,,,,
2025-rome,Rome,Clay,,PM,20250506,44,814118,,,Jessica Pegula,,,,,701534,,,Ashlyn Krueger,,,,,6-4 6-2,3,R64,,0,2,,,,,,,,0,3,,,,,,,,,,,
2025-rome,Rome,Clay,,PM,20250506,45,568896,,,Elina Svitolina,,,,,595819,,,Jessica Bouzas Maneiro,,,,,6-4 7-6,3,R64,,4,6,,,,,,,,1,8,,,,,,,,,,,
2025-rome,Rome,Clay,,PM,20250506,46,731934,,,Madison Keys,,,,,323630,,,Varvara Gracheva,,,,,7-6 6-1,3,R64,,2,1,,,,,,,,0,4,,,,,,,,,,,
2025-rome,Rome,Clay,,PM,20250506,47,369605,,,Marie Bouzkova,,,,,692146,,,Beatriz Haddad Maia,,,,,6-0 6-3,3,R64,,1,1,,,,,,,,0,2,,,,,,,,,,,
2025-rome,Rome,Clay,,PM,20250506,48,685811,,,Laura Siegemund,,,,,152800,,,Lucia Bronzetti,,,,,6-2 6-2,3,R64,,0,3,,,,,,,,1,3,,,,,,,,,,,
2025-rome,Rome,Clay,,PM,20250506,49,716715,,,Aryna Sabalenka,,,,,651611,,,Anastasia Potapova,,,,,6-2 6-2,3,R64,,0,0,,,,,,,,1,5,,,,,,,,,,,
2025-rome,Rome,Clay,,PM,20250506,50,549141,,,Sofia Kenin,,,,,834140,,,Anastasia Pavlyuchenkova,,,,,6-3 6-0,3,R64,,4,1,,,,,,,,3,2,,,,,,,,,,,
2025-rome,Rome,Clay,,PM,20250506,51,684064,,,Magda Linette,,,,,710062,,,Maria Sakkari,,,,,1-6 6-4 6-1,3,R64,,1,0,,,,,,,,2,6,,,,,,,,,,,
2025-rome,Rome,Clay,,PM,20250506,52,359411,,,Clara Tauson,,,,,421894,,,Katie Volynets,,,,,7-5 4-1,3,R64,,4,2,,,,,,,,1,2,,,,,,,,,,,
2025-rome,Rome,Clay,,PM,20250506,53,362890,,,Magdalena Frech,,,,,804895,,,Victoria Azarenka,,,,,7-5 6-4,3,R64,,5,3,,,,,,,,1,2,,,,,,,,,,,
2025-rome,Rome,Clay,,PM,20250506,54,809492,,,Qinwen Zheng,,,,,923407,,,Olga Danilovic,,,,,6-1 6-4,3,R64,,4,3,,,,,,,,2,8,,,,,,,,,,,
2025-rome,Rome,Clay,,PM,20250506,55,187314,,,Linda Noskova,,,,,444525,,,Sonay Kartal,,,,,6-4 6-2,3,R64,,3,2,,,,,,,,0,2,,,,,,,,,,,
2025-rome,Rome,Clay,,PM,20250506,56,876368,,,Veronika Kudermetova,,,,,324536,,,Amanda Anisimova,,,,,7-6 7-5,3,R64,,5,6,,,,,,,,2,11,,,,,,,,,,,
2025-rome,Rome,Clay,,PM,20250506,57,727666,,,Mirra Andreeva,,,,,741705,,,Emiliana Arango,,,,,6-2 6-4,3,R64,,0,2,,,,,,,,0,1,,,,,,,,,,,
2025-rome,Rome,Clay,,PM,20250506,58,858188,,,Emma Raducanu,,,,,920327,,,Jil Teichmann,,,,,6-2 6-2,3,R64,,5,2,,,,,,,,1,4,,,,,,,,,,,
2025-rome,Rome,Clay,,PM,20250506,59,756180,,,Marta Kostyuk,,,,,626163,,,Daria Kasatkina,,,,,6-4 6-2,3,R64,,3,6,,,,,,,,0,5,,,,,,,,,,,
2025-rome,Rome,Clay,,PM,20250506,60,804248,,,Emma Navarro,,,,,568609,,,Kamilla Rakhimova,,,,,6-1 6-3,3,R64,,3,3,,,,,,,,2,3,,,,,,,,,,,
2025-rome,Rome,Clay,,PM,20250506,61,914953,,,Leylah Fernandez,,,,,651454,,,Antonia Ruzic,,,,,6-4 6-0,3,R64,,0,3,,,,,,,,1,3,,,,,,,,,,,
2025-rome,Rome,Clay,,PM,20250506,62,296713,,,Coco Gauff,,,,,844223,,,Victoria Mboko,,,,,3-6 6-2 6-1,3,R64,,2,8,,,,,,,,2,6,,,,,,,,,,,
2025-rome,Rome,Clay,,PM,20250506,63,350535,,,Elena Rybakina,,,,,743463,,,Eva Lys,,,,,7-6 6-2,3,R64,,4,1,,,,,,,,1,1,,,,,,,,,,,
2025-rome,Rome,Clay,,PM,20250506,64,409001,,,Bianca Andreescu,,,,,975382,,,Donna Vekic,,,,,6-1 3-6 6-2,3,R64,,4,5,,,,,,,,2,11,,,,,,,,,,,
2025-rome,Rome,Clay,,PM,20250506,65,688846,,,Peyton Stearns,,,,,731934,,,Madison Keys,,,,,2-6 6-2 7-6,3,R32,,2,4,,,,,,,,6,6,,,,,,,,,,,
2025-rome,Rome,Clay,,PM,20250506,66,788190,,,Danielle Collins,,,,,139227,,,Iga Swiatek,,,,,6-1 7-5,3,R32,,6,6,,,,,,,,1,3,,,,,,,,,,,
2025-rome,Rome,Clay,,PM,20250506,67,425446,,,Diana Shnaider,,,,,885728,,,Jaqueline  Cristian,,,,,6-3 6-3,3,R32,,6,3,,,,,,,,4,0,,,,,,,,,,,
2025-rome,Rome,Clay,,PM,20250506,68,568896,,,Elina Svitolina,,,,,987862,,,Hailey Baptiste,,,,,6-4 3-6 6-4,3,R32,,3,8,,,,,,,,3,7,,,,,,,,,,,
2025-rome,Rome,Clay,,PM,20250506,69,324333,,,Jasmine Paolini,,,,,638293,,,Ons Jabeur,,,,,6-4 6-3,3,R32,,1,1,,,,,,,,0,1,,,,,,,,,,,
2025-rome,Rome,Clay,,PM,20250506,70,714334,,,Naomi Osaka,,,,,369605,,,Marie Bouzkova,,,,,4-6 6-3 6-3,3,R32,,4,2,,,,,,,,1,4,,,,,,,,,,,
2025-rome,Rome,Clay,,PM,20250506,71,762485,,,Jelena Ostapenko,,,,,685811,,,Laura Siegemund,,,,,,3,R32,,,,,,,,,,,,,,,,,,,,,,,
2025-rome,Rome,Clay,,PM,20250506,72,809758,,,Elise Mertens,,,,,814118,,,Jessica Pegula,,,,,7-5 6-1,3,R32,,4,1,,,,,,,,0,3,,,,,,,,,,,
2025-rome,Rome,Clay,,PM,20250506,73,756180,,,Marta Kostyuk,,,,,914953,,,Leylah Fernandez,,,,,6-4 6-2,3,R32,,5,5,,,,,,,,0,4,,,,,,,,,,,
2025-rome,Rome,Clay,,PM,20250506,74,716715,,,Aryna Sabalenka,,,,,549141,,,Sofia Kenin,,,,,3-6 6-3 6-3,3,R32,,5,5,,,,,,,,1,9,,,,,,,,,,,
2025-rome,Rome,Clay,,PM,20250506,75,858188,,,Emma Raducanu,,,,,876368,,,Veronika Kudermetova,,,,,5-7 6-0 6-1,3,R32,,2,4,,,,,,,,2,0,,,,,,,,,,,
2025-rome,Rome,Clay,,PM,20250506,76,296713,,,Coco Gauff,,,,,684064,,,Magda Linette,,,,,7-5 6-3,3,R32,,0,6,,,,,,,,1,0,,,,,,,,,,,
2025-rome,Rome,Clay,,PM,20250506,77,409001,,,Bianca Andreescu,,,,,350535,,,Elena Rybakina,,,,,6-2 6-4,3,R32,,1,0,,,,,,,,1,3,,,,,,,,,,,
2025-rome,Rome,Clay,,PM,20250506,78,359411,,,Clara Tauson,,,,,804248,,,Emma Navarro,,,,,3-6 6-0 6-4,3,R32,,2,5,,,,,,,,2,4,,,,,,,,,,,
2025-rome,Rome,Clay,,PM,20250506,79,809492,,,Qinwen Zheng,,,,,362890,,,Magdalena Frech,,,,,6-3 6-2,3,R32,,3,4,,,,,,,,3,1,,,,,,,,,,,
2025-rome,Rome,Clay,,PM,20250506,80,727666,,,Mirra Andreeva,,,,,187314,,,Linda Noskova,,,,,6-1 7-5,3,R32,,2,5,,,,,,,,2,6,,,,,,,,,,,
2025-rome,Rome,Clay,,PM,20250506,81,688846,,,Peyton Stearns,,,,,714334,,,Naomi Osaka,,,,,6-4 3-6 7-6,3,R16,,6,3,,,,,,,,10,0,,,,,,,,,,,
2025-rome,Rome,Clay,,PM,20250506,82,425446,,,Diana Shnaider,,,,,809758,,,Elise Mertens,,,,,6-2 6-3,3,R16,,1,1,,,,,,,,2,4,,,,,,,,,,,
2025-rome,Rome,Clay,,PM,20250506,83,324333,,,Jasmine Paolini,,,,,762485,,,Jelena Ostapenko,,,,,7-5 6-2,3,R16,,5,1,,,,,,,,5,7,,,,,,,,,,,
2025-rome,Rome,Clay,,PM,20250506,84,296713,,,Coco Gauff,,,,,858188,,,Emma Raducanu,,,,,6-1 6-2,3,R16,,4,3,,,,,,,,0,1,,,,,,,,,,,
2025-rome,Rome,Clay,,PM,20250506,85,568896,,,Elina Svitolina,,,,,788190,,,Danielle Collins,,,,,6-4 6-2,3,R16,,3,5,,,,,,,,0,6,,,,,,,,,,,
2025-rome,Rome,Clay,,PM,20250506,86,727666,,,Mirra Andreeva,,,,,359411,,,Clara Tauson,,,,,5-7 6-3 6-2,3,R16,,2,4,,,,,,,,2,5,,,,,,,,,,,
2025-rome,Rome,Clay,,PM,20250506,87,809492,,,Qinwen Zheng,,,,,409001,,,Bianca Andreescu,,,,,7-5 6-1,3,R16,,1,9,,,,,,,,0,0,,,,,,,,,,,
2025-rome,Rome,Clay,,PM,20250506,88,716715,,,Aryna Sabalenka,,,,,756180,,,Marta Kostyuk,,,,,6-1 7-6,3,R16,,4,2,,,,,,,,2,5,,,,,,,,,,,
2025-rome,Rome,Clay,,PM,20250506,89,324333,,,Jasmine Paolini,,,,,425446,,,Diana Shnaider,,,,,6-7 6-4 6-2,3,QF,,1,0,,,,,,,,2,5,,,,,,,,,,,
2025-rome,Rome,Clay,,PM,20250506,90,688846,,,Peyton Stearns,,,,,568896,,,Elina Svitolina,,,,,6-2 4-6 7-6,3,QF,,0,8,,,,,,,,3,4,,,,,,,,,,,
2025-rome,Rome,Clay,,PM,20250506,91,296713,,,Coco Gauff,,,,,727666,,,Mirra Andreeva,,,,,6-4 7-6,3,QF,,2,2,,,,,,,,0,3,,,,,,,,,,,
2025-rome,Rome,Clay,,PM,20250506,92,809492,,,Qinwen Zheng,,,,,716715,,,Aryna Sabalenka,,,,,6-4 6-3,3,QF,,4,3,,,,,,,,0,1,,,,,,,,,,,
2025-rome,Rome,Clay,,PM,20250506,93,324333,,,Jasmine Paolini,,,,,688846,,,Peyton Stearns,,,,,7-5 6-1,3,SF,,1,1,,,,,,,,0,5,,,,,,,,,,,
2025-rome,Rome,Clay,,PM,20250506,94,296713,,,Coco Gauff,,,,,809492,,,Qinwen Zheng,,,,,7-6 4-6 7-6,3,SF,,2,15,,,,,,,,1,4,,,,,,,,,,,
2025-rome,Rome,Clay,,PM,20250506,95,324333,,,Jasmine Paolini,,,,,296713,,,Coco Gauff,,,,,6-4 6-2,3,F,,0,0,,,,,,,,1,7,,,,,,,,,,,
2025-strasbourg,Strasbourg,Clay,,P,20250518,1,286370,,,Liudmila Samsonova,,,,,187314,,,Linda Noskova,,,,,6-1 7-5,3,R32,,2,0,,,,,,,,3,4,,,,,,,,,,,
2025-strasbourg,Strasbourg,Clay,,P,20250518,2,123538,,,Rebecca Sramkova,,,,,133650,,,Yulia Putintseva,,,,,6-0 6-4,3,R32,,3,1,,,,,,,,1,5,,,,,,,,,,,
2025-strasbourg,Strasbourg,Clay,,P,20250518,3,684064,,,Magda Linette,,,,,358837,,,Barbora Krejcikova,,,,,6-3 6-3,3,R32,,5,0,,,,,,,,4,3,,,,,,,,,,,
2025-strasbourg,Strasbourg,Clay,,P,20250518,4,671871,,,Diane Parry,,,,,914953,,,Leylah Fernandez,,,,,7-5 7-6,3,R32,,3,1,,,,,,,,3,7,,,,,,,,,,,
2025-strasbourg,Strasbourg,Clay,,P,20250518,5,369605,,,Marie Bouzkova,,,,,151624,,,Alize Cornet,,,,,6-2 6-1,3,R32,,0,1,,,,,,,,0,5,,,,,,,,,,,
2025-strasbourg,Strasbourg,Clay,,P,20250518,6,701534,,,Ashlyn Krueger,,,,,421789,,,Mccartney Kessler,,,,,6-4 7-5,3,R32,,3,6,,,,,,,,0,4,,,,,,,,,,,
2025-strasbourg,Strasbourg,Clay,,P,20250518,7,692146,,,Beatriz Haddad Maia,,,,,359411,,,Clara Tauson,,,,,3-6 6-4 7-5,3,R32,,1,7,,,,,,,,7,6,,,,,,,,,,,
2025-strasbourg,Strasbourg,Clay,,P,20250518,8,600494,,,Xinyu Wang,,,,,743463,,,Eva Lys,,,,,6-4 7-5,3,R32,,5,3,,,,,,,,0,4,,,,,,,,,,,
2025-strasbourg,Strasbourg,Clay,,P,20250518,9,393113,,,Anna Kalinskaya,,,,,446701,,,Caroline Dolehide,,,,,6-2 4-6 6-3,3,R32,,1,3,,,,,,,,2,4,,,,,,,,,,,
2025-strasbourg,Strasbourg,Clay,,P,20250518,10,788190,,,Danielle Collins,,,,,549141,,,Sofia Kenin,,,,,6-1 1-6 6-2,3,R32,,9,8,,,,,,,,8,5,,,,,,,,,,,
2025-strasbourg,Strasbourg,Clay,,P,20250518,11,126226,,,Anna Blinkova,,,,,362890,,,Magdalena Frech,,,,,6-3 7-5,3,R32,,0,5,,,,,,,,4,2,,,,,,,,,,,
2025-strasbourg,Strasbourg,Clay,,P,20250518,12,858188,,,Emma Raducanu,,,,,626163,,,Daria Kasatkina,,,,,6-1 6-3,3,R32,,0,3,,,,,,,,0,6,,,,,,,,,,,
2025-strasbourg,Strasbourg,Clay,,P,20250518,13,684064,,,Magda Linette,,,,,123538,,,Rebecca Sramkova,,,,,6-4 6-3,3,R16,,6,1,,,,,,,,4,4,,,,,,,,,,,
2025-strasbourg,Strasbourg,Clay,,P,20250518,14,695399,,,Paula Badosa,,,,,369605,,,Marie Bouzkova,,,,,3-3,3,R16,,0,1,,,,,,,,2,2,,,,,,,,,,,
2025-strasbourg,Strasbourg,Clay,,P,20250518,15,350535,,,Elena Rybakina,,,,,600494,,,Xinyu Wang,,,,,6-1 6-3,3,R16,,6,0,,,,,,,,2,2,,,,,,,,,,,
2025-strasbourg,Strasbourg,Clay,,P,20250518,16,286370,,,Liudmila Samsonova,,,,,671871,,,Diane Parry,,,,,6-4 6-4,3,R16,,2,1,,,,,,,,1,1,,,,,,,,,,,
2025-strasbourg,Strasbourg,Clay,,P,20250518,17,692146,,,Beatriz Haddad Maia,,,,,701534,,,Ashlyn Krueger,,,,,7-6 6-3,3,R16,,3,2,,,,,,,,2,7,,,,,,,,,,,
2025-strasbourg,Strasbourg,Clay,,P,20250518,18,804248,,,Emma Navarro,,,,,126226,,,Anna Blinkova,,,,,6-4 6-1,3,R16,,1,7,,,,,,,,0,2,,,,,,,,,,,
2025-strasbourg,Strasbourg,Clay,,P,20250518,19,788190,,,Danielle Collins,,,,,858188,,,Emma Raducanu,,,,,4-6 6-1 6-3,3,R16,,10,5,,,,,,,,5,2,,,,,,,,,,,
2025-strasbourg,Strasbourg,Clay,,P,20250518,20,393113,,,Anna Kalinskaya,,,,,814118,,,Jessica Pegula,,,,,4-6 6-4 6-2,3,R16,,2,3,,,,,,,,4,7,,,,,,,,,,,
2025-strasbourg,Strasbourg,Clay,,P,20250518,21,350535,,,Elena Rybakina,,,,,684064,,,Magda Linette,,,,,7-5 6-3,3,QF,,7,1,,,,,,,,6,2,,,,,,,,,,,
2025-strasbourg,Strasbourg,Clay,,P,20250518,22,692146,,,Beatriz Haddad Maia,,,,,804248,,,Emma Navarro,,,,,3-6 7-6 6-2,3,QF,,2,6,,,,,,,,0,9,,,,,,,,,,,
2025-strasbourg,Strasbourg,Clay,,P,20250518,23,286370,,,Liudmila Samsonova,,,,,695399,,,Paula Badosa,,,,,6-4 3-6 6-4,3,QF,,5,1,,,,,,,,3,6,,,,,,,,,,,
2025-strasbourg,Strasbourg,Clay,,P,20250518,24,788190,,,Danielle Collins,,,,,393113,,,Anna Kalinskaya,,,,,,3,QF,,,,,,,,,,,,,,,,,,,,,,,
2025-strasbourg,Strasbourg,Clay,,P,20250518,25,350535,,,Elena Rybakina,,,,,692146,,,Beatriz Haddad Maia,,,,,7-6 1-6 6-2,3,SF,,8,3,,,,,,,,4,7,,,,,,,,,,,
2025-strasbourg,Strasbourg,Clay,,P,20250518,26,286370,,,Liudmila Samsonova,,,,,788190,,,Danielle Collins,,,,,6-4 6-2,3,SF,,5,1,,,,,,,,3,3,,,,,,,,,,,
2025-strasbourg,Strasbourg,Clay,,P,20250518,27,350535,,,Elena Rybakina,,,,,286370,,,Liudmila Samsonova,,,,,6-1 6-7 6-1,3,F,,16,2,,,,,,,,1,2,,,,,,,,,,,
2025-rabat,Rabat,Clay,,I,20250519,1,389789,,,Ajla Tomljanovic,,,,,897792,,,Viktoriya Tomova,,,,,7-5 4-6 6-3,3,R32,,0,4,,,,,,,,3,11,,,,,,,,,,,
2025-rabat,Rabat,Clay,,I,20250519,2,619460,,,Ann Li,,,,,394732,,,Maria Timofeeva,,,,,7-6 6-2,3,R32,,3,6,,,,,,,,0,0,,,,,,,,,,,
2025-rabat,Rabat,Clay,,I,20250519,3,421894,,,Katie Volynets,,,,,240894,,,Carolina Alves,,,,,6-3 6-0,3,R32,,1,0,,,,,,,,0,1,,,,,,,,,,,
2025-rabat,Rabat,Clay,,I,20250519,4,987862,,,Hailey Baptiste,,,,,604556,,,Camilla Rosatello,,,,,7-6 3-6 6-2,3,R32,,0,7,,,,,,,,4,7,,,,,,,,,,,
2025-rabat,Rabat,Clay,,I,20250519,5,885728,,,Jaqueline  Cristian,,,,,763849,,,Kotliar Y.,,,,,6-3 6-1,3,R32,,0,3,,,,,,,,0,3,,,,,,,,,,,
2025-rabat,Rabat,Clay,,I,20250519,6,337480,,,Zeynep Sonmez,,,,,152800,,,Lucia Bronzetti,,,,,6-2 6-1,3,R32,,0,3,,,,,,,,0,3,,,,,,,,,,,
2025-rabat,Rabat,Clay,,I,20250519,7,595819,,,Jessica Bouzas Maneiro,,,,,346262,,,Julia Grabher,,,,,6-3 1-6 6-4,3,R32,,0,4,,,,,,,,0,5,,,,,,,,,,,
2025-rabat,Rabat,Clay,,I,20250519,8,929794,,,Pieri T.,,,,,398327,,,Martinez Cirez C.,,,,,6-3 6-0,3,R32,,1,1,,,,,,,,0,5,,,,,,,,,,,
2025-rabat,Rabat,Clay,,I,20250519,9,769396,,,Camila Osorio,,,,,121013,,,Elisabetta Cocciaretto,,,,,2-6 6-3 6-2,3,R32,,3,8,,,,,,,,2,4,,,,,,,,,,,
2025-rabat,Rabat,Clay,,I,20250519,10,925025,,,Maria Mateas,,,,,937315,,,Elizabeth Mandlik,,,,,6-3 6-4,3,R32,,3,3,,,,,,,,0,10,,,,,,,,,,,
2025-rabat,Rabat,Clay,,I,20250519,11,568609,,,Kamilla Rakhimova,,,,,920327,,,Jil Teichmann,,,,,6-4 6-1,3,R32,,3,1,,,,,,,,1,3,,,,,,,,,,,
2025-rabat,Rabat,Clay,,I,20250519,12,465575,,,Anastasija Sevastova,,,,,928485,,,Yasmine Kabbaj,,,,,5-7 6-4 7-5,3,R32,,3,8,,,,,,,,1,8,,,,,,,,,,,
2025-rabat,Rabat,Clay,,I,20250519,13,690300,,,Maya Joint,,,,,443315,,,Ana Konjuh,,,,,7-5 6-2,3,R32,,4,3,,,,,,,,0,8,,,,,,,,,,,
2025-rabat,Rabat,Clay,,I,20250519,14,342785,,,Arantxa Rus,,,,,294982,,,Nicole Fossa Huergo,,,,,6-3 6-7 6-1,3,R32,,2,12,,,,,,,,1,5,,,,,,,,,,,
2025-rabat,Rabat,Clay,,I,20250519,15,413935,,,Sada Nahimana,,,,,348248,,,Aya El Aouni,,,,,6-3 6-2,3,R32,,3,3,,,,,,,,1,4,,,,,,,,,,,
2025-rabat,Rabat,Clay,,I,20250519,16,745434,,,Bolsova Zadoinov A.,,,,,344482,,,Katerina Siniakova,,,,,3-6 6-1 6-2,3,R32,,1,1,,,,,,,,1,10,,,,,,,,,,,
2025-rabat,Rabat,Clay,,I,20250519,17,595819,,,Jessica Bouzas Maneiro,,,,,413935,,,Sada Nahimana,,,,,6-4 4-6 6-1,3,R16,,2,7,,,,,,,,1,3,,,,,,,,,,,
2025-rabat,Rabat,Clay,,I,20250519,18,690300,,,Maya Joint,,,,,421894,,,Katie Volynets,,,,,6-0 6-3,3,R16,,0,1,,,,,,,,0,0,,,,,,,,,,,
2025-rabat,Rabat,Clay,,I,20250519,19,619460,,,Ann Li,,,,,987862,,,Hailey Baptiste,,,,,6-4 6-7 7-5,3,R16,,2,3,,,,,,,,5,5,,,,,,,,,,,
2025-rabat,Rabat,Clay,,I,20250519,20,925025,,,Maria Mateas,,,,,342785,,,Arantxa Rus,,,,,6-4 6-2,3,R16,,1,1,,,,,,,,2,4,,,,,,,,,,,
2025-rabat,Rabat,Clay,,I,20250519,21,885728,,,Jaqueline  Cristian,,,,,745434,,,Bolsova Zadoinov A.,,,,,7-6 7-6,3,R16,,0,4,,,,,,,,0,4,,,,,,,,,,,
2025-rabat,Rabat,Clay,,I,20250519,22,389789,,,Ajla Tomljanovic,,,,,929794,,,Pieri T.,,,,,4-6 6-2 6-4,3,R16,,2,11,,,,,,,,0,4,,,,,,,,,,,
2025-rabat,Rabat,Clay,,I,20250519,23,769396,,,Camila Osorio,,,,,568609,,,Kamilla Rakhimova,,,,,4-6 6-2 6-3,3,R16,,0,2,,,,,,,,4,7,,,,,,,,,,,
2025-rabat,Rabat,Clay,,I,20250519,24,465575,,,Anastasija Sevastova,,,,,337480,,,Zeynep Sonmez,,,,,6-3 6-4,3,R16,,2,3,,,,,,,,0,1,,,,,,,,,,,
2025-rabat,Rabat,Clay,,I,20250519,25,389789,,,Ajla Tomljanovic,,,,,595819,,,Jessica Bouzas Maneiro,,,,,6-1 6-3,3,QF,,0,3,,,,,,,,0,2,,,,,,,,,,,
2025-rabat,Rabat,Clay,,I,20250519,26,690300,,,Maya Joint,,,,,619460,,,Ann Li,,,,,6-2 6-1,3,QF,,0,1,,,,,,,,2,1,,,,,,,,,,,
2025-rabat,Rabat,Clay,,I,20250519,27,769396,,,Camila Osorio,,,,,925025,,,Maria Mateas,,,,,6-3 6-1,3,QF,,5,3,,,,,,,,0,3,,,,,,,,,,,
2025-rabat,Rabat,Clay,,I,20250519,28,885728,,,Jaqueline  Cristian,,,,,465575,,,Anastasija Sevastova,,,,,6-3 6-4,3,QF,,2,2,,,,,,,,3,2,,,,,,,,,,,
2025-rabat,Rabat,Clay,,I,20250519,29,690300,,,Maya Joint,,,,,389789,,,Ajla Tomljanovic,,,,,6-4,3,SF,,0,1,,,,,,,,0,3,,,,,,,,,,,
2025-rabat,Rabat,Clay,,I,20250519,30,885728,,,Jaqueline  Cristian,,,,,769396,,,Camila Osorio,,,,,6-7 6-4 6-4,3,SF,,3,6,,,,,,,,3,13,,,,,,,,,,,
2025-rabat,Rabat,Clay,,I,20250519,31,690300,,,Maya Joint,,,,,885728,,,Jaqueline  Cristian,,,,,6-3 6-2,3,F,,2,2,,,,,,,,1,5,,,,,,,,,,,
2025-french-open,French Open,Clay,,G,20250525,1,844223,,,Victoria Mboko,,,,,460138,,,Lulu Sun,,,,,6-1 7-6,3,R128,,7,2,,,,,,,,4,1,,,,,,,,,,,
2025-french-open,French Open,Clay,,G,20250525,2,568896,,,Elina Svitolina,,,,,337480,,,Zeynep Sonmez,,,,,6-1 6-1,3,R128,,2,2,,,,,,,,0,2,,,,,,,,,,,
2025-french-open,French Open,Clay,,G,20250525,3,743463,,,Eva Lys,,,,,688846,,,Peyton Stearns,,,,,6-0 6-3,3,R128,,0,2,,,,,,,,3,5,,,,,,,,,,,
2025-french-open,French Open,Clay,,G,20250525,4,610520,,,Anna Bondar,,,,,685811,,,Laura Siegemund,,,,,7-6 6-3,3,R128,,2,1,,,,,,,,1,1,,,,,,,,,,,
2025-french-open,French Open,Clay,,G,20250525,5,988932,,,Viktorija Golubic,,,,,862485,,,Petra Kvitova,,,,,3-6 6-0 6-4,3,R128,,1,5,,,,,,,,1,4,,,,,,,,,,,
2025-french-open,French Open,Clay,,G,20250525,6,716715,,,Aryna Sabalenka,,,,,568609,,,Kamilla Rakhimova,,,,,6-1 6-0,3,R128,,5,1,,,,,,,,0,1,,,,,,,,,,,
2025-french-open,French Open,Clay,,G,20250525,7,741705,,,Emiliana Arango,,,,,261807,,,Alexandra Eala,,,,,6-0 2-6 6-3,3,R128,,0,5,,,,,,,,0,2,,,,,,,,,,,
2025-french-open,French Open,Clay,,G,20250525,8,813190,,,Dayana Yastremska,,,,,779188,,,Destanee Aiava,,,,,7-5 6-1,3,R128,,4,3,,,,,,,,3,2,,,,,,,,,,,
2025-french-open,French Open,Clay,,G,20250525,9,809492,,,Qinwen Zheng,,,,,834140,,,Anastasia Pavlyuchenkova,,,,,6-4 6-3,3,R128,,6,4,,,,,,,,0,5,,,,,,,,,,,
2025-french-open,French Open,Clay,,G,20250525,10,920327,,,Jil Teichmann,,,,,647835,,,Lucrezia Stefanini,,,,,6-4 6-4,3,R128,,1,2,,,,,,,,0,1,,,,,,,,,,,
2025-french-open,French Open,Clay,,G,20250525,11,425446,,,Diana Shnaider,,,,,641848,,,Sobolieva A.,,,,,7-6 6-2,3,R128,,1,1,,,,,,,,0,4,,,,,,,,,,,
2025-french-open,French Open,Clay,,G,20250525,12,275150,,,Leyre Romero Gormaz,,,,,792158,,,Tiantsoa Rakotomanga Rajaonah,,,,,7-6 6-2,3,R128,,0,1,,,,,,,,0,7,,,,,,,,,,,
2025-french-open,French Open,Clay,,G,20250525,13,975382,,,Donna Vekic,,,,,126226,,,Anna Blinkova,,,,,7-5 6-7 6-1,3,R128,,9,7,,,,,,,,0,6,,,,,,,,,,,
2025-french-open,French Open,Clay,,G,20250525,14,324536,,,Amanda Anisimova,,,,,146026,,,Nina Stojanovic,,,,,6-3 4-1,3,R128,,5,3,,,,,,,,1,4,,,,,,,,,,,
2025-french-open,French Open,Clay,,G,20250525,15,388459,,,Iva Jovic,,,,,988957,,,Renata Zarazua,,,,,6-3 5-7 6-4,3,R128,,0,3,,,,,,,,0,5,,,,,,,,,,,
2025-french-open,French Open,Clay,,G,20250525,16,923407,,,Olga Danilovic,,,,,914953,,,Leylah Fernandez,,,,,6-3 6-1,3,R128,,3,2,,,,,,,,0,0,,,,,,,,,,,
2025-french-open,French Open,Clay,,G,20250525,17,324333,,,Jasmine Paolini,,,,,803486,,,Yue Yuan,,,,,6-1 4-6 6-3,3,R128,,1,1,,,,,,,,0,1,,,,,,,,,,,
2025-french-open,French Open,Clay,,G,20250525,18,651611,,,Anastasia Potapova,,,,,187314,,,Linda Noskova,,,,,5-7 6-1 7-5,3,R128,,3,6,,,,,,,,3,7,,,,,,,,,,,
2025-french-open,French Open,Clay,,G,20250525,19,429517,,,Sara Bejlek,,,,,756180,,,Marta Kostyuk,,,,,6-3 6-1,3,R128,,0,1,,,,,,,,0,5,,,,,,,,,,,
2025-french-open,French Open,Clay,,G,20250525,20,976242,,,Yuliia Starodubtseva,,,,,293685,,,Tamara Korpatsch,,,,,2-6 6-1 6-4,3,R128,,1,0,,,,,,,,2,3,,,,,,,,,,,
2025-french-open,French Open,Clay,,G,20250525,21,350535,,,Elena Rybakina,,,,,885767,,,Julia Riera,,,,,6-1 4-6 6-4,3,R128,,7,2,,,,,,,,4,2,,,,,,,,,,,
2025-french-open,French Open,Clay,,G,20250525,22,595819,,,Jessica Bouzas Maneiro,,,,,804248,,,Emma Navarro,,,,,6-0 6-1,3,R128,,0,2,,,,,,,,0,4,,,,,,,,,,,
2025-french-open,French Open,Clay,,G,20250525,23,876368,,,Veronika Kudermetova,,,,,897792,,,Viktoriya Tomova,,,,,7-5 6-1,3,R128,,6,2,,,,,,,,0,4,,,,,,,,,,,
2025-french-open,French Open,Clay,,G,20250525,24,858188,,,Emma Raducanu,,,,,600494,,,Xinyu Wang,,,,,7-5 4-6 6-3,3,R128,,0,5,,,,,,,,4,8,,,,,,,,,,,
2025-french-open,French Open,Clay,,G,20250525,25,139227,,,Iga Swiatek,,,,,123538,,,Rebecca Sramkova,,,,,6-3 6-3,3,R128,,1,3,,,,,,,,5,1,,,,,,,,,,,
2025-french-open,French Open,Clay,,G,20250525,26,286370,,,Liudmila Samsonova,,,,,729721,,,Mayar Sherif,,,,,7-6 6-2,3,R128,,2,0,,,,,,,,1,2,,,,,,,,,,,
2025-french-open,French Open,Clay,,G,20250525,27,735911,,,Robin Montgomery,,,,,671871,,,Diane Parry,,,,,6-2 6-1,3,R128,,5,4,,,,,,,,0,1,,,,,,,,,,,
2025-french-open,French Open,Clay,,G,20250525,28,885728,,,Jaqueline  Cristian,,,,,851560,,,Kimberly Birrell,,,,,6-1 6-0,3,R128,,5,1,,,,,,,,0,5,,,,,,,,,,,
2025-french-open,French Open,Clay,,G,20250525,29,695399,,,Paula Badosa,,,,,714334,,,Naomi Osaka,,,,,6-7 6-1 6-4,3,R128,,4,6,,,,,,,,7,5,,,,,,,,,,,
2025-french-open,French Open,Clay,,G,20250525,30,788190,,,Danielle Collins,,,,,889635,,,Jodie Burrage,,,,,7-6 6-4,3,R128,,8,4,,,,,,,,10,3,,,,,,,,,,,
2025-french-open,French Open,Clay,,G,20250525,31,557676,,,Bernarda Pera,,,,,464502,,,Caroline Garcia,,,,,6-4 6-4,3,R128,,6,2,,,,,,,,3,1,,,,,,,,,,,
2025-french-open,French Open,Clay,,G,20250525,32,389789,,,Ajla Tomljanovic,,,,,690300,,,Maya Joint,,,,,6-1 6-3,3,R128,,1,4,,,,,,,,1,5,,,,,,,,,,,
2025-french-open,French Open,Clay,,G,20250525,33,626163,,,Daria Kasatkina,,,,,344482,,,Katerina Siniakova,,,,,6-1 3-6 6-2,3,R128,,2,8,,,,,,,,1,3,,,,,,,,,,,
2025-french-open,French Open,Clay,,G,20250525,34,970027,,,Katie Boulter,,,,,203674,,,Carole Monnet,,,,,6-7 6-1 6-1,3,R128,,1,4,,,,,,,,4,6,,,,,,,,,,,
2025-french-open,French Open,Clay,,G,20250525,35,275310,,,Elena-Gabriela Ruse,,,,,421789,,,Mccartney Kessler,,,,,7-5 7-6,3,R128,,3,6,,,,,,,,1,5,,,,,,,,,,,
2025-french-open,French Open,Clay,,G,20250525,36,762485,,,Jelena Ostapenko,,,,,824108,,,Polina Kudermetova,,,,,5-7 6-0 6-2,3,R128,,6,7,,,,,,,,2,4,,,,,,,,,,,
2025-french-open,French Open,Clay,,G,20250525,37,358837,,,Barbora Krejcikova,,,,,913730,,,Tatjana Maria,,,,,7-6 6-3,3,R128,,2,4,,,,,,,,2,1,,,,,,,,,,,
2025-french-open,French Open,Clay,,G,20250525,38,558914,,,Ekaterina Alexandrova,,,,,152800,,,Lucia Bronzetti,,,,,6-3 6-2,3,R128,,2,3,,,,,,,,0,4,,,,,,,,,,,
2025-french-open,French Open,Clay,,G,20250525,39,342785,,,Arantxa Rus,,,,,769396,,,Camila Osorio,,,,,4-6 6-2 6-4,3,R128,,0,1,,,,,,,,0,12,,,,,,,,,,,
2025-french-open,French Open,Clay,,G,20250525,40,731934,,,Madison Keys,,,,,658597,,,Daria Saville,,,,,6-2 6-1,3,R128,,1,3,,,,,,,,1,5,,,,,,,,,,,
2025-french-open,French Open,Clay,,G,20250525,41,359411,,,Clara Tauson,,,,,684064,,,Magda Linette,,,,,6-4 4-6 6-1,3,R128,,3,3,,,,,,,,0,2,,,,,,,,,,,
2025-french-open,French Open,Clay,,G,20250525,42,344636,,,Leolia Jeanjean,,,,,707117,,,Irina-Camelia Begu,,,,,0-6 7-5 3-0,3,R128,,1,3,,,,,,,,1,1,,,,,,,,,,,
2025-french-open,French Open,Clay,,G,20250525,43,446701,,,Caroline Dolehide,,,,,460146,,,Greet Minnen,,,,,3-6 6-3 6-4,3,R128,,0,3,,,,,,,,0,6,,,,,,,,,,,
2025-french-open,French Open,Clay,,G,20250525,44,121013,,,Elisabetta Cocciaretto,,,,,948848,,,Taylor Townsend,,,,,6-3 6-2,3,R128,,2,3,,,,,,,,2,0,,,,,,,,,,,
2025-french-open,French Open,Clay,,G,20250525,45,615524,,,Nao Hibino,,,,,482165,,,Moyuka Uchijima,,,,,6-1 7-5,3,R128,,0,3,,,,,,,,2,6,,,,,,,,,,,
2025-french-open,French Open,Clay,,G,20250525,46,339700,,,Marketa Vondrousova,,,,,825397,,,Oksana Selekhmeteva,,,,,6-4 6-4,3,R128,,1,6,,,,,,,,0,4,,,,,,,,,,,
2025-french-open,French Open,Clay,,G,20250525,47,987862,,,Hailey Baptiste,,,,,692146,,,Beatriz Haddad Maia,,,,,4-6 6-3 6-1,3,R128,,8,5,,,,,,,,5,4,,,,,,,,,,,
2025-french-open,French Open,Clay,,G,20250525,48,727666,,,Mirra Andreeva,,,,,480371,,,Cristina Bucsa,,,,,6-4 6-3,3,R128,,2,4,,,,,,,,0,2,,,,,,,,,,,
2025-french-open,French Open,Clay,,G,20250525,49,804895,,,Victoria Azarenka,,,,,382331,,,Yanina Wickmayer,,,,,6-0 6-0,3,R128,,3,1,,,,,,,,0,5,,,,,,,,,,,
2025-french-open,French Open,Clay,,G,20250525,50,549141,,,Sofia Kenin,,,,,323630,,,Varvara Gracheva,,,,,6-3 6-1,3,R128,,2,3,,,,,,,,3,3,,,,,,,,,,,
2025-french-open,French Open,Clay,,G,20250525,51,296713,,,Coco Gauff,,,,,397015,,,Olivia Gadecki,,,,,6-2 6-2,3,R128,,0,7,,,,,,,,0,6,,,,,,,,,,,
2025-french-open,French Open,Clay,,G,20250525,52,561744,,,Anhelina Kalinina,,,,,272544,,,Elina Avanesyan,,,,,6-1 6-2,3,R128,,1,2,,,,,,,,0,3,,,,,,,,,,,
2025-french-open,French Open,Clay,,G,20250525,53,922335,,,Tereza Valentova,,,,,944663,,,Chloe Paquet,,,,,4-6 6-3 7-5,3,R128,,1,4,,,,,,,,6,5,,,,,,,,,,,
2025-french-open,French Open,Clay,,G,20250525,54,701534,,,Ashlyn Krueger,,,,,689373,,,Suzan Lamens,,,,,6-3 6-4,3,R128,,1,8,,,,,,,,0,5,,,,,,,,,,,
2025-french-open,French Open,Clay,,G,20250525,55,973113,,,Elsa Jacquemot,,,,,710062,,,Maria Sakkari,,,,,6-3 7-6,3,R128,,3,6,,,,,,,,0,6,,,,,,,,,,,
2025-french-open,French Open,Clay,,G,20250525,56,814118,,,Jessica Pegula,,,,,384199,,,Anca Todoni,,,,,6-2 6-4,3,R128,,1,3,,,,,,,,3,2,,,,,,,,,,,
2025-french-open,French Open,Clay,,G,20250525,57,362890,,,Magdalena Frech,,,,,638293,,,Ons Jabeur,,,,,7-6 6-0,3,R128,,0,1,,,,,,,,2,8,,,,,,,,,,,
2025-french-open,French Open,Clay,,G,20250525,58,444525,,,Sonay Kartal,,,,,303568,,,Erika Andreeva,,,,,6-0 6-2,3,R128,,1,2,,,,,,,,0,5,,,,,,,,,,,
2025-french-open,French Open,Clay,,G,20250525,59,799344,,,Lois Boisson,,,,,809758,,,Elise Mertens,,,,,6-4 4-6 6-3,3,R128,,3,1,,,,,,,,3,6,,,,,,,,,,,
2025-french-open,French Open,Clay,,G,20250525,60,619460,,,Ann Li,,,,,957435,,,Maria Lourdes Carle,,,,,6-4 6-0,3,R128,,1,0,,,,,,,,0,6,,,,,,,,,,,
2025-french-open,French Open,Clay,,G,20250525,61,133650,,,Yulia Putintseva,,,,,519047,,,Solana Sierra,,,,,7-6 6-2,3,R128,,0,4,,,,,,,,0,5,,,,,,,,,,,
2025-french-open,French Open,Clay,,G,20250525,62,286291,,,Joanna Garland,,,,,421894,,,Katie Volynets,,,,,6-3 3-6 6-4,3,R128,,1,2,,,,,,,,2,0,,,,,,,,,,,
2025-french-open,French Open,Clay,,G,20250525,63,369605,,,Marie Bouzkova,,,,,393113,,,Anna Kalinskaya,,,,,6-4 7-5,3,R128,,4,1,,,,,,,,0,2,,,,,,,,,,,
2025-french-open,French Open,Clay,,G,20250525,64,663060,,,Alycia Parks,,,,,563551,,,Karolina Muchova,,,,,6-3 2-6 6-1,3,R128,,9,7,,,,,,,,3,5,,,,,,,,,,,
2025-french-open,French Open,Clay,,G,20250525,65,324536,,,Amanda Anisimova,,,,,988932,,,Viktorija Golubic,,,,,6-0 6-2,3,R64,,2,1,,,,,,,,0,2,,,,,,,,,,,
2025-french-open,French Open,Clay,,G,20250525,66,809492,,,Qinwen Zheng,,,,,741705,,,Emiliana Arango,,,,,6-2 6-3,3,R64,,2,4,,,,,,,,0,0,,,,,,,,,,,
2025-french-open,French Open,Clay,,G,20250525,67,844223,,,Victoria Mboko,,,,,743463,,,Eva Lys,,,,,6-4 6-4,3,R64,,2,4,,,,,,,,0,3,,,,,,,,,,,
2025-french-open,French Open,Clay,,G,20250525,68,324333,,,Jasmine Paolini,,,,,389789,,,Ajla Tomljanovic,,,,,6-3 6-3,3,R64,,3,3,,,,,,,,1,3,,,,,,,,,,,
2025-french-open,French Open,Clay,,G,20250525,69,568896,,,Elina Svitolina,,,,,610520,,,Anna Bondar,,,,,7-6 7-5,3,R64,,4,3,,,,,,,,2,1,,,,,,,,,,,
2025-french-open,French Open,Clay,,G,20250525,70,557676,,,Bernarda Pera,,,,,975382,,,Donna Vekic,,,,,6-2 4-6 7-6,3,R64,,9,7,,,,,,,,5,9,,,,,,,,,,,
2025-french-open,French Open,Clay,,G,20250525,71,976242,,,Yuliia Starodubtseva,,,,,651611,,,Anastasia Potapova,,,,,7-6 6-2,3,R64,,1,5,,,,,,,,1,2,,,,,,,,,,,
2025-french-open,French Open,Clay,,G,20250525,72,359411,,,Clara Tauson,,,,,342785,,,Arantxa Rus,,,,,7-6 7-5,3,R64,,4,7,,,,,,,,0,2,,,,,,,,,,,
2025-french-open,French Open,Clay,,G,20250525,73,139227,,,Iga Swiatek,,,,,858188,,,Emma Raducanu,,,,,6-1 6-2,3,R64,,3,3,,,,,,,,2,0,,,,,,,,,,,
2025-french-open,French Open,Clay,,G,20250525,74,923407,,,Olga Danilovic,,,,,788190,,,Danielle Collins,,,,,6-4 3-6 6-4,3,R64,,1,3,,,,,,,,2,9,,,,,,,,,,,
2025-french-open,French Open,Clay,,G,20250525,75,885728,,,Jaqueline  Cristian,,,,,429517,,,Sara Bejlek,,,,,1-6 6-3 6-3,3,R64,,1,4,,,,,,,,0,1,,,,,,,,,,,
2025-french-open,French Open,Clay,,G,20250525,76,286370,,,Liudmila Samsonova,,,,,275150,,,Leyre Romero Gormaz,,,,,6-3 6-3,3,R64,,0,3,,,,,,,,2,7,,,,,,,,,,,
2025-french-open,French Open,Clay,,G,20250525,77,762485,,,Jelena Ostapenko,,,,,446701,,,Caroline Dolehide,,,,,5-7 6-3 6-3,3,R64,,4,7,,,,,,,,5,1,,,,,,,,,,,
2025-french-open,French Open,Clay,,G,20250525,78,716715,,,Aryna Sabalenka,,,,,920327,,,Jil Teichmann,,,,,6-3 6-1,3,R64,,2,4,,,,,,,,1,1,,,,,,,,,,,
2025-french-open,French Open,Clay,,G,20250525,79,813190,,,Dayana Yastremska,,,,,425446,,,Diana Shnaider,,,,,7-5 7-5,3,R64,,4,9,,,,,,,,0,3,,,,,,,,,,,
2025-french-open,French Open,Clay,,G,20250525,80,350535,,,Elena Rybakina,,,,,388459,,,Iva Jovic,,,,,6-3 6-3,3,R64,,5,1,,,,,,,,0,1,,,,,,,,,,,
2025-french-open,French Open,Clay,,G,20250525,81,339700,,,Marketa Vondrousova,,,,,362890,,,Magdalena Frech,,,,,6-0 4-6 6-3,3,R64,,1,4,,,,,,,,1,3,,,,,,,,,,,
2025-french-open,French Open,Clay,,G,20250525,82,727666,,,Mirra Andreeva,,,,,701534,,,Ashlyn Krueger,,,,,6-3 6-4,3,R64,,1,6,,,,,,,,0,4,,,,,,,,,,,
2025-french-open,French Open,Clay,,G,20250525,83,369605,,,Marie Bouzkova,,,,,444525,,,Sonay Kartal,,,,,6-1 6-4,3,R64,,0,2,,,,,,,,0,4,,,,,,,,,,,
2025-french-open,French Open,Clay,,G,20250525,84,814118,,,Jessica Pegula,,,,,619460,,,Ann Li,,,,,6-3 7-6,3,R64,,1,0,,,,,,,,4,1,,,,,,,,,,,
2025-french-open,French Open,Clay,,G,20250525,85,987862,,,Hailey Baptiste,,,,,615524,,,Nao Hibino,,,,,6-3 6-2,3,R64,,6,0,,,,,,,,2,3,,,,,,,,,,,
2025-french-open,French Open,Clay,,G,20250525,86,558914,,,Ekaterina Alexandrova,,,,,121013,,,Elisabetta Cocciaretto,,,,,6-1 6-3,3,R64,,5,4,,,,,,,,1,3,,,,,,,,,,,
2025-french-open,French Open,Clay,,G,20250525,87,595819,,,Jessica Bouzas Maneiro,,,,,735911,,,Robin Montgomery,,,,,6-4 4-6 7-5,3,R64,,1,4,,,,,,,,2,6,,,,,,,,,,,
2025-french-open,French Open,Clay,,G,20250525,88,133650,,,Yulia Putintseva,,,,,286291,,,Joanna Garland,,,,,7-6 6-3,3,R64,,1,1,,,,,,,,0,2,,,,,,,,,,,
2025-french-open,French Open,Clay,,G,20250525,89,876368,,,Veronika Kudermetova,,,,,358837,,,Barbora Krejcikova,,,,,6-0 6-3,3,R64,,4,1,,,,,,,,0,5,,,,,,,,,,,
2025-french-open,French Open,Clay,,G,20250525,90,296713,,,Coco Gauff,,,,,922335,,,Tereza Valentova,,,,,6-2 6-4,3,R64,,2,6,,,,,,,,2,3,,,,,,,,,,,
2025-french-open,French Open,Clay,,G,20250525,91,695399,,,Paula Badosa,,,,,275310,,,Elena-Gabriela Ruse,,,,,3-6 6-4 6-4,3,R64,,5,5,,,,,,,,8,6,,,,,,,,,,,
2025-french-open,French Open,Clay,,G,20250525,92,731934,,,Madison Keys,,,,,970027,,,Katie Boulter,,,,,6-1 6-3,3,R64,,1,1,,,,,,,,2,9,,,,,,,,,,,
2025-french-open,French Open,Clay,,G,20250525,93,799344,,,Lois Boisson,,,,,561744,,,Anhelina Kalinina,,,,,6-1 6-2,3,R64,,4,1,,,,,,,,0,1,,,,,,,,,,,
2025-french-open,French Open,Clay,,G,20250525,94,973113,,,Elsa Jacquemot,,,,,663060,,,Alycia Parks,,,,,6-2 6-7 6-1,3,R64,,1,2,,,,,,,,4,8,,,,,,,,,,,
2025-french-open,French Open,Clay,,G,20250525,95,549141,,,Sofia Kenin,,,,,804895,,,Victoria Azarenka,,,,,7-6 6-4,3,R64,,3,3,,,,,,,,7,6,,,,,,,,,,,
2025-french-open,French Open,Clay,,G,20250525,96,626163,,,Daria Kasatkina,,,,,344636,,,Leolia Jeanjean,,,,,6-4 6-2,3,R64,,0,3,,,,,,,,1,4,,,,,,,,,,,
2025-french-open,French Open,Clay,,G,20250525,97,809492,,,Qinwen Zheng,,,,,844223,,,Victoria Mboko,,,,,6-3 6-4,3,R32,,3,2,,,,,,,,0,3,,,,,,,,,,,
2025-french-open,French Open,Clay,,G,20250525,98,324536,,,Amanda Anisimova,,,,,359411,,,Clara Tauson,,,,,7-6 6-4,3,R32,,2,2,,,,,,,,3,5,,,,,,,,,,,
2025-french-open,French Open,Clay,,G,20250525,99,716715,,,Aryna Sabalenka,,,,,923407,,,Olga Danilovic,,,,,6-2 6-3,3,R32,,1,0,,,,,,,,1,6,,,,,,,,,,,
2025-french-open,French Open,Clay,,G,20250525,100,286370,,,Liudmila Samsonova,,,,,813190,,,Dayana Yastremska,,,,,6-2 6-3,3,R32,,2,0,,,,,,,,1,4,,,,,,,,,,,
2025-french-open,French Open,Clay,,G,20250525,101,139227,,,Iga Swiatek,,,,,885728,,,Jaqueline  Cristian,,,,,6-2 7-5,3,R32,,0,0,,,,,,,,1,3,,,,,,,,,,,
2025-french-open,French Open,Clay,,G,20250525,102,350535,,,Elena Rybakina,,,,,762485,,,Jelena Ostapenko,,,,,6-2 6-2,3,R32,,6,4,,,,,,,,3,8,,,,,,,,,,,
2025-french-open,French Open,Clay,,G,20250525,103,324333,,,Jasmine Paolini,,,,,976242,,,Yuliia Starodubtseva,,,,,6-4 6-1,3,R32,,0,1,,,,,,,,0,4,,,,,,,,,,,
2025-french-open,French Open,Clay,,G,20250525,104,568896,,,Elina Svitolina,,,,,557676,,,Bernarda Pera,,,,,7-6 7-6,3,R32,,7,5,,,,,,,,2,4,,,,,,,,,,,
2025-french-open,French Open,Clay,,G,20250525,105,626163,,,Daria Kasatkina,,,,,695399,,,Paula Badosa,,,,,6-1 7-5,3,R32,,2,3,,,,,,,,0,2,,,,,,,,,,,
2025-french-open,French Open,Clay,,G,20250525,106,727666,,,Mirra Andreeva,,,,,133650,,,Yulia Putintseva,,,,,6-3 6-1,3,R32,,1,5,,,,,,,,0,1,,,,,,,,,,,
2025-french-open,French Open,Clay,,G,20250525,107,814118,,,Jessica Pegula,,,,,339700,,,Marketa Vondrousova,,,,,3-6 6-4 6-2,3,R32,,6,2,,,,,,,,0,6,,,,,,,,,,,
2025-french-open,French Open,Clay,,G,20250525,108,799344,,,Lois Boisson,,,,,973113,,,Elsa Jacquemot,,,,,6-3 0-6 7-5,3,R32,,1,6,,,,,,,,5,3,,,,,,,,,,,
2025-french-open,French Open,Clay,,G,20250525,109,558914,,,Ekaterina Alexandrova,,,,,876368,,,Veronika Kudermetova,,,,,6-2 6-2,3,R32,,4,4,,,,,,,,4,0,,,,,,,,,,,
2025-french-open,French Open,Clay,,G,20250525,110,987862,,,Hailey Baptiste,,,,,595819,,,Jessica Bouzas Maneiro,,,,,7-6 6-1,3,R32,,4,0,,,,,,,,1,3,,,,,,,,,,,
2025-french-open,French Open,Clay,,G,20250525,111,731934,,,Madison Keys,,,,,549141,,,Sofia Kenin,,,,,4-6 6-3 7-5,3,R32,,8,1,,,,,,,,0,6,,,,,,,,,,,
2025-french-open,French Open,Clay,,G,20250525,112,296713,,,Coco Gauff,,,,,369605,,,Marie Bouzkova,,,,,6-1 7-6,3,R32,,0,4,,,,,,,,1,3,,,,,,,,,,,
2025-french-open,French Open,Clay,,G,20250525,113,568896,,,Elina Svitolina,,,,,324333,,,Jasmine Paolini,,,,,4-6 7-6 6-1,3,R16,,2,4,,,,,,,,1,0,,,,,,,,,,,
2025-french-open,French Open,Clay,,G,20250525,114,809492,,,Qinwen Zheng,,,,,286370,,,Liudmila Samsonova,,,,,7-6 1-6 6-3,3,R16,,10,8,,,,,,,,0,0,,,,,,,,,,,
2025-french-open,French Open,Clay,,G,20250525,115,139227,,,Iga Swiatek,,,,,350535,,,Elena Rybakina,,,,,1-6 6-3 7-5,3,R16,,2,7,,,,,,,,3,3,,,,,,,,,,,
2025-french-open,French Open,Clay,,G,20250525,116,716715,,,Aryna Sabalenka,,,,,324536,,,Amanda Anisimova,,,,,7-5 6-3,3,R16,,11,3,,,,,,,,3,5,,,,,,,,,,,
2025-french-open,French Open,Clay,,G,20250525,117,296713,,,Coco Gauff,,,,,558914,,,Ekaterina Alexandrova,,,,,6-0 7-5,3,R16,,3,4,,,,,,,,0,0,,,,,,,,,,,
2025-french-open,French Open,Clay,,G,20250525,118,727666,,,Mirra Andreeva,,,,,626163,,,Daria Kasatkina,,,,,6-3 7-5,3,R16,,3,0,,,,,,,,1,2,,,,,,,,,,,
2025-french-open,French Open,Clay,,G,20250525,119,799344,,,Lois Boisson,,,,,814118,,,Jessica Pegula,,,,,3-6 6-4 6-4,3,R16,,3,7,,,,,,,,0,1,,,,,,,,,,,
2025-french-open,French Open,Clay,,G,20250525,120,731934,,,Madison Keys,,,,,987862,,,Hailey Baptiste,,,,,6-3 7-5,3,R16,,7,2,,,,,,,,3,2,,,,,,,,,,,
2025-french-open,French Open,Clay,,G,20250525,121,716715,,,Aryna Sabalenka,,,,,809492,,,Qinwen Zheng,,,,,7-6 6-3,3,QF,,6,2,,,,,,,,5,5,,,,,,,,,,,
2025-french-open,French Open,Clay,,G,20250525,122,139227,,,Iga Swiatek,,,,,568896,,,Elina Svitolina,,,,,6-1 7-5,3,QF,,3,4,,,,,,,,0,1,,,,,,,,,,,
2025-french-open,French Open,Clay,,G,20250525,123,296713,,,Coco Gauff,,,,,731934,,,Madison Keys,,,,,6-7 6-4 6-1,3,QF,,1,10,,,,,,,,0,4,,,,,,,,,,,
2025-french-open,French Open,Clay,,G,20250525,124,799344,,,Lois Boisson,,,,,727666,,,Mirra Andreeva,,,,,7-6 6-3,3,QF,,3,3,,,,,,,,1,9,,,,,,,,,,,
2025-french-open,French Open,Clay,,G,20250525,125,716715,,,Aryna Sabalenka,,,,,139227,,,Iga Swiatek,,,,,7-6 4-6 6-0,3,SF,,3,2,,,,,,,,1,4,,,,,,,,,,,
2025-french-open,French Open,Clay,,G,20250525,126,296713,,,Coco Gauff,,,,,799344,,,Lois Boisson,,,,,6-1 6-2,3,SF,,0,2,,,,,,,,0,1,,,,,,,,,,,
2025-french-open,French Open,Clay,,G,20250525,127,296713,,,Coco Gauff,,,,,716715,,,Aryna Sabalenka,,,,,6-7 6-2 6-4,3,F,,3,8,,,,,,,,2,6,,,,,,,,,,,
2025-hertogenbosch,Hertogenbosch,Grass,,I,20250609,1,876368,,,Veronika Kudermetova,,,,,824108,,,Polina Kudermetova,,,,,6-3 6-3,3,R32,,9,2,,,,,,,,2,7,,,,,,,,,,,
2025-hertogenbosch,Hertogenbosch,Grass,,I,20250609,2,121013,,,Elisabetta Cocciaretto,,,,,103288,,,Arianne Hartono,,,,,7-6 7-5,3,R32,,3,5,,,,,,,,1,4,,,,,,,,,,,
2025-hertogenbosch,Hertogenbosch,Grass,,I,20250609,3,809758,,,Elise Mertens,,,,,897792,,,Viktoriya Tomova,,,,,6-4 6-0,3,R32,,4,1,,,,,,,,1,0,,,,,,,,,,,
2025-hertogenbosch,Hertogenbosch,Grass,,I,20250609,4,460138,,,Lulu Sun,,,,,564861,,,Vrancken Peeters A.,,,,,6-1 6-3,3,R32,,1,2,,,,,,,,0,4,,,,,,,,,,,
2025-hertogenbosch,Hertogenbosch,Grass,,I,20250609,5,803486,,,Yue Yuan,,,,,465575,,,Anastasija Sevastova,,,,,6-3 6-3,3,R32,,1,0,,,,,,,,4,4,,,,,,,,,,,
2025-hertogenbosch,Hertogenbosch,Grass,,I,20250609,6,126226,,,Anna Blinkova,,,,,344482,,,Katerina Siniakova,,,,,6-3 6-1,3,R32,,1,1,,,,,,,,1,7,,,,,,,,,,,
2025-hertogenbosch,Hertogenbosch,Grass,,I,20250609,7,689373,,,Suzan Lamens,,,,,382331,,,Yanina Wickmayer,,,,,6-3 0-6 6-3,3,R32,,4,4,,,,,,,,2,4,,,,,,,,,,,
2025-hertogenbosch,Hertogenbosch,Grass,,I,20250609,8,851560,,,Kimberly Birrell,,,,,600494,,,Xinyu Wang,,,,,7-5 6-7 6-1,3,R32,,6,7,,,,,,,,14,5,,,,,,,,,,,
2025-hertogenbosch,Hertogenbosch,Grass,,I,20250609,9,557676,,,Bernarda Pera,,,,,684064,,,Magda Linette,,,,,6-2 6-7 7-5,3,R32,,4,8,,,,,,,,7,4,,,,,,,,,,,
2025-hertogenbosch,Hertogenbosch,Grass,,I,20250609,10,409001,,,Bianca Andreescu,,,,,286291,,,Joanna Garland,,,,,6-1 6-3,3,R32,,4,1,,,,,,,,1,3,,,,,,,,,,,
2025-hertogenbosch,Hertogenbosch,Grass,,I,20250609,11,558914,,,Ekaterina Alexandrova,,,,,434479,,,Mariam Bolkvadze,,,,,6-3 6-4,3,R32,,10,3,,,,,,,,0,3,,,,,,,,,,,
2025-hertogenbosch,Hertogenbosch,Grass,,I,20250609,12,460146,,,Greet Minnen,,,,,788190,,,Danielle Collins,,,,,4-6 6-1 6-2,3,R32,,3,2,,,,,,,,4,8,,,,,,,,,,,
2025-hertogenbosch,Hertogenbosch,Grass,,I,20250609,13,619460,,,Ann Li,,,,,651611,,,Anastasia Potapova,,,,,7-5 6-2,3,R32,,6,1,,,,,,,,0,1,,,,,,,,,,,
2025-hertogenbosch,Hertogenbosch,Grass,,I,20250609,14,275310,,,Elena-Gabriela Ruse,,,,,831068,,,Van den Broek I. L.,,,,,6-2 6-1,3,R32,,3,2,,,,,,,,0,3,,,,,,,,,,,
2025-hertogenbosch,Hertogenbosch,Grass,,I,20250609,15,710062,,,Maria Sakkari,,,,,898497,,,Anouk Koevermans,,,,,6-3 6-4,3,R32,,0,4,,,,,,,,3,2,,,,,,,,,,,
2025-hertogenbosch,Hertogenbosch,Grass,,I,20250609,16,169028,,,Carson Branstine,,,,,286370,,,Liudmila Samsonova,,,,,6-4 5-7 6-1,3,R32,,6,5,,,,,,,,5,3,,,,,,,,,,,
2025-hertogenbosch,Hertogenbosch,Grass,,I,20250609,17,121013,,,Elisabetta Cocciaretto,,,,,557676,,,Bernarda Pera,,,,,6-1 7-6,3,R16,,4,2,,,,,,,,2,0,,,,,,,,,,,
2025-hertogenbosch,Hertogenbosch,Grass,,I,20250609,18,558914,,,Ekaterina Alexandrova,,,,,126226,,,Anna Blinkova,,,,,6-0 7-5,3,R16,,4,5,,,,,,,,1,7,,,,,,,,,,,
2025-hertogenbosch,Hertogenbosch,Grass,,I,20250609,19,876368,,,Veronika Kudermetova,,,,,460146,,,Greet Minnen,,,,,6-4 6-1,3,R16,,4,3,,,,,,,,3,5,,,,,,,,,,,
2025-hertogenbosch,Hertogenbosch,Grass,,I,20250609,20,275310,,,Elena-Gabriela Ruse,,,,,169028,,,Carson Branstine,,,,,6-4 6-3,3,R16,,1,3,,,,,,,,2,2,,,,,,,,,,,
2025-hertogenbosch,Hertogenbosch,Grass,,I,20250609,21,689373,,,Suzan Lamens,,,,,619460,,,Ann Li,,,,,7-6 7-6,3,R16,,2,5,,,,,,,,7,3,,,,,,,,,,,
2025-hertogenbosch,Hertogenbosch,Grass,,I,20250609,22,809758,,,Elise Mertens,,,,,710062,,,Maria Sakkari,,,,,6-3 6-0,3,R16,,2,4,,,,,,,,2,2,,,,,,,,,,,
2025-hertogenbosch,Hertogenbosch,Grass,,I,20250609,23,409001,,,Bianca Andreescu,,,,,460138,,,Lulu Sun,,,,,6-0 6-4,3,R16,,2,5,,,,,,,,1,3,,,,,,,,,,,
2025-hertogenbosch,Hertogenbosch,Grass,,I,20250609,24,803486,,,Yue Yuan,,,,,851560,,,Kimberly Birrell,,,,,6-4 6-3,3,R16,,5,2,,,,,,,,2,4,,,,,,,,,,,
2025-hertogenbosch,Hertogenbosch,Grass,,I,20250609,25,558914,,,Ekaterina Alexandrova,,,,,876368,,,Veronika Kudermetova,,,,,5-7 6-4 6-2,3,QF,,9,10,,,,,,,,6,2,,,,,,,,,,,
2025-hertogenbosch,Hertogenbosch,Grass,,I,20250609,26,809758,,,Elise Mertens,,,,,803486,,,Yue Yuan,,,,,6-0 6-4,3,QF,,5,4,,,,,,,,0,2,,,,,,,,,,,
2025-hertogenbosch,Hertogenbosch,Grass,,I,20250609,27,121013,,,Elisabetta Cocciaretto,,,,,689373,,,Suzan Lamens,,,,,6-2 7-6,3,QF,,4,1,,,,,,,,3,3,,,,,,,,,,,
2025-hertogenbosch,Hertogenbosch,Grass,,I,20250609,28,275310,,,Elena-Gabriela Ruse,,,,,409001,,,Bianca Andreescu,,,,,6-2 6-4,3,QF,,3,3,,,,,,,,4,5,,,,,,,,,,,
2025-hertogenbosch,Hertogenbosch,Grass,,I,20250609,29,809758,,,Elise Mertens,,,,,558914,,,Ekaterina Alexandrova,,,,,2-6 7-6 6-4,3,SF,,7,10,,,,,,,,5,6,,,,,,,,,,,
2025-hertogenbosch,Hertogenbosch,Grass,,I,20250609,30,275310,,,Elena-Gabriela Ruse,,,,,121013,,,Elisabetta Cocciaretto,,,,,2-6 6-4 6-3,3,SF,,5,4,,,,,,,,2,5,,,,,,,,,,,
2025-hertogenbosch,Hertogenbosch,Grass,,I,20250609,31,809758,,,Elise Mertens,,,,,275310,,,Elena-Gabriela Ruse,,,,,6-3 7-6,3,F,,4,0,,,,,,,,1,7,,,,,,,,,,,
2025-london,London,Grass,,I,20250609,1,913730,,,Tatjana Maria,,,,,914953,,,Leylah Fernandez,,,,,7-6 6-2,3,R32,,7,3,,,,,,,,3,4,,,,,,,,,,,
2025-london,London,Grass,,I,20250609,2,692146,,,Beatriz Haddad Maia,,,,,862485,,,Petra Kvitova,,,,,2-6 6-4 6-4,3,R32,,4,8,,,,,,,,8,6,,,,,,,,,,,
2025-london,London,Grass,,I,20250609,3,444525,,,Sonay Kartal,,,,,626163,,,Daria Kasatkina,,,,,6-1 3-6 6-3,3,R32,,0,0,,,,,,,,1,5,,,,,,,,,,,
2025-london,London,Grass,,I,20250609,4,926087,,,Anastasia Zakharova,,,,,975382,,,Donna Vekic,,,,,6-3 6-3,3,R32,,5,3,,,,,,,,4,6,,,,,,,,,,,
2025-london,London,Grass,,I,20250609,5,324536,,,Amanda Anisimova,,,,,889635,,,Jodie Burrage,,,,,4-6 6-3 6-4,3,R32,,12,8,,,,,,,,9,9,,,,,,,,,,,
2025-london,London,Grass,,I,20250609,6,630986,,,Heather Watson,,,,,133650,,,Yulia Putintseva,,,,,6-4 6-3,3,R32,,3,1,,,,,,,,3,0,,,,,,,,,,,
2025-london,London,Grass,,I,20250609,7,970027,,,Katie Boulter,,,,,389789,,,Ajla Tomljanovic,,,,,7-6 1-6 6-4,3,R32,,6,9,,,,,,,,6,7,,,,,,,,,,,
2025-london,London,Grass,,I,20250609,8,563551,,,Karolina Muchova,,,,,646421,,,Maddison Inglis,,,,,7-6 3-6 6-4,3,R32,,12,9,,,,,,,,5,6,,,,,,,,,,,
2025-london,London,Grass,,I,20250609,9,421789,,,Mccartney Kessler,,,,,794930,,,Francesca Jones,,,,,6-2 6-4,3,R32,,1,0,,,,,,,,1,6,,,,,,,,,,,
2025-london,London,Grass,,I,20250609,10,858188,,,Emma Raducanu,,,,,480371,,,Cristina Bucsa,,,,,6-1 6-2,3,R32,,2,1,,,,,,,,3,1,,,,,,,,,,,
2025-london,London,Grass,,I,20250609,11,123538,,,Rebecca Sramkova,,,,,358837,,,Barbora Krejcikova,,,,,6-4 6-3,3,R32,,1,4,,,,,,,,0,4,,,,,,,,,,,
2025-london,London,Grass,,I,20250609,12,425446,,,Diana Shnaider,,,,,362890,,,Magdalena Frech,,,,,6-4 6-1,3,R32,,3,2,,,,,,,,1,1,,,,,,,,,,,
2025-london,London,Grass,,I,20250609,13,804248,,,Emma Navarro,,,,,692146,,,Beatriz Haddad Maia,,,,,1-6 7-6 6-3,3,R16,,0,4,,,,,,,,4,8,,,,,,,,,,,
2025-london,London,Grass,,I,20250609,14,913730,,,Tatjana Maria,,,,,563551,,,Karolina Muchova,,,,,6-7 7-5 6-1,3,R16,,5,0,,,,,,,,8,2,,,,,,,,,,,
2025-london,London,Grass,,I,20250609,15,324536,,,Amanda Anisimova,,,,,444525,,,Sonay Kartal,,,,,6-1 6-3,3,R16,,1,3,,,,,,,,1,0,,,,,,,,,,,
2025-london,London,Grass,,I,20250609,16,731934,,,Madison Keys,,,,,926087,,,Anastasia Zakharova,,,,,6-3 6-2,3,R16,,2,0,,,,,,,,0,3,,,,,,,,,,,
2025-london,London,Grass,,I,20250609,17,425446,,,Diana Shnaider,,,,,970027,,,Katie Boulter,,,,,2-6 6-3 6-2,3,R16,,3,1,,,,,,,,4,9,,,,,,,,,,,
2025-london,London,Grass,,I,20250609,18,350535,,,Elena Rybakina,,,,,630986,,,Heather Watson,,,,,6-4 6-2,3,R16,,9,3,,,,,,,,2,4,,,,,,,,,,,
2025-london,London,Grass,,I,20250609,19,858188,,,Emma Raducanu,,,,,123538,,,Rebecca Sramkova,,,,,6-4 6-1,3,R16,,0,2,,,,,,,,1,4,,,,,,,,,,,
2025-london,London,Grass,,I,20250609,20,809492,,,Qinwen Zheng,,,,,421789,,,Mccartney Kessler,,,,,6-3 4-6 7-5,3,R16,,10,5,,,,,,,,2,2,,,,,,,,,,,
2025-london,London,Grass,,I,20250609,21,731934,,,Madison Keys,,,,,425446,,,Diana Shnaider,,,,,2-6 6-3 6-4,3,QF,,4,6,,,,,,,,2,1,,,,,,,,,,,
2025-london,London,Grass,,I,20250609,22,913730,,,Tatjana Maria,,,,,350535,,,Elena Rybakina,,,,,6-4 7-6,3,QF,,9,2,,,,,,,,10,1,,,,,,,,,,,
2025-london,London,Grass,,I,20250609,23,809492,,,Qinwen Zheng,,,,,858188,,,Emma Raducanu,,,,,6-2 6-4,3,QF,,5,4,,,,,,,,4,7,,,,,,,,,,,
2025-london,London,Grass,,I,20250609,24,324536,,,Amanda Anisimova,,,,,804248,,,Emma Navarro,,,,,6-3 6-3,3,QF,,4,4,,,,,,,,2,4,,,,,,,,,,,
2025-london,London,Grass,,I,20250609,25,913730,,,Tatjana Maria,,,,,731934,,,Madison Keys,,,,,6-3 7-6,3,SF,,5,0,,,,,,,,10,2,,,,,,,,,,,
2025-london,London,Grass,,I,20250609,26,324536,,,Amanda Anisimova,,,,,809492,,,Qinwen Zheng,,,,,6-2 4-6 6-4,3,SF,,3,9,,,,,,,,5,8,,,,,,,,,,,
2025-london,London,Grass,,I,20250609,27,913730,,,Tatjana Maria,,,,,324536,,,Amanda Anisimova,,,,,6-3 6-4,3,F,,7,2,,,,,,,,4,1,,,,,,,,,,,
2025-berlin,Berlin,Grass,,P,20250616,1,344482,,,Katerina Siniakova,,,,,897792,,,Viktoriya Tomova,,,,,6-1 6-2,3,R32,,2,1,,,,,,,,1,2,,,,,,,,,,,
2025-berlin,Berlin,Grass,,P,20250616,2,804248,,,Emma Navarro,,,,,756180,,,Marta Kostyuk,,,,,6-2 6-3,3,R32,,0,2,,,,,,,,2,3,,,,,,,,,,,
2025-berlin,Berlin,Grass,,P,20250616,3,638293,,,Ons Jabeur,,,,,446701,,,Caroline Dolehide,,,,,7-6 6-1,3,R32,,2,4,,,,,,,,1,3,,,,,,,,,,,
2025-berlin,Berlin,Grass,,P,20250616,4,149280,,,Rebeka Masarova,,,,,549141,,,Sofia Kenin,,,,,6-3 6-2,3,R32,,9,2,,,,,,,,0,4,,,,,,,,,,,
2025-berlin,Berlin,Grass,,P,20250616,5,362890,,,Magdalena Frech,,,,,727666,,,Mirra Andreeva,,,,,2-6 7-5 6-0,3,R32,,1,3,,,,,,,,1,8,,,,,,,,,,,
2025-berlin,Berlin,Grass,,P,20250616,6,695399,,,Paula Badosa,,,,,743463,,,Eva Lys,,,,,6-1 6-3,3,R32,,8,2,,,,,,,,0,3,,,,,,,,,,,
2025-berlin,Berlin,Grass,,P,20250616,7,600494,,,Xinyu Wang,,,,,626163,,,Daria Kasatkina,,,,,6-3 6-2,3,R32,,1,1,,,,,,,,0,3,,,,,,,,,,,
2025-berlin,Berlin,Grass,,P,20250616,8,286370,,,Liudmila Samsonova,,,,,714334,,,Naomi Osaka,,,,,3-6 7-6 6-4,3,R32,,14,4,,,,,,,,5,5,,,,,,,,,,,
2025-berlin,Berlin,Grass,,P,20250616,9,339700,,,Marketa Vondrousova,,,,,731934,,,Madison Keys,,,,,7-5 7-6,3,R32,,3,4,,,,,,,,2,0,,,,,,,,,,,
2025-berlin,Berlin,Grass,,P,20250616,10,324536,,,Amanda Anisimova,,,,,409001,,,Bianca Andreescu,,,,,6-4 6-3,3,R32,,2,1,,,,,,,,4,3,,,,,,,,,,,
2025-berlin,Berlin,Grass,,P,20250616,11,425446,,,Diana Shnaider,,,,,975382,,,Donna Vekic,,,,,6-2 6-4,3,R32,,1,1,,,,,,,,0,4,,,,,,,,,,,
2025-berlin,Berlin,Grass,,P,20250616,12,350535,,,Elena Rybakina,,,,,701534,,,Ashlyn Krueger,,,,,6-3 7-6,3,R32,,6,3,,,,,,,,2,4,,,,,,,,,,,
2025-berlin,Berlin,Grass,,P,20250616,13,695399,,,Paula Badosa,,,,,804248,,,Emma Navarro,,,,,7-6 6-3,3,R16,,5,4,,,,,,,,1,1,,,,,,,,,,,
2025-berlin,Berlin,Grass,,P,20250616,14,638293,,,Ons Jabeur,,,,,324333,,,Jasmine Paolini,,,,,6-1 6-3,3,R16,,8,0,,,,,,,,0,3,,,,,,,,,,,
2025-berlin,Berlin,Grass,,P,20250616,15,286370,,,Liudmila Samsonova,,,,,814118,,,Jessica Pegula,,,,,6-7 7-5 7-6,3,R16,,18,2,,,,,,,,2,8,,,,,,,,,,,
2025-berlin,Berlin,Grass,,P,20250616,16,339700,,,Marketa Vondrousova,,,,,425446,,,Diana Shnaider,,,,,6-3 6-7 6-3,3,R16,,3,8,,,,,,,,0,7,,,,,,,,,,,
2025-berlin,Berlin,Grass,,P,20250616,17,716715,,,Aryna Sabalenka,,,,,149280,,,Rebeka Masarova,,,,,6-2 7-6,3,R16,,5,5,,,,,,,,7,3,,,,,,,,,,,
2025-berlin,Berlin,Grass,,P,20250616,18,350535,,,Elena Rybakina,,,,,344482,,,Katerina Siniakova,,,,,6-4 7-6,3,R16,,5,8,,,,,,,,1,6,,,,,,,,,,,
2025-berlin,Berlin,Grass,,P,20250616,19,600494,,,Xinyu Wang,,,,,296713,,,Coco Gauff,,,,,6-3 6-3,3,R16,,1,1,,,,,,,,1,7,,,,,,,,,,,
2025-berlin,Berlin,Grass,,P,20250616,20,324536,,,Amanda Anisimova,,,,,362890,,,Magdalena Frech,,,,,6-2 4-6 6-3,3,R16,,3,6,,,,,,,,1,6,,,,,,,,,,,
2025-berlin,Berlin,Grass,,P,20250616,21,339700,,,Marketa Vondrousova,,,,,638293,,,Ons Jabeur,,,,,6-4 6-1,3,QF,,0,1,,,,,,,,1,0,,,,,,,,,,,
2025-berlin,Berlin,Grass,,P,20250616,22,600494,,,Xinyu Wang,,,,,695399,,,Paula Badosa,,,,,6-1 0-0,3,QF,,2,0,,,,,,,,0,4,,,,,,,,,,,
2025-berlin,Berlin,Grass,,P,20250616,23,716715,,,Aryna Sabalenka,,,,,350535,,,Elena Rybakina,,,,,7-6 3-6 7-6,3,QF,,6,5,,,,,,,,14,2,,,,,,,,,,,
2025-berlin,Berlin,Grass,,P,20250616,24,286370,,,Liudmila Samsonova,,,,,324536,,,Amanda Anisimova,,,,,6-1 6-1,3,QF,,1,2,,,,,,,,2,2,,,,,,,,,,,
2025-berlin,Berlin,Grass,,P,20250616,25,339700,,,Marketa Vondrousova,,,,,716715,,,Aryna Sabalenka,,,,,6-2 6-4,3,SF,,4,3,,,,,,,,4,4,,,,,,,,,,,
2025-berlin,Berlin,Grass,,P,20250616,26,600494,,,Xinyu Wang,,,,,286370,,,Liudmila Samsonova,,,,,6-4 6-1,3,SF,,3,4,,,,,,,,3,1,,,,,,,,,,,
2025-berlin,Berlin,Grass,,P,20250616,27,339700,,,Marketa Vondrousova,,,,,600494,,,Xinyu Wang,,,,,7-6 4-6 6-2,3,F,,6,7,,,,,,,,3,4,,,,,,,,,,,
2025-nottingham,Nottingham,Grass,,I,20250616,1,914953,,,Leylah Fernandez,,,,,689373,,,Suzan Lamens,,,,,6-3 4-6 7-5,3,R32,,3,2,,,,,,,,2,7,,,,,,,,,,,
2025-nottingham,Nottingham,Grass,,I,20250616,2,813190,,,Dayana Yastremska,,,,,923407,,,Olga Danilovic,,,,,6-4 7-6,3,R32,,5,7,,,,,,,,3,5,,,,,,,,,,,
2025-nottingham,Nottingham,Grass,,I,20250616,3,133650,,,Yulia Putintseva,,,,,799426,,,Klugman H.,,,,,6-2 6-2,3,R32,,1,1,,,,,,,,0,5,,,,,,,,,,,
2025-nottingham,Nottingham,Grass,,I,20250616,4,359411,,,Clara Tauson,,,,,851560,,,Kimberly Birrell,,,,,7-5 6-2,3,R32,,7,3,,,,,,,,2,9,,,,,,,,,,,
2025-nottingham,Nottingham,Grass,,I,20250616,5,187314,,,Linda Noskova,,,,,384199,,,Anca Todoni,,,,,6-4 3-6 7-6,3,R32,,11,5,,,,,,,,13,0,,,,,,,,,,,
2025-nottingham,Nottingham,Grass,,I,20250616,6,126226,,,Anna Blinkova,,,,,568609,,,Kamilla Rakhimova,,,,,6-2 6-3,3,R32,,0,2,,,,,,,,0,2,,,,,,,,,,,
2025-nottingham,Nottingham,Grass,,I,20250616,7,651454,,,Antonia Ruzic,,,,,152800,,,Lucia Bronzetti,,,,,6-0 6-4,3,R32,,1,2,,,,,,,,5,3,,,,,,,,,,,
2025-nottingham,Nottingham,Grass,,I,20250616,8,510565,,,Lin Zhu,,,,,114904,,,Aliaksandra Sasnovich,,,,,6-4 6-1,3,R32,,0,3,,,,,,,,2,4,,,,,,,,,,,
2025-nottingham,Nottingham,Grass,,I,20250616,9,684064,,,Magda Linette,,,,,261807,,,Alexandra Eala,,,,,6-4 6-3,3,R32,,6,6,,,,,,,,1,5,,,,,,,,,,,
2025-nottingham,Nottingham,Grass,,I,20250616,10,794930,,,Francesca Jones,,,,,805782,,,Harriet Dart,,,,,7-5 6-4,3,R32,,3,4,,,,,,,,1,1,,,,,,,,,,,
2025-nottingham,Nottingham,Grass,,I,20250616,11,444525,,,Sonay Kartal,,,,,344636,,,Leolia Jeanjean,,,,,6-3 6-4,3,R32,,3,2,,,,,,,,1,1,,,,,,,,,,,
2025-nottingham,Nottingham,Grass,,I,20250616,12,123538,,,Rebecca Sramkova,,,,,685811,,,Laura Siegemund,,,,,7-6 4-6 7-6,3,R32,,5,3,,,,,,,,0,3,,,,,,,,,,,
2025-nottingham,Nottingham,Grass,,I,20250616,13,936813,,,Xu M.,,,,,421894,,,Katie Volynets,,,,,6-3 6-3,3,R32,,7,6,,,,,,,,0,0,,,,,,,,,,,
2025-nottingham,Nottingham,Grass,,I,20250616,14,970027,,,Katie Boulter,,,,,460138,,,Lulu Sun,,,,,6-2 6-2,3,R32,,4,8,,,,,,,,3,3,,,,,,,,,,,
2025-nottingham,Nottingham,Grass,,I,20250616,15,480371,,,Cristina Bucsa,,,,,976242,,,Yuliia Starodubtseva,,,,,6-3 6-3,3,R32,,1,2,,,,,,,,1,4,,,,,,,,,,,
2025-nottingham,Nottingham,Grass,,I,20250616,16,421789,,,Mccartney Kessler,,,,,692146,,,Beatriz Haddad Maia,,,,,7-5 6-7 7-5,3,R32,,2,3,,,,,,,,3,5,,,,,,,,,,,
2025-nottingham,Nottingham,Grass,,I,20250616,17,813190,,,Dayana Yastremska,,,,,651454,,,Antonia Ruzic,,,,,6-2 2-6 6-4,3,R16,,7,3,,,,,,,,2,3,,,,,,,,,,,
2025-nottingham,Nottingham,Grass,,I,20250616,18,123538,,,Rebecca Sramkova,,,,,133650,,,Yulia Putintseva,,,,,6-1 4-6 6-4,3,R16,,3,3,,,,,,,,4,3,,,,,,,,,,,
2025-nottingham,Nottingham,Grass,,I,20250616,19,187314,,,Linda Noskova,,,,,794930,,,Francesca Jones,,,,,6-1 6-3,3,R16,,9,2,,,,,,,,2,6,,,,,,,,,,,
2025-nottingham,Nottingham,Grass,,I,20250616,20,914953,,,Leylah Fernandez,,,,,480371,,,Cristina Bucsa,,,,,6-3 6-4,3,R16,,1,5,,,,,,,,2,3,,,,,,,,,,,
2025-nottingham,Nottingham,Grass,,I,20250616,21,421789,,,Mccartney Kessler,,,,,510565,,,Lin Zhu,,,,,6-1 6-4,3,R16,,1,2,,,,,,,,2,2,,,,,,,,,,,
2025-nottingham,Nottingham,Grass,,I,20250616,22,684064,,,Magda Linette,,,,,936813,,,Xu M.,,,,,7-5 6-1,3,R16,,1,0,,,,,,,,4,8,,,,,,,,,,,
2025-nottingham,Nottingham,Grass,,I,20250616,23,970027,,,Katie Boulter,,,,,444525,,,Sonay Kartal,,,,,6-4 1-6 7-5,3,R16,,5,7,,,,,,,,8,3,,,,,,,,,,,
2025-nottingham,Nottingham,Grass,,I,20250616,24,359411,,,Clara Tauson,,,,,126226,,,Anna Blinkova,,,,,6-4 6-4,3,R16,,10,4,,,,,,,,1,2,,,,,,,,,,,
2025-nottingham,Nottingham,Grass,,I,20250616,25,813190,,,Dayana Yastremska,,,,,914953,,,Leylah Fernandez,,,,,6-3 7-6,3,QF,,5,4,,,,,,,,1,1,,,,,,,,,,,
2025-nottingham,Nottingham,Grass,,I,20250616,26,684064,,,Magda Linette,,,,,359411,,,Clara Tauson,,,,,6-2 7-5,3,QF,,1,2,,,,,,,,3,8,,,,,,,,,,,
2025-nottingham,Nottingham,Grass,,I,20250616,27,421789,,,Mccartney Kessler,,,,,970027,,,Katie Boulter,,,,,6-3 3-6 6-4,3,QF,,6,5,,,,,,,,3,8,,,,,,,,,,,
2025-nottingham,Nottingham,Grass,,I,20250616,28,123538,,,Rebecca Sramkova,,,,,187314,,,Linda Noskova,,,,,3-6 6-4 6-4,3,QF,,9,4,,,,,,,,8,7,,,,,,,,,,,
2025-nottingham,Nottingham,Grass,,I,20250616,29,813190,,,Dayana Yastremska,,,,,684064,,,Magda Linette,,,,,6-4 6-4,3,SF,,5,1,,,,,,,,3,2,,,,,,,,,,,
2025-nottingham,Nottingham,Grass,,I,20250616,30,421789,,,Mccartney Kessler,,,,,123538,,,Rebecca Sramkova,,,,,6-4 6-2,3,SF,,4,3,,,,,,,,1,3,,,,,,,,,,,
2025-nottingham,Nottingham,Grass,,I,20250616,31,421789,,,Mccartney Kessler,,,,,813190,,,Dayana Yastremska,,,,,6-4 7-5,3,F,,2,2,,,,,,,,4,2,,,,,,,,,,,
2025-bad-homburg,Bad Homburg,Grass,,P,20250622,1,710062,,,Maria Sakkari,,,,,133650,,,Yulia Putintseva,,,,,7-5 7-6,3,R32,,10,3,,,,,,,,2,0,,,,,,,,,,,
2025-bad-homburg,Bad Homburg,Grass,,P,20250622,2,804248,,,Emma Navarro,,,,,756180,,,Marta Kostyuk,,,,,6-2 7-5,3,R32,,1,1,,,,,,,,3,4,,,,,,,,,,,
2025-bad-homburg,Bad Homburg,Grass,,P,20250622,3,914953,,,Leylah Fernandez,,,,,913730,,,Tatjana Maria,,,,,6-0 7-6,3,R32,,3,1,,,,,,,,4,2,,,,,,,,,,,
2025-bad-homburg,Bad Homburg,Grass,,P,20250622,4,568896,,,Elina Svitolina,,,,,809758,,,Elise Mertens,,,,,7-5 6-4,3,R32,,3,3,,,,,,,,1,5,,,,,,,,,,,
2025-bad-homburg,Bad Homburg,Grass,,P,20250622,5,187314,,,Linda Noskova,,,,,389789,,,Ajla Tomljanovic,,,,,6-3 6-2,3,R32,,9,2,,,,,,,,3,8,,,,,,,,,,,
2025-bad-homburg,Bad Homburg,Grass,,P,20250622,6,558914,,,Ekaterina Alexandrova,,,,,218416,,,Belinda Bencic,,,,,6-1 6-2,3,R32,,8,4,,,,,,,,0,4,,,,,,,,,,,
2025-bad-homburg,Bad Homburg,Grass,,P,20250622,7,359411,,,Clara Tauson,,,,,362890,,,Magdalena Frech,,,,,6-7 6-3 6-3,3,R32,,16,5,,,,,,,,7,6,,,,,,,,,,,
2025-bad-homburg,Bad Homburg,Grass,,P,20250622,8,975382,,,Donna Vekic,,,,,425446,,,Diana Shnaider,,,,,6-3 6-3,3,R32,,5,1,,,,,,,,1,1,,,,,,,,,,,
2025-bad-homburg,Bad Homburg,Grass,,P,20250622,9,344482,,,Katerina Siniakova,,,,,876368,,,Veronika Kudermetova,,,,,7-6 7-5,3,R32,,4,2,,,,,,,,5,0,,,,,,,,,,,
2025-bad-homburg,Bad Homburg,Grass,,P,20250622,10,714334,,,Naomi Osaka,,,,,923407,,,Olga Danilovic,,,,,7-6 7-6,3,R32,,16,2,,,,,,,,10,10,,,,,,,,,,,
2025-bad-homburg,Bad Homburg,Grass,,P,20250622,11,804895,,,Victoria Azarenka,,,,,685811,,,Laura Siegemund,,,,,6-2 6-2,3,R32,,5,1,,,,,,,,1,0,,,,,,,,,,,
2025-bad-homburg,Bad Homburg,Grass,,P,20250622,12,692146,,,Beatriz Haddad Maia,,,,,701534,,,Ashlyn Krueger,,,,,6-1 6-4,3,R32,,1,4,,,,,,,,1,2,,,,,,,,,,,
2025-bad-homburg,Bad Homburg,Grass,,P,20250622,13,324333,,,Jasmine Paolini,,,,,914953,,,Leylah Fernandez,,,,,7-6 7-6,3,R16,,4,1,,,,,,,,7,4,,,,,,,,,,,
2025-bad-homburg,Bad Homburg,Grass,,P,20250622,14,814118,,,Jessica Pegula,,,,,344482,,,Katerina Siniakova,,,,,6-2 6-3,3,R16,,5,2,,,,,,,,4,1,,,,,,,,,,,
2025-bad-homburg,Bad Homburg,Grass,,P,20250622,15,139227,,,Iga Swiatek,,,,,804895,,,Victoria Azarenka,,,,,6-4 6-4,3,R16,,6,3,,,,,,,,6,5,,,,,,,,,,,
2025-bad-homburg,Bad Homburg,Grass,,P,20250622,16,804248,,,Emma Navarro,,,,,714334,,,Naomi Osaka,,,,,6-4 6-4,3,R16,,0,1,,,,,,,,9,3,,,,,,,,,,,
2025-bad-homburg,Bad Homburg,Grass,,P,20250622,17,558914,,,Ekaterina Alexandrova,,,,,710062,,,Maria Sakkari,,,,,6-3 6-7 6-3,3,R16,,13,6,,,,,,,,7,5,,,,,,,,,,,
2025-bad-homburg,Bad Homburg,Grass,,P,20250622,18,692146,,,Beatriz Haddad Maia,,,,,568896,,,Elina Svitolina,,,,,3-6 6-4 7-6,3,R16,,4,5,,,,,,,,6,4,,,,,,,,,,,
2025-bad-homburg,Bad Homburg,Grass,,P,20250622,19,187314,,,Linda Noskova,,,,,975382,,,Donna Vekic,,,,,2-6 6-2 6-4,3,R16,,14,7,,,,,,,,6,4,,,,,,,,,,,
2025-bad-homburg,Bad Homburg,Grass,,P,20250622,20,727666,,,Mirra Andreeva,,,,,359411,,,Clara Tauson,,,,,3-6 6-3 6-1,3,R16,,4,3,,,,,,,,3,2,,,,,,,,,,,
2025-bad-homburg,Bad Homburg,Grass,,P,20250622,21,324333,,,Jasmine Paolini,,,,,692146,,,Beatriz Haddad Maia,,,,,7-5 7-5,3,QF,,0,3,,,,,,,,4,7,,,,,,,,,,,
2025-bad-homburg,Bad Homburg,Grass,,P,20250622,22,139227,,,Iga Swiatek,,,,,558914,,,Ekaterina Alexandrova,,,,,6-4 7-6,3,QF,,5,4,,,,,,,,3,2,,,,,,,,,,,
2025-bad-homburg,Bad Homburg,Grass,,P,20250622,23,814118,,,Jessica Pegula,,,,,804248,,,Emma Navarro,,,,,6-4 1-6 6-3,3,QF,,6,2,,,,,,,,0,3,,,,,,,,,,,
2025-bad-homburg,Bad Homburg,Grass,,P,20250622,24,187314,,,Linda Noskova,,,,,727666,,,Mirra Andreeva,,,,,6-3 6-3,3,QF,,2,1,,,,,,,,4,6,,,,,,,,,,,
2025-bad-homburg,Bad Homburg,Grass,,P,20250622,25,139227,,,Iga Swiatek,,,,,324333,,,Jasmine Paolini,,,,,6-1 6-3,3,SF,,4,0,,,,,,,,0,2,,,,,,,,,,,
2025-bad-homburg,Bad Homburg,Grass,,P,20250622,26,814118,,,Jessica Pegula,,,,,187314,,,Linda Noskova,,,,,6-7 7-5 6-1,3,SF,,8,6,,,,,,,,15,6,,,,,,,,,,,
2025-bad-homburg,Bad Homburg,Grass,,P,20250622,27,814118,,,Jessica Pegula,,,,,139227,,,Iga Swiatek,,,,,6-4 7-5,3,F,,3,1,,,,,,,,9,3,,,,,,,,,,,
2025-eastbourne,Eastbourne,Grass,,I,20250623,1,834140,,,Anastasia Pavlyuchenkova,,,,,897792,,,Viktoriya Tomova,,,,,6-1 6-7 7-6,3,R32,,3,6,,,,,,,,2,5,,,,,,,,,,,
2025-eastbourne,Eastbourne,Grass,,I,20250623,2,261807,,,Alexandra Eala,,,,,152800,,,Lucia Bronzetti,,,,,6-0 6-1,3,R32,,0,0,,,,,,,,1,3,,,,,,,,,,,
2025-eastbourne,Eastbourne,Grass,,I,20250623,3,126226,,,Anna Blinkova,,,,,369605,,,Marie Bouzkova,,,,,6-4 2-6 6-3,3,R32,,0,8,,,,,,,,4,5,,,,,,,,,,,
2025-eastbourne,Eastbourne,Grass,,I,20250623,4,794930,,,Francesca Jones,,,,,460146,,,Greet Minnen,,,,,6-4 7-5,3,R32,,1,4,,,,,,,,0,5,,,,,,,,,,,
2025-eastbourne,Eastbourne,Grass,,I,20250623,5,460138,,,Lulu Sun,,,,,626163,,,Daria Kasatkina,,,,,7-5 2-6 6-3,3,R32,,4,2,,,,,,,,2,11,,,,,,,,,,,
2025-eastbourne,Eastbourne,Grass,,I,20250623,6,690300,,,Maya Joint,,,,,638293,,,Ons Jabeur,,,,,7-5 6-2,3,R32,,1,4,,,,,,,,0,4,,,,,,,,,,,
2025-eastbourne,Eastbourne,Grass,,I,20250623,7,851560,,,Kimberly Birrell,,,,,549141,,,Sofia Kenin,,,,,6-4 6-4,3,R32,,6,4,,,,,,,,4,7,,,,,,,,,,,
2025-eastbourne,Eastbourne,Grass,,I,20250623,8,568609,,,Kamilla Rakhimova,,,,,121013,,,Elisabetta Cocciaretto,,,,,6-4 4-6 6-3,3,R32,,0,6,,,,,,,,5,4,,,,,,,,,,,
2025-eastbourne,Eastbourne,Grass,,I,20250623,9,323630,,,Varvara Gracheva,,,,,769396,,,Camila Osorio,,,,,6-4 4-6 7-5,3,R32,,2,4,,,,,,,,3,6,,,,,,,,,,,
2025-eastbourne,Eastbourne,Grass,,I,20250623,10,358837,,,Barbora Krejcikova,,,,,805782,,,Harriet Dart,,,,,6-3 6-7 7-5,3,R32,,5,7,,,,,,,,1,6,,,,,,,,,,,
2025-eastbourne,Eastbourne,Grass,,I,20250623,11,889635,,,Jodie Burrage,,,,,482165,,,Moyuka Uchijima,,,,,6-3 6-2,3,R32,,2,4,,,,,,,,2,9,,,,,,,,,,,
2025-eastbourne,Eastbourne,Grass,,I,20250623,12,123538,,,Rebecca Sramkova,,,,,885728,,,Jaqueline  Cristian,,,,,6-3 6-2,3,R32,,0,0,,,,,,,,3,4,,,,,,,,,,,
2025-eastbourne,Eastbourne,Grass,,I,20250623,13,858188,,,Emma Raducanu,,,,,619460,,,Ann Li,,,,,6-7 6-3 6-1,3,R32,,3,3,,,,,,,,2,2,,,,,,,,,,,
2025-eastbourne,Eastbourne,Grass,,I,20250623,14,813190,,,Dayana Yastremska,,,,,684064,,,Magda Linette,,,,,6-4 4-2,3,R32,,1,0,,,,,,,,0,5,,,,,,,,,,,
2025-eastbourne,Eastbourne,Grass,,I,20250623,15,762485,,,Jelena Ostapenko,,,,,444525,,,Sonay Kartal,,,,,6-3 7-6,3,R32,,3,5,,,,,,,,2,2,,,,,,,,,,,
2025-eastbourne,Eastbourne,Grass,,I,20250623,16,688846,,,Peyton Stearns,,,,,936813,,,Xu M.,,,,,6-3 6-4,3,R32,,2,4,,,,,,,,3,1,,,,,,,,,,,
2025-eastbourne,Eastbourne,Grass,,I,20250623,17,358837,,,Barbora Krejcikova,,,,,889635,,,Jodie Burrage,,,,,6-4 4-6 7-6,3,R16,,4,4,,,,,,,,10,4,,,,,,,,,,,
2025-eastbourne,Eastbourne,Grass,,I,20250623,18,834140,,,Anastasia Pavlyuchenkova,,,,,851560,,,Kimberly Birrell,,,,,7-5 7-5,3,R16,,9,4,,,,,,,,2,2,,,,,,,,,,,
2025-eastbourne,Eastbourne,Grass,,I,20250623,19,323630,,,Varvara Gracheva,,,,,123538,,,Rebecca Sramkova,,,,,7-5 6-3,3,R16,,3,1,,,,,,,,1,2,,,,,,,,,,,
2025-eastbourne,Eastbourne,Grass,,I,20250623,20,126226,,,Anna Blinkova,,,,,460138,,,Lulu Sun,,,,,6-3 6-3,3,R16,,3,2,,,,,,,,3,3,,,,,,,,,,,
2025-eastbourne,Eastbourne,Grass,,I,20250623,21,690300,,,Maya Joint,,,,,858188,,,Emma Raducanu,,,,,4-6 6-1 7-6,3,R16,,3,2,,,,,,,,1,4,,,,,,,,,,,
2025-eastbourne,Eastbourne,Grass,,I,20250623,22,568609,,,Kamilla Rakhimova,,,,,688846,,,Peyton Stearns,,,,,6-3 6-4,3,R16,,6,3,,,,,,,,6,3,,,,,,,,,,,
2025-eastbourne,Eastbourne,Grass,,I,20250623,23,261807,,,Alexandra Eala,,,,,762485,,,Jelena Ostapenko,,,,,0-6 6-2 3-2,3,R16,,0,2,,,,,,,,7,8,,,,,,,,,,,
2025-eastbourne,Eastbourne,Grass,,I,20250623,24,813190,,,Dayana Yastremska,,,,,794930,,,Francesca Jones,,,,,6-2 6-1,3,R16,,7,5,,,,,,,,0,2,,,,,,,,,,,
2025-eastbourne,Eastbourne,Grass,,I,20250623,25,323630,,,Varvara Gracheva,,,,,358837,,,Barbora Krejcikova,,,,,,3,QF,,0,0,,,,,,,,0,0,,,,,,,,,,,
2025-eastbourne,Eastbourne,Grass,,I,20250623,26,690300,,,Maya Joint,,,,,126226,,,Anna Blinkova,,,,,6-4 7-5,3,QF,,2,4,,,,,,,,0,1,,,,,,,,,,,
2025-eastbourne,Eastbourne,Grass,,I,20250623,27,261807,,,Alexandra Eala,,,,,813190,,,Dayana Yastremska,,,,,6-1 6-2,3,QF,,0,1,,,,,,,,0,2,,,,,,,,,,,
2025-eastbourne,Eastbourne,Grass,,I,20250623,28,834140,,,Anastasia Pavlyuchenkova,,,,,568609,,,Kamilla Rakhimova,,,,,6-2 2-6 6-0,3,QF,,9,7,,,,,,,,0,4,,,,,,,,,,,
2025-eastbourne,Eastbourne,Grass,,I,20250623,29,261807,,,Alexandra Eala,,,,,323630,,,Varvara Gracheva,,,,,7-5 2-6 6-3,3,SF,,2,6,,,,,,,,3,3,,,,,,,,,,,
2025-eastbourne,Eastbourne,Grass,,I,20250623,30,690300,,,Maya Joint,,,,,834140,,,Anastasia Pavlyuchenkova,,,,,7-5 6-3,3,SF,,6,1,,,,,,,,2,4,,,,,,,,,,,
2025-eastbourne,Eastbourne,Grass,,I,20250623,31,690300,,,Maya Joint,,,,,261807,,,Alexandra Eala,,,,,6-4 1-6 7-6,3,F,,0,7,,,,,,,,2,1,,,,,,,,,,,
2025-wimbledon,Wimbledon,Grass,,G,20250630,1,897792,,,Viktoriya Tomova,,,,,638293,,,Ons Jabeur,,,,,7-6 2-0,3,R128,,1,5,,,,,,,,1,0,,,,,,,,,,,
2025-wimbledon,Wimbledon,Grass,,G,20250630,2,444525,,,Sonay Kartal,,,,,762485,,,Jelena Ostapenko,,,,,7-5 2-6 6-2,3,R128,,3,2,,,,,,,,2,5,,,,,,,,,,,
2025-wimbledon,Wimbledon,Grass,,G,20250630,3,671871,,,Diane Parry,,,,,824559,,,Petra Martic,,,,,4-6 6-3 6-2,3,R128,,9,4,,,,,,,,5,5,,,,,,,,,,,
2025-wimbledon,Wimbledon,Grass,,G,20250630,4,743463,,,Eva Lys,,,,,803486,,,Yue Yuan,,,,,6-4 5-7 6-2,3,R128,,2,3,,,,,,,,1,3,,,,,,,,,,,
2025-wimbledon,Wimbledon,Grass,,G,20250630,5,975382,,,Donna Vekic,,,,,851560,,,Kimberly Birrell,,,,,6-0 6-4,3,R128,,4,3,,,,,,,,3,3,,,,,,,,,,,
2025-wimbledon,Wimbledon,Grass,,G,20250630,6,568896,,,Elina Svitolina,,,,,610520,,,Anna Bondar,,,,,6-3 6-1,3,R128,,2,2,,,,,,,,1,6,,,,,,,,,,,
2025-wimbledon,Wimbledon,Grass,,G,20250630,7,480371,,,Cristina Bucsa,,,,,384199,,,Anca Todoni,,,,,6-4 6-4,3,R128,,1,0,,,,,,,,1,2,,,,,,,,,,,
2025-wimbledon,Wimbledon,Grass,,G,20250630,8,187314,,,Linda Noskova,,,,,557676,,,Bernarda Pera,,,,,6-2 6-4,3,R128,,7,3,,,,,,,,9,4,,,,,,,,,,,
2025-wimbledon,Wimbledon,Grass,,G,20250630,9,716715,,,Aryna Sabalenka,,,,,169028,,,Carson Branstine,,,,,6-1 7-5,3,R128,,3,3,,,,,,,,7,4,,,,,,,,,,,
2025-wimbledon,Wimbledon,Grass,,G,20250630,10,692146,,,Beatriz Haddad Maia,,,,,123538,,,Rebecca Sramkova,,,,,7-6 6-4,3,R128,,5,2,,,,,,,,2,5,,,,,,,,,,,
2025-wimbledon,Wimbledon,Grass,,G,20250630,11,519047,,,Solana Sierra,,,,,397015,,,Olivia Gadecki,,,,,6-2 7-6,3,R128,,1,4,,,,,,,,2,4,,,,,,,,,,,
2025-wimbledon,Wimbledon,Grass,,G,20250630,12,114904,,,Aliaksandra Sasnovich,,,,,323630,,,Varvara Gracheva,,,,,6-4 6-7 7-6,3,R128,,6,13,,,,,,,,0,6,,,,,,,,,,,
2025-wimbledon,Wimbledon,Grass,,G,20250630,13,685811,,,Laura Siegemund,,,,,688846,,,Peyton Stearns,,,,,6-4 6-2,3,R128,,0,1,,,,,,,,3,4,,,,,,,,,,,
2025-wimbledon,Wimbledon,Grass,,G,20250630,14,425446,,,Diana Shnaider,,,,,482165,,,Moyuka Uchijima,,,,,7-6 6-3,3,R128,,3,2,,,,,,,,3,4,,,,,,,,,,,
2025-wimbledon,Wimbledon,Grass,,G,20250630,15,731934,,,Madison Keys,,,,,275310,,,Elena-Gabriela Ruse,,,,,6-7 7-5 7-5,3,R128,,5,5,,,,,,,,2,5,,,,,,,,,,,
2025-wimbledon,Wimbledon,Grass,,G,20250630,16,923407,,,Olga Danilovic,,,,,952597,,,Shuai Zhang,,,,,6-2 6-4,3,R128,,4,5,,,,,,,,3,1,,,,,,,,,,,
2025-wimbledon,Wimbledon,Grass,,G,20250630,17,914953,,,Leylah Fernandez,,,,,799426,,,Klugman H.,,,,,6-1 6-3,3,R128,,3,6,,,,,,,,1,5,,,,,,,,,,,
2025-wimbledon,Wimbledon,Grass,,G,20250630,18,425404,,,Dalma Galfi,,,,,805782,,,Harriet Dart,,,,,3-6 6-3 7-5,3,R128,,6,6,,,,,,,,2,5,,,,,,,,,,,
2025-wimbledon,Wimbledon,Grass,,G,20250630,19,988957,,,Renata Zarazua,,,,,382331,,,Yanina Wickmayer,,,,,6-0 6-3,3,R128,,1,1,,,,,,,,1,3,,,,,,,,,,,
2025-wimbledon,Wimbledon,Grass,,G,20250630,20,339700,,,Marketa Vondrousova,,,,,421789,,,Mccartney Kessler,,,,,6-1 7-6,3,R128,,4,5,,,,,,,,0,5,,,,,,,,,,,
2025-wimbledon,Wimbledon,Grass,,G,20250630,21,619460,,,Ann Li,,,,,988932,,,Viktorija Golubic,,,,,6-3 4-6 6-1,3,R128,,5,3,,,,,,,,1,2,,,,,,,,,,,
2025-wimbledon,Wimbledon,Grass,,G,20250630,22,858188,,,Emma Raducanu,,,,,936813,,,Xu M.,,,,,6-3 6-3,3,R128,,4,2,,,,,,,,3,4,,,,,,,,,,,
2025-wimbledon,Wimbledon,Grass,,G,20250630,23,568609,,,Kamilla Rakhimova,,,,,604616,,,Aoi Ito,,,,,5-7 6-3 6-2,3,R128,,1,4,,,,,,,,1,8,,,,,,,,,,,
2025-wimbledon,Wimbledon,Grass,,G,20250630,24,324333,,,Jasmine Paolini,,,,,465575,,,Anastasija Sevastova,,,,,2-6 6-3 6-2,3,R128,,2,2,,,,,,,,0,4,,,,,,,,,,,
2025-wimbledon,Wimbledon,Grass,,G,20250630,25,369605,,,Marie Bouzkova,,,,,460138,,,Lulu Sun,,,,,6-4 6-4,3,R128,,4,7,,,,,,,,3,4,,,,,,,,,,,
2025-wimbledon,Wimbledon,Grass,,G,20250630,26,324536,,,Amanda Anisimova,,,,,133650,,,Yulia Putintseva,,,,,6-0 6-0,3,R128,,3,2,,,,,,,,0,2,,,,,,,,,,,
2025-wimbledon,Wimbledon,Grass,,G,20250630,27,714334,,,Naomi Osaka,,,,,828867,,,Talia Gibson,,,,,6-4 7-6,3,R128,,5,5,,,,,,,,2,4,,,,,,,,,,,
2025-wimbledon,Wimbledon,Grass,,G,20250630,28,834140,,,Anastasia Pavlyuchenkova,,,,,389789,,,Ajla Tomljanovic,,,,,4-6 6-3 6-2,3,R128,,6,10,,,,,,,,5,5,,,,,,,,,,,
2025-wimbledon,Wimbledon,Grass,,G,20250630,29,970027,,,Katie Boulter,,,,,695399,,,Paula Badosa,,,,,6-2 3-6 6-4,3,R128,,6,7,,,,,,,,5,6,,,,,,,,,,,
2025-wimbledon,Wimbledon,Grass,,G,20250630,30,701534,,,Ashlyn Krueger,,,,,892223,,,Mika Stojsavljevic,,,,,6-3 6-2,3,R128,,1,1,,,,,,,,1,5,,,,,,,,,,,
2025-wimbledon,Wimbledon,Grass,,G,20250630,31,809758,,,Elise Mertens,,,,,334255,,,Linda Fruhvirtova,,,,,6-4 6-2,3,R128,,4,4,,,,,,,,1,8,,,,,,,,,,,
2025-wimbledon,Wimbledon,Grass,,G,20250630,32,558914,,,Ekaterina Alexandrova,,,,,861465,,,Priscilla Hon,,,,,6-2 7-5,3,R128,,8,7,,,,,,,,6,3,,,,,,,,,,,
2025-wimbledon,Wimbledon,Grass,,G,20250630,33,890144,,,Veronika Erjavec,,,,,756180,,,Marta Kostyuk,,,,,3-6 6-3 6-4,3,R128,,0,4,,,,,,,,4,4,,,,,,,,,,,
2025-wimbledon,Wimbledon,Grass,,G,20250630,34,707117,,,Irina-Camelia Begu,,,,,506008,,,Kaja Juvan,,,,,7-6 1-6 6-3,3,R128,,2,5,,,,,,,,6,5,,,,,,,,,,,
2025-wimbledon,Wimbledon,Grass,,G,20250630,35,421894,,,Katie Volynets,,,,,913730,,,Tatjana Maria,,,,,3-6 7-6 6-1,3,R128,,0,1,,,,,,,,5,7,,,,,,,,,,,
2025-wimbledon,Wimbledon,Grass,,G,20250630,36,121013,,,Elisabetta Cocciaretto,,,,,814118,,,Jessica Pegula,,,,,6-2 6-3,3,R128,,2,1,,,,,,,,1,4,,,,,,,,,,,
2025-wimbledon,Wimbledon,Grass,,G,20250630,37,689373,,,Suzan Lamens,,,,,388459,,,Iva Jovic,,,,,6-1 6-1,3,R128,,1,4,,,,,,,,2,1,,,,,,,,,,,
2025-wimbledon,Wimbledon,Grass,,G,20250630,38,359411,,,Clara Tauson,,,,,630986,,,Heather Watson,,,,,2-6 6-4 6-3,3,R128,,13,5,,,,,,,,2,4,,,,,,,,,,,
2025-wimbledon,Wimbledon,Grass,,G,20250630,39,626163,,,Daria Kasatkina,,,,,741705,,,Emiliana Arango,,,,,7-5 6-3,3,R128,,1,11,,,,,,,,0,7,,,,,,,,,,,
2025-wimbledon,Wimbledon,Grass,,G,20250630,40,344482,,,Katerina Siniakova,,,,,809492,,,Qinwen Zheng,,,,,7-5 4-6 6-1,3,R128,,6,8,,,,,,,,7,3,,,,,,,,,,,
2025-wimbledon,Wimbledon,Grass,,G,20250630,41,393113,,,Anna Kalinskaya,,,,,146026,,,Nina Stojanovic,,,,,6-3 7-6,3,R128,,3,2,,,,,,,,3,3,,,,,,,,,,,
2025-wimbledon,Wimbledon,Grass,,G,20250630,42,337480,,,Zeynep Sonmez,,,,,885728,,,Jaqueline  Cristian,,,,,7-6 6-3,3,R128,,0,5,,,,,,,,0,2,,,,,,,,,,,
2025-wimbledon,Wimbledon,Grass,,G,20250630,43,358837,,,Barbora Krejcikova,,,,,261807,,,Alexandra Eala,,,,,3-6 6-2 6-1,3,R128,,6,6,,,,,,,,1,1,,,,,,,,,,,
2025-wimbledon,Wimbledon,Grass,,G,20250630,44,286370,,,Liudmila Samsonova,,,,,690300,,,Maya Joint,,,,,6-3 6-2,3,R128,,2,2,,,,,,,,0,4,,,,,,,,,,,
2025-wimbledon,Wimbledon,Grass,,G,20250630,45,600494,,,Xinyu Wang,,,,,563551,,,Karolina Muchova,,,,,7-5 6-2,3,R128,,6,4,,,,,,,,8,3,,,,,,,,,,,
2025-wimbledon,Wimbledon,Grass,,G,20250630,46,152800,,,Lucia Bronzetti,,,,,920327,,,Jil Teichmann,,,,,6-4 7-5,3,R128,,2,1,,,,,,,,4,2,,,,,,,,,,,
2025-wimbledon,Wimbledon,Grass,,G,20250630,47,710062,,,Maria Sakkari,,,,,126226,,,Anna Blinkova,,,,,6-4 6-4,3,R128,,3,1,,,,,,,,2,2,,,,,,,,,,,
2025-wimbledon,Wimbledon,Grass,,G,20250630,48,520895,,,Caty Mcnally,,,,,889635,,,Jodie Burrage,,,,,6-3 6-1,3,R128,,2,2,,,,,,,,3,5,,,,,,,,,,,
2025-wimbledon,Wimbledon,Grass,,G,20250630,49,139227,,,Iga Swiatek,,,,,824108,,,Polina Kudermetova,,,,,7-5 6-1,3,R128,,5,2,,,,,,,,3,5,,,,,,,,,,,
2025-wimbledon,Wimbledon,Grass,,G,20250630,50,976242,,,Yuliia Starodubtseva,,,,,794930,,,Francesca Jones,,,,,1-6 6-3 6-1,3,R128,,0,1,,,,,,,,1,3,,,,,,,,,,,
2025-wimbledon,Wimbledon,Grass,,G,20250630,51,788190,,,Danielle Collins,,,,,769396,,,Camila Osorio,,,,,6-3 6-2,3,R128,,4,4,,,,,,,,4,4,,,,,,,,,,,
2025-wimbledon,Wimbledon,Grass,,G,20250630,52,987862,,,Hailey Baptiste,,,,,600745,,,Sorana Cirstea,,,,,6-7 6-1 6-2,3,R128,,7,0,,,,,,,,3,6,,,,,,,,,,,
2025-wimbledon,Wimbledon,Grass,,G,20250630,53,727666,,,Mirra Andreeva,,,,,729721,,,Mayar Sherif,,,,,6-3 6-3,3,R128,,0,2,,,,,,,,2,1,,,,,,,,,,,
2025-wimbledon,Wimbledon,Grass,,G,20250630,54,844223,,,Victoria Mboko,,,,,362890,,,Magdalena Frech,,,,,6-3 6-2,3,R128,,3,3,,,,,,,,5,3,,,,,,,,,,,
2025-wimbledon,Wimbledon,Grass,,G,20250630,55,446701,,,Caroline Dolehide,,,,,342785,,,Arantxa Rus,,,,,6-2 6-2,3,R128,,5,2,,,,,,,,2,7,,,,,,,,,,,
2025-wimbledon,Wimbledon,Grass,,G,20250630,56,804248,,,Emma Navarro,,,,,862485,,,Petra Kvitova,,,,,6-3 6-1,3,R128,,1,1,,,,,,,,2,6,,,,,,,,,,,
2025-wimbledon,Wimbledon,Grass,,G,20250630,57,595819,,,Jessica Bouzas Maneiro,,,,,631483,,,Ella Seidel,,,,,6-3 3-2,3,R128,,3,1,,,,,,,,2,4,,,,,,,,,,,
2025-wimbledon,Wimbledon,Grass,,G,20250630,58,876368,,,Veronika Kudermetova,,,,,510565,,,Lin Zhu,,,,,6-3 6-2,3,R128,,7,2,,,,,,,,2,3,,,,,,,,,,,
2025-wimbledon,Wimbledon,Grass,,G,20250630,59,973113,,,Elsa Jacquemot,,,,,684064,,,Magda Linette,,,,,6-7 6-1 6-4,3,R128,,3,5,,,,,,,,2,3,,,,,,,,,,,
2025-wimbledon,Wimbledon,Grass,,G,20250630,60,549141,,,Sofia Kenin,,,,,948848,,,Taylor Townsend,,,,,7-6 6-2,3,R128,,5,1,,,,,,,,9,1,,,,,,,,,,,
2025-wimbledon,Wimbledon,Grass,,G,20250630,61,926087,,,Anastasia Zakharova,,,,,804895,,,Victoria Azarenka,,,,,6-2 2-6 6-1,3,R128,,3,5,,,,,,,,2,5,,,,,,,,,,,
2025-wimbledon,Wimbledon,Grass,,G,20250630,62,218416,,,Belinda Bencic,,,,,663060,,,Alycia Parks,,,,,6-0 6-3,3,R128,,0,2,,,,,,,,3,8,,,,,,,,,,,
2025-wimbledon,Wimbledon,Grass,,G,20250630,63,350535,,,Elena Rybakina,,,,,272544,,,Elina Avanesyan,,,,,6-2 6-1,3,R128,,3,2,,,,,,,,1,4,,,,,,,,,,,
2025-wimbledon,Wimbledon,Grass,,G,20250630,64,813190,,,Dayana Yastremska,,,,,296713,,,Coco Gauff,,,,,7-6 6-1,3,R128,,1,3,,,,,,,,2,9,,,,,,,,,,,
2025-wimbledon,Wimbledon,Grass,,G,20250630,65,731934,,,Madison Keys,,,,,923407,,,Olga Danilovic,,,,,6-4 6-2,3,R64,,3,7,,,,,,,,2,4,,,,,,,,,,,
2025-wimbledon,Wimbledon,Grass,,G,20250630,66,444525,,,Sonay Kartal,,,,,897792,,,Viktoriya Tomova,,,,,6-2 6-2,3,R64,,1,0,,,,,,,,0,0,,,,,,,,,,,
2025-wimbledon,Wimbledon,Grass,,G,20250630,67,685811,,,Laura Siegemund,,,,,914953,,,Leylah Fernandez,,,,,6-2 6-3,3,R64,,1,0,,,,,,,,0,4,,,,,,,,,,,
2025-wimbledon,Wimbledon,Grass,,G,20250630,68,716715,,,Aryna Sabalenka,,,,,369605,,,Marie Bouzkova,,,,,7-6 6-4,3,R64,,5,3,,,,,,,,2,0,,,,,,,,,,,
2025-wimbledon,Wimbledon,Grass,,G,20250630,69,480371,,,Cristina Bucsa,,,,,975382,,,Donna Vekic,,,,,6-1 6-3,3,R64,,2,4,,,,,,,,3,4,,,,,,,,,,,
2025-wimbledon,Wimbledon,Grass,,G,20250630,70,809758,,,Elise Mertens,,,,,619460,,,Ann Li,,,,,6-7 6-1 6-2,3,R64,,7,3,,,,,,,,3,4,,,,,,,,,,,
2025-wimbledon,Wimbledon,Grass,,G,20250630,71,425404,,,Dalma Galfi,,,,,692146,,,Beatriz Haddad Maia,,,,,7-6 6-1,3,R64,,3,1,,,,,,,,1,8,,,,,,,,,,,
2025-wimbledon,Wimbledon,Grass,,G,20250630,72,519047,,,Solana Sierra,,,,,970027,,,Katie Boulter,,,,,6-7 6-2 6-1,3,R64,,2,7,,,,,,,,1,14,,,,,,,,,,,
2025-wimbledon,Wimbledon,Grass,,G,20250630,73,324536,,,Amanda Anisimova,,,,,988957,,,Renata Zarazua,,,,,6-4 6-3,3,R64,,4,9,,,,,,,,0,4,,,,,,,,,,,
2025-wimbledon,Wimbledon,Grass,,G,20250630,74,187314,,,Linda Noskova,,,,,743463,,,Eva Lys,,,,,6-2 2-6 6-3,3,R64,,2,5,,,,,,,,0,5,,,,,,,,,,,
2025-wimbledon,Wimbledon,Grass,,G,20250630,75,714334,,,Naomi Osaka,,,,,344482,,,Katerina Siniakova,,,,,6-3 6-2,3,R64,,2,1,,,,,,,,0,8,,,,,,,,,,,
2025-wimbledon,Wimbledon,Grass,,G,20250630,76,671871,,,Diane Parry,,,,,425446,,,Diana Shnaider,,,,,6-4 6-1,3,R64,,5,5,,,,,,,,0,5,,,,,,,,,,,
2025-wimbledon,Wimbledon,Grass,,G,20250630,77,568609,,,Kamilla Rakhimova,,,,,324333,,,Jasmine Paolini,,,,,4-6 6-4 6-4,3,R64,,0,9,,,,,,,,2,1,,,,,,,,,,,
2025-wimbledon,Wimbledon,Grass,,G,20250630,78,858188,,,Emma Raducanu,,,,,339700,,,Marketa Vondrousova,,,,,6-3 6-3,3,R64,,2,0,,,,,,,,1,6,,,,,,,,,,,
2025-wimbledon,Wimbledon,Grass,,G,20250630,79,834140,,,Anastasia Pavlyuchenkova,,,,,701534,,,Ashlyn Krueger,,,,,7-6 6-4,3,R64,,5,1,,,,,,,,2,7,,,,,,,,,,,
2025-wimbledon,Wimbledon,Grass,,G,20250630,80,568896,,,Elina Svitolina,,,,,114904,,,Aliaksandra Sasnovich,,,,,6-2 6-4,3,R64,,1,5,,,,,,,,3,6,,,,,,,,,,,
2025-wimbledon,Wimbledon,Grass,,G,20250630,81,804248,,,Emma Navarro,,,,,876368,,,Veronika Kudermetova,,,,,6-1 6-2,3,R64,,0,1,,,,,,,,0,5,,,,,,,,,,,
2025-wimbledon,Wimbledon,Grass,,G,20250630,82,337480,,,Zeynep Sonmez,,,,,600494,,,Xinyu Wang,,,,,7-5 7-5,3,R64,,0,2,,,,,,,,4,4,,,,,,,,,,,
2025-wimbledon,Wimbledon,Grass,,G,20250630,83,727666,,,Mirra Andreeva,,,,,152800,,,Lucia Bronzetti,,,,,6-1 7-6,3,R64,,4,1,,,,,,,,1,6,,,,,,,,,,,
2025-wimbledon,Wimbledon,Grass,,G,20250630,84,121013,,,Elisabetta Cocciaretto,,,,,421894,,,Katie Volynets,,,,,6-0 6-4,3,R64,,0,2,,,,,,,,0,0,,,,,,,,,,,
2025-wimbledon,Wimbledon,Grass,,G,20250630,85,987862,,,Hailey Baptiste,,,,,844223,,,Victoria Mboko,,,,,7-6 6-3,3,R64,,2,5,,,,,,,,2,3,,,,,,,,,,,
2025-wimbledon,Wimbledon,Grass,,G,20250630,86,788190,,,Danielle Collins,,,,,890144,,,Veronika Erjavec,,,,,6-4 6-1,3,R64,,5,1,,,,,,,,0,1,,,,,,,,,,,
2025-wimbledon,Wimbledon,Grass,,G,20250630,87,218416,,,Belinda Bencic,,,,,973113,,,Elsa Jacquemot,,,,,4-6 6-1 6-2,3,R64,,0,0,,,,,,,,8,4,,,,,,,,,,,
2025-wimbledon,Wimbledon,Grass,,G,20250630,88,350535,,,Elena Rybakina,,,,,710062,,,Maria Sakkari,,,,,6-3 6-1,3,R64,,6,3,,,,,,,,2,6,,,,,,,,,,,
2025-wimbledon,Wimbledon,Grass,,G,20250630,89,558914,,,Ekaterina Alexandrova,,,,,689373,,,Suzan Lamens,,,,,6-4 6-0,3,R64,,6,1,,,,,,,,0,5,,,,,,,,,,,
2025-wimbledon,Wimbledon,Grass,,G,20250630,90,358837,,,Barbora Krejcikova,,,,,446701,,,Caroline Dolehide,,,,,6-4 3-6 6-2,3,R64,,1,2,,,,,,,,2,7,,,,,,,,,,,
2025-wimbledon,Wimbledon,Grass,,G,20250630,91,813190,,,Dayana Yastremska,,,,,926087,,,Anastasia Zakharova,,,,,5-7 7-5 7-6,3,R64,,6,8,,,,,,,,2,8,,,,,,,,,,,
2025-wimbledon,Wimbledon,Grass,,G,20250630,92,139227,,,Iga Swiatek,,,,,520895,,,Caty Mcnally,,,,,5-7 6-2 6-1,3,R64,,5,2,,,,,,,,0,4,,,,,,,,,,,
2025-wimbledon,Wimbledon,Grass,,G,20250630,93,286370,,,Liudmila Samsonova,,,,,976242,,,Yuliia Starodubtseva,,,,,6-2 6-1,3,R64,,0,0,,,,,,,,1,3,,,,,,,,,,,
2025-wimbledon,Wimbledon,Grass,,G,20250630,94,595819,,,Jessica Bouzas Maneiro,,,,,549141,,,Sofia Kenin,,,,,6-1 7-6,3,R64,,9,5,,,,,,,,1,1,,,,,,,,,,,
2025-wimbledon,Wimbledon,Grass,,G,20250630,95,359411,,,Clara Tauson,,,,,393113,,,Anna Kalinskaya,,,,,6-3 7-6,3,R64,,11,1,,,,,,,,2,4,,,,,,,,,,,
2025-wimbledon,Wimbledon,Grass,,G,20250630,96,626163,,,Daria Kasatkina,,,,,707117,,,Irina-Camelia Begu,,,,,6-2 4-6 6-1,3,R64,,2,6,,,,,,,,1,2,,,,,,,,,,,
2025-wimbledon,Wimbledon,Grass,,G,20250630,97,324536,,,Amanda Anisimova,,,,,425404,,,Dalma Galfi,,,,,6-3 5-7 6-3,3,R32,,2,8,,,,,,,,8,3,,,,,,,,,,,
2025-wimbledon,Wimbledon,Grass,,G,20250630,98,519047,,,Solana Sierra,,,,,480371,,,Cristina Bucsa,,,,,7-5 1-6 6-1,3,R32,,3,8,,,,,,,,2,4,,,,,,,,,,,
2025-wimbledon,Wimbledon,Grass,,G,20250630,99,834140,,,Anastasia Pavlyuchenkova,,,,,714334,,,Naomi Osaka,,,,,3-6 6-4 6-4,3,R32,,2,4,,,,,,,,15,6,,,,,,,,,,,
2025-wimbledon,Wimbledon,Grass,,G,20250630,100,444525,,,Sonay Kartal,,,,,671871,,,Diane Parry,,,,,6-4 6-2,3,R32,,3,1,,,,,,,,0,4,,,,,,,,,,,
2025-wimbledon,Wimbledon,Grass,,G,20250630,101,187314,,,Linda Noskova,,,,,568609,,,Kamilla Rakhimova,,,,,7-6 7-5,3,R32,,5,5,,,,,,,,6,4,,,,,,,,,,,
2025-wimbledon,Wimbledon,Grass,,G,20250630,102,685811,,,Laura Siegemund,,,,,731934,,,Madison Keys,,,,,6-3 6-3,3,R32,,0,1,,,,,,,,2,4,,,,,,,,,,,
2025-wimbledon,Wimbledon,Grass,,G,20250630,103,809758,,,Elise Mertens,,,,,568896,,,Elina Svitolina,,,,,6-1 7-6,3,R32,,4,1,,,,,,,,2,5,,,,,,,,,,,
2025-wimbledon,Wimbledon,Grass,,G,20250630,104,716715,,,Aryna Sabalenka,,,,,858188,,,Emma Raducanu,,,,,7-6 6-4,3,R32,,4,1,,,,,,,,4,3,,,,,,,,,,,
2025-wimbledon,Wimbledon,Grass,,G,20250630,105,286370,,,Liudmila Samsonova,,,,,626163,,,Daria Kasatkina,,,,,6-2 6-3,3,R32,,4,3,,,,,,,,1,4,,,,,,,,,,,
2025-wimbledon,Wimbledon,Grass,,G,20250630,106,218416,,,Belinda Bencic,,,,,121013,,,Elisabetta Cocciaretto,,,,,6-4 3-6 7-6,3,R32,,4,0,,,,,,,,6,5,,,,,,,,,,,
2025-wimbledon,Wimbledon,Grass,,G,20250630,107,359411,,,Clara Tauson,,,,,350535,,,Elena Rybakina,,,,,7-6 6-3,3,R32,,3,3,,,,,,,,5,3,,,,,,,,,,,
2025-wimbledon,Wimbledon,Grass,,G,20250630,108,595819,,,Jessica Bouzas Maneiro,,,,,813190,,,Dayana Yastremska,,,,,6-1 2-6 6-3,3,R32,,1,6,,,,,,,,3,7,,,,,,,,,,,
2025-wimbledon,Wimbledon,Grass,,G,20250630,109,727666,,,Mirra Andreeva,,,,,987862,,,Hailey Baptiste,,,,,6-1 6-3,3,R32,,3,3,,,,,,,,1,3,,,,,,,,,,,
2025-wimbledon,Wimbledon,Grass,,G,20250630,110,804248,,,Emma Navarro,,,,,358837,,,Barbora Krejcikova,,,,,2-6 6-3 6-4,3,R32,,1,1,,,,,,,,4,8,,,,,,,,,,,
2025-wimbledon,Wimbledon,Grass,,G,20250630,111,558914,,,Ekaterina Alexandrova,,,,,337480,,,Zeynep Sonmez,,,,,6-3 7-6,3,R32,,3,4,,,,,,,,0,5,,,,,,,,,,,
2025-wimbledon,Wimbledon,Grass,,G,20250630,112,139227,,,Iga Swiatek,,,,,788190,,,Danielle Collins,,,,,6-2 6-3,3,R32,,2,1,,,,,,,,2,3,,,,,,,,,,,
2025-wimbledon,Wimbledon,Grass,,G,20250630,113,685811,,,Laura Siegemund,,,,,519047,,,Solana Sierra,,,,,6-3 6-2,3,R16,,0,2,,,,,,,,0,5,,,,,,,,,,,
2025-wimbledon,Wimbledon,Grass,,G,20250630,114,834140,,,Anastasia Pavlyuchenkova,,,,,444525,,,Sonay Kartal,,,,,7-6 6-4,3,R16,,1,4,,,,,,,,6,1,,,,,,,,,,,
2025-wimbledon,Wimbledon,Grass,,G,20250630,115,716715,,,Aryna Sabalenka,,,,,809758,,,Elise Mertens,,,,,6-4 7-6,3,R16,,6,1,,,,,,,,4,1,,,,,,,,,,,
2025-wimbledon,Wimbledon,Grass,,G,20250630,116,324536,,,Amanda Anisimova,,,,,187314,,,Linda Noskova,,,,,6-2 5-7 6-4,3,R16,,6,6,,,,,,,,11,6,,,,,,,,,,,
2025-wimbledon,Wimbledon,Grass,,G,20250630,117,218416,,,Belinda Bencic,,,,,558914,,,Ekaterina Alexandrova,,,,,7-6 6-4,3,R16,,1,3,,,,,,,,3,5,,,,,,,,,,,
2025-wimbledon,Wimbledon,Grass,,G,20250630,118,286370,,,Liudmila Samsonova,,,,,595819,,,Jessica Bouzas Maneiro,,,,,7-5 7-5,3,R16,,4,3,,,,,,,,3,8,,,,,,,,,,,
2025-wimbledon,Wimbledon,Grass,,G,20250630,119,727666,,,Mirra Andreeva,,,,,804248,,,Emma Navarro,,,,,6-2 6-3,3,R16,,2,2,,,,,,,,0,3,,,,,,,,,,,
2025-wimbledon,Wimbledon,Grass,,G,20250630,120,139227,,,Iga Swiatek,,,,,359411,,,Clara Tauson,,,,,6-4 6-1,3,R16,,4,5,,,,,,,,1,2,,,,,,,,,,,
2025-wimbledon,Wimbledon,Grass,,G,20250630,121,716715,,,Aryna Sabalenka,,,,,685811,,,Laura Siegemund,,,,,4-6 6-2 6-4,3,QF,,2,4,,,,,,,,0,5,,,,,,,,,,,
2025-wimbledon,Wimbledon,Grass,,G,20250630,122,324536,,,Amanda Anisimova,,,,,834140,,,Anastasia Pavlyuchenkova,,,,,6-1 7-6,3,QF,,6,6,,,,,,,,0,5,,,,,,,,,,,
2025-wimbledon,Wimbledon,Grass,,G,20250630,123,139227,,,Iga Swiatek,,,,,286370,,,Liudmila Samsonova,,,,,6-2 7-5,3,QF,,3,3,,,,,,,,0,5,,,,,,,,,,,
2025-wimbledon,Wimbledon,Grass,,G,20250630,124,218416,,,Belinda Bencic,,,,,727666,,,Mirra Andreeva,,,,,7-6 7-6,3,QF,,1,2,,,,,,,,6,4,,,,,,,,,,,
2025-wimbledon,Wimbledon,Grass,,G,20250630,125,324536,,,Amanda Anisimova,,,,,716715,,,Aryna Sabalenka,,,,,6-4 4-6 6-4,3,SF,,2,5,,,,,,,,6,4,,,,,,,,,,,
2025-wimbledon,Wimbledon,Grass,,G,20250630,126,139227,,,Iga Swiatek,,,,,218416,,,Belinda Bencic,,,,,6-2 6-0,3,SF,,2,2,,,,,,,,0,1,,,,,,,,,,,
2025-wimbledon,Wimbledon,Grass,,G,20250630,127,139227,,,Iga Swiatek,,,,,324536,,,Amanda Anisimova,,,,,6-0 6-0,3,F,,3,2,,,,,,,,0,5,,,,,,,,,,,
2025-hamburg,Hamburg,Clay,,I,20250714,1,671871,,,Diane Parry,,,,,605419,,,Wuerth T.,,,,,7-6 3-6 7-5,3,R32,,3,3,,,,,,,,6,3,,,,,,,,,,,
2025-hamburg,Hamburg,Clay,,I,20250714,2,936231,,,Louisa Chirico,,,,,729721,,,Mayar Sherif,,,,,4-6 7-5 3-0,3,R32,,2,9,,,,,,,,0,1,,,,,,,,,,,
2025-hamburg,Hamburg,Clay,,I,20250714,3,939749,,,Nastasja Schunk,,,,,482165,,,Moyuka Uchijima,,,,,7-5 6-3,3,R32,,1,3,,,,,,,,2,8,,,,,,,,,,,
2025-hamburg,Hamburg,Clay,,I,20250714,4,342785,,,Arantxa Rus,,,,,413935,,,Sada Nahimana,,,,,6-2 6-1,3,R32,,0,2,,,,,,,,1,2,,,,,,,,,,,
2025-hamburg,Hamburg,Clay,,I,20250714,5,506008,,,Kaja Juvan,,,,,394732,,,Maria Timofeeva,,,,,7-6 6-1,3,R32,,1,3,,,,,,,,0,6,,,,,,,,,,,
2025-hamburg,Hamburg,Clay,,I,20250714,6,425404,,,Dalma Galfi,,,,,814503,,,Aleksandra Krunic,,,,,6-4 6-1,3,R32,,5,3,,,,,,,,2,4,,,,,,,,,,,
2025-hamburg,Hamburg,Clay,,I,20250714,7,275150,,,Leyre Romero Gormaz,,,,,294982,,,Nicole Fossa Huergo,,,,,6-1 6-1,3,R32,,3,4,,,,,,,,0,2,,,,,,,,,,,
2025-hamburg,Hamburg,Clay,,I,20250714,8,610520,,,Anna Bondar,,,,,302517,,,Noma Noha Akugue,,,,,6-4 3-6 7-6,3,R32,,2,4,,,,,,,,0,3,,,,,,,,,,,
2025-hamburg,Hamburg,Clay,,I,20250714,9,879393,,,Sinja Kraus,,,,,943543,,,Berfu Cengiz,,,,,4-6 7-5 6-4,3,R32,,1,2,,,,,,,,3,8,,,,,,,,,,,
2025-hamburg,Hamburg,Clay,,I,20250714,10,799344,,,Lois Boisson,,,,,346262,,,Julia Grabher,,,,,6-1 6-3,3,R32,,1,3,,,,,,,,0,5,,,,,,,,,,,
2025-hamburg,Hamburg,Clay,,I,20250714,11,529952,,,Astra Sharma,,,,,252705,,,Geerlings Martinez A.,,,,,7-6 3-6 6-2,3,R32,,2,5,,,,,,,,1,2,,,,,,,,,,,
2025-hamburg,Hamburg,Clay,,I,20250714,12,293685,,,Tamara Korpatsch,,,,,265494,,,Raluka Serban,,,,,6-4 6-3,3,R32,,0,5,,,,,,,,0,4,,,,,,,,,,,
2025-hamburg,Hamburg,Clay,,I,20250714,13,394004,,,Werner C.,,,,,480882,,,Steiner V.,,,,,7-6 6-2,3,R32,,4,4,,,,,,,,1,4,,,,,,,,,,,
2025-hamburg,Hamburg,Clay,,I,20250714,14,275150,,,Leyre Romero Gormaz,,,,,342785,,,Arantxa Rus,,,,,6-2 6-2,3,R16,,2,3,,,,,,,,0,1,,,,,,,,,,,
2025-hamburg,Hamburg,Clay,,I,20250714,15,558914,,,Ekaterina Alexandrova,,,,,233310,,,Eva Vedder,,,,,6-0 6-3,3,R32,,5,1,,,,,,,,0,3,,,,,,,,,,,
2025-hamburg,Hamburg,Clay,,I,20250714,16,813190,,,Dayana Yastremska,,,,,534672,,,Jule Niemeier,,,,,6-4 6-3,3,R32,,3,3,,,,,,,,2,16,,,,,,,,,,,
2025-hamburg,Hamburg,Clay,,I,20250714,17,506008,,,Kaja Juvan,,,,,936231,,,Louisa Chirico,,,,,4-6 6-4 6-1,3,R16,,1,1,,,,,,,,0,10,,,,,,,,,,,
2025-hamburg,Hamburg,Clay,,I,20250714,18,897792,,,Viktoriya Tomova,,,,,913730,,,Tatjana Maria,,,,,6-3 7-6,3,R32,,2,2,,,,,,,,2,0,,,,,,,,,,,
2025-hamburg,Hamburg,Clay,,I,20250714,19,425404,,,Dalma Galfi,,,,,939749,,,Nastasja Schunk,,,,,1-6 6-3 6-2,3,R16,,8,3,,,,,,,,5,4,,,,,,,,,,,
2025-hamburg,Hamburg,Clay,,I,20250714,20,799344,,,Lois Boisson,,,,,293685,,,Tamara Korpatsch,,,,,6-4 6-7 6-4,3,R16,,5,4,,,,,,,,1,4,,,,,,,,,,,
2025-hamburg,Hamburg,Clay,,I,20250714,21,897792,,,Viktoriya Tomova,,,,,529952,,,Astra Sharma,,,,,6-1 6-1,3,R16,,1,1,,,,,,,,4,5,,,,,,,,,,,
2025-hamburg,Hamburg,Clay,,I,20250714,22,610520,,,Anna Bondar,,,,,879393,,,Sinja Kraus,,,,,6-3 6-2,3,R16,,5,0,,,,,,,,2,1,,,,,,,,,,,
2025-hamburg,Hamburg,Clay,,I,20250714,23,813190,,,Dayana Yastremska,,,,,671871,,,Diane Parry,,,,,6-1 6-4,3,R16,,0,1,,,,,,,,1,1,,,,,,,,,,,
2025-hamburg,Hamburg,Clay,,I,20250714,24,558914,,,Ekaterina Alexandrova,,,,,394004,,,Werner C.,,,,,6-2 6-2,3,R16,,3,3,,,,,,,,0,1,,,,,,,,,,,
2025-hamburg,Hamburg,Clay,,I,20250714,25,506008,,,Kaja Juvan,,,,,275150,,,Leyre Romero Gormaz,,,,,6-4 6-7 6-4,3,QF,,2,4,,,,,,,,2,8,,,,,,,,,,,
2025-hamburg,Hamburg,Clay,,I,20250714,26,813190,,,Dayana Yastremska,,,,,425404,,,Dalma Galfi,,,,,7-6 3-6 6-2,3,QF,,0,4,,,,,,,,5,9,,,,,,,,,,,
2025-hamburg,Hamburg,Clay,,I,20250714,27,610520,,,Anna Bondar,,,,,558914,,,Ekaterina Alexandrova,,,,,6-7 6-3 7-6,3,QF,,12,1,,,,,,,,1,6,,,,,,,,,,,
2025-hamburg,Hamburg,Clay,,I,20250714,28,799344,,,Lois Boisson,,,,,897792,,,Viktoriya Tomova,,,,,6-3 6-3,3,QF,,5,3,,,,,,,,0,2,,,,,,,,,,,
2025-hamburg,Hamburg,Clay,,I,20250714,29,610520,,,Anna Bondar,,,,,506008,,,Kaja Juvan,,,,,5-7 6-3 6-4,3,SF,,5,3,,,,,,,,0,6,,,,,,,,,,,
2025-hamburg,Hamburg,Clay,,I,20250714,30,799344,,,Lois Boisson,,,,,813190,,,Dayana Yastremska,,,,,6-1 7-6,3,SF,,3,1,,,,,,,,0,3,,,,,,,,,,,
2025-hamburg,Hamburg,Clay,,I,20250714,31,799344,,,Lois Boisson,,,,,610520,,,Anna Bondar,,,,,7-5 6-3,3,F,,3,10,,,,,,,,1,3,,,,,,,,,,,
2025-iasi,Iasi,Clay,,I,20250714,1,591336,,,Jana Fett,,,,,890144,,,Veronika Erjavec,,,,,7-6 6-2,3,R32,,1,8,,,,,,,,0,1,,,,,,,,,,,
2025-iasi,Iasi,Clay,,I,20250714,2,920327,,,Jil Teichmann,,,,,104163,,,Miriam Bianca Bulgaru,,,,,1-6 7-6 6-1,3,R32,,1,6,,,,,,,,2,5,,,,,,,,,,,
2025-iasi,Iasi,Clay,,I,20250714,3,679599,,,Maja Chwalinska,,,,,235584,,,Iryna Shymanovich,,,,,4-6 6-4 6-2,3,R32,,4,1,,,,,,,,1,2,,,,,,,,,,,
2025-iasi,Iasi,Clay,,I,20250714,4,707117,,,Irina-Camelia Begu,,,,,615524,,,Nao Hibino,,,,,6-1 6-2,3,R32,,1,3,,,,,,,,0,0,,,,,,,,,,,
2025-iasi,Iasi,Clay,,I,20250714,5,323630,,,Varvara Gracheva,,,,,288191,,,Ana Bogdan,,,,,7-5 6-2,3,R32,,0,2,,,,,,,,2,1,,,,,,,,,,,
2025-iasi,Iasi,Clay,,I,20250714,6,619460,,,Ann Li,,,,,216320,,,Maristany G.,,,,,3-6 6-2 6-2,3,R32,,5,3,,,,,,,,1,4,,,,,,,,,,,
2025-iasi,Iasi,Clay,,I,20250714,7,790018,,,Anna Siskova,,,,,866608,,,Katarzyna Kawa,,,,,6-4 4-6 7-6,3,R32,,1,2,,,,,,,,0,5,,,,,,,,,,,
2025-iasi,Iasi,Clay,,I,20250714,8,199960,,,Victoria Jimenez Kasintseva,,,,,795419,,,Popa G. S.,,,,,6-2 7-5,3,R32,,4,4,,,,,,,,0,7,,,,,,,,,,,
2025-iasi,Iasi,Clay,,I,20250714,9,957435,,,Maria Lourdes Carle,,,,,638557,,,Patricia Maria Tig,,,,,2-6 6-2 6-2,3,R32,,0,4,,,,,,,,0,5,,,,,,,,,,,
2025-iasi,Iasi,Clay,,I,20250714,10,330724,,,Simona Waltert,,,,,465575,,,Anastasija Sevastova,,,,,6-3 6-3,3,R32,,0,2,,,,,,,,2,2,,,,,,,,,,,
2025-iasi,Iasi,Clay,,I,20250714,11,313970,,,Irene Burillo Escorihuela,,,,,457861,,,Nuria Parrizas Diaz,,,,,5-7 7-5 4-1,3,R32,,0,3,,,,,,,,2,1,,,,,,,,,,,
2025-iasi,Iasi,Clay,,I,20250714,12,272544,,,Elina Avanesyan,,,,,103995,,,Andreea Prisacariu,,,,,6-3 6-3,3,R32,,3,3,,,,,,,,4,1,,,,,,,,,,,
2025-iasi,Iasi,Clay,,I,20250714,13,885728,,,Jaqueline  Cristian,,,,,534553,,,Lodikova D.,,,,,6-1 6-4,3,R32,,2,4,,,,,,,,0,0,,,,,,,,,,,
2025-iasi,Iasi,Clay,,I,20250714,14,416641,,,Panna Udvardy,,,,,711882,,,Rouvroy M.,,,,,6-3 2-6 7-5,3,R32,,0,3,,,,,,,,2,1,,,,,,,,,,,
2025-iasi,Iasi,Clay,,I,20250714,15,794930,,,Francesca Jones,,,,,136364,,,Herrero Linana A.,,,,,6-3 6-2,3,R32,,0,3,,,,,,,,0,0,,,,,,,,,,,
2025-iasi,Iasi,Clay,,I,20250714,16,600745,,,Sorana Cirstea,,,,,824052,,,Mihaela Buzarnescu,,,,,6-2 6-2,3,R32,,5,1,,,,,,,,2,4,,,,,,,,,,,
2025-iasi,Iasi,Clay,,I,20250714,17,920327,,,Jil Teichmann,,,,,679599,,,Maja Chwalinska,,,,,7-6 6-2,3,R16,,2,3,,,,,,,,0,3,,,,,,,,,,,
2025-iasi,Iasi,Clay,,I,20250714,18,790018,,,Anna Siskova,,,,,619460,,,Ann Li,,,,,6-3 6-3,3,R16,,0,2,,,,,,,,2,0,,,,,,,,,,,
2025-iasi,Iasi,Clay,,I,20250714,19,416641,,,Panna Udvardy,,,,,794930,,,Francesca Jones,,,,,6-4 6-3,3,R16,,4,5,,,,,,,,4,5,,,,,,,,,,,
2025-iasi,Iasi,Clay,,I,20250714,20,957435,,,Maria Lourdes Carle,,,,,272544,,,Elina Avanesyan,,,,,7-6 6-2,3,R16,,1,4,,,,,,,,0,2,,,,,,,,,,,
2025-iasi,Iasi,Clay,,I,20250714,21,330724,,,Simona Waltert,,,,,313970,,,Irene Burillo Escorihuela,,,,,6-4 7-6,3,R16,,0,1,,,,,,,,0,2,,,,,,,,,,,
2025-iasi,Iasi,Clay,,I,20250714,22,600745,,,Sorana Cirstea,,,,,323630,,,Varvara Gracheva,,,,,6-2 6-4,3,R16,,2,0,,,,,,,,0,0,,,,,,,,,,,
2025-iasi,Iasi,Clay,,I,20250714,23,707117,,,Irina-Camelia Begu,,,,,199960,,,Victoria Jimenez Kasintseva,,,,,3-6 6-3 6-3,3,R16,,1,4,,,,,,,,5,10,,,,,,,,,,,
2025-iasi,Iasi,Clay,,I,20250714,24,885728,,,Jaqueline  Cristian,,,,,591336,,,Jana Fett,,,,,4-1,3,R16,,0,1,,,,,,,,0,3,,,,,,,,,,,
2025-iasi,Iasi,Clay,,I,20250714,25,920327,,,Jil Teichmann,,,,,330724,,,Simona Waltert,,,,,5-7 6-1 7-5,3,QF,,1,3,,,,,,,,2,3,,,,,,,,,,,
2025-iasi,Iasi,Clay,,I,20250714,26,600745,,,Sorana Cirstea,,,,,957435,,,Maria Lourdes Carle,,,,,6-1 6-4,3,QF,,1,1,,,,,,,,0,3,,,,,,,,,,,
2025-iasi,Iasi,Clay,,I,20250714,27,707117,,,Irina-Camelia Begu,,,,,790018,,,Anna Siskova,,,,,6-2 3-6 7-5,3,QF,,0,7,,,,,,,,2,1,,,,,,,,,,,
2025-iasi,Iasi,Clay,,I,20250714,28,885728,,,Jaqueline  Cristian,,,,,416641,,,Panna Udvardy,,,,,6-3 6-4,3,QF,,1,1,,,,,,,,2,2,,,,,,,,,,,
2025-iasi,Iasi,Clay,,I,20250714,29,920327,,,Jil Teichmann,,,,,600745,,,Sorana Cirstea,,,,,6-4 6-3,3,SF,,0,4,,,,,,,,4,0,,,,,,,,,,,
2025-iasi,Iasi,Clay,,I,20250714,30,707117,,,Irina-Camelia Begu,,,,,885728,,,Jaqueline  Cristian,,,,,6-4 6-4,3,SF,,2,1,,,,,,,,0,3,,,,,,,,,,,
2025-iasi,Iasi,Clay,,I,20250714,31,707117,,,Irina-Camelia Begu,,,,,920327,,,Jil Teichmann,,,,,6-0 7-5,3,F,,4,2,,,,,,,,0,2,,,,,,,,,,,
2025-livesport-prague-open,Livesport Prague Open,Hard,,I,20250721,1,663060,,,Alycia Parks,,,,,252693,,,Mai Hontama,,,,,6-4 6-2,3,R32,,10,8,,,,,,,,4,4,,,,,,,,,,,
2025-livesport-prague-open,Livesport Prague Open,Hard,,I,20250721,2,369605,,,Marie Bouzkova,,,,,233286,,,Xinyu Gao,,,,,6-0 6-2,3,R32,,5,4,,,,,,,,0,1,,,,,,,,,,,
2025-livesport-prague-open,Livesport Prague Open,Hard,,I,20250721,3,619460,,,Ann Li,,,,,529952,,,Astra Sharma,,,,,7-6 6-3,3,R32,,1,3,,,,,,,,2,4,,,,,,,,,,,
2025-livesport-prague-open,Livesport Prague Open,Hard,,I,20250721,4,429517,,,Sara Bejlek,,,,,482165,,,Moyuka Uchijima,,,,,7-5 6-2,3,R32,,0,3,,,,,,,,1,6,,,,,,,,,,,
2025-livesport-prague-open,Livesport Prague Open,Hard,,I,20250721,5,647835,,,Lucrezia Stefanini,,,,,897792,,,Viktoriya Tomova,,,,,6-1 7-6,3,R32,,0,6,,,,,,,,0,5,,,,,,,,,,,
2025-livesport-prague-open,Livesport Prague Open,Hard,,I,20250721,6,121013,,,Elisabetta Cocciaretto,,,,,988932,,,Viktorija Golubic,,,,,6-2 6-3,3,R32,,3,2,,,,,,,,0,2,,,,,,,,,,,
2025-livesport-prague-open,Livesport Prague Open,Hard,,I,20250721,7,123538,,,Rebecca Sramkova,,,,,182026,,,Jesika Maleckova,,,,,6-3 4-6 6-4,3,R32,,4,6,,,,,,,,2,6,,,,,,,,,,,
2025-livesport-prague-open,Livesport Prague Open,Hard,,I,20250721,8,673787,,,Jessika Ponchet,,,,,146026,,,Nina Stojanovic,,,,,4-6 7-5 6-1,3,R32,,6,3,,,,,,,,2,10,,,,,,,,,,,
2025-livesport-prague-open,Livesport Prague Open,Hard,,I,20250721,9,125061,,,Dominika Salkova,,,,,475062,,,Laura Samson,,,,,6-3 6-3,3,R32,,2,6,,,,,,,,1,4,,,,,,,,,,,
2025-livesport-prague-open,Livesport Prague Open,Hard,,I,20250721,10,358964,,,Barbora Palicova,,,,,861465,,,Priscilla Hon,,,,,6-2 3-6 6-3,3,R32,,2,2,,,,,,,,4,2,,,,,,,,,,,
2025-livesport-prague-open,Livesport Prague Open,Hard,,I,20250721,11,922335,,,Tereza Valentova,,,,,604616,,,Aoi Ito,,,,,6-2 6-0,3,R32,,3,2,,,,,,,,0,4,,,,,,,,,,,
2025-livesport-prague-open,Livesport Prague Open,Hard,,I,20250721,12,600494,,,Xinyu Wang,,,,,805782,,,Harriet Dart,,,,,6-3 6-3,3,R32,,1,5,,,,,,,,0,8,,,,,,,,,,,
2025-livesport-prague-open,Livesport Prague Open,Hard,,I,20250721,13,344636,,,Leolia Jeanjean,,,,,457861,,,Nuria Parrizas Diaz,,,,,6-3 2-0,3,R32,,4,1,,,,,,,,0,2,,,,,,,,,,,
2025-livesport-prague-open,Livesport Prague Open,Hard,,I,20250721,14,344482,,,Katerina Siniakova,,,,,275310,,,Elena-Gabriela Ruse,,,,,7-5 6-2,3,R32,,2,6,,,,,,,,3,10,,,,,,,,,,,
2025-livesport-prague-open,Livesport Prague Open,Hard,,I,20250721,15,930140,,,Lucie Havlickova,,,,,653371,,,Kovackova A.,,,,,7-5 6-1,3,R32,,4,4,,,,,,,,1,6,,,,,,,,,,,
2025-livesport-prague-open,Livesport Prague Open,Hard,,I,20250721,16,187314,,,Linda Noskova,,,,,243915,,,Anastasia Gasanova,,,,,7-6 7-6,3,R32,,7,8,,,,,,,,1,10,,,,,,,,,,,
2025-livesport-prague-open,Livesport Prague Open,Hard,,I,20250721,17,922335,,,Tereza Valentova,,,,,123538,,,Rebecca Sramkova,,,,,7-6 7-5,3,R16,,1,2,,,,,,,,5,5,,,,,,,,,,,
2025-livesport-prague-open,Livesport Prague Open,Hard,,I,20250721,18,673787,,,Jessika Ponchet,,,,,358964,,,Barbora Palicova,,,,,6-1 7-5,3,R16,,7,1,,,,,,,,0,5,,,,,,,,,,,
2025-livesport-prague-open,Livesport Prague Open,Hard,,I,20250721,19,619460,,,Ann Li,,,,,344636,,,Leolia Jeanjean,,,,,6-4 6-3,3,R16,,4,3,,,,,,,,2,3,,,,,,,,,,,
2025-livesport-prague-open,Livesport Prague Open,Hard,,I,20250721,20,369605,,,Marie Bouzkova,,,,,647835,,,Lucrezia Stefanini,,,,,6-4 6-4,3,R16,,1,8,,,,,,,,0,5,,,,,,,,,,,
2025-livesport-prague-open,Livesport Prague Open,Hard,,I,20250721,21,344482,,,Katerina Siniakova,,,,,125061,,,Dominika Salkova,,,,,7-6 6-3,3,R16,,4,9,,,,,,,,0,8,,,,,,,,,,,
2025-livesport-prague-open,Livesport Prague Open,Hard,,I,20250721,22,600494,,,Xinyu Wang,,,,,930140,,,Lucie Havlickova,,,,,3-6 7-5 7-6,3,R16,,5,2,,,,,,,,1,7,,,,,,,,,,,
2025-livesport-prague-open,Livesport Prague Open,Hard,,I,20250721,23,187314,,,Linda Noskova,,,,,121013,,,Elisabetta Cocciaretto,,,,,6-2 6-4,3,R16,,7,4,,,,,,,,2,4,,,,,,,,,,,
2025-livesport-prague-open,Livesport Prague Open,Hard,,I,20250721,24,429517,,,Sara Bejlek,,,,,663060,,,Alycia Parks,,,,,7-6 6-3,3,R16,,0,4,,,,,,,,3,10,,,,,,,,,,,
2025-livesport-prague-open,Livesport Prague Open,Hard,,I,20250721,25,922335,,,Tereza Valentova,,,,,673787,,,Jessika Ponchet,,,,,6-2 6-0,3,QF,,4,2,,,,,,,,2,5,,,,,,,,,,,
2025-livesport-prague-open,Livesport Prague Open,Hard,,I,20250721,26,369605,,,Marie Bouzkova,,,,,619460,,,Ann Li,,,,,3-6 6-3 6-3,3,QF,,2,2,,,,,,,,1,2,,,,,,,,,,,
2025-livesport-prague-open,Livesport Prague Open,Hard,,I,20250721,27,187314,,,Linda Noskova,,,,,344482,,,Katerina Siniakova,,,,,6-2 4-6 6-3,3,QF,,2,10,,,,,,,,2,10,,,,,,,,,,,
2025-livesport-prague-open,Livesport Prague Open,Hard,,I,20250721,28,600494,,,Xinyu Wang,,,,,429517,,,Sara Bejlek,,,,,6-4 6-1,3,QF,,1,1,,,,,,,,0,3,,,,,,,,,,,
2025-livesport-prague-open,Livesport Prague Open,Hard,,I,20250721,29,369605,,,Marie Bouzkova,,,,,922335,,,Tereza Valentova,,,,,6-4 7-5,3,SF,,0,5,,,,,,,,0,4,,,,,,,,,,,
2025-livesport-prague-open,Livesport Prague Open,Hard,,I,20250721,30,187314,,,Linda Noskova,,,,,600494,,,Xinyu Wang,,,,,6-4 6-1,3,SF,,3,4,,,,,,,,3,3,,,,,,,,,,,
2025-livesport-prague-open,Livesport Prague Open,Hard,,I,20250721,31,369605,,,Marie Bouzkova,,,,,187314,,,Linda Noskova,,,,,2-6 6-1 6-3,3,F,,4,9,,,,,,,,7,6,,,,,,,,,,,
2025-washington,Washington,Hard,,I,20250721,1,844223,,,Victoria Mboko,,,,,651611,,,Anastasia Potapova,,,,,6-2 6-4,3,R32,,2,6,,,,,,,,4,3,,,,,,,,,,,
2025-washington,Washington,Hard,,I,20250721,2,914953,,,Leylah Fernandez,,,,,690300,,,Maya Joint,,,,,6-3 6-3,3,R32,,5,2,,,,,,,,0,5,,,,,,,,,,,
2025-washington,Washington,Hard,,I,20250721,3,710062,,,Maria Sakkari,,,,,970027,,,Katie Boulter,,,,,6-3 6-4,3,R32,,6,4,,,,,,,,3,5,,,,,,,,,,,
2025-washington,Washington,Hard,,I,20250721,4,362890,,,Magdalena Frech,,,,,976242,,,Yuliia Starodubtseva,,,,,6-2 6-4,3,R32,,3,1,,,,,,,,0,4,,,,,,,,,,,
2025-washington,Washington,Hard,,I,20250721,5,684064,,,Magda Linette,,,,,788190,,,Danielle Collins,,,,,7-5 6-4,3,R32,,9,2,,,,,,,,4,13,,,,,,,,,,,
2025-washington,Washington,Hard,,I,20250721,6,446701,,,Caroline Dolehide,,,,,421789,,,Mccartney Kessler,,,,,7-6 5-7 6-3,3,R32,,6,4,,,,,,,,2,6,,,,,,,,,,,
2025-washington,Washington,Hard,,I,20250721,7,948848,,,Taylor Townsend,,,,,913730,,,Tatjana Maria,,,,,6-4 7-5,3,R32,,4,5,,,,,,,,5,3,,,,,,,,,,,
2025-washington,Washington,Hard,,I,20250721,8,549141,,,Sofia Kenin,,,,,987862,,,Hailey Baptiste,,,,,6-3 7-6,3,R32,,2,1,,,,,,,,9,5,,,,,,,,,,,
2025-washington,Washington,Hard,,I,20250721,9,393113,,,Anna Kalinskaya,,,,,568609,,,Kamilla Rakhimova,,,,,6-2 6-3,3,R32,,3,4,,,,,,,,2,6,,,,,,,,,,,
2025-washington,Washington,Hard,,I,20250721,10,858188,,,Emma Raducanu,,,,,756180,,,Marta Kostyuk,,,,,7-6 6-4,3,R32,,2,4,,,,,,,,3,7,,,,,,,,,,,
2025-washington,Washington,Hard,,I,20250721,11,714334,,,Naomi Osaka,,,,,133650,,,Yulia Putintseva,,,,,6-2 7-5,3,R32,,8,6,,,,,,,,4,4,,,,,,,,,,,
2025-washington,Washington,Hard,,I,20250721,12,969718,,,Venus Williams,,,,,688846,,,Peyton Stearns,,,,,6-3 6-4,3,R32,,9,4,,,,,,,,3,4,,,,,,,,,,,
2025-washington,Washington,Hard,,I,20250721,13,393113,,,Anna Kalinskaya,,,,,684064,,,Magda Linette,,,,,6-4 6-0,3,R16,,3,2,,,,,,,,6,2,,,,,,,,,,,
2025-washington,Washington,Hard,,I,20250721,14,359411,,,Clara Tauson,,,,,446701,,,Caroline Dolehide,,,,,3-6 7-5 6-4,3,R16,,3,11,,,,,,,,0,9,,,,,,,,,,,
2025-washington,Washington,Hard,,I,20250721,15,710062,,,Maria Sakkari,,,,,804248,,,Emma Navarro,,,,,7-5 7-6,3,R16,,7,4,,,,,,,,1,6,,,,,,,,,,,
2025-washington,Washington,Hard,,I,20250721,16,350535,,,Elena Rybakina,,,,,844223,,,Victoria Mboko,,,,,6-3 7-5,3,R16,,3,1,,,,,,,,3,9,,,,,,,,,,,
2025-washington,Washington,Hard,,I,20250721,17,858188,,,Emma Raducanu,,,,,714334,,,Naomi Osaka,,,,,6-4 6-2,3,R16,,4,1,,,,,,,,5,7,,,,,,,,,,,
2025-washington,Washington,Hard,,I,20250721,18,948848,,,Taylor Townsend,,,,,549141,,,Sofia Kenin,,,,,6-3 6-0,3,R16,,17,2,,,,,,,,1,7,,,,,,,,,,,
2025-washington,Washington,Hard,,I,20250721,19,914953,,,Leylah Fernandez,,,,,814118,,,Jessica Pegula,,,,,6-3 1-6 7-5,3,R16,,5,9,,,,,,,,2,4,,,,,,,,,,,
2025-washington,Washington,Hard,,I,20250721,20,362890,,,Magdalena Frech,,,,,969718,,,Venus Williams,,,,,6-2 6-2,3,R16,,3,3,,,,,,,,1,5,,,,,,,,,,,
2025-washington,Washington,Hard,,I,20250721,21,858188,,,Emma Raducanu,,,,,710062,,,Maria Sakkari,,,,,6-4 7-5,3,QF,,7,6,,,,,,,,5,5,,,,,,,,,,,
2025-washington,Washington,Hard,,I,20250721,22,914953,,,Leylah Fernandez,,,,,948848,,,Taylor Townsend,,,,,6-4 7-6,3,QF,,5,5,,,,,,,,5,4,,,,,,,,,,,
2025-washington,Washington,Hard,,I,20250721,23,350535,,,Elena Rybakina,,,,,362890,,,Magdalena Frech,,,,,6-3 6-3,3,QF,,7,4,,,,,,,,2,5,,,,,,,,,,,
2025-washington,Washington,Hard,,I,20250721,24,393113,,,Anna Kalinskaya,,,,,359411,,,Clara Tauson,,,,,6-3 7-5,3,QF,,4,6,,,,,,,,4,5,,,,,,,,,,,
2025-washington,Washington,Hard,,I,20250721,25,914953,,,Leylah Fernandez,,,,,350535,,,Elena Rybakina,,,,,6-7 7-6 7-6,3,SF,,12,3,,,,,,,,17,7,,,,,,,,,,,
2025-washington,Washington,Hard,,I,20250721,26,393113,,,Anna Kalinskaya,,,,,858188,,,Emma Raducanu,,,,,6-4 6-3,3,SF,,2,5,,,,,,,,6,4,,,,,,,,,,,
2025-washington,Washington,Hard,,I,20250721,27,914953,,,Leylah Fernandez,,,,,393113,,,Anna Kalinskaya,,,,,6-1 6-2,3,F,,2,4,,,,,,,,1,2,,,,,,,,,,,
2025-montreal,Montreal,Hard,,PM,20250727,1,604616,,,Aoi Ito,,,,,421894,,,Katie Volynets,,,,,6-2 2-6 6-2,3,R128,,1,1,,,,,,,,1,0,,,,,,,,,,,
2025-montreal,Montreal,Hard,,PM,20250727,2,689373,,,Suzan Lamens,,,,,824108,,,Polina Kudermetova,,,,,6-3 4-6 6-2,3,R128,,4,6,,,,,,,,0,5,,,,,,,,,,,
2025-montreal,Montreal,Hard,,PM,20250727,3,885728,,,Jaqueline  Cristian,,,,,420409,,,Marina Stakusic,,,,,2-6 6-2 6-2,3,R128,,4,4,,,,,,,,2,5,,,,,,,,,,,
2025-montreal,Montreal,Hard,,PM,20250727,4,595819,,,Jessica Bouzas Maneiro,,,,,936231,,,Louisa Chirico,,,,,5-7 7-5 6-4,3,R128,,11,15,,,,,,,,3,9,,,,,,,,,,,
2025-montreal,Montreal,Hard,,PM,20250727,5,339700,,,Marketa Vondrousova,,,,,261807,,,Alexandra Eala,,,,,3-6 6-1 6-2,3,R128,,7,10,,,,,,,,0,6,,,,,,,,,,,
2025-montreal,Montreal,Hard,,PM,20250727,6,510565,,,Lin Zhu,,,,,323630,,,Varvara Gracheva,,,,,6-4 7-6,3,R128,,1,3,,,,,,,,1,3,,,,,,,,,,,
2025-montreal,Montreal,Hard,,PM,20250727,7,876368,,,Veronika Kudermetova,,,,,480371,,,Cristina Bucsa,,,,,5-7 6-2 7-5,3,R128,,9,11,,,,,,,,3,2,,,,,,,,,,,
2025-montreal,Montreal,Hard,,PM,20250727,8,844223,,,Victoria Mboko,,,,,851560,,,Kimberly Birrell,,,,,7-5 6-3,3,R128,,15,4,,,,,,,,4,6,,,,,,,,,,,
2025-montreal,Montreal,Hard,,PM,20250727,9,769396,,,Camila Osorio,,,,,557676,,,Bernarda Pera,,,,,6-3 7-5,3,R128,,1,7,,,,,,,,4,2,,,,,,,,,,,
2025-montreal,Montreal,Hard,,PM,20250727,10,788190,,,Danielle Collins,,,,,897792,,,Viktoriya Tomova,,,,,6-3 7-5,3,R128,,3,3,,,,,,,,3,5,,,,,,,,,,,
2025-montreal,Montreal,Hard,,PM,20250727,11,409001,,,Bianca Andreescu,,,,,358837,,,Barbora Krejcikova,,,,,6-3 6-4,3,R128,,3,1,,,,,,,,2,6,,,,,,,,,,,
2025-montreal,Montreal,Hard,,PM,20250727,12,987862,,,Hailey Baptiste,,,,,791769,,,Whitney Osuigwe,,,,,7-5 6-1,3,R128,,3,4,,,,,,,,0,7,,,,,,,,,,,
2025-montreal,Montreal,Hard,,PM,20250727,13,675084,,,Rebecca Marino,,,,,973113,,,Elsa Jacquemot,,,,,7-6 6-1,3,R128,,4,8,,,,,,,,4,13,,,,,,,,,,,
2025-montreal,Montreal,Hard,,PM,20250727,14,976242,,,Yuliia Starodubtseva,,,,,927809,,,Yafan Wang,,,,,6-7 6-4 6-4,3,R128,,2,5,,,,,,,,1,4,,,,,,,,,,,
2025-montreal,Montreal,Hard,,PM,20250727,15,685811,,,Laura Siegemund,,,,,913730,,,Tatjana Maria,,,,,7-5 6-7 7-6,3,R128,,1,7,,,,,,,,8,3,,,,,,,,,,,
2025-montreal,Montreal,Hard,,PM,20250727,16,676979,,,Hanyu Guo,,,,,133650,,,Yulia Putintseva,,,,,6-3 6-3,3,R128,,6,4,,,,,,,,1,0,,,,,,,,,,,
2025-montreal,Montreal,Hard,,PM,20250727,17,568609,,,Kamilla Rakhimova,,,,,233335,,,Kayla Cross,,,,,4-6 6-3 6-2,3,R128,,0,1,,,,,,,,6,8,,,,,,,,,,,
2025-montreal,Montreal,Hard,,PM,20250727,18,126226,,,Anna Blinkova,,,,,446701,,,Caroline Dolehide,,,,,6-4 6-1,3,R128,,0,1,,,,,,,,4,3,,,,,,,,,,,
2025-montreal,Montreal,Hard,,PM,20250727,19,858188,,,Emma Raducanu,,,,,275310,,,Elena-Gabriela Ruse,,,,,6-2 6-4,3,R128,,1,4,,,,,,,,2,7,,,,,,,,,,,
2025-montreal,Montreal,Hard,,PM,20250727,20,743463,,,Eva Lys,,,,,344636,,,Leolia Jeanjean,,,,,6-1 6-4,3,R128,,2,2,,,,,,,,1,6,,,,,,,,,,,
2025-montreal,Montreal,Hard,,PM,20250727,21,369605,,,Marie Bouzkova,,,,,482165,,,Moyuka Uchijima,,,,,6-2 7-6,3,R128,,1,9,,,,,,,,1,5,,,,,,,,,,,
2025-montreal,Montreal,Hard,,PM,20250727,22,460138,,,Lulu Sun,,,,,600745,,,Sorana Cirstea,,,,,6-3 7-5,3,R128,,8,5,,,,,,,,4,7,,,,,,,,,,,
2025-montreal,Montreal,Hard,,PM,20250727,23,714334,,,Naomi Osaka,,,,,531507,,,Arseneault A.,,,,,6-4 6-2,3,R128,,2,5,,,,,,,,0,6,,,,,,,,,,,
2025-montreal,Montreal,Hard,,PM,20250727,24,988957,,,Renata Zarazua,,,,,970027,,,Katie Boulter,,,,,6-1 7-5,3,R128,,1,2,,,,,,,,4,6,,,,,,,,,,,
2025-montreal,Montreal,Hard,,PM,20250727,25,152800,,,Lucia Bronzetti,,,,,937315,,,Elizabeth Mandlik,,,,,4-6 7-6 6-2,3,R128,,2,5,,,,,,,,2,9,,,,,,,,,,,
2025-montreal,Montreal,Hard,,PM,20250727,26,465575,,,Anastasija Sevastova,,,,,389789,,,Ajla Tomljanovic,,,,,6-3 3-6 6-4,3,R128,,2,4,,,,,,,,0,13,,,,,,,,,,,
2025-montreal,Montreal,Hard,,PM,20250727,27,485516,,,Eugenie Bouchard,,,,,741705,,,Emiliana Arango,,,,,6-4 2-6 6-2,3,R128,,2,2,,,,,,,,1,1,,,,,,,,,,,
2025-montreal,Montreal,Hard,,PM,20250727,28,651454,,,Antonia Ruzic,,,,,651611,,,Anastasia Potapova,,,,,2-6 7-5 6-0,3,R128,,1,2,,,,,,,,2,5,,,,,,,,,,,
2025-montreal,Montreal,Hard,,PM,20250727,29,710062,,,Maria Sakkari,,,,,169028,,,Carson Branstine,,,,,6-2 3-6 7-5,3,R128,,3,3,,,,,,,,6,6,,,,,,,,,,,
2025-montreal,Montreal,Hard,,PM,20250727,30,626163,,,Daria Kasatkina,,,,,126226,,,Anna Blinkova,,,,,6-1 6-4,3,R64,,1,7,,,,,,,,1,4,,,,,,,,,,,
2025-montreal,Montreal,Hard,,PM,20250727,31,520895,,,Caty Mcnally,,,,,663060,,,Alycia Parks,,,,,6-4 5-7 7-6,3,R128,,6,6,,,,,,,,6,11,,,,,,,,,,,
2025-montreal,Montreal,Hard,,PM,20250727,32,804248,,,Emma Navarro,,,,,675084,,,Rebecca Marino,,,,,6-1 6-2,3,R64,,1,3,,,,,,,,5,0,,,,,,,,,,,
2025-montreal,Montreal,Hard,,PM,20250727,33,813190,,,Dayana Yastremska,,,,,769396,,,Camila Osorio,,,,,3-6 7-6 6-2,3,R64,,3,6,,,,,,,,1,9,,,,,,,,,,,
2025-montreal,Montreal,Hard,,PM,20250727,34,393113,,,Anna Kalinskaya,,,,,619460,,,Ann Li,,,,,7-6 0-6 6-3,3,R128,,3,5,,,,,,,,3,2,,,,,,,,,,,
2025-montreal,Montreal,Hard,,PM,20250727,35,690300,,,Maya Joint,,,,,914953,,,Leylah Fernandez,,,,,6-4 6-1,3,R128,,1,4,,,,,,,,1,4,,,,,,,,,,,
2025-montreal,Montreal,Hard,,PM,20250727,36,756180,,,Marta Kostyuk,,,,,339700,,,Marketa Vondrousova,,,,,2-6 6-3 6-2,3,R64,,5,6,,,,,,,,2,3,,,,,,,,,,,
2025-montreal,Montreal,Hard,,PM,20250727,37,885728,,,Jaqueline  Cristian,,,,,187314,,,Linda Noskova,,,,,6-3 6-4,3,R64,,5,1,,,,,,,,3,5,,,,,,,,,,,
2025-montreal,Montreal,Hard,,PM,20250727,38,727666,,,Mirra Andreeva,,,,,409001,,,Bianca Andreescu,,,,,,3,R64,,,,,,,,,,,,,,,,,,,,,,,
2025-montreal,Montreal,Hard,,PM,20250727,39,604616,,,Aoi Ito,,,,,324333,,,Jasmine Paolini,,,,,2-6 7-5 7-6,3,R64,,1,11,,,,,,,,2,7,,,,,,,,,,,
2025-montreal,Montreal,Hard,,PM,20250727,40,876368,,,Veronika Kudermetova,,,,,923407,,,Olga Danilovic,,,,,6-4 6-2,3,R64,,2,2,,,,,,,,2,4,,,,,,,,,,,
2025-montreal,Montreal,Hard,,PM,20250727,41,595819,,,Jessica Bouzas Maneiro,,,,,701534,,,Ashlyn Krueger,,,,,6-4 6-4,3,R64,,4,5,,,,,,,,7,8,,,,,,,,,,,
2025-montreal,Montreal,Hard,,PM,20250727,42,369605,,,Marie Bouzkova,,,,,425446,,,Diana Shnaider,,,,,6-2 7-6,3,R64,,3,4,,,,,,,,0,8,,,,,,,,,,,
2025-montreal,Montreal,Hard,,PM,20250727,43,510565,,,Lin Zhu,,,,,558914,,,Ekaterina Alexandrova,,,,,1-6 6-2 6-4,3,R64,,4,0,,,,,,,,8,7,,,,,,,,,,,
2025-montreal,Montreal,Hard,,PM,20250727,44,350535,,,Elena Rybakina,,,,,987862,,,Hailey Baptiste,,,,,6-4 6-3,3,R64,,11,3,,,,,,,,3,4,,,,,,,,,,,
2025-montreal,Montreal,Hard,,PM,20250727,45,296713,,,Coco Gauff,,,,,788190,,,Danielle Collins,,,,,7-5 4-6 7-6,3,R64,,3,23,,,,,,,,2,13,,,,,,,,,,,
2025-montreal,Montreal,Hard,,PM,20250727,46,689373,,,Suzan Lamens,,,,,692146,,,Beatriz Haddad Maia,,,,,6-2 1-6 6-3,3,R64,,1,5,,,,,,,,3,6,,,,,,,,,,,
2025-montreal,Montreal,Hard,,PM,20250727,47,844223,,,Victoria Mboko,,,,,549141,,,Sofia Kenin,,,,,6-2 6-3,3,R64,,12,3,,,,,,,,0,1,,,,,,,,,,,
2025-montreal,Montreal,Hard,,PM,20250727,48,421789,,,Mccartney Kessler,,,,,690300,,,Maya Joint,,,,,4-6 6-4 6-3,3,R64,,3,3,,,,,,,,2,6,,,,,,,,,,,
2025-montreal,Montreal,Hard,,PM,20250727,49,465575,,,Anastasija Sevastova,,,,,684064,,,Magda Linette,,,,,6-3 4-6 6-4,3,R64,,1,3,,,,,,,,12,5,,,,,,,,,,,
2025-montreal,Montreal,Hard,,PM,20250727,50,714334,,,Naomi Osaka,,,,,286370,,,Liudmila Samsonova,,,,,4-6 7-6 6-3,3,R64,,8,2,,,,,,,,6,1,,,,,,,,,,,
2025-montreal,Montreal,Hard,,PM,20250727,51,731934,,,Madison Keys,,,,,685811,,,Laura Siegemund,,,,,6-2 6-1,3,R64,,3,1,,,,,,,,0,2,,,,,,,,,,,
2025-montreal,Montreal,Hard,,PM,20250727,52,359411,,,Clara Tauson,,,,,152800,,,Lucia Bronzetti,,,,,6-1 6-2,3,R64,,4,3,,,,,,,,1,5,,,,,,,,,,,
2025-montreal,Montreal,Hard,,PM,20250727,53,762485,,,Jelena Ostapenko,,,,,988957,,,Renata Zarazua,,,,,6-2 4-6 6-2,3,R64,,6,12,,,,,,,,2,7,,,,,,,,,,,
2025-montreal,Montreal,Hard,,PM,20250727,54,520895,,,Caty Mcnally,,,,,123538,,,Rebecca Sramkova,,,,,6-2 6-2,3,R64,,1,2,,,,,,,,1,1,,,,,,,,,,,
2025-montreal,Montreal,Hard,,PM,20250727,55,139227,,,Iga Swiatek,,,,,676979,,,Hanyu Guo,,,,,6-3 6-1,3,R64,,4,6,,,,,,,,0,3,,,,,,,,,,,
2025-montreal,Montreal,Hard,,PM,20250727,56,814118,,,Jessica Pegula,,,,,710062,,,Maria Sakkari,,,,,7-5 6-4,3,R64,,5,2,,,,,,,,3,2,,,,,,,,,,,
2025-montreal,Montreal,Hard,,PM,20250727,57,393113,,,Anna Kalinskaya,,,,,809758,,,Elise Mertens,,,,,1-6 7-6 6-2,3,R64,,3,11,,,,,,,,5,5,,,,,,,,,,,
2025-montreal,Montreal,Hard,,PM,20250727,58,858188,,,Emma Raducanu,,,,,688846,,,Peyton Stearns,,,,,6-2 6-4,3,R64,,6,4,,,,,,,,4,5,,,,,,,,,,,
2025-montreal,Montreal,Hard,,PM,20250727,59,976242,,,Yuliia Starodubtseva,,,,,362890,,,Magdalena Frech,,,,,6-1 6-1,3,R64,,2,0,,,,,,,,1,1,,,,,,,,,,,
2025-montreal,Montreal,Hard,,PM,20250727,60,218416,,,Belinda Bencic,,,,,485516,,,Eugenie Bouchard,,,,,6-2 3-6 6-4,3,R64,,1,3,,,,,,,,0,2,,,,,,,,,,,
2025-montreal,Montreal,Hard,,PM,20250727,61,563551,,,Karolina Muchova,,,,,651454,,,Antonia Ruzic,,,,,7-5 7-5,3,R64,,6,2,,,,,,,,1,2,,,,,,,,,,,
2025-montreal,Montreal,Hard,,PM,20250727,62,743463,,,Eva Lys,,,,,834140,,,Anastasia Pavlyuchenkova,,,,,6-3 6-4,3,R64,,0,6,,,,,,,,4,10,,,,,,,,,,,
2025-montreal,Montreal,Hard,,PM,20250727,63,324536,,,Amanda Anisimova,,,,,460138,,,Lulu Sun,,,,,6-4 7-6,3,R64,,11,4,,,,,,,,4,3,,,,,,,,,,,
2025-montreal,Montreal,Hard,,PM,20250727,64,568896,,,Elina Svitolina,,,,,568609,,,Kamilla Rakhimova,,,,,7-5 6-2,3,R64,,4,3,,,,,,,,1,5,,,,,,,,,,,
2025-montreal,Montreal,Hard,,PM,20250727,65,756180,,,Marta Kostyuk,,,,,626163,,,Daria Kasatkina,,,,,3-6 6-3 7-6,3,R32,,4,9,,,,,,,,0,11,,,,,,,,,,,
2025-montreal,Montreal,Hard,,PM,20250727,66,510565,,,Lin Zhu,,,,,689373,,,Suzan Lamens,,,,,6-2 6-2,3,R32,,3,2,,,,,,,,0,4,,,,,,,,,,,
2025-montreal,Montreal,Hard,,PM,20250727,67,421789,,,Mccartney Kessler,,,,,727666,,,Mirra Andreeva,,,,,7-6 6-4,3,R32,,2,8,,,,,,,,0,4,,,,,,,,,,,
2025-montreal,Montreal,Hard,,PM,20250727,68,296713,,,Coco Gauff,,,,,876368,,,Veronika Kudermetova,,,,,4-6 7-5 6-2,3,R32,,5,14,,,,,,,,6,1,,,,,,,,,,,
2025-montreal,Montreal,Hard,,PM,20250727,69,595819,,,Jessica Bouzas Maneiro,,,,,604616,,,Aoi Ito,,,,,4-6 7-5 6-3,3,R32,,1,7,,,,,,,,0,5,,,,,,,,,,,
2025-montreal,Montreal,Hard,,PM,20250727,70,844223,,,Victoria Mboko,,,,,369605,,,Marie Bouzkova,,,,,1-6 6-3 6-0,3,R32,,5,10,,,,,,,,1,4,,,,,,,,,,,
2025-montreal,Montreal,Hard,,PM,20250727,71,813190,,,Dayana Yastremska,,,,,804248,,,Emma Navarro,,,,,7-5 6-4,3,R32,,6,4,,,,,,,,0,4,,,,,,,,,,,
2025-montreal,Montreal,Hard,,PM,20250727,72,350535,,,Elena Rybakina,,,,,885728,,,Jaqueline  Cristian,,,,,6-0 7-6,3,R32,,8,0,,,,,,,,1,3,,,,,,,,,,,
2025-montreal,Montreal,Hard,,PM,20250727,73,359411,,,Clara Tauson,,,,,976242,,,Yuliia Starodubtseva,,,,,6-3 6-0,3,R32,,2,1,,,,,,,,0,0,,,,,,,,,,,
2025-montreal,Montreal,Hard,,PM,20250727,74,714334,,,Naomi Osaka,,,,,762485,,,Jelena Ostapenko,,,,,6-2 6-4,3,R32,,5,1,,,,,,,,2,4,,,,,,,,,,,
2025-montreal,Montreal,Hard,,PM,20250727,75,731934,,,Madison Keys,,,,,520895,,,Caty Mcnally,,,,,2-6 6-3 6-3,3,R32,,3,7,,,,,,,,1,7,,,,,,,,,,,
2025-montreal,Montreal,Hard,,PM,20250727,76,465575,,,Anastasija Sevastova,,,,,814118,,,Jessica Pegula,,,,,3-6 6-4 6-1,3,R32,,2,2,,,,,,,,1,3,,,,,,,,,,,
2025-montreal,Montreal,Hard,,PM,20250727,77,563551,,,Karolina Muchova,,,,,218416,,,Belinda Bencic,,,,,6-7 6-2 6-3,3,R32,,4,1,,,,,,,,1,5,,,,,,,,,,,
2025-montreal,Montreal,Hard,,PM,20250727,78,139227,,,Iga Swiatek,,,,,743463,,,Eva Lys,,,,,6-2 6-2,3,R32,,2,3,,,,,,,,0,3,,,,,,,,,,,
2025-montreal,Montreal,Hard,,PM,20250727,79,324536,,,Amanda Anisimova,,,,,858188,,,Emma Raducanu,,,,,6-2 6-1,3,R32,,4,2,,,,,,,,0,1,,,,,,,,,,,
2025-montreal,Montreal,Hard,,PM,20250727,80,568896,,,Elina Svitolina,,,,,393113,,,Anna Kalinskaya,,,,,6-1 6-1,3,R32,,8,2,,,,,,,,1,5,,,,,,,,,,,
2025-montreal,Montreal,Hard,,PM,20250727,81,756180,,,Marta Kostyuk,,,,,421789,,,Mccartney Kessler,,,,,5-7 6-3 6-3,3,R16,,1,10,,,,,,,,0,12,,,,,,,,,,,
2025-montreal,Montreal,Hard,,PM,20250727,82,350535,,,Elena Rybakina,,,,,813190,,,Dayana Yastremska,,,,,5-7 6-2 7-5,3,R16,,7,9,,,,,,,,4,7,,,,,,,,,,,
2025-montreal,Montreal,Hard,,PM,20250727,83,844223,,,Victoria Mboko,,,,,296713,,,Coco Gauff,,,,,6-1 6-4,3,R16,,2,5,,,,,,,,1,6,,,,,,,,,,,
2025-montreal,Montreal,Hard,,PM,20250727,84,595819,,,Jessica Bouzas Maneiro,,,,,510565,,,Lin Zhu,,,,,7-5 1-6 6-2,3,R16,,7,6,,,,,,,,0,2,,,,,,,,,,,
2025-montreal,Montreal,Hard,,PM,20250727,85,731934,,,Madison Keys,,,,,563551,,,Karolina Muchova,,,,,4-6 6-3 7-5,3,R16,,4,6,,,,,,,,1,4,,,,,,,,,,,
2025-montreal,Montreal,Hard,,PM,20250727,86,714334,,,Naomi Osaka,,,,,465575,,,Anastasija Sevastova,,,,,6-1 6-0,3,R16,,5,0,,,,,,,,0,5,,,,,,,,,,,
2025-montreal,Montreal,Hard,,PM,20250727,87,359411,,,Clara Tauson,,,,,139227,,,Iga Swiatek,,,,,7-6 6-3,3,R16,,6,4,,,,,,,,8,5,,,,,,,,,,,
2025-montreal,Montreal,Hard,,PM,20250727,88,568896,,,Elina Svitolina,,,,,324536,,,Amanda Anisimova,,,,,6-4 6-1,3,R16,,4,3,,,,,,,,4,4,,,,,,,,,,,
2025-montreal,Montreal,Hard,,PM,20250727,89,350535,,,Elena Rybakina,,,,,756180,,,Marta Kostyuk,,,,,6-1 2-1,3,QF,,0,1,,,,,,,,0,3,,,,,,,,,,,
2025-montreal,Montreal,Hard,,PM,20250727,90,844223,,,Victoria Mboko,,,,,595819,,,Jessica Bouzas Maneiro,,,,,6-4 6-2,3,QF,,3,2,,,,,,,,0,5,,,,,,,,,,,
2025-montreal,Montreal,Hard,,PM,20250727,91,359411,,,Clara Tauson,,,,,731934,,,Madison Keys,,,,,6-1 6-4,3,QF,,5,2,,,,,,,,5,4,,,,,,,,,,,
2025-montreal,Montreal,Hard,,PM,20250727,92,714334,,,Naomi Osaka,,,,,568896,,,Elina Svitolina,,,,,6-2 6-2,3,QF,,1,2,,,,,,,,2,4,,,,,,,,,,,
2025-montreal,Montreal,Hard,,PM,20250727,93,844223,,,Victoria Mboko,,,,,350535,,,Elena Rybakina,,,,,1-6 7-5 7-6,3,SF,,4,11,,,,,,,,5,1,,,,,,,,,,,
2025-montreal,Montreal,Hard,,PM,20250727,94,714334,,,Naomi Osaka,,,,,359411,,,Clara Tauson,,,,,6-2 7-6,3,SF,,4,3,,,,,,,,4,3,,,,,,,,,,,
2025-montreal,Montreal,Hard,,PM,20250727,95,844223,,,Victoria Mboko,,,,,714334,,,Naomi Osaka,,,,,2-6 6-4 6-1,3,F,,4,13,,,,,,,,1,5,,,,,,,,,,,
2025-cincinnati,Cincinnati,Hard,,PM,20250807,1,690300,,,Maya Joint,,,,,460146,,,Greet Minnen,,,,,6-2 6-3,3,R128,,0,2,,,,,,,,1,4,,,,,,,,,,,
2025-cincinnati,Cincinnati,Hard,,PM,20250807,2,600745,,,Sorana Cirstea,,,,,975382,,,Donna Vekic,,,,,6-1 4-6 6-3,3,R128,,7,3,,,,,,,,5,12,,,,,,,,,,,
2025-cincinnati,Cincinnati,Hard,,PM,20250807,3,651611,,,Anastasia Potapova,,,,,685811,,,Laura Siegemund,,,,,6-4 6-4,3,R128,,5,8,,,,,,,,1,3,,,,,,,,,,,
2025-cincinnati,Cincinnati,Hard,,PM,20250807,4,339700,,,Marketa Vondrousova,,,,,885728,,,Jaqueline  Cristian,,,,,6-3 6-1,3,R128,,6,3,,,,,,,,1,6,,,,,,,,,,,
2025-cincinnati,Cincinnati,Hard,,PM,20250807,5,988957,,,Renata Zarazua,,,,,133650,,,Yulia Putintseva,,,,,3-6 6-4 6-2,3,R128,,1,2,,,,,,,,3,2,,,,,,,,,,,
2025-cincinnati,Cincinnati,Hard,,PM,20250807,6,604616,,,Aoi Ito,,,,,275310,,,Elena-Gabriela Ruse,,,,,6-2 7-6,3,R128,,2,4,,,,,,,,2,7,,,,,,,,,,,
2025-cincinnati,Cincinnati,Hard,,PM,20250807,7,595819,,,Jessica Bouzas Maneiro,,,,,969718,,,Venus Williams,,,,,6-4 6-4,3,R128,,2,6,,,,,,,,0,3,,,,,,,,,,,
2025-cincinnati,Cincinnati,Hard,,PM,20250807,8,743463,,,Eva Lys,,,,,557676,,,Bernarda Pera,,,,,6-2 4-6 7-5,3,R128,,5,2,,,,,,,,10,9,,,,,,,,,,,
2025-cincinnati,Cincinnati,Hard,,PM,20250807,9,923407,,,Olga Danilovic,,,,,970027,,,Katie Boulter,,,,,6-0 7-5,3,R128,,3,5,,,,,,,,2,5,,,,,,,,,,,
2025-cincinnati,Cincinnati,Hard,,PM,20250807,10,913730,,,Tatjana Maria,,,,,791769,,,Whitney Osuigwe,,,,,6-2 6-3,3,R128,,8,3,,,,,,,,1,6,,,,,,,,,,,
2025-cincinnati,Cincinnati,Hard,,PM,20250807,11,532196,,,Clervie Ngounoue,,,,,987862,,,Hailey Baptiste,,,,,6-1 4-6 6-1,3,R128,,3,4,,,,,,,,5,7,,,,,,,,,,,
2025-cincinnati,Cincinnati,Hard,,PM,20250807,12,688846,,,Peyton Stearns,,,,,927809,,,Yafan Wang,,,,,6-4 6-3,3,R128,,2,4,,,,,,,,3,5,,,,,,,,,,,
2025-cincinnati,Cincinnati,Hard,,PM,20250807,13,460138,,,Lulu Sun,,,,,651454,,,Antonia Ruzic,,,,,6-4 6-4,3,R128,,3,6,,,,,,,,0,2,,,,,,,,,,,
2025-cincinnati,Cincinnati,Hard,,PM,20250807,14,152800,,,Lucia Bronzetti,,,,,510565,,,Lin Zhu,,,,,6-7 6-2 7-6,3,R128,,8,5,,,,,,,,6,4,,,,,,,,,,,
2025-cincinnati,Cincinnati,Hard,,PM,20250807,15,123538,,,Rebecca Sramkova,,,,,446701,,,Caroline Dolehide,,,,,1-6 6-4 7-6,3,R128,,8,4,,,,,,,,12,6,,,,,,,,,,,
2025-cincinnati,Cincinnati,Hard,,PM,20250807,16,344636,,,Leolia Jeanjean,,,,,976242,,,Yuliia Starodubtseva,,,,,7-5 1-6 6-4,3,R128,,6,5,,,,,,,,0,6,,,,,,,,,,,
2025-cincinnati,Cincinnati,Hard,,PM,20250807,17,464502,,,Caroline Garcia,,,,,444525,,,Sonay Kartal,,,,,5-7 6-4 6-3,3,R128,,7,2,,,,,,,,3,2,,,,,,,,,,,
2025-cincinnati,Cincinnati,Hard,,PM,20250807,18,389789,,,Ajla Tomljanovic,,,,,610520,,,Anna Bondar,,,,,7-6 6-4,3,R128,,3,5,,,,,,,,8,4,,,,,,,,,,,
2025-cincinnati,Cincinnati,Hard,,PM,20250807,19,948848,,,Taylor Townsend,,,,,788190,,,Danielle Collins,,,,,6-4 7-6,3,R128,,2,3,,,,,,,,7,6,,,,,,,,,,,
2025-cincinnati,Cincinnati,Hard,,PM,20250807,20,851560,,,Kimberly Birrell,,,,,126226,,,Anna Blinkova,,,,,6-2 6-1,3,R128,,0,6,,,,,,,,1,7,,,,,,,,,,,
2025-cincinnati,Cincinnati,Hard,,PM,20250807,21,323630,,,Varvara Gracheva,,,,,421894,,,Katie Volynets,,,,,6-4 3-6 6-3,3,R128,,7,4,,,,,,,,5,2,,,,,,,,,,,
2025-cincinnati,Cincinnati,Hard,,PM,20250807,22,631483,,,Ella Seidel,,,,,824108,,,Polina Kudermetova,,,,,1-6 6-3 6-2,3,R128,,3,8,,,,,,,,6,4,,,,,,,,,,,
2025-cincinnati,Cincinnati,Hard,,PM,20250807,23,769396,,,Camila Osorio,,,,,482165,,,Moyuka Uchijima,,,,,7-5 1-6 6-4,3,R128,,1,11,,,,,,,,5,9,,,,,,,,,,,
2025-cincinnati,Cincinnati,Hard,,PM,20250807,24,710062,,,Maria Sakkari,,,,,568609,,,Kamilla Rakhimova,,,,,6-3 3-6 6-2,3,R128,,2,5,,,,,,,,3,9,,,,,,,,,,,
2025-cincinnati,Cincinnati,Hard,,PM,20250807,25,897792,,,Viktoriya Tomova,,,,,619460,,,Ann Li,,,,,6-4 7-5,3,R128,,0,3,,,,,,,,2,1,,,,,,,,,,,
2025-cincinnati,Cincinnati,Hard,,PM,20250807,26,600494,,,Xinyu Wang,,,,,741705,,,Emiliana Arango,,,,,7-6 6-3,3,R128,,1,6,,,,,,,,0,3,,,,,,,,,,,
2025-cincinnati,Cincinnati,Hard,,PM,20250807,27,465575,,,Anastasija Sevastova,,,,,826437,,,Emina Bektas,,,,,6-4 6-7 6-1,3,R128,,8,1,,,,,,,,7,5,,,,,,,,,,,
2025-cincinnati,Cincinnati,Hard,,PM,20250807,28,876368,,,Veronika Kudermetova,,,,,689373,,,Suzan Lamens,,,,,6-1 6-3,3,R128,,10,2,,,,,,,,1,3,,,,,,,,,,,
2025-cincinnati,Cincinnati,Hard,,PM,20250807,29,358837,,,Barbora Krejcikova,,,,,663060,,,Alycia Parks,,,,,6-4 4-6 6-0,3,R128,,0,8,,,,,,,,4,10,,,,,,,,,,,
2025-cincinnati,Cincinnati,Hard,,PM,20250807,30,803486,,,Yue Yuan,,,,,480371,,,Cristina Bucsa,,,,,6-2 6-2,3,R128,,2,1,,,,,,,,2,4,,,,,,,,,,,
2025-cincinnati,Cincinnati,Hard,,PM,20250807,31,388459,,,Iva Jovic,,,,,519047,,,Solana Sierra,,,,,6-3 7-6,3,R128,,0,1,,,,,,,,6,8,,,,,,,,,,,
2025-cincinnati,Cincinnati,Hard,,PM,20250807,32,520895,,,Caty Mcnally,,,,,646421,,,Maddison Inglis,,,,,6-2 6-3,3,R128,,5,3,,,,,,,,1,3,,,,,,,,,,,
2025-cincinnati,Cincinnati,Hard,,PM,20250807,33,756180,,,Marta Kostyuk,,,,,913730,,,Tatjana Maria,,,,,6-0 6-1,3,R64,,1,3,,,,,,,,0,2,,,,,,,,,,,
2025-cincinnati,Cincinnati,Hard,,PM,20250807,34,604616,,,Aoi Ito,,,,,834140,,,Anastasia Pavlyuchenkova,,,,,6-1 4-6 6-4,3,R64,,3,3,,,,,,,,1,3,,,,,,,,,,,
2025-cincinnati,Cincinnati,Hard,,PM,20250807,35,139227,,,Iga Swiatek,,,,,651611,,,Anastasia Potapova,,,,,6-1 6-4,3,R64,,4,4,,,,,,,,2,4,,,,,,,,,,,
2025-cincinnati,Cincinnati,Hard,,PM,20250807,36,595819,,,Jessica Bouzas Maneiro,,,,,914953,,,Leylah Fernandez,,,,,6-3 6-3,3,R64,,3,9,,,,,,,,1,4,,,,,,,,,,,
2025-cincinnati,Cincinnati,Hard,,PM,20250807,37,600745,,,Sorana Cirstea,,,,,362890,,,Magdalena Frech,,,,,7-6 2-6 6-4,3,R64,,6,2,,,,,,,,0,4,,,,,,,,,,,
2025-cincinnati,Cincinnati,Hard,,PM,20250807,38,731934,,,Madison Keys,,,,,743463,,,Eva Lys,,,,,1-6 6-3 7-6,3,R64,,12,6,,,,,,,,0,6,,,,,,,,,,,
2025-cincinnati,Cincinnati,Hard,,PM,20250807,39,690300,,,Maya Joint,,,,,692146,,,Beatriz Haddad Maia,,,,,6-4 4-6 6-4,3,R64,,4,4,,,,,,,,7,18,,,,,,,,,,,
2025-cincinnati,Cincinnati,Hard,,PM,20250807,40,948848,,,Taylor Townsend,,,,,286370,,,Liudmila Samsonova,,,,,6-2 6-4,3,R64,,9,1,,,,,,,,3,2,,,,,,,,,,,
2025-cincinnati,Cincinnati,Hard,,PM,20250807,41,858188,,,Emma Raducanu,,,,,923407,,,Olga Danilovic,,,,,6-3 6-2,3,R64,,7,3,,,,,,,,1,6,,,,,,,,,,,
2025-cincinnati,Cincinnati,Hard,,PM,20250807,42,558914,,,Ekaterina Alexandrova,,,,,460138,,,Lulu Sun,,,,,6-4 6-2,3,R64,,7,8,,,,,,,,5,8,,,,,,,,,,,
2025-cincinnati,Cincinnati,Hard,,PM,20250807,43,803486,,,Yue Yuan,,,,,425446,,,Diana Shnaider,,,,,6-4 1-6 6-3,3,R64,,3,1,,,,,,,,7,4,,,,,,,,,,,
2025-cincinnati,Cincinnati,Hard,,PM,20250807,44,350535,,,Elena Rybakina,,,,,988957,,,Renata Zarazua,,,,,4-6 6-0 7-5,3,R64,,14,7,,,,,,,,3,4,,,,,,,,,,,
2025-cincinnati,Cincinnati,Hard,,PM,20250807,45,809758,,,Elise Mertens,,,,,532196,,,Clervie Ngounoue,,,,,3-6 7-6 7-5,3,R64,,10,5,,,,,,,,6,5,,,,,,,,,,,
2025-cincinnati,Cincinnati,Hard,,PM,20250807,46,393113,,,Anna Kalinskaya,,,,,688846,,,Peyton Stearns,,,,,7-6 4-6 6-1,3,R64,,7,9,,,,,,,,4,4,,,,,,,,,,,
2025-cincinnati,Cincinnati,Hard,,PM,20250807,47,716715,,,Aryna Sabalenka,,,,,339700,,,Marketa Vondrousova,,,,,7-5 6-1,3,R64,,4,2,,,,,,,,4,4,,,,,,,,,,,
2025-cincinnati,Cincinnati,Hard,,PM,20250807,48,324536,,,Amanda Anisimova,,,,,344636,,,Leolia Jeanjean,,,,,,3,R64,,,,,,,,,,,,,,,,,,,,,,,
2025-cincinnati,Cincinnati,Hard,,PM,20250807,49,701534,,,Ashlyn Krueger,,,,,465575,,,Anastasija Sevastova,,,,,6-4 0-6 6-3,3,R64,,4,11,,,,,,,,0,3,,,,,,,,,,,
2025-cincinnati,Cincinnati,Hard,,PM,20250807,50,813190,,,Dayana Yastremska,,,,,897792,,,Viktoriya Tomova,,,,,6-4 2-6 6-2,3,R64,,5,7,,,,,,,,7,2,,,,,,,,,,,
2025-cincinnati,Cincinnati,Hard,,PM,20250807,51,876368,,,Veronika Kudermetova,,,,,218416,,,Belinda Bencic,,,,,6-4 7-6,3,R64,,6,1,,,,,,,,1,5,,,,,,,,,,,
2025-cincinnati,Cincinnati,Hard,,PM,20250807,52,324333,,,Jasmine Paolini,,,,,710062,,,Maria Sakkari,,,,,7-6 7-6,3,R64,,5,3,,,,,,,,8,4,,,,,,,,,,,
2025-cincinnati,Cincinnati,Hard,,PM,20250807,53,684064,,,Magda Linette,,,,,123538,,,Rebecca Sramkova,,,,,7-6 6-0,3,R64,,7,3,,,,,,,,4,3,,,,,,,,,,,
2025-cincinnati,Cincinnati,Hard,,PM,20250807,54,631483,,,Ella Seidel,,,,,804248,,,Emma Navarro,,,,,6-4 1-6 6-4,3,R64,,3,3,,,,,,,,3,5,,,,,,,,,,,
2025-cincinnati,Cincinnati,Hard,,PM,20250807,55,296713,,,Coco Gauff,,,,,600494,,,Xinyu Wang,,,,,6-3 6-2,3,R64,,5,8,,,,,,,,2,2,,,,,,,,,,,
2025-cincinnati,Cincinnati,Hard,,PM,20250807,56,359411,,,Clara Tauson,,,,,389789,,,Ajla Tomljanovic,,,,,6-3 6-7 6-4,3,R64,,14,7,,,,,,,,9,11,,,,,,,,,,,
2025-cincinnati,Cincinnati,Hard,,PM,20250807,57,762485,,,Jelena Ostapenko,,,,,769396,,,Camila Osorio,,,,,,3,R64,,0,0,,,,,,,,0,0,,,,,,,,,,,
2025-cincinnati,Cincinnati,Hard,,PM,20250807,58,152800,,,Lucia Bronzetti,,,,,626163,,,Daria Kasatkina,,,,,6-3 1-6 6-4,3,R64,,2,2,,,,,,,,3,4,,,,,,,,,,,
2025-cincinnati,Cincinnati,Hard,,PM,20250807,59,814118,,,Jessica Pegula,,,,,851560,,,Kimberly Birrell,,,,,6-4 6-3,3,R64,,5,0,,,,,,,,2,9,,,,,,,,,,,
2025-cincinnati,Cincinnati,Hard,,PM,20250807,60,388459,,,Iva Jovic,,,,,187314,,,Linda Noskova,,,,,6-3 6-0,3,R64,,4,1,,,,,,,,1,4,,,,,,,,,,,
2025-cincinnati,Cincinnati,Hard,,PM,20250807,61,421789,,,Mccartney Kessler,,,,,520895,,,Caty Mcnally,,,,,6-4 6-3,3,R64,,2,1,,,,,,,,2,2,,,,,,,,,,,
2025-cincinnati,Cincinnati,Hard,,PM,20250807,62,323630,,,Varvara Gracheva,,,,,549141,,,Sofia Kenin,,,,,6-7 6-3 6-3,3,R64,,15,6,,,,,,,,3,6,,,,,,,,,,,
2025-cincinnati,Cincinnati,Hard,,PM,20250807,63,358837,,,Barbora Krejcikova,,,,,568896,,,Elina Svitolina,,,,,2-6 6-4 6-3,3,R64,,4,12,,,,,,,,4,4,,,,,,,,,,,
2025-cincinnati,Cincinnati,Hard,,PM,20250807,64,563551,,,Karolina Muchova,,,,,464502,,,Caroline Garcia,,,,,7-6 7-6,3,R64,,7,2,,,,,,,,2,1,,,,,,,,,,,
2025-cincinnati,Cincinnati,Hard,,PM,20250807,65,139227,,,Iga Swiatek,,,,,756180,,,Marta Kostyuk,,,,,,3,R32,,,,,,,,,,,,,,,,,,,,,,,
2025-cincinnati,Cincinnati,Hard,,PM,20250807,66,558914,,,Ekaterina Alexandrova,,,,,690300,,,Maya Joint,,,,,6-4 6-3,3,R32,,7,2,,,,,,,,4,0,,,,,,,,,,,
2025-cincinnati,Cincinnati,Hard,,PM,20250807,67,595819,,,Jessica Bouzas Maneiro,,,,,948848,,,Taylor Townsend,,,,,6-4 6-1,3,R32,,0,4,,,,,,,,1,2,,,,,,,,,,,
2025-cincinnati,Cincinnati,Hard,,PM,20250807,68,600745,,,Sorana Cirstea,,,,,803486,,,Yue Yuan,,,,,6-7 6-4 6-4,3,R32,,9,0,,,,,,,,3,1,,,,,,,,,,,
2025-cincinnati,Cincinnati,Hard,,PM,20250807,69,716715,,,Aryna Sabalenka,,,,,858188,,,Emma Raducanu,,,,,7-6 4-6 7-6,3,R32,,8,3,,,,,,,,10,9,,,,,,,,,,,
2025-cincinnati,Cincinnati,Hard,,PM,20250807,70,393113,,,Anna Kalinskaya,,,,,324536,,,Amanda Anisimova,,,,,7-5 6-4,3,R32,,1,5,,,,,,,,5,5,,,,,,,,,,,
2025-cincinnati,Cincinnati,Hard,,PM,20250807,71,731934,,,Madison Keys,,,,,604616,,,Aoi Ito,,,,,6-4 6-0,3,R32,,1,0,,,,,,,,1,2,,,,,,,,,,,
2025-cincinnati,Cincinnati,Hard,,PM,20250807,72,350535,,,Elena Rybakina,,,,,809758,,,Elise Mertens,,,,,4-6 6-3 7-5,3,R32,,11,10,,,,,,,,11,2,,,,,,,,,,,
2025-cincinnati,Cincinnati,Hard,,PM,20250807,73,358837,,,Barbora Krejcikova,,,,,388459,,,Iva Jovic,,,,,6-4 3-6 6-2,3,R32,,8,6,,,,,,,,4,9,,,,,,,,,,,
2025-cincinnati,Cincinnati,Hard,,PM,20250807,74,631483,,,Ella Seidel,,,,,421789,,,Mccartney Kessler,,,,,6-4 2-6 7-6,3,R32,,9,4,,,,,,,,2,0,,,,,,,,,,,
2025-cincinnati,Cincinnati,Hard,,PM,20250807,75,324333,,,Jasmine Paolini,,,,,701534,,,Ashlyn Krueger,,,,,7-6 6-1,3,R32,,1,0,,,,,,,,3,10,,,,,,,,,,,
2025-cincinnati,Cincinnati,Hard,,PM,20250807,76,296713,,,Coco Gauff,,,,,813190,,,Dayana Yastremska,,,,,,3,R32,,,,,,,,,,,,,,,,,,,,,,,
2025-cincinnati,Cincinnati,Hard,,PM,20250807,77,323630,,,Varvara Gracheva,,,,,563551,,,Karolina Muchova,,,,,6-2 6-4,3,R32,,3,7,,,,,,,,3,3,,,,,,,,,,,
2025-cincinnati,Cincinnati,Hard,,PM,20250807,78,152800,,,Lucia Bronzetti,,,,,762485,,,Jelena Ostapenko,,,,,1-6 6-3 6-4,3,R32,,10,2,,,,,,,,5,11,,,,,,,,,,,
2025-cincinnati,Cincinnati,Hard,,PM,20250807,79,139227,,,Iga Swiatek,,,,,600745,,,Sorana Cirstea,,,,,6-4 6-3,3,R16,,1,2,,,,,,,,0,2,,,,,,,,,,,
2025-cincinnati,Cincinnati,Hard,,PM,20250807,80,876368,,,Veronika Kudermetova,,,,,359411,,,Clara Tauson,,,,,3-6 7-6 6-4,3,R32,,6,2,,,,,,,,8,6,,,,,,,,,,,
2025-cincinnati,Cincinnati,Hard,,PM,20250807,81,684064,,,Magda Linette,,,,,814118,,,Jessica Pegula,,,,,7-6 3-6 6-3,3,R32,,6,6,,,,,,,,5,5,,,,,,,,,,,
2025-cincinnati,Cincinnati,Hard,,PM,20250807,82,350535,,,Elena Rybakina,,,,,731934,,,Madison Keys,,,,,6-7 6-4 6-2,3,R16,,6,2,,,,,,,,1,6,,,,,,,,,,,
2025-cincinnati,Cincinnati,Hard,,PM,20250807,83,716715,,,Aryna Sabalenka,,,,,595819,,,Jessica Bouzas Maneiro,,,,,6-1 7-5,3,R16,,4,1,,,,,,,,2,4,,,,,,,,,,,
2025-cincinnati,Cincinnati,Hard,,PM,20250807,84,393113,,,Anna Kalinskaya,,,,,558914,,,Ekaterina Alexandrova,,,,,3-6 7-6 6-1,3,R16,,5,10,,,,,,,,8,7,,,,,,,,,,,
2025-cincinnati,Cincinnati,Hard,,PM,20250807,85,296713,,,Coco Gauff,,,,,152800,,,Lucia Bronzetti,,,,,6-2 6-4,3,R16,,6,3,,,,,,,,2,4,,,,,,,,,,,
2025-cincinnati,Cincinnati,Hard,,PM,20250807,86,324333,,,Jasmine Paolini,,,,,358837,,,Barbora Krejcikova,,,,,6-1 6-2,3,R16,,1,1,,,,,,,,3,9,,,,,,,,,,,
2025-cincinnati,Cincinnati,Hard,,PM,20250807,87,323630,,,Varvara Gracheva,,,,,631483,,,Ella Seidel,,,,,2-6 6-1 6-1,3,R16,,4,2,,,,,,,,1,8,,,,,,,,,,,
2025-cincinnati,Cincinnati,Hard,,PM,20250807,88,876368,,,Veronika Kudermetova,,,,,684064,,,Magda Linette,,,,,6-4 6-3,3,R16,,4,2,,,,,,,,3,5,,,,,,,,,,,
2025-cincinnati,Cincinnati,Hard,,PM,20250807,89,139227,,,Iga Swiatek,,,,,393113,,,Anna Kalinskaya,,,,,6-3 6-4,3,QF,,2,3,,,,,,,,5,5,,,,,,,,,,,
2025-cincinnati,Cincinnati,Hard,,PM,20250807,90,350535,,,Elena Rybakina,,,,,716715,,,Aryna Sabalenka,,,,,6-1 6-4,3,QF,,11,1,,,,,,,,4,1,,,,,,,,,,,
2025-cincinnati,Cincinnati,Hard,,PM,20250807,91,876368,,,Veronika Kudermetova,,,,,323630,,,Varvara Gracheva,,,,,6-1 6-2,3,QF,,4,0,,,,,,,,1,5,,,,,,,,,,,
2025-cincinnati,Cincinnati,Hard,,PM,20250807,92,324333,,,Jasmine Paolini,,,,,296713,,,Coco Gauff,,,,,2-6 6-4 6-3,3,QF,,0,2,,,,,,,,2,16,,,,,,,,,,,
2025-cincinnati,Cincinnati,Hard,,PM,20250807,93,139227,,,Iga Swiatek,,,,,350535,,,Elena Rybakina,,,,,7-5 6-3,3,SF,,7,3,,,,,,,,10,1,,,,,,,,,,,
2025-cincinnati,Cincinnati,Hard,,PM,20250807,94,324333,,,Jasmine Paolini,,,,,876368,,,Veronika Kudermetova,,,,,6-3 6-7 6-3,3,SF,,2,2,,,,,,,,10,4,,,,,,,,,,,
2025-cincinnati,Cincinnati,Hard,,PM,20250807,95,139227,,,Iga Swiatek,,,,,324333,,,Jasmine Paolini,,,,,7-5 6-4,3,F,,9,7,,,,,,,,0,2,,,,,,,,,,,
2025-cleveland,Cleveland,Hard,,I,20250817,1,926087,,,Anastasia Zakharova,,,,,851560,,,Kimberly Birrell,,,,,5-7 6-4 6-3,3,R32,,6,8,,,,,,,,7,11,,,,,,,,,,,
2025-cleveland,Cleveland,Hard,,I,20250817,2,388459,,,Iva Jovic,,,,,651611,,,Anastasia Potapova,,,,,7-5 6-3,3,R32,,0,4,,,,,,,,2,6,,,,,,,,,,,
2025-cleveland,Cleveland,Hard,,I,20250817,3,743463,,,Eva Lys,,,,,690300,,,Maya Joint,,,,,6-4 6-4,3,R32,,0,3,,,,,,,,2,3,,,,,,,,,,,
2025-cleveland,Cleveland,Hard,,I,20250817,4,519047,,,Solana Sierra,,,,,444525,,,Sonay Kartal,,,,,4-6 6-4 7-6,3,R32,,2,9,,,,,,,,1,5,,,,,,,,,,,
2025-cleveland,Cleveland,Hard,,I,20250817,5,824108,,,Polina Kudermetova,,,,,540114,,,Katrina Scott,,,,,6-4 6-4,3,R32,,5,7,,,,,,,,5,1,,,,,,,,,,,
2025-cleveland,Cleveland,Hard,,I,20250817,6,619460,,,Ann Li,,,,,976242,,,Yuliia Starodubtseva,,,,,7-5 6-3,3,R32,,4,2,,,,,,,,2,2,,,,,,,,,,,
2025-cleveland,Cleveland,Hard,,I,20250817,7,987862,,,Hailey Baptiste,,,,,275310,,,Elena-Gabriela Ruse,,,,,6-2 7-6,3,R32,,4,0,,,,,,,,6,3,,,,,,,,,,,
2025-cleveland,Cleveland,Hard,,I,20250817,8,920327,,,Jil Teichmann,,,,,799344,,,Lois Boisson,,,,,6-4 1-6 6-4,3,R32,,0,4,,,,,,,,6,3,,,,,,,,,,,
2025-cleveland,Cleveland,Hard,,I,20250817,9,600745,,,Sorana Cirstea,,,,,482165,,,Moyuka Uchijima,,,,,6-4 6-1,3,R32,,1,2,,,,,,,,2,8,,,,,,,,,,,
2025-cleveland,Cleveland,Hard,,I,20250817,10,973113,,,Elsa Jacquemot,,,,,510565,,,Lin Zhu,,,,,6-3 6-1,3,R32,,8,3,,,,,,,,0,3,,,,,,,,,,,
2025-cleveland,Cleveland,Hard,,I,20250817,11,828867,,,Talia Gibson,,,,,460146,,,Greet Minnen,,,,,7-6 6-4,3,R32,,1,3,,,,,,,,3,4,,,,,,,,,,,
2025-cleveland,Cleveland,Hard,,I,20250817,12,286370,,,Liudmila Samsonova,,,,,446701,,,Caroline Dolehide,,,,,6-4 7-6,3,R32,,5,1,,,,,,,,3,5,,,,,,,,,,,
2025-cleveland,Cleveland,Hard,,I,20250817,13,988932,,,Viktorija Golubic,,,,,152800,,,Lucia Bronzetti,,,,,6-1 6-3,3,R32,,0,2,,,,,,,,3,0,,,,,,,,,,,
2025-cleveland,Cleveland,Hard,,I,20250817,14,600494,,,Xinyu Wang,,,,,689373,,,Suzan Lamens,,,,,6-2 6-7 6-2,3,R32,,5,4,,,,,,,,0,4,,,,,,,,,,,
2025-cleveland,Cleveland,Hard,,I,20250817,15,927809,,,Yafan Wang,,,,,688846,,,Peyton Stearns,,,,,6-4 3-6 6-3,3,R32,,2,1,,,,,,,,7,4,,,,,,,,,,,
2025-cleveland,Cleveland,Hard,,I,20250817,16,970027,,,Katie Boulter,,,,,803486,,,Yue Yuan,,,,,6-4 6-3,3,R32,,3,8,,,,,,,,1,4,,,,,,,,,,,
2025-cleveland,Cleveland,Hard,,I,20250817,17,926087,,,Anastasia Zakharova,,,,,987862,,,Hailey Baptiste,,,,,6-4 6-3,3,R16,,0,4,,,,,,,,1,4,,,,,,,,,,,
2025-cleveland,Cleveland,Hard,,I,20250817,18,743463,,,Eva Lys,,,,,824108,,,Polina Kudermetova,,,,,6-4 6-3,3,R16,,0,4,,,,,,,,2,11,,,,,,,,,,,
2025-cleveland,Cleveland,Hard,,I,20250817,19,600745,,,Sorana Cirstea,,,,,920327,,,Jil Teichmann,,,,,6-1 6-1,3,R16,,3,0,,,,,,,,1,6,,,,,,,,,,,
2025-cleveland,Cleveland,Hard,,I,20250817,20,286370,,,Liudmila Samsonova,,,,,927809,,,Yafan Wang,,,,,6-2 6-4,3,R16,,6,8,,,,,,,,0,4,,,,,,,,,,,
2025-cleveland,Cleveland,Hard,,I,20250817,21,926087,,,Anastasia Zakharova,,,,,743463,,,Eva Lys,,,,,,3,QF,,,,,,,,,,,,,,,,,,,,,,,
2025-cleveland,Cleveland,Hard,,I,20250817,22,600494,,,Xinyu Wang,,,,,828867,,,Talia Gibson,,,,,1-6 6-2 6-3,3,R16,,7,3,,,,,,,,5,3,,,,,,,,,,,
2025-cleveland,Cleveland,Hard,,I,20250817,23,973113,,,Elsa Jacquemot,,,,,519047,,,Solana Sierra,,,,,7-5 7-6,3,R16,,4,7,,,,,,,,2,4,,,,,,,,,,,
2025-cleveland,Cleveland,Hard,,I,20250817,24,619460,,,Ann Li,,,,,388459,,,Iva Jovic,,,,,6-3 2-6 6-3,3,R16,,6,4,,,,,,,,1,5,,,,,,,,,,,
2025-cleveland,Cleveland,Hard,,I,20250817,25,988932,,,Viktorija Golubic,,,,,970027,,,Katie Boulter,,,,,7-6 1-6 6-4,3,R16,,1,4,,,,,,,,2,6,,,,,,,,,,,
2025-cleveland,Cleveland,Hard,,I,20250817,26,619460,,,Ann Li,,,,,973113,,,Elsa Jacquemot,,,,,6-1 5-7 6-1,3,QF,,3,3,,,,,,,,1,4,,,,,,,,,,,
2025-cleveland,Cleveland,Hard,,I,20250817,27,600745,,,Sorana Cirstea,,,,,286370,,,Liudmila Samsonova,,,,,6-4 6-1,3,QF,,7,2,,,,,,,,2,5,,,,,,,,,,,
2025-cleveland,Cleveland,Hard,,I,20250817,28,600494,,,Xinyu Wang,,,,,988932,,,Viktorija Golubic,,,,,4-6 6-4 6-4,3,QF,,5,6,,,,,,,,0,9,,,,,,,,,,,
2025-cleveland,Cleveland,Hard,,I,20250817,29,600745,,,Sorana Cirstea,,,,,926087,,,Anastasia Zakharova,,,,,6-1 7-5,3,SF,,5,5,,,,,,,,0,6,,,,,,,,,,,
2025-cleveland,Cleveland,Hard,,I,20250817,30,619460,,,Ann Li,,,,,600494,,,Xinyu Wang,,,,,6-3 5-7 6-4,3,SF,,3,1,,,,,,,,2,10,,,,,,,,,,,
2025-cleveland,Cleveland,Hard,,I,20250817,31,600745,,,Sorana Cirstea,,,,,619460,,,Ann Li,,,,,6-2 6-4,3,F,,1,0,,,,,,,,2,1,,,,,,,,,,,
2025-monterrey,Monterrey,Hard,,P,20250818,1,568609,,,Kamilla Rakhimova,,,,,595819,,,Jessica Bouzas Maneiro,,,,,6-4 7-5,3,R32,,2,4,,,,,,,,3,6,,,,,,,,,,,
2025-monterrey,Monterrey,Hard,,P,20250818,2,913730,,,Tatjana Maria,,,,,610520,,,Anna Bondar,,,,,7-6 7-5,3,R32,,5,3,,,,,,,,8,2,,,,,,,,,,,
2025-monterrey,Monterrey,Hard,,P,20250818,3,809758,,,Elise Mertens,,,,,126226,,,Anna Blinkova,,,,,6-4 6-3,3,R32,,4,6,,,,,,,,2,6,,,,,,,,,,,
2025-monterrey,Monterrey,Hard,,P,20250818,4,369605,,,Marie Bouzkova,,,,,337480,,,Zeynep Sonmez,,,,,3-6 6-2 6-4,3,R32,,2,2,,,,,,,,2,6,,,,,,,,,,,
2025-monterrey,Monterrey,Hard,,P,20250818,5,975382,,,Donna Vekic,,,,,710062,,,Maria Sakkari,,,,,6-2 6-3,3,R32,,5,4,,,,,,,,1,6,,,,,,,,,,,
2025-monterrey,Monterrey,Hard,,P,20250818,6,914953,,,Leylah Fernandez,,,,,885728,,,Jaqueline  Cristian,,,,,6-3 7-5,3,R32,,3,1,,,,,,,,5,3,,,,,,,,,,,
2025-monterrey,Monterrey,Hard,,P,20250818,7,123538,,,Rebecca Sramkova,,,,,159143,,,Victoria Rodriguez,,,,,6-0 6-3,3,R32,,7,2,,,,,,,,0,3,,,,,,,,,,,
2025-monterrey,Monterrey,Hard,,P,20250818,8,663060,,,Alycia Parks,,,,,480371,,,Cristina Bucsa,,,,,6-2 6-1,3,R32,,9,2,,,,,,,,0,3,,,,,,,,,,,
2025-monterrey,Monterrey,Hard,,P,20250818,9,651454,,,Antonia Ruzic,,,,,834140,,,Anastasia Pavlyuchenkova,,,,,7-6 6-1,3,R32,,1,2,,,,,,,,6,7,,,,,,,,,,,
2025-monterrey,Monterrey,Hard,,P,20250818,10,121013,,,Elisabetta Cocciaretto,,,,,344636,,,Leolia Jeanjean,,,,,6-3 6-4,3,R32,,4,1,,,,,,,,0,1,,,,,,,,,,,
2025-monterrey,Monterrey,Hard,,P,20250818,11,389789,,,Ajla Tomljanovic,,,,,988957,,,Renata Zarazua,,,,,4-6 6-3 7-6,3,R32,,7,13,,,,,,,,3,1,,,,,,,,,,,
2025-monterrey,Monterrey,Hard,,P,20250818,12,187314,,,Linda Noskova,,,,,460138,,,Lulu Sun,,,,,7-6 7-6,3,R32,,13,1,,,,,,,,21,2,,,,,,,,,,,
2025-monterrey,Monterrey,Hard,,P,20250818,13,809758,,,Elise Mertens,,,,,975382,,,Donna Vekic,,,,,6-3 6-3,3,R16,,3,4,,,,,,,,1,11,,,,,,,,,,,
2025-monterrey,Monterrey,Hard,,P,20250818,14,425446,,,Diana Shnaider,,,,,568609,,,Kamilla Rakhimova,,,,,7-6 6-1,3,R16,,4,0,,,,,,,,5,3,,,,,,,,,,,
2025-monterrey,Monterrey,Hard,,P,20250818,15,651454,,,Antonia Ruzic,,,,,121013,,,Elisabetta Cocciaretto,,,,,7-6 2-6 6-0,3,R16,,6,3,,,,,,,,4,3,,,,,,,,,,,
2025-monterrey,Monterrey,Hard,,P,20250818,16,123538,,,Rebecca Sramkova,,,,,914953,,,Leylah Fernandez,,,,,2-6 6-3 6-2,3,R16,,4,5,,,,,,,,4,5,,,,,,,,,,,
2025-monterrey,Monterrey,Hard,,P,20250818,17,369605,,,Marie Bouzkova,,,,,692146,,,Beatriz Haddad Maia,,,,,6-3 6-4,3,R16,,4,5,,,,,,,,1,4,,,,,,,,,,,
2025-monterrey,Monterrey,Hard,,P,20250818,18,187314,,,Linda Noskova,,,,,913730,,,Tatjana Maria,,,,,6-3 6-2,3,R16,,8,3,,,,,,,,4,2,,,,,,,,,,,
2025-monterrey,Monterrey,Hard,,P,20250818,19,663060,,,Alycia Parks,,,,,804248,,,Emma Navarro,,,,,4-6 6-3 6-2,3,R16,,6,10,,,,,,,,2,10,,,,,,,,,,,
2025-monterrey,Monterrey,Hard,,P,20250818,20,558914,,,Ekaterina Alexandrova,,,,,389789,,,Ajla Tomljanovic,,,,,6-4 6-3,3,R16,,5,5,,,,,,,,0,4,,,,,,,,,,,
2025-monterrey,Monterrey,Hard,,P,20250818,21,425446,,,Diana Shnaider,,,,,809758,,,Elise Mertens,,,,,3-6 7-6 7-6,3,QF,,1,4,,,,,,,,10,5,,,,,,,,,,,
2025-monterrey,Monterrey,Hard,,P,20250818,22,663060,,,Alycia Parks,,,,,123538,,,Rebecca Sramkova,,,,,6-2 7-5,3,QF,,9,4,,,,,,,,2,7,,,,,,,,,,,
2025-monterrey,Monterrey,Hard,,P,20250818,23,558914,,,Ekaterina Alexandrova,,,,,187314,,,Linda Noskova,,,,,7-6 4-6 6-2,3,QF,,2,2,,,,,,,,10,3,,,,,,,,,,,
2025-monterrey,Monterrey,Hard,,P,20250818,24,369605,,,Marie Bouzkova,,,,,651454,,,Antonia Ruzic,,,,,6-3 6-2,3,QF,,6,2,,,,,,,,0,1,,,,,,,,,,,
2025-monterrey,Monterrey,Hard,,P,20250818,25,425446,,,Diana Shnaider,,,,,663060,,,Alycia Parks,,,,,6-3 7-6,3,SF,,1,3,,,,,,,,13,8,,,,,,,,,,,
2025-monterrey,Monterrey,Hard,,P,20250818,26,558914,,,Ekaterina Alexandrova,,,,,369605,,,Marie Bouzkova,,,,,6-3 0-0,3,SF,,0,2,,,,,,,,0,0,,,,,,,,,,,
2025-monterrey,Monterrey,Hard,,P,20250818,27,425446,,,Diana Shnaider,,,,,558914,,,Ekaterina Alexandrova,,,,,6-3 4-6 6-4,3,F,,7,3,,,,,,,,7,9,,,,,,,,,,,
2025-us-open,US Open,Hard,,G,20250824,1,922335,,,Tereza Valentova,,,,,152800,,,Lucia Bronzetti,,,,,6-3 3-6 6-4,3,R128,,5,2,,,,,,,,5,5,,,,,,,,,,,
2025-us-open,US Open,Hard,,G,20250824,2,421789,,,Mccartney Kessler,,,,,684064,,,Magda Linette,,,,,7-5 7-5,3,R128,,3,5,,,,,,,,5,3,,,,,,,,,,,
2025-us-open,US Open,Hard,,G,20250824,3,858188,,,Emma Raducanu,,,,,681751,,,Ena Shibahara,,,,,6-1 6-2,3,R128,,2,0,,,,,,,,0,5,,,,,,,,,,,
2025-us-open,US Open,Hard,,G,20250824,4,824108,,,Polina Kudermetova,,,,,457861,,,Nuria Parrizas Diaz,,,,,2-2,3,R128,,4,1,,,,,,,,0,0,,,,,,,,,,,
2025-us-open,US Open,Hard,,G,20250824,5,339700,,,Marketa Vondrousova,,,,,825397,,,Oksana Selekhmeteva,,,,,6-3 7-6,3,R128,,4,12,,,,,,,,0,13,,,,,,,,,,,
2025-us-open,US Open,Hard,,G,20250824,6,914953,,,Leylah Fernandez,,,,,675084,,,Rebecca Marino,,,,,6-2 6-1,3,R128,,1,3,,,,,,,,2,3,,,,,,,,,,,
2025-us-open,US Open,Hard,,G,20250824,7,482165,,,Moyuka Uchijima,,,,,923407,,,Olga Danilovic,,,,,7-6 4-6 7-6,3,R128,,5,13,,,,,,,,8,3,,,,,,,,,,,
2025-us-open,US Open,Hard,,G,20250824,8,797291,,,Janice Tjen,,,,,876368,,,Veronika Kudermetova,,,,,6-4 4-6 6-4,3,R128,,3,4,,,,,,,,8,3,,,,,,,,,,,
2025-us-open,US Open,Hard,,G,20250824,9,261807,,,Alexandra Eala,,,,,359411,,,Clara Tauson,,,,,6-3 2-6 7-6,3,R128,,0,5,,,,,,,,12,6,,,,,,,,,,,
2025-us-open,US Open,Hard,,G,20250824,10,716715,,,Aryna Sabalenka,,,,,149280,,,Rebeka Masarova,,,,,7-5 6-1,3,R128,,2,2,,,,,,,,3,5,,,,,,,,,,,
2025-us-open,US Open,Hard,,G,20250824,11,520895,,,Caty Mcnally,,,,,920327,,,Jil Teichmann,,,,,6-2 6-2,3,R128,,3,2,,,,,,,,1,2,,,,,,,,,,,
2025-us-open,US Open,Hard,,G,20250824,12,762485,,,Jelena Ostapenko,,,,,674631,,,Xinyu Wang,,,,,6-4 6-3,3,R128,,1,7,,,,,,,,2,3,,,,,,,,,,,
2025-us-open,US Open,Hard,,G,20250824,13,460138,,,Lulu Sun,,,,,769396,,,Camila Osorio,,,,,6-4 2-6 6-0,3,R128,,6,6,,,,,,,,3,3,,,,,,,,,,,
2025-us-open,US Open,Hard,,G,20250824,14,804248,,,Emma Navarro,,,,,927809,,,Yafan Wang,,,,,7-6 6-3,3,R128,,4,9,,,,,,,,3,3,,,,,,,,,,,
2025-us-open,US Open,Hard,,G,20250824,15,651611,,,Anastasia Potapova,,,,,510565,,,Lin Zhu,,,,,6-4 4-6 6-2,3,R128,,2,10,,,,,,,,0,1,,,,,,,,,,,
2025-us-open,US Open,Hard,,G,20250824,16,218416,,,Belinda Bencic,,,,,952597,,,Shuai Zhang,,,,,6-3 6-3,3,R128,,5,5,,,,,,,,2,2,,,,,,,,,,,
2025-us-open,US Open,Hard,,G,20250824,17,126226,,,Anna Blinkova,,,,,976242,,,Yuliia Starodubtseva,,,,,6-3 6-1,3,R128,,2,1,,,,,,,,0,1,,,,,,,,,,,
2025-us-open,US Open,Hard,,G,20250824,18,324333,,,Jasmine Paolini,,,,,779188,,,Destanee Aiava,,,,,6-2 7-6,3,R128,,0,1,,,,,,,,3,2,,,,,,,,,,,
2025-us-open,US Open,Hard,,G,20250824,19,804895,,,Victoria Azarenka,,,,,225794,,,Hina Inoue,,,,,7-6 6-4,3,R128,,1,8,,,,,,,,3,3,,,,,,,,,,,
2025-us-open,US Open,Hard,,G,20250824,20,814118,,,Jessica Pegula,,,,,729721,,,Mayar Sherif,,,,,6-0 6-4,3,R128,,1,3,,,,,,,,0,1,,,,,,,,,,,
2025-us-open,US Open,Hard,,G,20250824,21,133650,,,Yulia Putintseva,,,,,121013,,,Elisabetta Cocciaretto,,,,,6-4 7-6,3,R128,,0,2,,,,,,,,3,8,,,,,,,,,,,
2025-us-open,US Open,Hard,,G,20250824,22,861465,,,Priscilla Hon,,,,,344636,,,Leolia Jeanjean,,,,,6-3 7-5,3,R128,,8,2,,,,,,,,1,4,,,,,,,,,,,
2025-us-open,US Open,Hard,,G,20250824,23,286370,,,Liudmila Samsonova,,,,,803486,,,Yue Yuan,,,,,2-6 6-4 6-4,3,R128,,10,5,,,,,,,,2,0,,,,,,,,,,,
2025-us-open,US Open,Hard,,G,20250824,24,834140,,,Anastasia Pavlyuchenkova,,,,,813190,,,Dayana Yastremska,,,,,6-7 7-6 6-4,3,R128,,3,6,,,,,,,,12,11,,,,,,,,,,,
2025-us-open,US Open,Hard,,G,20250824,25,358837,,,Barbora Krejcikova,,,,,844223,,,Victoria Mboko,,,,,6-3 6-2,3,R128,,4,4,,,,,,,,2,10,,,,,,,,,,,
2025-us-open,US Open,Hard,,G,20250824,26,671871,,,Diane Parry,,,,,862485,,,Petra Kvitova,,,,,6-1 6-0,3,R128,,5,2,,,,,,,,1,6,,,,,,,,,,,
2025-us-open,US Open,Hard,,G,20250824,27,988957,,,Renata Zarazua,,,,,731934,,,Madison Keys,,,,,6-7 7-6 7-5,3,R128,,0,5,,,,,,,,7,14,,,,,,,,,,,
2025-us-open,US Open,Hard,,G,20250824,28,809758,,,Elise Mertens,,,,,258627,,,Ahn A.,,,,,6-1 6-0,3,R128,,5,0,,,,,,,,0,0,,,,,,,,,,,
2025-us-open,US Open,Hard,,G,20250824,29,948848,,,Taylor Townsend,,,,,651454,,,Antonia Ruzic,,,,,6-4 6-4,3,R128,,6,4,,,,,,,,3,1,,,,,,,,,,,
2025-us-open,US Open,Hard,,G,20250824,30,388459,,,Iva Jovic,,,,,114904,,,Aliaksandra Sasnovich,,,,,7-6 6-3,3,R128,,4,3,,,,,,,,7,8,,,,,,,,,,,
2025-us-open,US Open,Hard,,G,20250824,31,393113,,,Anna Kalinskaya,,,,,532196,,,Clervie Ngounoue,,,,,6-0 5-7 6-4,3,R128,,4,6,,,,,,,,0,5,,,,,,,,,,,
2025-us-open,US Open,Hard,,G,20250824,32,350535,,,Elena Rybakina,,,,,863232,,,Pareja J.,,,,,6-3 6-0,3,R128,,7,2,,,,,,,,0,9,,,,,,,,,,,
2025-us-open,US Open,Hard,,G,20250824,33,480371,,,Cristina Bucsa,,,,,737156,,,Claire Liu,,,,,6-2 6-1,3,R128,,2,3,,,,,,,,3,5,,,,,,,,,,,
2025-us-open,US Open,Hard,,G,20250824,34,568609,,,Kamilla Rakhimova,,,,,464502,,,Caroline Garcia,,,,,6-4 4-6 6-3,3,R128,,2,11,,,,,,,,10,5,,,,,,,,,,,
2025-us-open,US Open,Hard,,G,20250824,35,626163,,,Daria Kasatkina,,,,,275310,,,Elena-Gabriela Ruse,,,,,7-5 6-1,3,R128,,2,8,,,,,,,,3,6,,,,,,,,,,,
2025-us-open,US Open,Hard,,G,20250824,36,619460,,,Ann Li,,,,,123538,,,Rebecca Sramkova,,,,,4-6 6-2 6-4,3,R128,,10,3,,,,,,,,3,2,,,,,,,,,,,
2025-us-open,US Open,Hard,,G,20250824,37,710062,,,Maria Sakkari,,,,,913730,,,Tatjana Maria,,,,,6-3 6-2,3,R128,,4,6,,,,,,,,3,1,,,,,,,,,,,
2025-us-open,US Open,Hard,,G,20250824,38,973113,,,Elsa Jacquemot,,,,,369605,,,Marie Bouzkova,,,,,6-4 6-3,3,R128,,5,7,,,,,,,,2,5,,,,,,,,,,,
2025-us-open,US Open,Hard,,G,20250824,39,362890,,,Magdalena Frech,,,,,828867,,,Talia Gibson,,,,,6-2 6-2,3,R128,,2,0,,,,,,,,1,4,,,,,,,,,,,
2025-us-open,US Open,Hard,,G,20250824,40,610520,,,Anna Bondar,,,,,568896,,,Elina Svitolina,,,,,6-2 6-4,3,R128,,2,2,,,,,,,,2,8,,,,,,,,,,,
2025-us-open,US Open,Hard,,G,20250824,41,337480,,,Zeynep Sonmez,,,,,421894,,,Katie Volynets,,,,,6-3 6-4,3,R128,,0,2,,,,,,,,1,0,,,,,,,,,,,
2025-us-open,US Open,Hard,,G,20250824,42,688846,,,Peyton Stearns,,,,,762933,,,Darja Semenistaja,,,,,7-5 6-0,3,R128,,6,2,,,,,,,,5,1,,,,,,,,,,,
2025-us-open,US Open,Hard,,G,20250824,43,563551,,,Karolina Muchova,,,,,969718,,,Venus Williams,,,,,6-3 2-6 6-1,3,R128,,7,2,,,,,,,,4,10,,,,,,,,,,,
2025-us-open,US Open,Hard,,G,20250824,44,727666,,,Mirra Andreeva,,,,,663060,,,Alycia Parks,,,,,6-0 6-1,3,R128,,0,0,,,,,,,,1,5,,,,,,,,,,,
2025-us-open,US Open,Hard,,G,20250824,45,690300,,,Maya Joint,,,,,199960,,,Victoria Jimenez Kasintseva,,,,,6-4 7-6,3,R128,,0,4,,,,,,,,3,6,,,,,,,,,,,
2025-us-open,US Open,Hard,,G,20250824,46,689373,,,Suzan Lamens,,,,,412774,,,Glozman V.,,,,,6-4 6-2,3,R128,,2,6,,,,,,,,0,4,,,,,,,,,,,
2025-us-open,US Open,Hard,,G,20250824,47,692146,,,Beatriz Haddad Maia,,,,,444525,,,Sonay Kartal,,,,,6-3 1-6 6-1,3,R128,,2,7,,,,,,,,2,1,,,,,,,,,,,
2025-us-open,US Open,Hard,,G,20250824,48,756180,,,Marta Kostyuk,,,,,970027,,,Katie Boulter,,,,,6-4 6-4,3,R128,,9,5,,,,,,,,0,8,,,,,,,,,,,
2025-us-open,US Open,Hard,,G,20250824,49,139227,,,Iga Swiatek,,,,,741705,,,Emiliana Arango,,,,,6-1 6-2,3,R128,,1,3,,,,,,,,1,2,,,,,,,,,,,
2025-us-open,US Open,Hard,,G,20250824,50,988932,,,Viktorija Golubic,,,,,799344,,,Lois Boisson,,,,,3-6 7-6 6-2,3,R128,,0,2,,,,,,,,10,7,,,,,,,,,,,
2025-us-open,US Open,Hard,,G,20250824,51,885728,,,Jaqueline  Cristian,,,,,788190,,,Danielle Collins,,,,,6-2 6-0,3,R128,,4,2,,,,,,,,2,6,,,,,,,,,,,
2025-us-open,US Open,Hard,,G,20250824,52,600494,,,Xinyu Wang,,,,,446701,,,Caroline Dolehide,,,,,2-6 6-4 6-2,3,R128,,1,4,,,,,,,,3,7,,,,,,,,,,,
2025-us-open,US Open,Hard,,G,20250824,53,324536,,,Amanda Anisimova,,,,,851560,,,Kimberly Birrell,,,,,6-3 6-2,3,R128,,6,3,,,,,,,,0,5,,,,,,,,,,,
2025-us-open,US Open,Hard,,G,20250824,54,187314,,,Linda Noskova,,,,,425404,,,Dalma Galfi,,,,,6-4 7-5,3,R128,,5,0,,,,,,,,4,1,,,,,,,,,,,
2025-us-open,US Open,Hard,,G,20250824,55,701534,,,Ashlyn Krueger,,,,,549141,,,Sofia Kenin,,,,,5-7 6-4 6-2,3,R128,,12,8,,,,,,,,2,7,,,,,,,,,,,
2025-us-open,US Open,Hard,,G,20250824,56,685811,,,Laura Siegemund,,,,,425446,,,Diana Shnaider,,,,,7-6 2-6 6-3,3,R128,,4,7,,,,,,,,2,2,,,,,,,,,,,
2025-us-open,US Open,Hard,,G,20250824,57,743463,,,Eva Lys,,,,,794930,,,Francesca Jones,,,,,6-0 7-5,3,R128,,1,4,,,,,,,,0,2,,,,,,,,,,,
2025-us-open,US Open,Hard,,G,20250824,58,558914,,,Ekaterina Alexandrova,,,,,465575,,,Anastasija Sevastova,,,,,6-4 6-1,3,R128,,1,1,,,,,,,,2,2,,,,,,,,,,,
2025-us-open,US Open,Hard,,G,20250824,59,600745,,,Sorana Cirstea,,,,,519047,,,Solana Sierra,,,,,7-5 6-0,3,R128,,4,3,,,,,,,,2,2,,,,,,,,,,,
2025-us-open,US Open,Hard,,G,20250824,60,987862,,,Hailey Baptiste,,,,,344482,,,Katerina Siniakova,,,,,7-5 6-3,3,R128,,0,7,,,,,,,,3,4,,,,,,,,,,,
2025-us-open,US Open,Hard,,G,20250824,61,975382,,,Donna Vekic,,,,,595819,,,Jessica Bouzas Maneiro,,,,,3-6 7-5 6-3,3,R128,,7,5,,,,,,,,3,9,,,,,,,,,,,
2025-us-open,US Open,Hard,,G,20250824,62,714334,,,Naomi Osaka,,,,,460146,,,Greet Minnen,,,,,6-3 6-4,3,R128,,7,0,,,,,,,,0,2,,,,,,,,,,,
2025-us-open,US Open,Hard,,G,20250824,63,926087,,,Anastasia Zakharova,,,,,272544,,,Elina Avanesyan,,,,,6-3 6-4,3,R128,,2,4,,,,,,,,3,5,,,,,,,,,,,
2025-us-open,US Open,Hard,,G,20250824,64,296713,,,Coco Gauff,,,,,389789,,,Ajla Tomljanovic,,,,,6-4 6-7 7-5,3,R128,,4,10,,,,,,,,2,7,,,,,,,,,,,
2025-us-open,US Open,Hard,,G,20250824,65,804248,,,Emma Navarro,,,,,520895,,,Caty Mcnally,,,,,6-2 6-1,3,R64,,2,3,,,,,,,,0,6,,,,,,,,,,,
2025-us-open,US Open,Hard,,G,20250824,66,858188,,,Emma Raducanu,,,,,797291,,,Janice Tjen,,,,,6-2 6-1,3,R64,,8,0,,,,,,,,1,2,,,,,,,,,,,
2025-us-open,US Open,Hard,,G,20250824,67,804895,,,Victoria Azarenka,,,,,834140,,,Anastasia Pavlyuchenkova,,,,,6-3 6-3,3,R64,,2,3,,,,,,,,6,5,,,,,,,,,,,
2025-us-open,US Open,Hard,,G,20250824,68,480371,,,Cristina Bucsa,,,,,261807,,,Alexandra Eala,,,,,6-4 6-3,3,R64,,3,4,,,,,,,,0,2,,,,,,,,,,,
2025-us-open,US Open,Hard,,G,20250824,69,814118,,,Jessica Pegula,,,,,126226,,,Anna Blinkova,,,,,6-1 6-3,3,R64,,2,0,,,,,,,,1,3,,,,,,,,,,,
2025-us-open,US Open,Hard,,G,20250824,70,358837,,,Barbora Krejcikova,,,,,482165,,,Moyuka Uchijima,,,,,6-4 6-2,3,R64,,5,1,,,,,,,,3,5,,,,,,,,,,,
2025-us-open,US Open,Hard,,G,20250824,71,350535,,,Elena Rybakina,,,,,922335,,,Tereza Valentova,,,,,6-3 7-6,3,R64,,4,2,,,,,,,,2,7,,,,,,,,,,,
2025-us-open,US Open,Hard,,G,20250824,72,948848,,,Taylor Townsend,,,,,762485,,,Jelena Ostapenko,,,,,7-5 6-1,3,R64,,3,0,,,,,,,,0,2,,,,,,,,,,,
2025-us-open,US Open,Hard,,G,20250824,73,861465,,,Priscilla Hon,,,,,286370,,,Liudmila Samsonova,,,,,4-6 6-3 6-2,3,R64,,18,4,,,,,,,,7,7,,,,,,,,,,,
2025-us-open,US Open,Hard,,G,20250824,74,809758,,,Elise Mertens,,,,,460138,,,Lulu Sun,,,,,6-2 6-3,3,R64,,7,3,,,,,,,,4,4,,,,,,,,,,,
2025-us-open,US Open,Hard,,G,20250824,75,727666,,,Mirra Andreeva,,,,,651611,,,Anastasia Potapova,,,,,6-1 6-3,3,R64,,0,4,,,,,,,,0,3,,,,,,,,,,,
2025-us-open,US Open,Hard,,G,20250824,76,324333,,,Jasmine Paolini,,,,,388459,,,Iva Jovic,,,,,6-3 6-3,3,R64,,1,4,,,,,,,,3,3,,,,,,,,,,,
2025-us-open,US Open,Hard,,G,20250824,77,339700,,,Marketa Vondrousova,,,,,421789,,,Mccartney Kessler,,,,,7-6 6-2,3,R64,,4,9,,,,,,,,3,3,,,,,,,,,,,
2025-us-open,US Open,Hard,,G,20250824,78,914953,,,Leylah Fernandez,,,,,973113,,,Elsa Jacquemot,,,,,2-6 6-3 6-2,3,R64,,1,3,,,,,,,,3,3,,,,,,,,,,,
2025-us-open,US Open,Hard,,G,20250824,79,619460,,,Ann Li,,,,,218416,,,Belinda Bencic,,,,,6-3 6-3,3,R64,,5,1,,,,,,,,1,1,,,,,,,,,,,
2025-us-open,US Open,Hard,,G,20250824,80,716715,,,Aryna Sabalenka,,,,,824108,,,Polina Kudermetova,,,,,7-6 6-2,3,R64,,5,5,,,,,,,,4,9,,,,,,,,,,,
2025-us-open,US Open,Hard,,G,20250824,81,558914,,,Ekaterina Alexandrova,,,,,600494,,,Xinyu Wang,,,,,6-2 6-2,3,R64,,6,0,,,,,,,,5,3,,,,,,,,,,,
2025-us-open,US Open,Hard,,G,20250824,82,187314,,,Linda Noskova,,,,,743463,,,Eva Lys,,,,,6-4 3-0,3,R64,,5,5,,,,,,,,1,3,,,,,,,,,,,
2025-us-open,US Open,Hard,,G,20250824,83,692146,,,Beatriz Haddad Maia,,,,,988932,,,Viktorija Golubic,,,,,6-1 6-4,3,R64,,3,0,,,,,,,,0,0,,,,,,,,,,,
2025-us-open,US Open,Hard,,G,20250824,84,710062,,,Maria Sakkari,,,,,610520,,,Anna Bondar,,,,,6-3 6-1,3,R64,,2,2,,,,,,,,1,0,,,,,,,,,,,
2025-us-open,US Open,Hard,,G,20250824,85,393113,,,Anna Kalinskaya,,,,,133650,,,Yulia Putintseva,,,,,6-1 7-5,3,R64,,3,8,,,,,,,,0,6,,,,,,,,,,,
2025-us-open,US Open,Hard,,G,20250824,86,139227,,,Iga Swiatek,,,,,689373,,,Suzan Lamens,,,,,6-1 4-6 6-4,3,R64,,7,4,,,,,,,,1,8,,,,,,,,,,,
2025-us-open,US Open,Hard,,G,20250824,87,756180,,,Marta Kostyuk,,,,,337480,,,Zeynep Sonmez,,,,,7-5 6-7 6-3,3,R64,,6,13,,,,,,,,0,6,,,,,,,,,,,
2025-us-open,US Open,Hard,,G,20250824,88,362890,,,Magdalena Frech,,,,,688846,,,Peyton Stearns,,,,,6-7 6-3 6-2,3,R64,,5,5,,,,,,,,3,8,,,,,,,,,,,
2025-us-open,US Open,Hard,,G,20250824,89,714334,,,Naomi Osaka,,,,,987862,,,Hailey Baptiste,,,,,6-3 6-1,3,R64,,4,1,,,,,,,,2,9,,,,,,,,,,,
2025-us-open,US Open,Hard,,G,20250824,90,685811,,,Laura Siegemund,,,,,926087,,,Anastasia Zakharova,,,,,6-4 6-2,3,R64,,1,5,,,,,,,,0,3,,,,,,,,,,,
2025-us-open,US Open,Hard,,G,20250824,91,563551,,,Karolina Muchova,,,,,600745,,,Sorana Cirstea,,,,,7-6 6-7 6-4,3,R64,,2,3,,,,,,,,1,4,,,,,,,,,,,
2025-us-open,US Open,Hard,,G,20250824,92,671871,,,Diane Parry,,,,,988957,,,Renata Zarazua,,,,,6-2 2-6 7-6,3,R64,,5,7,,,,,,,,1,1,,,,,,,,,,,
2025-us-open,US Open,Hard,,G,20250824,93,885728,,,Jaqueline  Cristian,,,,,701534,,,Ashlyn Krueger,,,,,4-6 6-2 6-2,3,R64,,5,4,,,,,,,,6,4,,,,,,,,,,,
2025-us-open,US Open,Hard,,G,20250824,94,626163,,,Daria Kasatkina,,,,,568609,,,Kamilla Rakhimova,,,,,6-2 4-6 7-5,3,R64,,3,7,,,,,,,,0,5,,,,,,,,,,,
2025-us-open,US Open,Hard,,G,20250824,95,296713,,,Coco Gauff,,,,,975382,,,Donna Vekic,,,,,7-6 6-2,3,R64,,2,8,,,,,,,,0,10,,,,,,,,,,,
2025-us-open,US Open,Hard,,G,20250824,96,324536,,,Amanda Anisimova,,,,,690300,,,Maya Joint,,,,,7-6 6-2,3,R64,,8,2,,,,,,,,0,4,,,,,,,,,,,
2025-us-open,US Open,Hard,,G,20250824,97,350535,,,Elena Rybakina,,,,,858188,,,Emma Raducanu,,,,,6-1 6-2,3,R32,,3,3,,,,,,,,2,0,,,,,,,,,,,
2025-us-open,US Open,Hard,,G,20250824,98,339700,,,Marketa Vondrousova,,,,,324333,,,Jasmine Paolini,,,,,7-6 6-1,3,R32,,6,4,,,,,,,,1,2,,,,,,,,,,,
2025-us-open,US Open,Hard,,G,20250824,99,814118,,,Jessica Pegula,,,,,804895,,,Victoria Azarenka,,,,,6-1 7-5,3,R32,,5,1,,,,,,,,5,7,,,,,,,,,,,
2025-us-open,US Open,Hard,,G,20250824,100,480371,,,Cristina Bucsa,,,,,809758,,,Elise Mertens,,,,,3-6 7-5 6-3,3,R32,,2,2,,,,,,,,4,2,,,,,,,,,,,
2025-us-open,US Open,Hard,,G,20250824,101,619460,,,Ann Li,,,,,861465,,,Priscilla Hon,,,,,7-5 6-3,3,R32,,7,4,,,,,,,,5,6,,,,,,,,,,,
2025-us-open,US Open,Hard,,G,20250824,102,358837,,,Barbora Krejcikova,,,,,804248,,,Emma Navarro,,,,,4-6 6-4 6-4,3,R32,,5,9,,,,,,,,0,9,,,,,,,,,,,
2025-us-open,US Open,Hard,,G,20250824,103,716715,,,Aryna Sabalenka,,,,,914953,,,Leylah Fernandez,,,,,6-3 7-6,3,R32,,6,4,,,,,,,,5,3,,,,,,,,,,,
2025-us-open,US Open,Hard,,G,20250824,104,948848,,,Taylor Townsend,,,,,727666,,,Mirra Andreeva,,,,,7-5 6-2,3,R32,,2,3,,,,,,,,2,5,,,,,,,,,,,
2025-us-open,US Open,Hard,,G,20250824,105,563551,,,Karolina Muchova,,,,,187314,,,Linda Noskova,,,,,6-7 6-4 6-2,3,R32,,7,2,,,,,,,,7,15,,,,,,,,,,,
2025-us-open,US Open,Hard,,G,20250824,106,296713,,,Coco Gauff,,,,,362890,,,Magdalena Frech,,,,,6-3 6-1,3,R32,,1,4,,,,,,,,0,1,,,,,,,,,,,
2025-us-open,US Open,Hard,,G,20250824,107,756180,,,Marta Kostyuk,,,,,671871,,,Diane Parry,,,,,3-6 6-4 6-2,3,R32,,3,6,,,,,,,,1,6,,,,,,,,,,,
2025-us-open,US Open,Hard,,G,20250824,108,714334,,,Naomi Osaka,,,,,626163,,,Daria Kasatkina,,,,,6-0 4-6 6-3,3,R32,,9,4,,,,,,,,3,14,,,,,,,,,,,
2025-us-open,US Open,Hard,,G,20250824,109,558914,,,Ekaterina Alexandrova,,,,,685811,,,Laura Siegemund,,,,,6-0 6-1,3,R32,,4,2,,,,,,,,1,3,,,,,,,,,,,
2025-us-open,US Open,Hard,,G,20250824,110,324536,,,Amanda Anisimova,,,,,885728,,,Jaqueline  Cristian,,,,,6-4 4-6 6-2,3,R32,,6,4,,,,,,,,4,7,,,,,,,,,,,
2025-us-open,US Open,Hard,,G,20250824,111,139227,,,Iga Swiatek,,,,,393113,,,Anna Kalinskaya,,,,,7-6 6-4,3,R32,,4,5,,,,,,,,2,11,,,,,,,,,,,
2025-us-open,US Open,Hard,,G,20250824,112,692146,,,Beatriz Haddad Maia,,,,,710062,,,Maria Sakkari,,,,,6-1 6-2,3,R32,,1,3,,,,,,,,0,5,,,,,,,,,,,
2025-us-open,US Open,Hard,,G,20250824,113,814118,,,Jessica Pegula,,,,,619460,,,Ann Li,,,,,6-1 6-2,3,R16,,2,1,,,,,,,,1,2,,,,,,,,,,,
2025-us-open,US Open,Hard,,G,20250824,114,358837,,,Barbora Krejcikova,,,,,948848,,,Taylor Townsend,,,,,1-6 7-6 6-3,3,R16,,1,6,,,,,,,,4,3,,,,,,,,,,,
2025-us-open,US Open,Hard,,G,20250824,115,716715,,,Aryna Sabalenka,,,,,480371,,,Cristina Bucsa,,,,,6-1 6-4,3,R16,,3,2,,,,,,,,1,5,,,,,,,,,,,
2025-us-open,US Open,Hard,,G,20250824,116,339700,,,Marketa Vondrousova,,,,,350535,,,Elena Rybakina,,,,,6-4 5-7 6-2,3,R16,,13,5,,,,,,,,5,4,,,,,,,,,,,
2025-us-open,US Open,Hard,,G,20250824,117,139227,,,Iga Swiatek,,,,,558914,,,Ekaterina Alexandrova,,,,,6-3 6-1,3,R16,,7,4,,,,,,,,2,4,,,,,,,,,,,
2025-us-open,US Open,Hard,,G,20250824,118,563551,,,Karolina Muchova,,,,,756180,,,Marta Kostyuk,,,,,6-3 6-7 6-3,3,R16,,1,2,,,,,,,,6,7,,,,,,,,,,,
2025-us-open,US Open,Hard,,G,20250824,119,714334,,,Naomi Osaka,,,,,296713,,,Coco Gauff,,,,,6-3 6-2,3,R16,,3,0,,,,,,,,3,5,,,,,,,,,,,
2025-us-open,US Open,Hard,,G,20250824,120,324536,,,Amanda Anisimova,,,,,692146,,,Beatriz Haddad Maia,,,,,6-0 6-3,3,R16,,5,1,,,,,,,,1,4,,,,,,,,,,,
2025-us-open,US Open,Hard,,G,20250824,121,814118,,,Jessica Pegula,,,,,358837,,,Barbora Krejcikova,,,,,6-3 6-3,3,QF,,1,4,,,,,,,,3,7,,,,,,,,,,,
2025-us-open,US Open,Hard,,G,20250824,122,716715,,,Aryna Sabalenka,,,,,339700,,,Marketa Vondrousova,,,,,,3,QF,,0,0,,,,,,,,0,0,,,,,,,,,,,
2025-us-open,US Open,Hard,,G,20250824,123,324536,,,Amanda Anisimova,,,,,139227,,,Iga Swiatek,,,,,6-4 6-3,3,QF,,3,2,,,,,,,,2,3,,,,,,,,,,,
2025-us-open,US Open,Hard,,G,20250824,124,714334,,,Naomi Osaka,,,,,563551,,,Karolina Muchova,,,,,6-4 7-6,3,QF,,5,2,,,,,,,,4,0,,,,,,,,,,,
2025-us-open,US Open,Hard,,G,20250824,125,716715,,,Aryna Sabalenka,,,,,814118,,,Jessica Pegula,,,,,4-6 6-3 6-4,3,SF,,8,4,,,,,,,,3,4,,,,,,,,,,,
2025-us-open,US Open,Hard,,G,20250824,126,324536,,,Amanda Anisimova,,,,,714334,,,Naomi Osaka,,,,,6-7 7-6 6-3,3,SF,,7,6,,,,,,,,15,1,,,,,,,,,,,
2025-us-open,US Open,Hard,,G,20250824,127,716715,,,Aryna Sabalenka,,,,,324536,,,Amanda Anisimova,,,,,6-3 7-6,3,F,,1,2,,,,,,,,4,7,,,,,,,,,,,
2025-guadalajara,Guadalajara,Hard,,I,20250908,1,515592,,,Nikola Bartunkova,,,,,294982,,,Nicole Fossa Huergo,,,,,6-4 6-2,3,R32,,3,7,,,,,,,,0,6,,,,,,,,,,,
2025-guadalajara,Guadalajara,Hard,,I,20250908,2,219553,,,Darja Vidmanova,,,,,663060,,,Alycia Parks,,,,,6-2 6-4,3,R32,,2,2,,,,,,,,7,10,,,,,,,,,,,
2025-guadalajara,Guadalajara,Hard,,I,20250908,3,388459,,,Iva Jovic,,,,,866608,,,Katarzyna Kawa,,,,,6-4 4-6 6-3,3,R32,,4,2,,,,,,,,4,11,,,,,,,,,,,
2025-guadalajara,Guadalajara,Hard,,I,20250908,4,199960,,,Victoria Jimenez Kasintseva,,,,,164893,,,Elena Pridankina,,,,,6-4 6-3,3,R32,,4,10,,,,,,,,1,7,,,,,,,,,,,
2025-guadalajara,Guadalajara,Hard,,I,20250908,5,420409,,,Marina Stakusic,,,,,824108,,,Polina Kudermetova,,,,,3-6 7-5 6-4,3,R32,,3,14,,,,,,,,5,9,,,,,,,,,,,
2025-guadalajara,Guadalajara,Hard,,I,20250908,6,913730,,,Tatjana Maria,,,,,337480,,,Zeynep Sonmez,,,,,6-4 6-2,3,R32,,5,4,,,,,,,,1,6,,,,,,,,,,,
2025-guadalajara,Guadalajara,Hard,,I,20250908,7,973113,,,Elsa Jacquemot,,,,,710062,,,Maria Sakkari,,,,,6-2 6-0,3,R32,,7,1,,,,,,,,1,3,,,,,,,,,,,
2025-guadalajara,Guadalajara,Hard,,I,20250908,8,675084,,,Rebecca Marino,,,,,357952,,,Martina Trevisan,,,,,6-2 6-3,3,R32,,11,5,,,,,,,,1,4,,,,,,,,,,,
2025-guadalajara,Guadalajara,Hard,,I,20250908,9,741705,,,Emiliana Arango,,,,,684064,,,Magda Linette,,,,,6-0 0-0,3,R32,,0,0,,,,,,,,0,2,,,,,,,,,,,
2025-guadalajara,Guadalajara,Hard,,I,20250908,10,580393,,,Storm Hunter,,,,,344482,,,Katerina Siniakova,,,,,7-6 4-6 6-3,3,R32,,0,8,,,,,,,,3,13,,,,,,,,,,,
2025-guadalajara,Guadalajara,Hard,,I,20250908,11,769396,,,Camila Osorio,,,,,568609,,,Kamilla Rakhimova,,,,,7-5 7-5,3,R32,,4,5,,,,,,,,1,6,,,,,,,,,,,
2025-guadalajara,Guadalajara,Hard,,I,20250908,12,515592,,,Nikola Bartunkova,,,,,219553,,,Darja Vidmanova,,,,,6-3 6-2,3,R16,,4,3,,,,,,,,3,3,,,,,,,,,,,
2025-guadalajara,Guadalajara,Hard,,I,20250908,13,647835,,,Lucrezia Stefanini,,,,,441252,,,Sloane Stephens,,,,,6-4 4-6 6-1,3,R32,,0,7,,,,,,,,2,5,,,,,,,,,,,
2025-guadalajara,Guadalajara,Hard,,I,20250908,14,913730,,,Tatjana Maria,,,,,675084,,,Rebecca Marino,,,,,6-3 7-5,3,R16,,6,3,,,,,,,,12,1,,,,,,,,,,,
2025-guadalajara,Guadalajara,Hard,,I,20250908,15,741705,,,Emiliana Arango,,,,,580393,,,Storm Hunter,,,,,6-2 6-2,3,R16,,3,3,,,,,,,,0,7,,,,,,,,,,,
2025-guadalajara,Guadalajara,Hard,,I,20250908,16,199960,,,Victoria Jimenez Kasintseva,,,,,876368,,,Veronika Kudermetova,,,,,6-4 6-2,3,R16,,0,4,,,,,,,,8,2,,,,,,,,,,,
2025-guadalajara,Guadalajara,Hard,,I,20250908,17,973113,,,Elsa Jacquemot,,,,,809758,,,Elise Mertens,,,,,4-6 6-3 6-4,3,R16,,7,10,,,,,,,,6,9,,,,,,,,,,,
2025-guadalajara,Guadalajara,Hard,,I,20250908,18,388459,,,Iva Jovic,,,,,769396,,,Camila Osorio,,,,,6-4 6-2,3,R16,,4,2,,,,,,,,1,7,,,,,,,,,,,
2025-guadalajara,Guadalajara,Hard,,I,20250908,19,362890,,,Magdalena Frech,,,,,647835,,,Lucrezia Stefanini,,,,,6-1 7-6,3,R16,,3,2,,,,,,,,0,3,,,,,,,,,,,
2025-guadalajara,Guadalajara,Hard,,I,20250908,20,420409,,,Marina Stakusic,,,,,762485,,,Jelena Ostapenko,,,,,6-4 6-7 6-2,3,R16,,7,8,,,,,,,,6,13,,,,,,,,,,,
2025-guadalajara,Guadalajara,Hard,,I,20250908,21,973113,,,Elsa Jacquemot,,,,,913730,,,Tatjana Maria,,,,,3-6 6-4 6-4,3,QF,,7,10,,,,,,,,5,5,,,,,,,,,,,
2025-guadalajara,Guadalajara,Hard,,I,20250908,22,388459,,,Iva Jovic,,,,,199960,,,Victoria Jimenez Kasintseva,,,,,6-3 3-6 7-6,3,QF,,1,3,,,,,,,,5,5,,,,,,,,,,,
2025-guadalajara,Guadalajara,Hard,,I,20250908,23,741705,,,Emiliana Arango,,,,,420409,,,Marina Stakusic,,,,,6-2 6-3,3,QF,,0,4,,,,,,,,0,2,,,,,,,,,,,
2025-guadalajara,Guadalajara,Hard,,I,20250908,24,515592,,,Nikola Bartunkova,,,,,362890,,,Magdalena Frech,,,,,7-5 6-4,3,QF,,2,10,,,,,,,,0,5,,,,,,,,,,,
2025-guadalajara,Guadalajara,Hard,,I,20250908,25,741705,,,Emiliana Arango,,,,,973113,,,Elsa Jacquemot,,,,,6-4 7-5,3,SF,,0,3,,,,,,,,3,10,,,,,,,,,,,
2025-guadalajara,Guadalajara,Hard,,I,20250908,26,388459,,,Iva Jovic,,,,,515592,,,Nikola Bartunkova,,,,,6-3 6-7 6-3,3,SF,,2,4,,,,,,,,9,11,,,,,,,,,,,
2025-guadalajara,Guadalajara,Hard,,I,20250908,27,388459,,,Iva Jovic,,,,,741705,,,Emiliana Arango,,,,,6-4 6-1,3,F,,1,1,,,,,,,,1,4,,,,,,,,,,,
2025-sao-paulo,Sao Paulo,Hard,,I,20250908,1,519047,,,Solana Sierra,,,,,103288,,,Arianne Hartono,,,,,7-6 6-3,3,R32,,2,16,,,,,,,,1,11,,,,,,,,,,,
2025-sao-paulo,Sao Paulo,Hard,,I,20250908,2,792158,,,Tiantsoa Rakotomanga Rajaonah,,,,,105318,,,Ana Sofia Sánchez,,,,,6-4 4-6 7-6,3,R32,,0,3,,,,,,,,0,2,,,,,,,,,,,
2025-sao-paulo,Sao Paulo,Hard,,I,20250908,3,159143,,,Victoria Rodriguez,,,,,389789,,,Ajla Tomljanovic,,,,,6-4 4-2,3,R32,,1,0,,,,,,,,2,8,,,,,,,,,,,
2025-sao-paulo,Sao Paulo,Hard,,I,20250908,4,110945,,,Leme Da Silva N. V.,,,,,240894,,,Carolina Alves,,,,,6-7 6-2 6-0,3,R32,,6,5,,,,,,,,1,7,,,,,,,,,,,
2025-sao-paulo,Sao Paulo,Hard,,I,20250908,5,228495,,,Okalova M.,,,,,542405,,,Arina Rodionova,,,,,7-5 6-4,3,R32,,0,10,,,,,,,,3,10,,,,,,,,,,,
2025-sao-paulo,Sao Paulo,Hard,,I,20250908,6,797291,,,Janice Tjen,,,,,344636,,,Leolia Jeanjean,,,,,6-2 6-3,3,R32,,5,9,,,,,,,,0,1,,,,,,,,,,,
2025-sao-paulo,Sao Paulo,Hard,,I,20250908,7,885767,,,Julia Riera,,,,,165732,,,Vitalia Diatchenko,,,,,6-3 7-6,3,R32,,1,2,,,,,,,,0,5,,,,,,,,,,,
2025-sao-paulo,Sao Paulo,Hard,,I,20250908,8,791769,,,Whitney Osuigwe,,,,,322229,,,Barros V. L.,,,,,6-3 6-4,3,R32,,2,8,,,,,,,,0,2,,,,,,,,,,,
2025-sao-paulo,Sao Paulo,Hard,,I,20250908,9,416641,,,Panna Udvardy,,,,,948690,,,Rogers A. S.,,,,,6-2 6-3,3,R32,,5,0,,,,,,,,3,1,,,,,,,,,,,
2025-sao-paulo,Sao Paulo,Hard,,I,20250908,10,988957,,,Renata Zarazua,,,,,186150,,,Fullana L.,,,,,6-2 6-1,3,R32,,0,0,,,,,,,,6,3,,,,,,,,,,,
2025-sao-paulo,Sao Paulo,Hard,,I,20250908,11,794930,,,Francesca Jones,,,,,863771,,,Lina Glushko,,,,,4-6 6-2 6-3,3,R32,,2,6,,,,,,,,3,11,,,,,,,,,,,
2025-sao-paulo,Sao Paulo,Hard,,I,20250908,12,943543,,,Berfu Cengiz,,,,,543051,,,Jazmin Ortenzi,,,,,6-1 6-2,3,R32,,1,2,,,,,,,,3,4,,,,,,,,,,,
2025-sao-paulo,Sao Paulo,Hard,,I,20250908,13,328017,,,Laura Pigossi,,,,,937315,,,Elizabeth Mandlik,,,,,2-6 6-3 6-4,3,R32,,3,7,,,,,,,,0,9,,,,,,,,,,,
2025-sao-paulo,Sao Paulo,Hard,,I,20250908,14,209866,,,Candiotto A.,,,,,602501,,,Valeriya Strakhova,,,,,6-3 5-7 6-0,3,R32,,4,5,,,,,,,,1,5,,,,,,,,,,,
2025-sao-paulo,Sao Paulo,Hard,,I,20250908,15,261807,,,Alexandra Eala,,,,,456082,,,Yasmine Mansouri,,,,,6-0 6-2,3,R32,,0,4,,,,,,,,0,7,,,,,,,,,,,
2025-sao-paulo,Sao Paulo,Hard,,I,20250908,16,692146,,,Beatriz Haddad Maia,,,,,748140,,,Tona M.,,,,,6-1 6-1,3,R32,,2,4,,,,,,,,0,4,,,,,,,,,,,
2025-sao-paulo,Sao Paulo,Hard,,I,20250908,17,794930,,,Francesca Jones,,,,,791769,,,Whitney Osuigwe,,,,,6-4 7-6,3,R16,,2,2,,,,,,,,0,4,,,,,,,,,,,
2025-sao-paulo,Sao Paulo,Hard,,I,20250908,18,797291,,,Janice Tjen,,,,,228495,,,Okalova M.,,,,,6-1 6-0,3,R16,,1,1,,,,,,,,0,5,,,,,,,,,,,
2025-sao-paulo,Sao Paulo,Hard,,I,20250908,19,792158,,,Tiantsoa Rakotomanga Rajaonah,,,,,159143,,,Victoria Rodriguez,,,,,7-5 6-1,3,R16,,0,2,,,,,,,,0,1,,,,,,,,,,,
2025-sao-paulo,Sao Paulo,Hard,,I,20250908,20,519047,,,Solana Sierra,,,,,110945,,,Leme Da Silva N. V.,,,,,6-0 6-4,3,R16,,0,4,,,,,,,,1,5,,,,,,,,,,,
2025-sao-paulo,Sao Paulo,Hard,,I,20250908,21,261807,,,Alexandra Eala,,,,,885767,,,Julia Riera,,,,,6-1 6-4,3,R16,,0,3,,,,,,,,6,4,,,,,,,,,,,
2025-sao-paulo,Sao Paulo,Hard,,I,20250908,22,988957,,,Renata Zarazua,,,,,943543,,,Berfu Cengiz,,,,,6-4 6-4,3,R16,,3,3,,,,,,,,3,2,,,,,,,,,,,
2025-sao-paulo,Sao Paulo,Hard,,I,20250908,23,416641,,,Panna Udvardy,,,,,209866,,,Candiotto A.,,,,,6-3 6-3,3,R16,,3,2,,,,,,,,0,3,,,,,,,,,,,
2025-sao-paulo,Sao Paulo,Hard,,I,20250908,24,692146,,,Beatriz Haddad Maia,,,,,328017,,,Laura Pigossi,,,,,6-1 6-4,3,R16,,2,4,,,,,,,,0,4,,,,,,,,,,,
2025-sao-paulo,Sao Paulo,Hard,,I,20250908,25,797291,,,Janice Tjen,,,,,261807,,,Alexandra Eala,,,,,6-4 6-1,3,QF,,2,6,,,,,,,,0,4,,,,,,,,,,,
2025-sao-paulo,Sao Paulo,Hard,,I,20250908,26,794930,,,Francesca Jones,,,,,519047,,,Solana Sierra,,,,,6-3 6-4,3,QF,,4,3,,,,,,,,4,5,,,,,,,,,,,
2025-sao-paulo,Sao Paulo,Hard,,I,20250908,27,988957,,,Renata Zarazua,,,,,692146,,,Beatriz Haddad Maia,,,,,7-6 6-3,3,QF,,2,2,,,,,,,,1,7,,,,,,,,,,,
2025-sao-paulo,Sao Paulo,Hard,,I,20250908,28,792158,,,Tiantsoa Rakotomanga Rajaonah,,,,,416641,,,Panna Udvardy,,,,,6-2 6-4,3,QF,,1,1,,,,,,,,0,3,,,,,,,,,,,
2025-sao-paulo,Sao Paulo,Hard,,I,20250908,29,797291,,,Janice Tjen,,,,,794930,,,Francesca Jones,,,,,7-6 6-3,3,SF,,8,5,,,,,,,,1,6,,,,,,,,,,,
2025-sao-paulo,Sao Paulo,Hard,,I,20250908,30,792158,,,Tiantsoa Rakotomanga Rajaonah,,,,,988957,,,Renata Zarazua,,,,,6-3 6-2,3,SF,,2,3,,,,,,,,0,1,,,,,,,,,,,
2025-sao-paulo,Sao Paulo,Hard,,I,20250908,31,792158,,,Tiantsoa Rakotomanga Rajaonah,,,,,797291,,,Janice Tjen,,,,,6-3 6-4,3,F,,0,5,,,,,,,,3,2,,,,,,,,,,,
2025-seoul,Seoul,Hard,,I,20250915,1,690300,,,Maya Joint,,,,,334255,,,Linda Fruhvirtova,,,,,6-4 7-6,3,R32,,2,8,,,,,,,,4,7,,,,,,,,,,,
2025-seoul,Seoul,Hard,,I,20250915,2,743463,,,Eva Lys,,,,,701534,,,Ashlyn Krueger,,,,,6-3 6-4,3,R32,,0,3,,,,,,,,7,4,,,,,,,,,,,
2025-seoul,Seoul,Hard,,I,20250915,3,344482,,,Katerina Siniakova,,,,,683725,,,Sohyun Park,,,,,6-2 6-2,3,R32,,3,0,,,,,,,,0,0,,,,,,,,,,,
2025-seoul,Seoul,Hard,,I,20250915,4,631483,,,Ella Seidel,,,,,673787,,,Jessika Ponchet,,,,,5-7 6-4 6-2,3,R32,,5,5,,,,,,,,5,3,,,,,,,,,,,
2025-seoul,Seoul,Hard,,I,20250915,5,549141,,,Sofia Kenin,,,,,685811,,,Laura Siegemund,,,,,2-6 6-3 7-5,3,R32,,2,10,,,,,,,,5,10,,,,,,,,,,,
2025-seoul,Seoul,Hard,,I,20250915,6,799344,,,Lois Boisson,,,,,485567,,,Yeonwoo Ku,,,,,6-2 6-1,3,R32,,2,2,,,,,,,,0,3,,,,,,,,,,,
2025-seoul,Seoul,Hard,,I,20250915,7,358837,,,Barbora Krejcikova,,,,,589935,,,Tatiana Prozorova,,,,,6-1 6-2,3,R32,,2,1,,,,,,,,0,1,,,,,,,,,,,
2025-seoul,Seoul,Hard,,I,20250915,8,600745,,,Sorana Cirstea,,,,,926087,,,Anastasia Zakharova,,,,,6-3 6-1,3,R32,,2,1,,,,,,,,1,4,,,,,,,,,,,
2025-seoul,Seoul,Hard,,I,20250915,9,425446,,,Diana Shnaider,,,,,520895,,,Caty Mcnally,,,,,2-6 6-2 6-4,3,R32,,1,8,,,,,,,,0,7,,,,,,,,,,,
2025-seoul,Seoul,Hard,,I,20250915,10,689373,,,Suzan Lamens,,,,,913730,,,Tatjana Maria,,,,,6-4 6-1,3,R32,,1,7,,,,,,,,1,1,,,,,,,,,,,
2025-seoul,Seoul,Hard,,I,20250915,11,692146,,,Beatriz Haddad Maia,,,,,824175,,,Dayeon Back,,,,,6-4 6-3,3,R32,,1,6,,,,,,,,0,7,,,,,,,,,,,
2025-seoul,Seoul,Hard,,I,20250915,12,858188,,,Emma Raducanu,,,,,885728,,,Jaqueline  Cristian,,,,,6-3 6-4,3,R32,,4,6,,,,,,,,3,7,,,,,,,,,,,
2025-seoul,Seoul,Hard,,I,20250915,13,359411,,,Clara Tauson,,,,,743463,,,Eva Lys,,,,,6-2 7-6,3,R16,,7,0,,,,,,,,1,6,,,,,,,,,,,
2025-seoul,Seoul,Hard,,I,20250915,14,690300,,,Maya Joint,,,,,549141,,,Sofia Kenin,,,,,6-3 6-1,3,R16,,6,1,,,,,,,,0,7,,,,,,,,,,,
2025-seoul,Seoul,Hard,,I,20250915,15,689373,,,Suzan Lamens,,,,,425446,,,Diana Shnaider,,,,,6-4 6-4,3,R16,,1,4,,,,,,,,0,3,,,,,,,,,,,
2025-seoul,Seoul,Hard,,I,20250915,16,558914,,,Ekaterina Alexandrova,,,,,799344,,,Lois Boisson,,,,,4-6 6-2 6-2,3,R16,,6,14,,,,,,,,0,7,,,,,,,,,,,
2025-seoul,Seoul,Hard,,I,20250915,17,631483,,,Ella Seidel,,,,,692146,,,Beatriz Haddad Maia,,,,,6-7 7-6 7-5,3,R16,,0,11,,,,,,,,3,9,,,,,,,,,,,
2025-seoul,Seoul,Hard,,I,20250915,18,139227,,,Iga Swiatek,,,,,600745,,,Sorana Cirstea,,,,,6-3 6-2,3,R16,,2,1,,,,,,,,4,1,,,,,,,,,,,
2025-seoul,Seoul,Hard,,I,20250915,19,344482,,,Katerina Siniakova,,,,,626163,,,Daria Kasatkina,,,,,7-6 6-2,3,R16,,1,5,,,,,,,,1,8,,,,,,,,,,,
2025-seoul,Seoul,Hard,,I,20250915,20,358837,,,Barbora Krejcikova,,,,,858188,,,Emma Raducanu,,,,,4-6 7-6 6-1,3,R16,,4,10,,,,,,,,4,2,,,,,,,,,,,
2025-seoul,Seoul,Hard,,I,20250915,21,139227,,,Iga Swiatek,,,,,358837,,,Barbora Krejcikova,,,,,6-0 6-3,3,QF,,3,5,,,,,,,,2,2,,,,,,,,,,,
2025-seoul,Seoul,Hard,,I,20250915,22,690300,,,Maya Joint,,,,,359411,,,Clara Tauson,,,,,6-0 6-3,3,QF,,1,2,,,,,,,,2,5,,,,,,,,,,,
2025-seoul,Seoul,Hard,,I,20250915,23,344482,,,Katerina Siniakova,,,,,689373,,,Suzan Lamens,,,,,6-1 7-5,3,QF,,1,7,,,,,,,,1,5,,,,,,,,,,,
2025-seoul,Seoul,Hard,,I,20250915,24,558914,,,Ekaterina Alexandrova,,,,,631483,,,Ella Seidel,,,,,6-2 6-3,3,QF,,8,7,,,,,,,,1,4,,,,,,,,,,,
2025-seoul,Seoul,Hard,,I,20250915,25,139227,,,Iga Swiatek,,,,,690300,,,Maya Joint,,,,,6-0 6-2,3,SF,,0,2,,,,,,,,0,0,,,,,,,,,,,
2025-seoul,Seoul,Hard,,I,20250915,26,558914,,,Ekaterina Alexandrova,,,,,344482,,,Katerina Siniakova,,,,,6-4 6-2,3,SF,,1,3,,,,,,,,0,3,,,,,,,,,,,
2025-seoul,Seoul,Hard,,I,20250915,27,139227,,,Iga Swiatek,,,,,558914,,,Ekaterina Alexandrova,,,,,1-6 7-6 7-5,3,F,,2,9,,,,,,,,6,6,,,,,,,,,,,
2025-beijing,Beijing,Hard,,PM,20250924,1,421789,,,Mccartney Kessler,,,,,363157,,,Han Shi,,,,,6-2 7-6,3,R128,,0,3,,,,,,,,2,5,,,,,,,,,,,
2025-beijing,Beijing,Hard,,PM,20250924,2,600745,,,Sorana Cirstea,,,,,446701,,,Caroline Dolehide,,,,,6-2 6-3,3,R128,,3,2,,,,,,,,1,2,,,,,,,,,,,
2025-beijing,Beijing,Hard,,PM,20250924,3,465575,,,Anastasija Sevastova,,,,,851560,,,Kimberly Birrell,,,,,6-3 7-6,3,R128,,7,3,,,,,,,,2,6,,,,,,,,,,,
2025-beijing,Beijing,Hard,,PM,20250924,4,520895,,,Caty Mcnally,,,,,685811,,,Laura Siegemund,,,,,6-4 6-2,3,R128,,0,1,,,,,,,,1,5,,,,,,,,,,,
2025-beijing,Beijing,Hard,,PM,20250924,5,568609,,,Kamilla Rakhimova,,,,,152800,,,Lucia Bronzetti,,,,,6-4 6-1,3,R128,,2,5,,,,,,,,2,2,,,,,,,,,,,
2025-beijing,Beijing,Hard,,PM,20250924,6,710062,,,Maria Sakkari,,,,,701534,,,Ashlyn Krueger,,,,,7-6 6-7 7-5,3,R128,,2,6,,,,,,,,7,12,,,,,,,,,,,
2025-beijing,Beijing,Hard,,PM,20250924,7,651454,,,Antonia Ruzic,,,,,973113,,,Elsa Jacquemot,,,,,6-3 6-3,3,R128,,2,1,,,,,,,,7,12,,,,,,,,,,,
2025-beijing,Beijing,Hard,,PM,20250924,8,743463,,,Eva Lys,,,,,687632,,,Zhang R.,,,,,6-1 6-0,3,R128,,2,2,,,,,,,,1,1,,,,,,,,,,,
2025-beijing,Beijing,Hard,,PM,20250924,9,861465,,,Priscilla Hon,,,,,988932,,,Viktorija Golubic,,,,,1-6 6-3 7-6,3,R128,,3,7,,,,,,,,1,1,,,,,,,,,,,
2025-beijing,Beijing,Hard,,PM,20250924,10,970027,,,Katie Boulter,,,,,987862,,,Hailey Baptiste,,,,,7-5 5-7 6-4,3,R128,,2,7,,,,,,,,5,10,,,,,,,,,,,
2025-beijing,Beijing,Hard,,PM,20250924,11,824108,,,Polina Kudermetova,,,,,646421,,,Maddison Inglis,,,,,7-5 7-6,3,R128,,7,7,,,,,,,,4,8,,,,,,,,,,,
2025-beijing,Beijing,Hard,,PM,20250924,12,358837,,,Barbora Krejcikova,,,,,126226,,,Anna Blinkova,,,,,6-2 6-2,3,R128,,1,3,,,,,,,,1,1,,,,,,,,,,,
2025-beijing,Beijing,Hard,,PM,20250924,13,421894,,,Katie Volynets,,,,,688846,,,Peyton Stearns,,,,,6-4 2-6 6-3,3,R128,,1,0,,,,,,,,3,5,,,,,,,,,,,
2025-beijing,Beijing,Hard,,PM,20250924,14,952597,,,Shuai Zhang,,,,,926087,,,Anastasia Zakharova,,,,,3-6 6-1 6-4,3,R128,,6,2,,,,,,,,3,5,,,,,,,,,,,
2025-beijing,Beijing,Hard,,PM,20250924,15,369605,,,Marie Bouzkova,,,,,913730,,,Tatjana Maria,,,,,6-2 6-4,3,R128,,2,3,,,,,,,,3,0,,,,,,,,,,,
2025-beijing,Beijing,Hard,,PM,20250924,16,610520,,,Anna Bondar,,,,,409001,,,Bianca Andreescu,,,,,6-4 7-6,3,R128,,6,3,,,,,,,,1,2,,,,,,,,,,,
2025-beijing,Beijing,Hard,,PM,20250924,17,389789,,,Ajla Tomljanovic,,,,,976242,,,Yuliia Starodubtseva,,,,,7-6 6-2,3,R128,,5,8,,,,,,,,1,2,,,,,,,,,,,
2025-beijing,Beijing,Hard,,PM,20250924,18,337480,,,Zeynep Sonmez,,,,,500520,,,Sijia Wei,,,,,6-2 6-0,3,R128,,1,1,,,,,,,,1,4,,,,,,,,,,,
2025-beijing,Beijing,Hard,,PM,20250924,19,769396,,,Camila Osorio,,,,,619460,,,Ann Li,,,,,7-5 6-7 7-5,3,R128,,1,11,,,,,,,,9,9,,,,,,,,,,,
2025-beijing,Beijing,Hard,,PM,20250924,20,674631,,,Xinyu Wang,,,,,676979,,,Hanyu Guo,,,,,7-5 6-1,3,R128,,1,4,,,,,,,,1,3,,,,,,,,,,,
2025-beijing,Beijing,Hard,,PM,20250924,21,275310,,,Elena-Gabriela Ruse,,,,,123538,,,Rebecca Sramkova,,,,,6-2 6-2,3,R128,,2,5,,,,,,,,3,3,,,,,,,,,,,
2025-beijing,Beijing,Hard,,PM,20250924,22,114904,,,Aliaksandra Sasnovich,,,,,797291,,,Janice Tjen,,,,,6-7 7-5 6-1,3,R128,,2,4,,,,,,,,9,7,,,,,,,,,,,
2025-beijing,Beijing,Hard,,PM,20250924,23,651611,,,Anastasia Potapova,,,,,344482,,,Katerina Siniakova,,,,,6-3 6-4,3,R128,,1,3,,,,,,,,0,5,,,,,,,,,,,
2025-beijing,Beijing,Hard,,PM,20250924,24,631483,,,Ella Seidel,,,,,362890,,,Magdalena Frech,,,,,7-5 6-4,3,R128,,3,5,,,,,,,,4,1,,,,,,,,,,,
2025-beijing,Beijing,Hard,,PM,20250924,25,510565,,,Lin Zhu,,,,,482165,,,Moyuka Uchijima,,,,,6-1 6-3,3,R128,,0,2,,,,,,,,1,5,,,,,,,,,,,
2025-beijing,Beijing,Hard,,PM,20250924,26,444525,,,Sonay Kartal,,,,,663060,,,Alycia Parks,,,,,6-3 6-2,3,R128,,2,1,,,,,,,,3,6,,,,,,,,,,,
2025-beijing,Beijing,Hard,,PM,20250924,27,480371,,,Cristina Bucsa,,,,,975382,,,Donna Vekic,,,,,6-2 6-4,3,R128,,0,1,,,,,,,,0,6,,,,,,,,,,,
2025-beijing,Beijing,Hard,,PM,20250924,28,690300,,,Maya Joint,,,,,199960,,,Victoria Jimenez Kasintseva,,,,,6-3 6-2,3,R128,,0,2,,,,,,,,2,5,,,,,,,,,,,
2025-beijing,Beijing,Hard,,PM,20250924,29,799344,,,Lois Boisson,,,,,425404,,,Dalma Galfi,,,,,7-6 5-7 6-2,3,R128,,6,4,,,,,,,,3,6,,,,,,,,,,,
2025-beijing,Beijing,Hard,,PM,20250924,30,595819,,,Jessica Bouzas Maneiro,,,,,885728,,,Jaqueline  Cristian,,,,,6-4 6-0,3,R128,,3,2,,,,,,,,2,0,,,,,,,,,,,
2025-beijing,Beijing,Hard,,PM,20250924,31,741705,,,Emiliana Arango,,,,,689373,,,Suzan Lamens,,,,,6-3 6-3,3,R128,,1,4,,,,,,,,0,5,,,,,,,,,,,
2025-beijing,Beijing,Hard,,PM,20250924,32,803486,,,Yue Yuan,,,,,133650,,,Yulia Putintseva,,,,,6-3 6-3,3,R128,,4,0,,,,,,,,0,5,,,,,,,,,,,
2025-beijing,Beijing,Hard,,PM,20250924,33,549141,,,Sofia Kenin,,,,,824108,,,Polina Kudermetova,,,,,6-4 6-2,3,R64,,2,4,,,,,,,,10,6,,,,,,,,,,,
2025-beijing,Beijing,Hard,,PM,20250924,34,914953,,,Leylah Fernandez,,,,,710062,,,Maria Sakkari,,,,,6-2 6-0,3,R64,,1,2,,,,,,,,2,2,,,,,,,,,,,
2025-beijing,Beijing,Hard,,PM,20250924,35,296713,,,Coco Gauff,,,,,568609,,,Kamilla Rakhimova,,,,,6-4 6-0,3,R64,,4,5,,,,,,,,1,2,,,,,,,,,,,
2025-beijing,Beijing,Hard,,PM,20250924,36,369605,,,Marie Bouzkova,,,,,684064,,,Magda Linette,,,,,7-5 7-5,3,R64,,0,4,,,,,,,,7,7,,,,,,,,,,,
2025-beijing,Beijing,Hard,,PM,20250924,37,743463,,,Eva Lys,,,,,388459,,,Iva Jovic,,,,,6-3 4-6 7-5,3,R64,,1,10,,,,,,,,4,0,,,,,,,,,,,
2025-beijing,Beijing,Hard,,PM,20250924,38,350535,,,Elena Rybakina,,,,,520895,,,Caty Mcnally,,,,,7-5 4-6 6-3,3,R64,,8,7,,,,,,,,2,3,,,,,,,,,,,
2025-beijing,Beijing,Hard,,PM,20250924,39,876368,,,Veronika Kudermetova,,,,,610520,,,Anna Bondar,,,,,7-5 6-3,3,R64,,8,5,,,,,,,,4,0,,,,,,,,,,,
2025-beijing,Beijing,Hard,,PM,20250924,40,695399,,,Paula Badosa,,,,,651454,,,Antonia Ruzic,,,,,6-3 7-6,3,R64,,7,7,,,,,,,,1,1,,,,,,,,,,,
2025-beijing,Beijing,Hard,,PM,20250924,41,324333,,,Jasmine Paolini,,,,,465575,,,Anastasija Sevastova,,,,,6-1 6-3,3,R64,,3,0,,,,,,,,1,1,,,,,,,,,,,
2025-beijing,Beijing,Hard,,PM,20250924,42,421789,,,Mccartney Kessler,,,,,809758,,,Elise Mertens,,,,,6-2 6-4,3,R64,,3,0,,,,,,,,4,6,,,,,,,,,,,
2025-beijing,Beijing,Hard,,PM,20250924,43,358837,,,Barbora Krejcikova,,,,,558914,,,Ekaterina Alexandrova,,,,,7-5 6-2,3,R64,,4,3,,,,,,,,1,6,,,,,,,,,,,
2025-beijing,Beijing,Hard,,PM,20250924,44,324536,,,Amanda Anisimova,,,,,970027,,,Katie Boulter,,,,,6-1 6-3,3,R64,,5,2,,,,,,,,2,7,,,,,,,,,,,
2025-beijing,Beijing,Hard,,PM,20250924,45,861465,,,Priscilla Hon,,,,,762485,,,Jelena Ostapenko,,,,,6-3 6-2,3,R64,,2,2,,,,,,,,1,7,,,,,,,,,,,
2025-beijing,Beijing,Hard,,PM,20250924,46,952597,,,Shuai Zhang,,,,,600494,,,Xinyu Wang,,,,,6-4 6-2,3,R64,,0,3,,,,,,,,5,3,,,,,,,,,,,
2025-beijing,Beijing,Hard,,PM,20250924,47,563551,,,Karolina Muchova,,,,,600745,,,Sorana Cirstea,,,,,6-2 6-3,3,R64,,1,0,,,,,,,,4,3,,,,,,,,,,,
2025-beijing,Beijing,Hard,,PM,20250924,48,218416,,,Belinda Bencic,,,,,421894,,,Katie Volynets,,,,,6-3 6-3,3,R64,,1,3,,,,,,,,1,1,,,,,,,,,,,
2025-beijing,Beijing,Hard,,PM,20250924,49,595819,,,Jessica Bouzas Maneiro,,,,,813190,,,Dayana Yastremska,,,,,7-5 6-4,3,R64,,3,5,,,,,,,,2,5,,,,,,,,,,,
2025-beijing,Beijing,Hard,,PM,20250924,50,727666,,,Mirra Andreeva,,,,,510565,,,Lin Zhu,,,,,6-2 6-2,3,R64,,1,2,,,,,,,,0,0,,,,,,,,,,,
2025-beijing,Beijing,Hard,,PM,20250924,51,651611,,,Anastasia Potapova,,,,,844223,,,Victoria Mboko,,,,,7-6 7-5,3,R64,,2,1,,,,,,,,1,11,,,,,,,,,,,
2025-beijing,Beijing,Hard,,PM,20250924,52,769396,,,Camila Osorio,,,,,393113,,,Anna Kalinskaya,,,,,6-1 4-6 6-4,3,R64,,8,7,,,,,,,,1,1,,,,,,,,,,,
2025-beijing,Beijing,Hard,,PM,20250924,53,804248,,,Emma Navarro,,,,,275310,,,Elena-Gabriela Ruse,,,,,6-3 7-6,3,R64,,2,4,,,,,,,,0,5,,,,,,,,,,,
2025-beijing,Beijing,Hard,,PM,20250924,54,139227,,,Iga Swiatek,,,,,803486,,,Yue Yuan,,,,,6-0 6-3,3,R64,,2,1,,,,,,,,1,2,,,,,,,,,,,
2025-beijing,Beijing,Hard,,PM,20250924,55,799344,,,Lois Boisson,,,,,286370,,,Liudmila Samsonova,,,,,6-3 6-4,3,R64,,4,1,,,,,,,,2,1,,,,,,,,,,,
2025-beijing,Beijing,Hard,,PM,20250924,56,690300,,,Maya Joint,,,,,425446,,,Diana Shnaider,,,,,7-5 6-1,3,R64,,0,2,,,,,,,,0,7,,,,,,,,,,,
2025-beijing,Beijing,Hard,,PM,20250924,57,337480,,,Zeynep Sonmez,,,,,359411,,,Clara Tauson,,,,,6-4 2-6 6-3,3,R64,,0,1,,,,,,,,8,3,,,,,,,,,,,
2025-beijing,Beijing,Hard,,PM,20250924,58,756180,,,Marta Kostyuk,,,,,631483,,,Ella Seidel,,,,,6-1 6-1,3,R64,,4,0,,,,,,,,0,6,,,,,,,,,,,
2025-beijing,Beijing,Hard,,PM,20250924,59,814118,,,Jessica Pegula,,,,,389789,,,Ajla Tomljanovic,,,,,6-0 6-3,3,R64,,5,3,,,,,,,,0,4,,,,,,,,,,,
2025-beijing,Beijing,Hard,,PM,20250924,60,187314,,,Linda Noskova,,,,,674631,,,Xinyu Wang,,,,,6-3 6-2,3,R64,,0,3,,,,,,,,1,1,,,,,,,,,,,
2025-beijing,Beijing,Hard,,PM,20250924,61,444525,,,Sonay Kartal,,,,,626163,,,Daria Kasatkina,,,,,6-3 6-0,3,R64,,1,1,,,,,,,,0,2,,,,,,,,,,,
2025-beijing,Beijing,Hard,,PM,20250924,62,114904,,,Aliaksandra Sasnovich,,,,,714334,,,Naomi Osaka,,,,,1-6 6-4 6-2,3,R64,,1,3,,,,,,,,6,3,,,,,,,,,,,
2025-beijing,Beijing,Hard,,PM,20250924,63,809492,,,Qinwen Zheng,,,,,741705,,,Emiliana Arango,,,,,6-3 6-2,3,R64,,1,4,,,,,,,,2,2,,,,,,,,,,,
2025-beijing,Beijing,Hard,,PM,20250924,64,858188,,,Emma Raducanu,,,,,480371,,,Cristina Bucsa,,,,,6-3 6-3,3,R64,,5,2,,,,,,,,0,3,,,,,,,,,,,
2025-beijing,Beijing,Hard,,PM,20250924,65,743463,,,Eva Lys,,,,,350535,,,Elena Rybakina,,,,,6-3 1-6 6-4,3,R32,,1,5,,,,,,,,8,5,,,,,,,,,,,
2025-beijing,Beijing,Hard,,PM,20250924,66,421789,,,Mccartney Kessler,,,,,358837,,,Barbora Krejcikova,,,,,1-6 7-5 3-0,3,R32,,4,7,,,,,,,,5,5,,,,,,,,,,,
2025-beijing,Beijing,Hard,,PM,20250924,67,296713,,,Coco Gauff,,,,,914953,,,Leylah Fernandez,,,,,6-4 4-6 7-5,3,R32,,4,9,,,,,,,,0,2,,,,,,,,,,,
2025-beijing,Beijing,Hard,,PM,20250924,68,369605,,,Marie Bouzkova,,,,,876368,,,Veronika Kudermetova,,,,,6-3 7-5,3,R32,,1,2,,,,,,,,2,1,,,,,,,,,,,
2025-beijing,Beijing,Hard,,PM,20250924,69,324333,,,Jasmine Paolini,,,,,549141,,,Sofia Kenin,,,,,6-3 6-0,3,R32,,2,3,,,,,,,,1,3,,,,,,,,,,,
2025-beijing,Beijing,Hard,,PM,20250924,70,218416,,,Belinda Bencic,,,,,861465,,,Priscilla Hon,,,,,4-6 6-4 6-3,3,R32,,2,4,,,,,,,,10,5,,,,,,,,,,,
2025-beijing,Beijing,Hard,,PM,20250924,71,563551,,,Karolina Muchova,,,,,695399,,,Paula Badosa,,,,,4-2,3,R32,,0,0,,,,,,,,1,0,,,,,,,,,,,
2025-beijing,Beijing,Hard,,PM,20250924,72,324536,,,Amanda Anisimova,,,,,952597,,,Shuai Zhang,,,,,7-6 6-0,3,R32,,7,4,,,,,,,,1,2,,,,,,,,,,,
2025-beijing,Beijing,Hard,,PM,20250924,73,727666,,,Mirra Andreeva,,,,,595819,,,Jessica Bouzas Maneiro,,,,,6-4 6-1,3,R32,,1,3,,,,,,,,0,4,,,,,,,,,,,
2025-beijing,Beijing,Hard,,PM,20250924,74,756180,,,Marta Kostyuk,,,,,114904,,,Aliaksandra Sasnovich,,,,,6-4 6-2,3,R32,,4,4,,,,,,,,1,3,,,,,,,,,,,
2025-beijing,Beijing,Hard,,PM,20250924,75,804248,,,Emma Navarro,,,,,799344,,,Lois Boisson,,,,,6-2 1-0,3,R32,,2,2,,,,,,,,0,0,,,,,,,,,,,
2025-beijing,Beijing,Hard,,PM,20250924,76,444525,,,Sonay Kartal,,,,,690300,,,Maya Joint,,,,,6-3 6-2,3,R32,,3,1,,,,,,,,0,3,,,,,,,,,,,
2025-beijing,Beijing,Hard,,PM,20250924,77,139227,,,Iga Swiatek,,,,,769396,,,Camila Osorio,,,,,6-0 0-0,3,R32,,1,2,,,,,,,,0,6,,,,,,,,,,,
2025-beijing,Beijing,Hard,,PM,20250924,78,814118,,,Jessica Pegula,,,,,858188,,,Emma Raducanu,,,,,3-6 7-6 6-0,3,R32,,5,2,,,,,,,,5,4,,,,,,,,,,,
2025-beijing,Beijing,Hard,,PM,20250924,79,651611,,,Anastasia Potapova,,,,,337480,,,Zeynep Sonmez,,,,,6-3 7-5,3,R32,,4,5,,,,,,,,1,6,,,,,,,,,,,
2025-beijing,Beijing,Hard,,PM,20250924,80,187314,,,Linda Noskova,,,,,809492,,,Qinwen Zheng,,,,,6-4 3-6 3-0,3,R32,,4,6,,,,,,,,8,5,,,,,,,,,,,
2025-beijing,Beijing,Hard,,PM,20250924,81,296713,,,Coco Gauff,,,,,218416,,,Belinda Bencic,,,,,4-6 7-6 6-2,3,R16,,4,8,,,,,,,,0,5,,,,,,,,,,,
2025-beijing,Beijing,Hard,,PM,20250924,82,743463,,,Eva Lys,,,,,421789,,,Mccartney Kessler,,,,,4-6 6-1 6-2,3,R16,,2,4,,,,,,,,1,2,,,,,,,,,,,
2025-beijing,Beijing,Hard,,PM,20250924,83,324536,,,Amanda Anisimova,,,,,563551,,,Karolina Muchova,,,,,1-6 6-2 6-4,3,R16,,1,2,,,,,,,,6,1,,,,,,,,,,,
2025-beijing,Beijing,Hard,,PM,20250924,84,324333,,,Jasmine Paolini,,,,,369605,,,Marie Bouzkova,,,,,6-2 7-5,3,R16,,0,1,,,,,,,,2,7,,,,,,,,,,,
2025-beijing,Beijing,Hard,,PM,20250924,85,187314,,,Linda Noskova,,,,,651611,,,Anastasia Potapova,,,,,6-2 6-4,3,R16,,3,6,,,,,,,,0,4,,,,,,,,,,,
2025-beijing,Beijing,Hard,,PM,20250924,86,444525,,,Sonay Kartal,,,,,727666,,,Mirra Andreeva,,,,,7-5 2-6 7-5,3,R16,,2,1,,,,,,,,3,6,,,,,,,,,,,
2025-beijing,Beijing,Hard,,PM,20250924,87,804248,,,Emma Navarro,,,,,139227,,,Iga Swiatek,,,,,6-4 4-6 6-0,3,R16,,2,3,,,,,,,,9,5,,,,,,,,,,,
2025-beijing,Beijing,Hard,,PM,20250924,88,814118,,,Jessica Pegula,,,,,756180,,,Marta Kostyuk,,,,,6-3 6-7 6-1,3,R16,,0,4,,,,,,,,1,6,,,,,,,,,,,
2025-beijing,Beijing,Hard,,PM,20250924,89,296713,,,Coco Gauff,,,,,743463,,,Eva Lys,,,,,6-3 6-4,3,QF,,3,4,,,,,,,,1,3,,,,,,,,,,,
2025-beijing,Beijing,Hard,,PM,20250924,90,324536,,,Amanda Anisimova,,,,,324333,,,Jasmine Paolini,,,,,6-7 6-3 6-4,3,QF,,4,4,,,,,,,,1,1,,,,,,,,,,,
2025-beijing,Beijing,Hard,,PM,20250924,91,187314,,,Linda Noskova,,,,,444525,,,Sonay Kartal,,,,,6-3 6-4,3,QF,,6,3,,,,,,,,2,1,,,,,,,,,,,
2025-beijing,Beijing,Hard,,PM,20250924,92,814118,,,Jessica Pegula,,,,,804248,,,Emma Navarro,,,,,6-7 6-2 6-1,3,QF,,3,3,,,,,,,,5,1,,,,,,,,,,,
2025-beijing,Beijing,Hard,,PM,20250924,93,324536,,,Amanda Anisimova,,,,,296713,,,Coco Gauff,,,,,6-1 6-2,3,SF,,0,2,,,,,,,,2,5,,,,,,,,,,,
2025-beijing,Beijing,Hard,,PM,20250924,94,187314,,,Linda Noskova,,,,,814118,,,Jessica Pegula,,,,,6-3 1-6 7-6,3,SF,,11,7,,,,,,,,6,3,,,,,,,,,,,
2025-beijing,Beijing,Hard,,PM,20250924,95,324536,,,Amanda Anisimova,,,,,187314,,,Linda Noskova,,,,,6-0 2-6 6-2,3,F,,6,3,,,,,,,,3,6,,,,,,,,,,,
2025-wuhan,Wuhan,Hard,,PM,20251006,1,685811,,,Laura Siegemund,,,,,813190,,,Dayana Yastremska,,,,,7-5 4-6 4-1,3,R64,,1,5,,,,,,,,2,9,,,,,,,,,,,
2025-wuhan,Wuhan,Hard,,PM,20251006,2,369605,,,Marie Bouzkova,,,,,769396,,,Camila Osorio,,,,,6-3 6-4,3,R64,,4,3,,,,,,,,0,6,,,,,,,,,,,
2025-wuhan,Wuhan,Hard,,PM,20251006,3,987862,,,Hailey Baptiste,,,,,701534,,,Ashlyn Krueger,,,,,2-6 6-4 6-2,3,R64,,1,3,,,,,,,,4,2,,,,,,,,,,,
2025-wuhan,Wuhan,Hard,,PM,20251006,4,809758,,,Elise Mertens,,,,,824108,,,Polina Kudermetova,,,,,7-6 6-3,3,R64,,8,6,,,,,,,,4,6,,,,,,,,,,,
2025-wuhan,Wuhan,Hard,,PM,20251006,5,344482,,,Katerina Siniakova,,,,,425446,,,Diana Shnaider,,,,,6-4 6-4,3,R64,,2,3,,,,,,,,1,2,,,,,,,,,,,
2025-wuhan,Wuhan,Hard,,PM,20251006,6,690300,,,Maya Joint,,,,,510565,,,Lin Zhu,,,,,7-5 7-6,3,R64,,1,4,,,,,,,,1,3,,,,,,,,,,,
2025-wuhan,Wuhan,Hard,,PM,20251006,7,595819,,,Jessica Bouzas Maneiro,,,,,323630,,,Varvara Gracheva,,,,,7-6 6-2,3,R64,,3,6,,,,,,,,0,5,,,,,,,,,,,
2025-wuhan,Wuhan,Hard,,PM,20251006,8,359411,,,Clara Tauson,,,,,923407,,,Olga Danilovic,,,,,6-3 7-5,3,R64,,8,3,,,,,,,,5,7,,,,,,,,,,,
2025-wuhan,Wuhan,Hard,,PM,20251006,9,651454,,,Antonia Ruzic,,,,,684064,,,Magda Linette,,,,,6-2 6-3,3,R64,,4,2,,,,,,,,0,4,,,,,,,,,,,
2025-wuhan,Wuhan,Hard,,PM,20251006,10,803486,,,Yue Yuan,,,,,152800,,,Lucia Bronzetti,,,,,7-6 7-6,3,R64,,7,6,,,,,,,,4,1,,,,,,,,,,,
2025-wuhan,Wuhan,Hard,,PM,20251006,11,482165,,,Moyuka Uchijima,,,,,600494,,,Xinyu Wang,,,,,6-4 7-6,3,R64,,1,1,,,,,,,,4,5,,,,,,,,,,,
2025-wuhan,Wuhan,Hard,,PM,20251006,12,558914,,,Ekaterina Alexandrova,,,,,844223,,,Victoria Mboko,,,,,6-3 6-2,3,R64,,2,7,,,,,,,,2,4,,,,,,,,,,,
2025-wuhan,Wuhan,Hard,,PM,20251006,13,549141,,,Sofia Kenin,,,,,926087,,,Anastasia Zakharova,,,,,3-6 7-6 6-3,3,R64,,4,8,,,,,,,,4,4,,,,,,,,,,,
2025-wuhan,Wuhan,Hard,,PM,20251006,14,286370,,,Liudmila Samsonova,,,,,741705,,,Emiliana Arango,,,,,6-1 7-5,3,R64,,3,4,,,,,,,,4,5,,,,,,,,,,,
2025-wuhan,Wuhan,Hard,,PM,20251006,15,885728,,,Jaqueline  Cristian,,,,,421789,,,Mccartney Kessler,,,,,6-7 6-0 6-3,3,R64,,2,2,,,,,,,,1,2,,,,,,,,,,,
2025-wuhan,Wuhan,Hard,,PM,20251006,16,714334,,,Naomi Osaka,,,,,914953,,,Leylah Fernandez,,,,,4-6 7-5 6-3,3,R64,,10,8,,,,,,,,4,3,,,,,,,,,,,
2025-wuhan,Wuhan,Hard,,PM,20251006,17,563551,,,Karolina Muchova,,,,,756180,,,Marta Kostyuk,,,,,2-6 6-2 6-4,3,R64,,0,4,,,,,,,,1,10,,,,,,,,,,,
2025-wuhan,Wuhan,Hard,,PM,20251006,18,362890,,,Magdalena Frech,,,,,876368,,,Veronika Kudermetova,,,,,6-3 2-6 6-3,3,R64,,4,2,,,,,,,,7,6,,,,,,,,,,,
2025-wuhan,Wuhan,Hard,,PM,20251006,19,619460,,,Ann Li,,,,,858188,,,Emma Raducanu,,,,,6-1 4-1,3,R64,,7,2,,,,,,,,0,5,,,,,,,,,,,
2025-wuhan,Wuhan,Hard,,PM,20251006,20,123538,,,Rebecca Sramkova,,,,,393113,,,Anna Kalinskaya,,,,,6-2 3-6 6-3,3,R64,,4,7,,,,,,,,4,5,,,,,,,,,,,
2025-wuhan,Wuhan,Hard,,PM,20251006,21,952597,,,Shuai Zhang,,,,,804248,,,Emma Navarro,,,,,6-2 2-6 6-3,3,R64,,1,4,,,,,,,,1,4,,,,,,,,,,,
2025-wuhan,Wuhan,Hard,,PM,20251006,22,218416,,,Belinda Bencic,,,,,975382,,,Donna Vekic,,,,,6-2 6-2,3,R64,,4,2,,,,,,,,2,8,,,,,,,,,,,
2025-wuhan,Wuhan,Hard,,PM,20251006,23,187314,,,Linda Noskova,,,,,133650,,,Yulia Putintseva,,,,,6-4 4-6 7-6,3,R64,,2,5,,,,,,,,6,4,,,,,,,,,,,
2025-wuhan,Wuhan,Hard,,PM,20251006,24,600745,,,Sorana Cirstea,,,,,762485,,,Jelena Ostapenko,,,,,6-0 2-1,3,R64,,3,0,,,,,,,,0,1,,,,,,,,,,,
2025-wuhan,Wuhan,Hard,,PM,20251006,25,139227,,,Iga Swiatek,,,,,369605,,,Marie Bouzkova,,,,,6-1 6-1,3,R32,,3,2,,,,,,,,0,1,,,,,,,,,,,
2025-wuhan,Wuhan,Hard,,PM,20251006,26,685811,,,Laura Siegemund,,,,,727666,,,Mirra Andreeva,,,,,6-7 6-3 6-3,3,R32,,0,2,,,,,,,,2,15,,,,,,,,,,,
2025-wuhan,Wuhan,Hard,,PM,20251006,27,558914,,,Ekaterina Alexandrova,,,,,619460,,,Ann Li,,,,,7-6 6-2,3,R32,,2,6,,,,,,,,1,4,,,,,,,,,,,
2025-wuhan,Wuhan,Hard,,PM,20251006,28,388459,,,Iva Jovic,,,,,595819,,,Jessica Bouzas Maneiro,,,,,6-4 6-4,3,R32,,1,3,,,,,,,,2,6,,,,,,,,,,,
2025-wuhan,Wuhan,Hard,,PM,20251006,29,344482,,,Katerina Siniakova,,,,,690300,,,Maya Joint,,,,,6-3 6-1,3,R32,,1,2,,,,,,,,1,2,,,,,,,,,,,
2025-wuhan,Wuhan,Hard,,PM,20251006,30,814118,,,Jessica Pegula,,,,,987862,,,Hailey Baptiste,,,,,6-4 4-6 7-6,3,R32,,5,1,,,,,,,,7,5,,,,,,,,,,,
2025-wuhan,Wuhan,Hard,,PM,20251006,31,362890,,,Magdalena Frech,,,,,563551,,,Karolina Muchova,,,,,7-6 4-1,3,R32,,3,2,,,,,,,,0,2,,,,,,,,,,,
2025-wuhan,Wuhan,Hard,,PM,20251006,32,286370,,,Liudmila Samsonova,,,,,549141,,,Sofia Kenin,,,,,3-6 6-3 6-1,3,R32,,12,2,,,,,,,,6,9,,,,,,,,,,,
2025-wuhan,Wuhan,Hard,,PM,20251006,33,218416,,,Belinda Bencic,,,,,809758,,,Elise Mertens,,,,,,3,R32,,,,,,,,,,,,,,,,,,,,,,,
2025-wuhan,Wuhan,Hard,,PM,20251006,34,296713,,,Coco Gauff,,,,,482165,,,Moyuka Uchijima,,,,,6-1 6-0,3,R32,,5,0,,,,,,,,0,1,,,,,,,,,,,
2025-wuhan,Wuhan,Hard,,PM,20251006,35,952597,,,Shuai Zhang,,,,,600745,,,Sorana Cirstea,,,,,6-4 3-6 6-4,3,R32,,5,3,,,,,,,,10,5,,,,,,,,,,,
2025-wuhan,Wuhan,Hard,,PM,20251006,36,359411,,,Clara Tauson,,,,,651454,,,Antonia Ruzic,,,,,6-4 6-0,3,R32,,4,4,,,,,,,,0,3,,,,,,,,,,,
2025-wuhan,Wuhan,Hard,,PM,20251006,37,716715,,,Aryna Sabalenka,,,,,123538,,,Rebecca Sramkova,,,,,4-6 6-3 6-1,3,R32,,7,4,,,,,,,,9,5,,,,,,,,,,,
2025-wuhan,Wuhan,Hard,,PM,20251006,38,187314,,,Linda Noskova,,,,,714334,,,Naomi Osaka,,,,,7-6 6-3,3,R32,,5,2,,,,,,,,5,3,,,,,,,,,,,
2025-wuhan,Wuhan,Hard,,PM,20251006,39,324333,,,Jasmine Paolini,,,,,803486,,,Yue Yuan,,,,,3-6 6-4 6-3,3,R32,,1,0,,,,,,,,5,7,,,,,,,,,,,
2025-wuhan,Wuhan,Hard,,PM,20251006,40,350535,,,Elena Rybakina,,,,,885728,,,Jaqueline  Cristian,,,,,6-4 6-3,3,R32,,11,3,,,,,,,,4,5,,,,,,,,,,,
2025-wuhan,Wuhan,Hard,,PM,20251006,41,814118,,,Jessica Pegula,,,,,558914,,,Ekaterina Alexandrova,,,,,7-5 3-6 6-3,3,R16,,4,0,,,,,,,,4,9,,,,,,,,,,,
2025-wuhan,Wuhan,Hard,,PM,20251006,42,716715,,,Aryna Sabalenka,,,,,286370,,,Liudmila Samsonova,,,,,6-3 6-2,3,R16,,6,1,,,,,,,,6,3,,,,,,,,,,,
2025-wuhan,Wuhan,Hard,,PM,20251006,43,685811,,,Laura Siegemund,,,,,362890,,,Magdalena Frech,,,,,6-4 7-6,3,R16,,1,3,,,,,,,,1,2,,,,,,,,,,,
2025-wuhan,Wuhan,Hard,,PM,20251006,44,344482,,,Katerina Siniakova,,,,,388459,,,Iva Jovic,,,,,7-5 6-3,3,R16,,5,6,,,,,,,,1,4,,,,,,,,,,,
2025-wuhan,Wuhan,Hard,,PM,20251006,45,324333,,,Jasmine Paolini,,,,,359411,,,Clara Tauson,,,,,3-6 6-1 3-1,3,R16,,0,0,,,,,,,,5,2,,,,,,,,,,,
2025-wuhan,Wuhan,Hard,,PM,20251006,46,350535,,,Elena Rybakina,,,,,187314,,,Linda Noskova,,,,,6-3 6-4,3,R16,,8,0,,,,,,,,6,8,,,,,,,,,,,
2025-wuhan,Wuhan,Hard,,PM,20251006,47,139227,,,Iga Swiatek,,,,,218416,,,Belinda Bencic,,,,,7-6 6-4,3,R16,,8,2,,,,,,,,1,2,,,,,,,,,,,
2025-wuhan,Wuhan,Hard,,PM,20251006,48,296713,,,Coco Gauff,,,,,952597,,,Shuai Zhang,,,,,6-3 6-2,3,R16,,3,6,,,,,,,,1,5,,,,,,,,,,,
2025-wuhan,Wuhan,Hard,,PM,20251006,49,814118,,,Jessica Pegula,,,,,344482,,,Katerina Siniakova,,,,,2-6 6-0 6-3,3,QF,,0,1,,,,,,,,1,5,,,,,,,,,,,
2025-wuhan,Wuhan,Hard,,PM,20251006,50,716715,,,Aryna Sabalenka,,,,,350535,,,Elena Rybakina,,,,,6-3 6-3,3,QF,,2,5,,,,,,,,6,1,,,,,,,,,,,
2025-wuhan,Wuhan,Hard,,PM,20251006,51,296713,,,Coco Gauff,,,,,685811,,,Laura Siegemund,,,,,6-3 6-0,3,QF,,0,6,,,,,,,,0,0,,,,,,,,,,,
2025-wuhan,Wuhan,Hard,,PM,20251006,52,324333,,,Jasmine Paolini,,,,,139227,,,Iga Swiatek,,,,,6-1 6-2,3,QF,,0,1,,,,,,,,2,2,,,,,,,,,,,
2025-wuhan,Wuhan,Hard,,PM,20251006,53,296713,,,Coco Gauff,,,,,324333,,,Jasmine Paolini,,,,,6-4 6-3,3,SF,,1,7,,,,,,,,0,0,,,,,,,,,,,
2025-wuhan,Wuhan,Hard,,PM,20251006,54,814118,,,Jessica Pegula,,,,,716715,,,Aryna Sabalenka,,,,,2-6 6-4 7-6,3,SF,,5,4,,,,,,,,10,3,,,,,,,,,,,
2025-wuhan,Wuhan,Hard,,PM,20251006,55,296713,,,Coco Gauff,,,,,814118,,,Jessica Pegula,,,,,6-4 7-5,3,F,,4,8,,,,,,,,0,2,,,,,,,,,,,
2025-ningbo,Ningbo,Hard,,P,20251013,1,421789,,,Mccartney Kessler,,,,,549141,,,Sofia Kenin,,,,,6-1 6-0,3,R32,,5,4,,,,,,,,0,3,,,,,,,,,,,
2025-ningbo,Ningbo,Hard,,P,20251013,2,218416,,,Belinda Bencic,,,,,684064,,,Magda Linette,,,,,6-3 6-2,3,R32,,2,6,,,,,,,,4,1,,,,,,,,,,,
2025-ningbo,Ningbo,Hard,,P,20251013,3,976242,,,Yuliia Starodubtseva,,,,,133650,,,Yulia Putintseva,,,,,6-4 6-2,3,R32,,0,1,,,,,,,,2,1,,,,,,,,,,,
2025-ningbo,Ningbo,Hard,,P,20251013,4,337480,,,Zeynep Sonmez,,,,,114904,,,Aliaksandra Sasnovich,,,,,2-6 7-5 6-3,3,R32,,3,5,,,,,,,,4,2,,,,,,,,,,,
2025-ningbo,Ningbo,Hard,,P,20251013,5,425446,,,Diana Shnaider,,,,,674631,,,Xinyu Wang,,,,,7-5 6-3,3,R32,,0,5,,,,,,,,2,2,,,,,,,,,,,
2025-ningbo,Ningbo,Hard,,P,20251013,6,389789,,,Ajla Tomljanovic,,,,,359411,,,Clara Tauson,,,,,1-6 7-6 6-3,3,R32,,3,4,,,,,,,,11,4,,,,,,,,,,,
2025-ningbo,Ningbo,Hard,,P,20251013,7,876368,,,Veronika Kudermetova,,,,,651454,,,Antonia Ruzic,,,,,6-3 6-2,3,R32,,9,1,,,,,,,,0,4,,,,,,,,,,,
2025-ningbo,Ningbo,Hard,,P,20251013,8,286370,,,Liudmila Samsonova,,,,,676979,,,Hanyu Guo,,,,,6-2 6-4,3,R32,,6,7,,,,,,,,2,5,,,,,,,,,,,
2025-ningbo,Ningbo,Hard,,P,20251013,9,563551,,,Karolina Muchova,,,,,339700,,,Marketa Vondrousova,,,,,6-4 6-3,3,R32,,0,2,,,,,,,,1,7,,,,,,,,,,,
2025-ningbo,Ningbo,Hard,,P,20251013,10,813190,,,Dayana Yastremska,,,,,844223,,,Victoria Mboko,,,,,6-3 7-6,3,R32,,2,9,,,,,,,,0,7,,,,,,,,,,,
2025-ningbo,Ningbo,Hard,,P,20251013,11,510565,,,Lin Zhu,,,,,858188,,,Emma Raducanu,,,,,3-6 6-4 6-1,3,R32,,6,4,,,,,,,,3,5,,,,,,,,,,,
2025-ningbo,Ningbo,Hard,,P,20251013,12,803486,,,Yue Yuan,,,,,600494,,,Xinyu Wang,,,,,6-3 6-3,3,R32,,3,2,,,,,,,,5,1,,,,,,,,,,,
2025-ningbo,Ningbo,Hard,,P,20251013,13,218416,,,Belinda Bencic,,,,,976242,,,Yuliia Starodubtseva,,,,,5-7 6-4 7-5,3,R16,,4,4,,,,,,,,1,6,,,,,,,,,,,
2025-ningbo,Ningbo,Hard,,P,20251013,14,389789,,,Ajla Tomljanovic,,,,,337480,,,Zeynep Sonmez,,,,,7-6 6-3,3,R16,,3,3,,,,,,,,1,5,,,,,,,,,,,
2025-ningbo,Ningbo,Hard,,P,20251013,15,425446,,,Diana Shnaider,,,,,563551,,,Karolina Muchova,,,,,2-6 6-1 6-2,3,R16,,0,3,,,,,,,,5,2,,,,,,,,,,,
2025-ningbo,Ningbo,Hard,,P,20251013,16,510565,,,Lin Zhu,,,,,727666,,,Mirra Andreeva,,,,,4-6 6-3 6-2,3,R16,,2,4,,,,,,,,4,12,,,,,,,,,,,
2025-ningbo,Ningbo,Hard,,P,20251013,17,421789,,,Mccartney Kessler,,,,,286370,,,Liudmila Samsonova,,,,,7-6 6-1,3,R16,,4,4,,,,,,,,2,5,,,,,,,,,,,
2025-ningbo,Ningbo,Hard,,P,20251013,18,324333,,,Jasmine Paolini,,,,,876368,,,Veronika Kudermetova,,,,,6-2 7-5,3,R16,,1,0,,,,,,,,4,3,,,,,,,,,,,
2025-ningbo,Ningbo,Hard,,P,20251013,19,558914,,,Ekaterina Alexandrova,,,,,803486,,,Yue Yuan,,,,,6-3 6-3,3,R16,,11,3,,,,,,,,4,2,,,,,,,,,,,
2025-ningbo,Ningbo,Hard,,P,20251013,20,350535,,,Elena Rybakina,,,,,813190,,,Dayana Yastremska,,,,,6-4 6-7 6-3,3,R16,,10,3,,,,,,,,8,15,,,,,,,,,,,
2025-ningbo,Ningbo,Hard,,P,20251013,21,324333,,,Jasmine Paolini,,,,,218416,,,Belinda Bencic,,,,,5-7 7-5 6-3,3,QF,,4,2,,,,,,,,3,6,,,,,,,,,,,
2025-ningbo,Ningbo,Hard,,P,20251013,22,558914,,,Ekaterina Alexandrova,,,,,421789,,,Mccartney Kessler,,,,,6-3 6-3,3,QF,,5,2,,,,,,,,2,2,,,,,,,,,,,
2025-ningbo,Ningbo,Hard,,P,20251013,23,350535,,,Elena Rybakina,,,,,389789,,,Ajla Tomljanovic,,,,,6-2 6-0,3,QF,,7,3,,,,,,,,0,9,,,,,,,,,,,
2025-ningbo,Ningbo,Hard,,P,20251013,24,425446,,,Diana Shnaider,,,,,510565,,,Lin Zhu,,,,,2-6 6-3 6-1,3,QF,,2,5,,,,,,,,2,3,,,,,,,,,,,
2025-ningbo,Ningbo,Hard,,P,20251013,25,350535,,,Elena Rybakina,,,,,324333,,,Jasmine Paolini,,,,,6-3 6-2,3,SF,,10,4,,,,,,,,0,2,,,,,,,,,,,
2025-ningbo,Ningbo,Hard,,P,20251013,26,558914,,,Ekaterina Alexandrova,,,,,425446,,,Diana Shnaider,,,,,6-3 6-4,3,SF,,4,6,,,,,,,,2,3,,,,,,,,,,,
2025-ningbo,Ningbo,Hard,,P,20251013,27,350535,,,Elena Rybakina,,,,,558914,,,Ekaterina Alexandrova,,,,,3-6 6-0 6-2,3,F,,11,3,,,,,,,,2,1,,,,,,,,,,,
2025-osaka,Osaka,Hard,,I,20251013,1,923407,,,Olga Danilovic,,,,,615524,,,Nao Hibino,,,,,6-4 1-6 6-2,3,R32,,6,4,,,,,,,,4,3,,,,,,,,,,,
2025-osaka,Osaka,Hard,,I,20251013,2,714334,,,Naomi Osaka,,,,,879804,,,Sonobe W.,,,,,6-0 6-4,3,R32,,8,1,,,,,,,,1,3,,,,,,,,,,,
2025-osaka,Osaka,Hard,,I,20251013,3,600745,,,Sorana Cirstea,,,,,482165,,,Moyuka Uchijima,,,,,2-6 6-4 6-2,3,R32,,4,4,,,,,,,,0,2,,,,,,,,,,,
2025-osaka,Osaka,Hard,,I,20251013,4,689373,,,Suzan Lamens,,,,,741705,,,Emiliana Arango,,,,,6-1 6-2,3,R32,,2,3,,,,,,,,0,1,,,,,,,,,,,
2025-osaka,Osaka,Hard,,I,20251013,5,701534,,,Ashlyn Krueger,,,,,710062,,,Maria Sakkari,,,,,2-6 6-3 6-4,3,R32,,10,6,,,,,,,,9,1,,,,,,,,,,,
2025-osaka,Osaka,Hard,,I,20251013,6,970027,,,Katie Boulter,,,,,187314,,,Linda Noskova,,,,,7-6 6-3,3,R32,,5,5,,,,,,,,2,3,,,,,,,,,,,
2025-osaka,Osaka,Hard,,I,20251013,7,914953,,,Leylah Fernandez,,,,,987862,,,Hailey Baptiste,,,,,6-2 7-5,3,R32,,3,2,,,,,,,,3,3,,,,,,,,,,,
2025-osaka,Osaka,Hard,,I,20251013,8,885728,,,Jaqueline  Cristian,,,,,121013,,,Elisabetta Cocciaretto,,,,,6-2 7-6,3,R32,,3,2,,,,,,,,1,2,,,,,,,,,,,
2025-osaka,Osaka,Hard,,I,20251013,9,619460,,,Ann Li,,,,,323630,,,Varvara Gracheva,,,,,6-4 6-0,3,R32,,2,0,,,,,,,,2,7,,,,,,,,,,,
2025-osaka,Osaka,Hard,,I,20251013,10,123538,,,Rebecca Sramkova,,,,,286291,,,Joanna Garland,,,,,6-3 6-1,3,R32,,4,2,,,,,,,,1,3,,,,,,,,,,,
2025-osaka,Osaka,Hard,,I,20251013,11,988932,,,Viktorija Golubic,,,,,409001,,,Bianca Andreescu,,,,,6-3 4-6 6-4,3,R32,,1,2,,,,,,,,7,5,,,,,,,,,,,
2025-osaka,Osaka,Hard,,I,20251013,12,425404,,,Dalma Galfi,,,,,663060,,,Alycia Parks,,,,,6-4 6-4,3,R32,,5,1,,,,,,,,5,10,,,,,,,,,,,
2025-osaka,Osaka,Hard,,I,20251013,13,595819,,,Jessica Bouzas Maneiro,,,,,421894,,,Katie Volynets,,,,,6-2 6-4,3,R32,,0,4,,,,,,,,0,0,,,,,,,,,,,
2025-osaka,Osaka,Hard,,I,20251013,14,369605,,,Marie Bouzkova,,,,,681751,,,Ena Shibahara,,,,,6-1 6-1,3,R32,,3,0,,,,,,,,0,2,,,,,,,,,,,
2025-osaka,Osaka,Hard,,I,20251013,15,922335,,,Tereza Valentova,,,,,261807,,,Alexandra Eala,,,,,6-1 6-2,3,R32,,3,3,,,,,,,,0,4,,,,,,,,,,,
2025-osaka,Osaka,Hard,,I,20251013,16,809758,,,Elise Mertens,,,,,480371,,,Cristina Bucsa,,,,,7-6 6-3,3,R32,,7,3,,,,,,,,0,7,,,,,,,,,,,
2025-osaka,Osaka,Hard,,I,20251013,17,885728,,,Jaqueline  Cristian,,,,,595819,,,Jessica Bouzas Maneiro,,,,,0-6 6-4 6-2,3,R16,,3,3,,,,,,,,1,5,,,,,,,,,,,
2025-osaka,Osaka,Hard,,I,20251013,18,923407,,,Olga Danilovic,,,,,701534,,,Ashlyn Krueger,,,,,6-4 6-4,3,R16,,7,1,,,,,,,,3,0,,,,,,,,,,,
2025-osaka,Osaka,Hard,,I,20251013,19,714334,,,Naomi Osaka,,,,,689373,,,Suzan Lamens,,,,,7-6 3-6 6-2,3,R16,,9,4,,,,,,,,1,8,,,,,,,,,,,
2025-osaka,Osaka,Hard,,I,20251013,20,600745,,,Sorana Cirstea,,,,,970027,,,Katie Boulter,,,,,6-3 6-1,3,R16,,3,2,,,,,,,,2,4,,,,,,,,,,,
2025-osaka,Osaka,Hard,,I,20251013,21,123538,,,Rebecca Sramkova,,,,,619460,,,Ann Li,,,,,6-2 3-6 6-3,3,R16,,7,2,,,,,,,,8,2,,,,,,,,,,,
2025-osaka,Osaka,Hard,,I,20251013,22,914953,,,Leylah Fernandez,,,,,425404,,,Dalma Galfi,,,,,6-1 6-4,3,R16,,1,3,,,,,,,,3,2,,,,,,,,,,,
2025-osaka,Osaka,Hard,,I,20251013,23,922335,,,Tereza Valentova,,,,,809758,,,Elise Mertens,,,,,6-4 6-1,3,R16,,3,2,,,,,,,,0,4,,,,,,,,,,,
2025-osaka,Osaka,Hard,,I,20251013,24,988932,,,Viktorija Golubic,,,,,369605,,,Marie Bouzkova,,,,,1-6 6-2 7-6,3,R16,,0,5,,,,,,,,1,2,,,,,,,,,,,
2025-osaka,Osaka,Hard,,I,20251013,25,914953,,,Leylah Fernandez,,,,,123538,,,Rebecca Sramkova,,,,,7-6 6-3,3,QF,,2,3,,,,,,,,3,7,,,,,,,,,,,
2025-osaka,Osaka,Hard,,I,20251013,26,885728,,,Jaqueline  Cristian,,,,,714334,,,Naomi Osaka,,,,,,3,QF,,0,0,,,,,,,,0,0,,,,,,,,,,,
2025-osaka,Osaka,Hard,,I,20251013,27,600745,,,Sorana Cirstea,,,,,988932,,,Viktorija Golubic,,,,,6-2 2-6 6-2,3,QF,,5,1,,,,,,,,1,2,,,,,,,,,,,
2025-osaka,Osaka,Hard,,I,20251013,28,922335,,,Tereza Valentova,,,,,923407,,,Olga Danilovic,,,,,4-6 6-2 6-3,3,QF,,3,7,,,,,,,,2,1,,,,,,,,,,,
2025-osaka,Osaka,Hard,,I,20251013,29,914953,,,Leylah Fernandez,,,,,600745,,,Sorana Cirstea,,,,,6-1 2-6 6-4,3,SF,,1,2,,,,,,,,4,0,,,,,,,,,,,
2025-osaka,Osaka,Hard,,I,20251013,30,922335,,,Tereza Valentova,,,,,885728,,,Jaqueline  Cristian,,,,,6-7 6-4 6-3,3,SF,,3,3,,,,,,,,7,2,,,,,,,,,,,
2025-osaka,Osaka,Hard,,I,20251013,31,914953,,,Leylah Fernandez,,,,,922335,,,Tereza Valentova,,,,,6-0 5-7 6-3,3,F,,3,2,,,,,,,,0,4,,,,,,,,,,,
2025-guangzhou,Guangzhou,Hard,,I,20251020,1,890144,,,Veronika Erjavec,,,,,913730,,,Tatjana Maria,,,,,6-4 6-7 6-2,3,R32,,3,1,,,,,,,,8,4,,,,,,,,,,,
2025-guangzhou,Guangzhou,Hard,,I,20251020,2,674631,,,Xinyu Wang,,,,,794930,,,Francesca Jones,,,,,6-4 6-4,3,R32,,2,3,,,,,,,,0,4,,,,,,,,,,,
2025-guangzhou,Guangzhou,Hard,,I,20251020,3,121013,,,Elisabetta Cocciaretto,,,,,671871,,,Diane Parry,,,,,6-4 6-7 6-2,3,R32,,1,2,,,,,,,,6,4,,,,,,,,,,,
2025-guangzhou,Guangzhou,Hard,,I,20251020,4,927809,,,Yafan Wang,,,,,568609,,,Kamilla Rakhimova,,,,,6-2 6-4,3,R32,,8,2,,,,,,,,1,3,,,,,,,,,,,
2025-guangzhou,Guangzhou,Hard,,I,20251020,5,769396,,,Camila Osorio,,,,,152800,,,Lucia Bronzetti,,,,,6-1 6-2,3,R32,,2,2,,,,,,,,0,1,,,,,,,,,,,
2025-guangzhou,Guangzhou,Hard,,I,20251020,6,631483,,,Ella Seidel,,,,,344636,,,Leolia Jeanjean,,,,,6-2 6-2,3,R32,,5,1,,,,,,,,1,5,,,,,,,,,,,
2025-guangzhou,Guangzhou,Hard,,I,20251020,7,619460,,,Ann Li,,,,,199960,,,Victoria Jimenez Kasintseva,,,,,6-4 7-6,3,R32,,7,2,,,,,,,,1,5,,,,,,,,,,,
2025-guangzhou,Guangzhou,Hard,,I,20251020,8,460138,,,Lulu Sun,,,,,595819,,,Jessica Bouzas Maneiro,,,,,7-6 7-6,3,R32,,8,4,,,,,,,,4,9,,,,,,,,,,,
2025-guangzhou,Guangzhou,Hard,,I,20251020,9,133650,,,Yulia Putintseva,,,,,914707,,,Alina Korneeva,,,,,7-6 4-6 6-4,3,R32,,0,3,,,,,,,,4,5,,,,,,,,,,,
2025-guangzhou,Guangzhou,Hard,,I,20251020,10,610520,,,Anna Bondar,,,,,676979,,,Hanyu Guo,,,,,6-3 3-6 7-6,3,R32,,3,3,,,,,,,,1,3,,,,,,,,,,,
2025-guangzhou,Guangzhou,Hard,,I,20251020,11,792158,,,Tiantsoa Rakotomanga Rajaonah,,,,,824108,,,Polina Kudermetova,,,,,1-6 6-1 6-2,3,R32,,2,4,,,,,,,,1,5,,,,,,,,,,,
2025-guangzhou,Guangzhou,Hard,,I,20251020,12,421894,,,Katie Volynets,,,,,866608,,,Katarzyna Kawa,,,,,4-6 6-2 6-2,3,R32,,0,0,,,,,,,,3,5,,,,,,,,,,,
2025-guangzhou,Guangzhou,Hard,,I,20251020,13,952597,,,Shuai Zhang,,,,,926087,,,Anastasia Zakharova,,,,,6-4 6-1,3,R32,,2,2,,,,,,,,0,3,,,,,,,,,,,
2025-guangzhou,Guangzhou,Hard,,I,20251020,14,520895,,,Caty Mcnally,,,,,506008,,,Kaja Juvan,,,,,6-3 1-6 6-3,3,R32,,2,2,,,,,,,,3,3,,,,,,,,,,,
2025-guangzhou,Guangzhou,Hard,,I,20251020,15,737156,,,Claire Liu,,,,,261807,,,Alexandra Eala,,,,,2-6 6-4 6-4,3,R32,,7,1,,,,,,,,3,3,,,,,,,,,,,
2025-guangzhou,Guangzhou,Hard,,I,20251020,16,389789,,,Ajla Tomljanovic,,,,,663060,,,Alycia Parks,,,,,7-5 7-5,3,R32,,7,3,,,,,,,,8,13,,,,,,,,,,,
2025-guangzhou,Guangzhou,Hard,,I,20251020,17,619460,,,Ann Li,,,,,769396,,,Camila Osorio,,,,,7-5 6-2,3,R16,,6,2,,,,,,,,4,9,,,,,,,,,,,
2025-guangzhou,Guangzhou,Hard,,I,20251020,18,460138,,,Lulu Sun,,,,,927809,,,Yafan Wang,,,,,6-3 6-1,3,R16,,1,0,,,,,,,,3,2,,,,,,,,,,,
2025-guangzhou,Guangzhou,Hard,,I,20251020,19,121013,,,Elisabetta Cocciaretto,,,,,674631,,,Xinyu Wang,,,,,6-3 2-6 6-3,3,R16,,3,3,,,,,,,,0,6,,,,,,,,,,,
2025-guangzhou,Guangzhou,Hard,,I,20251020,20,520895,,,Caty Mcnally,,,,,389789,,,Ajla Tomljanovic,,,,,6-4 4-6 6-3,3,R16,,10,5,,,,,,,,2,4,,,,,,,,,,,
2025-guangzhou,Guangzhou,Hard,,I,20251020,21,631483,,,Ella Seidel,,,,,133650,,,Yulia Putintseva,,,,,6-3 6-2,3,R16,,4,1,,,,,,,,1,2,,,,,,,,,,,
2025-guangzhou,Guangzhou,Hard,,I,20251020,22,737156,,,Claire Liu,,,,,610520,,,Anna Bondar,,,,,6-3 6-4,3,R16,,5,2,,,,,,,,4,3,,,,,,,,,,,
2025-guangzhou,Guangzhou,Hard,,I,20251020,23,952597,,,Shuai Zhang,,,,,890144,,,Veronika Erjavec,,,,,3-6 6-3 6-2,3,R16,,1,3,,,,,,,,3,0,,,,,,,,,,,
2025-guangzhou,Guangzhou,Hard,,I,20251020,24,421894,,,Katie Volynets,,,,,792158,,,Tiantsoa Rakotomanga Rajaonah,,,,,6-3 6-3,3,R16,,0,0,,,,,,,,1,4,,,,,,,,,,,
2025-guangzhou,Guangzhou,Hard,,I,20251020,25,460138,,,Lulu Sun,,,,,520895,,,Caty Mcnally,,,,,3-6 6-3 6-4,3,QF,,18,1,,,,,,,,5,4,,,,,,,,,,,
2025-guangzhou,Guangzhou,Hard,,I,20251020,26,737156,,,Claire Liu,,,,,631483,,,Ella Seidel,,,,,4-6 6-0 6-4,3,QF,,11,6,,,,,,,,9,4,,,,,,,,,,,
2025-guangzhou,Guangzhou,Hard,,I,20251020,27,619460,,,Ann Li,,,,,121013,,,Elisabetta Cocciaretto,,,,,6-3 6-4,3,QF,,8,2,,,,,,,,0,0,,,,,,,,,,,
2025-guangzhou,Guangzhou,Hard,,I,20251020,28,952597,,,Shuai Zhang,,,,,421894,,,Katie Volynets,,,,,7-6 5-7 7-5,3,QF,,9,3,,,,,,,,3,3,,,,,,,,,,,
2025-guangzhou,Guangzhou,Hard,,I,20251020,29,460138,,,Lulu Sun,,,,,737156,,,Claire Liu,,,,,6-0 7-6,3,SF,,4,1,,,,,,,,7,3,,,,,,,,,,,
2025-guangzhou,Guangzhou,Hard,,I,20251020,30,619460,,,Ann Li,,,,,952597,,,Shuai Zhang,,,,,5-2,3,SF,,5,2,,,,,,,,0,1,,,,,,,,,,,
2025-guangzhou,Guangzhou,Hard,,I,20251020,31,619460,,,Ann Li,,,,,460138,,,Lulu Sun,,,,,7-6 6-2,3,F,,7,2,,,,,,,,6,4,,,,,,,,,,,
2025-tokyo,Tokyo,Hard,,P,20251020,1,743463,,,Eva Lys,,,,,970027,,,Katie Boulter,,,,,6-2 6-1,3,R32,,1,3,,,,,,,,0,5,,,,,,,,,,,
2025-tokyo,Tokyo,Hard,,P,20251020,2,323630,,,Varvara Gracheva,,,,,600494,,,Xinyu Wang,,,,,4-6 6-3 6-4,3,R32,,2,3,,,,,,,,6,3,,,,,,,,,,,
2025-tokyo,Tokyo,Hard,,P,20251020,3,421789,,,Mccartney Kessler,,,,,480371,,,Cristina Bucsa,,,,,3-6 7-5 6-3,3,R32,,3,1,,,,,,,,3,5,,,,,,,,,,,
2025-tokyo,Tokyo,Hard,,P,20251020,4,690300,,,Maya Joint,,,,,988932,,,Viktorija Golubic,,,,,1-6 7-6 6-2,3,R32,,0,3,,,,,,,,0,3,,,,,,,,,,,
2025-tokyo,Tokyo,Hard,,P,20251020,5,393113,,,Anna Kalinskaya,,,,,689373,,,Suzan Lamens,,,,,6-3 6-1,3,R32,,1,2,,,,,,,,2,3,,,,,,,,,,,
2025-tokyo,Tokyo,Hard,,P,20251020,6,563551,,,Karolina Muchova,,,,,339700,,,Marketa Vondrousova,,,,,6-2 1-0,3,R32,,1,2,,,,,,,,2,2,,,,,,,,,,,
2025-tokyo,Tokyo,Hard,,P,20251020,7,914953,,,Leylah Fernandez,,,,,710062,,,Maria Sakkari,,,,,7-6 6-4,3,R32,,2,1,,,,,,,,1,0,,,,,,,,,,,
2025-tokyo,Tokyo,Hard,,P,20251020,8,425446,,,Diana Shnaider,,,,,813190,,,Dayana Yastremska,,,,,6-3 6-1,3,R32,,1,2,,,,,,,,1,3,,,,,,,,,,,
2025-tokyo,Tokyo,Hard,,P,20251020,9,885728,,,Jaqueline  Cristian,,,,,461549,,,Alina Charaeva,,,,,6-2 6-3,3,R32,,1,0,,,,,,,,3,3,,,,,,,,,,,
2025-tokyo,Tokyo,Hard,,P,20251020,10,844223,,,Victoria Mboko,,,,,409001,,,Bianca Andreescu,,,,,6-3 6-3,3,R32,,1,3,,,,,,,,1,2,,,,,,,,,,,
2025-tokyo,Tokyo,Hard,,P,20251020,11,879804,,,Sonobe W.,,,,,515592,,,Nikola Bartunkova,,,,,6-4 6-3,3,R32,,1,2,,,,,,,,1,8,,,,,,,,,,,
2025-tokyo,Tokyo,Hard,,P,20251020,12,549141,,,Sofia Kenin,,,,,482165,,,Moyuka Uchijima,,,,,6-1 6-3,3,R32,,1,2,,,,,,,,1,5,,,,,,,,,,,
2025-tokyo,Tokyo,Hard,,P,20251020,13,187314,,,Linda Noskova,,,,,421789,,,Mccartney Kessler,,,,,5-7 6-3 6-4,3,R16,,10,3,,,,,,,,2,5,,,,,,,,,,,
2025-tokyo,Tokyo,Hard,,P,20251020,14,844223,,,Victoria Mboko,,,,,743463,,,Eva Lys,,,,,6-1 6-1,3,R16,,5,2,,,,,,,,0,1,,,,,,,,,,,
2025-tokyo,Tokyo,Hard,,P,20251020,15,393113,,,Anna Kalinskaya,,,,,425446,,,Diana Shnaider,,,,,7-6 2-6 7-6,3,R16,,1,1,,,,,,,,3,5,,,,,,,,,,,
2025-tokyo,Tokyo,Hard,,P,20251020,16,563551,,,Karolina Muchova,,,,,690300,,,Maya Joint,,,,,6-3 7-5,3,R16,,1,0,,,,,,,,0,4,,,,,,,,,,,
2025-tokyo,Tokyo,Hard,,P,20251020,17,218416,,,Belinda Bencic,,,,,323630,,,Varvara Gracheva,,,,,6-4 6-3,3,R16,,0,0,,,,,,,,1,4,,,,,,,,,,,
2025-tokyo,Tokyo,Hard,,P,20251020,18,350535,,,Elena Rybakina,,,,,914953,,,Leylah Fernandez,,,,,6-4 6-3,3,R16,,6,3,,,,,,,,1,2,,,,,,,,,,,
2025-tokyo,Tokyo,Hard,,P,20251020,19,558914,,,Ekaterina Alexandrova,,,,,885728,,,Jaqueline  Cristian,,,,,6-1 6-2,3,R16,,3,2,,,,,,,,1,0,,,,,,,,,,,
2025-tokyo,Tokyo,Hard,,P,20251020,20,549141,,,Sofia Kenin,,,,,879804,,,Sonobe W.,,,,,3-6 6-1 7-6,3,R16,,0,7,,,,,,,,7,7,,,,,,,,,,,
2025-tokyo,Tokyo,Hard,,P,20251020,21,187314,,,Linda Noskova,,,,,393113,,,Anna Kalinskaya,,,,,6-0 1-0,3,QF,,5,2,,,,,,,,0,0,,,,,,,,,,,
2025-tokyo,Tokyo,Hard,,P,20251020,22,350535,,,Elena Rybakina,,,,,844223,,,Victoria Mboko,,,,,6-3 7-6,3,QF,,4,0,,,,,,,,2,2,,,,,,,,,,,
2025-tokyo,Tokyo,Hard,,P,20251020,23,549141,,,Sofia Kenin,,,,,558914,,,Ekaterina Alexandrova,,,,,6-0 2-6 7-6,3,QF,,3,6,,,,,,,,12,3,,,,,,,,,,,
2025-tokyo,Tokyo,Hard,,P,20251020,24,218416,,,Belinda Bencic,,,,,563551,,,Karolina Muchova,,,,,3-6 7-5 7-5,3,QF,,3,4,,,,,,,,9,3,,,,,,,,,,,
2025-tokyo,Tokyo,Hard,,P,20251020,25,187314,,,Linda Noskova,,,,,350535,,,Elena Rybakina,,,,,,3,SF,,0,0,,,,,,,,0,0,,,,,,,,,,,
2025-tokyo,Tokyo,Hard,,P,20251020,26,218416,,,Belinda Bencic,,,,,549141,,,Sofia Kenin,,,,,7-6 3-6 6-2,3,SF,,10,3,,,,,,,,2,5,,,,,,,,,,,
2025-tokyo,Tokyo,Hard,,P,20251020,27,218416,,,Belinda Bencic,,,,,187314,,,Linda Noskova,,,,,6-2 6-3,3,F,,6,0,,,,,,,,4,6,,,,,,,,,,,
2025-hong-kong,Hong Kong,Hard,,I,20251027,1,480371,,,Cristina Bucsa,,,,,739765,,,Ye-Xin Ma,,,,,6-1 6-2,3,R32,,1,0,,,,,,,,1,6,,,,,,,,,,,
2025-hong-kong,Hong Kong,Hard,,I,20251027,2,927809,,,Yafan Wang,,,,,646421,,,Maddison Inglis,,,,,6-4 6-7 6-3,3,R32,,7,2,,,,,,,,3,5,,,,,,,,,,,
2025-hong-kong,Hong Kong,Hard,,I,20251027,3,743463,,,Eva Lys,,,,,177509,,,Sidorova K.,,,,,6-0 6-3,3,R32,,2,1,,,,,,,,1,1,,,,,,,,,,,
2025-hong-kong,Hong Kong,Hard,,I,20251027,4,389789,,,Ajla Tomljanovic,,,,,304646,,,Momoko Kobori,,,,,7-5 6-2,3,R32,,2,7,,,,,,,,0,4,,,,,,,,,,,
2025-hong-kong,Hong Kong,Hard,,I,20251027,5,571591,,,Morvayova V.,,,,,579922,,,Wong Hong Yi C.,,,,,6-1 6-0,3,R32,,1,2,,,,,,,,3,7,,,,,,,,,,,
2025-hong-kong,Hong Kong,Hard,,I,20251027,6,690300,,,Maya Joint,,,,,465575,,,Anastasija Sevastova,,,,,2-6 6-4 6-3,3,R32,,0,6,,,,,,,,3,1,,,,,,,,,,,
2025-hong-kong,Hong Kong,Hard,,I,20251027,7,600745,,,Sorana Cirstea,,,,,425404,,,Dalma Galfi,,,,,7-5 6-3,3,R32,,3,4,,,,,,,,0,4,,,,,,,,,,,
2025-hong-kong,Hong Kong,Hard,,I,20251027,8,543786,,,Himeno Sakatsume,,,,,549141,,,Sofia Kenin,,,,,6-2 6-1,3,R32,,5,4,,,,,,,,0,4,,,,,,,,,,,
2025-hong-kong,Hong Kong,Hard,,I,20251027,9,844223,,,Victoria Mboko,,,,,828867,,,Talia Gibson,,,,,6-7 6-1 6-4,3,R32,,19,9,,,,,,,,3,1,,,,,,,,,,,
2025-hong-kong,Hong Kong,Hard,,I,20251027,10,560389,,,Eudice Wong Chong,,,,,689373,,,Suzan Lamens,,,,,6-3 6-4,3,R32,,1,4,,,,,,,,0,5,,,,,,,,,,,
2025-hong-kong,Hong Kong,Hard,,I,20251027,11,741705,,,Emiliana Arango,,,,,482165,,,Moyuka Uchijima,,,,,6-7 6-1 6-4,3,R32,,3,0,,,,,,,,3,10,,,,,,,,,,,
2025-hong-kong,Hong Kong,Hard,,I,20251027,12,914953,,,Leylah Fernandez,,,,,674631,,,Xinyu Wang,,,,,6-1 6-4,3,R32,,1,4,,,,,,,,0,3,,,,,,,,,,,
2025-hong-kong,Hong Kong,Hard,,I,20251027,13,393113,,,Anna Kalinskaya,,,,,568609,,,Kamilla Rakhimova,,,,,6-4 6-4,3,R32,,7,2,,,,,,,,4,6,,,,,,,,,,,
2025-hong-kong,Hong Kong,Hard,,I,20251027,14,218416,,,Belinda Bencic,,,,,114904,,,Aliaksandra Sasnovich,,,,,6-3 6-4,3,R32,,1,1,,,,,,,,2,2,,,,,,,,,,,
2025-hong-kong,Hong Kong,Hard,,I,20251027,15,952597,,,Shuai Zhang,,,,,890144,,,Veronika Erjavec,,,,,6-2 6-2,3,R32,,4,3,,,,,,,,1,0,,,,,,,,,,,
2025-hong-kong,Hong Kong,Hard,,I,20251027,16,261807,,,Alexandra Eala,,,,,970027,,,Katie Boulter,,,,,6-4 2-1,3,R32,,1,2,,,,,,,,3,0,,,,,,,,,,,
2025-hong-kong,Hong Kong,Hard,,I,20251027,17,690300,,,Maya Joint,,,,,571591,,,Morvayova V.,,,,,6-1 6-4,3,R16,,1,3,,,,,,,,2,4,,,,,,,,,,,
2025-hong-kong,Hong Kong,Hard,,I,20251027,18,480371,,,Cristina Bucsa,,,,,741705,,,Emiliana Arango,,,,,6-2 6-4,3,R16,,0,5,,,,,,,,0,0,,,,,,,,,,,
2025-hong-kong,Hong Kong,Hard,,I,20251027,19,600745,,,Sorana Cirstea,,,,,389789,,,Ajla Tomljanovic,,,,,4-6 6-4 6-3,3,R16,,13,4,,,,,,,,1,7,,,,,,,,,,,
2025-hong-kong,Hong Kong,Hard,,I,20251027,20,914953,,,Leylah Fernandez,,,,,743463,,,Eva Lys,,,,,6-4 6-1,3,R16,,3,2,,,,,,,,0,2,,,,,,,,,,,
2025-hong-kong,Hong Kong,Hard,,I,20251027,21,393113,,,Anna Kalinskaya,,,,,952597,,,Shuai Zhang,,,,,6-1 6-1,3,R16,,3,3,,,,,,,,1,2,,,,,,,,,,,
2025-hong-kong,Hong Kong,Hard,,I,20251027,22,218416,,,Belinda Bencic,,,,,927809,,,Yafan Wang,,,,,6-2 6-2,3,R16,,4,1,,,,,,,,0,3,,,,,,,,,,,
2025-hong-kong,Hong Kong,Hard,,I,20251027,23,844223,,,Victoria Mboko,,,,,261807,,,Alexandra Eala,,,,,3-6 6-3 6-4,3,R16,,8,9,,,,,,,,2,2,,,,,,,,,,,
2025-hong-kong,Hong Kong,Hard,,I,20251027,24,543786,,,Himeno Sakatsume,,,,,560389,,,Eudice Wong Chong,,,,,6-2 6-1,3,R16,,1,1,,,,,,,,1,2,,,,,,,,,,,
2025-hong-kong,Hong Kong,Hard,,I,20251027,25,480371,,,Cristina Bucsa,,,,,218416,,,Belinda Bencic,,,,,,3,QF,,,,,,,,,,,,,,,,,,,,,,,
2025-hong-kong,Hong Kong,Hard,,I,20251027,26,690300,,,Maya Joint,,,,,543786,,,Himeno Sakatsume,,,,,6-4 2-6 6-4,3,QF,,3,4,,,,,,,,3,3,,,,,,,,,,,
2025-hong-kong,Hong Kong,Hard,,I,20251027,27,844223,,,Victoria Mboko,,,,,393113,,,Anna Kalinskaya,,,,,6-1 3-1,3,QF,,9,1,,,,,,,,3,1,,,,,,,,,,,
2025-hong-kong,Hong Kong,Hard,,I,20251027,28,914953,,,Leylah Fernandez,,,,,600745,,,Sorana Cirstea,,,,,6-4 6-4,3,QF,,1,5,,,,,,,,2,5,,,,,,,,,,,
2025-hong-kong,Hong Kong,Hard,,I,20251027,29,480371,,,Cristina Bucsa,,,,,690300,,,Maya Joint,,,,,6-3 6-1,3,SF,,1,1,,,,,,,,3,3,,,,,,,,,,,
2025-hong-kong,Hong Kong,Hard,,I,20251027,30,844223,,,Victoria Mboko,,,,,914953,,,Leylah Fernandez,,,,,2-6 6-3 6-2,3,SF,,4,4,,,,,,,,1,2,,,,,,,,,,,
2025-hong-kong,Hong Kong,Hard,,I,20251027,31,844223,,,Victoria Mboko,,,,,480371,,,Cristina Bucsa,,,,,7-5 6-7 6-2,3,F,,9,3,,,,,,,,2,1,,,,,,,,,,,
2025-jiujiang,Jiujiang,Hard,,I,20251027,1,676979,,,Hanyu Guo,,,,,914707,,,Alina Korneeva,,,,,3-6 6-2 7-6,3,R32,,0,3,,,,,,,,5,13,,,,,,,,,,,
2025-jiujiang,Jiujiang,Hard,,I,20251027,2,610520,,,Anna Bondar,,,,,500520,,,Sijia Wei,,,,,6-2 6-2,3,R32,,1,0,,,,,,,,0,4,,,,,,,,,,,
2025-jiujiang,Jiujiang,Hard,,I,20251027,3,125061,,,Dominika Salkova,,,,,768391,,,Aliona Falei,,,,,7-6 7-5,3,R32,,4,3,,,,,,,,1,4,,,,,,,,,,,
2025-jiujiang,Jiujiang,Hard,,I,20251027,4,293685,,,Tamara Korpatsch,,,,,824108,,,Polina Kudermetova,,,,,3-0,3,R32,,0,1,,,,,,,,1,1,,,,,,,,,,,
2025-jiujiang,Jiujiang,Hard,,I,20251027,5,631483,,,Ella Seidel,,,,,792158,,,Tiantsoa Rakotomanga Rajaonah,,,,,6-4 6-3,3,R32,,4,5,,,,,,,,0,5,,,,,,,,,,,
2025-jiujiang,Jiujiang,Hard,,I,20251027,6,133650,,,Yulia Putintseva,,,,,199960,,,Victoria Jimenez Kasintseva,,,,,6-3 6-1,3,R32,,3,0,,,,,,,,0,5,,,,,,,,,,,
2025-jiujiang,Jiujiang,Hard,,I,20251027,7,926087,,,Anastasia Zakharova,,,,,681751,,,Ena Shibahara,,,,,6-4 6-1,3,R32,,1,1,,,,,,,,3,2,,,,,,,,,,,
2025-jiujiang,Jiujiang,Hard,,I,20251027,8,354962,,,Wushuang Zheng,,,,,976242,,,Yuliia Starodubtseva,,,,,6-3 7-6,3,R32,,1,0,,,,,,,,0,3,,,,,,,,,,,
2025-jiujiang,Jiujiang,Hard,,I,20251027,9,126226,,,Anna Blinkova,,,,,944663,,,Chloe Paquet,,,,,6-4 6-4,3,R32,,1,3,,,,,,,,5,4,,,,,,,,,,,
2025-jiujiang,Jiujiang,Hard,,I,20251027,10,663060,,,Alycia Parks,,,,,510565,,,Lin Zhu,,,,,6-3 2-1,3,R32,,6,2,,,,,,,,0,0,,,,,,,,,,,
2025-jiujiang,Jiujiang,Hard,,I,20251027,11,988932,,,Viktorija Golubic,,,,,126649,,,Rina Saigo,,,,,6-2 6-4,3,R32,,0,2,,,,,,,,0,2,,,,,,,,,,,
2025-jiujiang,Jiujiang,Hard,,I,20251027,12,121013,,,Elisabetta Cocciaretto,,,,,769396,,,Camila Osorio,,,,,6-2 3-0,3,R32,,0,0,,,,,,,,1,10,,,,,,,,,,,
2025-jiujiang,Jiujiang,Hard,,I,20251027,13,164893,,,Elena Pridankina,,,,,803486,,,Yue Yuan,,,,,6-2 3-6 7-6,3,R32,,3,9,,,,,,,,1,3,,,,,,,,,,,
2025-jiujiang,Jiujiang,Hard,,I,20251027,14,287133,,,Lilli Tagger,,,,,101488,,,Zhu C.,,,,,6-2 6-1,3,R32,,3,3,,,,,,,,4,5,,,,,,,,,,,
2025-jiujiang,Jiujiang,Hard,,I,20251027,15,506008,,,Kaja Juvan,,,,,737156,,,Claire Liu,,,,,3-6 6-2 7-5,3,R32,,0,4,,,,,,,,2,8,,,,,,,,,,,
2025-jiujiang,Jiujiang,Hard,,I,20251027,16,341071,,,Zhuoxuan Bai,,,,,619460,,,Ann Li,,,,,6-3 6-1,3,R32,,0,4,,,,,,,,0,0,,,,,,,,,,,
2025-jiujiang,Jiujiang,Hard,,I,20251027,17,287133,,,Lilli Tagger,,,,,121013,,,Elisabetta Cocciaretto,,,,,6-4 6-2,3,R16,,3,3,,,,,,,,1,3,,,,,,,,,,,
2025-jiujiang,Jiujiang,Hard,,I,20251027,18,293685,,,Tamara Korpatsch,,,,,631483,,,Ella Seidel,,,,,3-6 6-0 6-1,3,R16,,6,5,,,,,,,,2,4,,,,,,,,,,,
2025-jiujiang,Jiujiang,Hard,,I,20251027,19,988932,,,Viktorija Golubic,,,,,164893,,,Elena Pridankina,,,,,6-0 4-6 7-5,3,R16,,0,5,,,,,,,,2,8,,,,,,,,,,,
2025-jiujiang,Jiujiang,Hard,,I,20251027,20,133650,,,Yulia Putintseva,,,,,354962,,,Wushuang Zheng,,,,,6-2 6-0,3,R16,,0,1,,,,,,,,0,3,,,,,,,,,,,
2025-jiujiang,Jiujiang,Hard,,I,20251027,21,663060,,,Alycia Parks,,,,,506008,,,Kaja Juvan,,,,,1-6 6-1 6-1,3,R16,,4,11,,,,,,,,0,4,,,,,,,,,,,
2025-jiujiang,Jiujiang,Hard,,I,20251027,22,125061,,,Dominika Salkova,,,,,926087,,,Anastasia Zakharova,,,,,7-6 2-6 6-2,3,R16,,0,8,,,,,,,,1,2,,,,,,,,,,,
2025-jiujiang,Jiujiang,Hard,,I,20251027,23,126226,,,Anna Blinkova,,,,,610520,,,Anna Bondar,,,,,7-6 7-5,3,R16,,3,7,,,,,,,,1,1,,,,,,,,,,,
2025-jiujiang,Jiujiang,Hard,,I,20251027,24,341071,,,Zhuoxuan Bai,,,,,676979,,,Hanyu Guo,,,,,3-6 7-5 6-4,3,R16,,1,4,,,,,,,,1,6,,,,,,,,,,,
2025-jiujiang,Jiujiang,Hard,,I,20251027,25,287133,,,Lilli Tagger,,,,,293685,,,Tamara Korpatsch,,,,,6-3 6-4,3,QF,,2,2,,,,,,,,3,5,,,,,,,,,,,
2025-jiujiang,Jiujiang,Hard,,I,20251027,26,988932,,,Viktorija Golubic,,,,,133650,,,Yulia Putintseva,,,,,7-5 6-2,3,QF,,1,1,,,,,,,,2,1,,,,,,,,,,,
2025-jiujiang,Jiujiang,Hard,,I,20251027,27,125061,,,Dominika Salkova,,,,,341071,,,Zhuoxuan Bai,,,,,6-3 6-4,3,QF,,0,5,,,,,,,,2,0,,,,,,,,,,,
2025-jiujiang,Jiujiang,Hard,,I,20251027,28,126226,,,Anna Blinkova,,,,,663060,,,Alycia Parks,,,,,7-5 7-5,3,QF,,0,5,,,,,,,,2,14,,,,,,,,,,,
2025-jiujiang,Jiujiang,Hard,,I,20251027,29,126226,,,Anna Blinkova,,,,,125061,,,Dominika Salkova,,,,,6-4 6-4,3,SF,,1,6,,,,,,,,0,4,,,,,,,,,,,
2025-jiujiang,Jiujiang,Hard,,I,20251027,30,287133,,,Lilli Tagger,,,,,988932,,,Viktorija Golubic,,,,,6-1 4-6 7-5,3,SF,,5,3,,,,,,,,1,3,,,,,,,,,,,
2025-jiujiang,Jiujiang,Hard,,I,20251027,31,126226,,,Anna Blinkova,,,,,287133,,,Lilli Tagger,,,,,6-3 6-3,3,F,,0,3,,,,,,,,6,3,,,,,,,,,,,
2025-chennai,Chennai,Hard,,I,20251029,1,851560,,,Kimberly Birrell,,,,,515592,,,Nikola Bartunkova,,,,,1-6 6-1 6-3,3,R32,,1,5,,,,,,,,6,6,,,,,,,,,,,
2025-chennai,Chennai,Hard,,I,20251029,2,286291,,,Joanna Garland,,,,,103288,,,Arianne Hartono,,,,,6-4 6-3,3,R32,,2,3,,,,,,,,2,6,,,,,,,,,,,
2025-chennai,Chennai,Hard,,I,20251029,3,334255,,,Linda Fruhvirtova,,,,,958344,,,Lew Yan Foon A.,,,,,6-2 6-2,3,R32,,2,5,,,,,,,,4,2,,,,,,,,,,,
2025-chennai,Chennai,Hard,,I,20251029,4,542405,,,Arina Rodionova,,,,,146026,,,Nina Stojanovic,,,,,6-3 5-5,3,R32,,,,,,,,,,,,,,,,,,,,,,,
2025-chennai,Chennai,Hard,,I,20251029,5,743963,,,Bhamidipaty S. R.,,,,,351317,,,Rajeshwaran Revathi M.,,,,,6-1 6-4,3,R32,,2,1,,,,,,,,1,6,,,,,,,,,,,
2025-chennai,Chennai,Hard,,I,20251029,6,580393,,,Storm Hunter,,,,,252693,,,Mai Hontama,,,,,6-7 6-2 6-4,3,R32,,4,4,,,,,,,,2,10,,,,,,,,,,,
2025-chennai,Chennai,Hard,,I,20251029,7,797291,,,Janice Tjen,,,,,394004,,,Werner C.,,,,,6-4 6-7 6-2,3,R32,,6,3,,,,,,,,4,4,,,,,,,,,,,
2025-chennai,Chennai,Hard,,I,20251029,8,421236,,,Mei Yamaguchi,,,,,794930,,,Francesca Jones,,,,,5-7 6-0 1-0,3,R32,,7,1,,,,,,,,5,3,,,,,,,,,,,
2025-chennai,Chennai,Hard,,I,20251029,9,975382,,,Donna Vekic,,,,,272067,,,Adkar V.,,,,,6-1 6-2,3,R32,,8,6,,,,,,,,1,2,,,,,,,,,,,
2025-chennai,Chennai,Hard,,I,20251029,10,866608,,,Katarzyna Kawa,,,,,152800,,,Lucia Bronzetti,,,,,6-7 6-0 6-2,3,R32,,3,2,,,,,,,,2,4,,,,,,,,,,,
2025-chennai,Chennai,Hard,,I,20251029,11,780952,,,Lanlana Tararudee,,,,,394732,,,Maria Timofeeva,,,,,6-2 2-0,3,R32,,1,0,,,,,,,,0,5,,,,,,,,,,,
2025-chennai,Chennai,Hard,,I,20251029,12,787404,,,Polina Iatcenko,,,,,461549,,,Alina Charaeva,,,,,6-3 5-0,3,R32,,4,2,,,,,,,,3,6,,,,,,,,,,,
2025-chennai,Chennai,Hard,,I,20251029,13,225816,,,Yamalapalli S.,,,,,682624,,,Priska Madelyn Nugroho,,,,,6-4 6-2,3,R32,,0,1,,,,,,,,0,4,,,,,,,,,,,
2025-chennai,Chennai,Hard,,I,20251029,14,671871,,,Diane Parry,,,,,588798,,,Thasaporn Naklo,,,,,6-2 6-0,3,R32,,4,0,,,,,,,,1,4,,,,,,,,,,,
2025-chennai,Chennai,Hard,,I,20251029,15,869298,,,Pohankova M.,,,,,615524,,,Nao Hibino,,,,,7-5 6-1,3,R32,,8,1,,,,,,,,0,2,,,,,,,,,,,
2025-chennai,Chennai,Hard,,I,20251029,16,337480,,,Zeynep Sonmez,,,,,589935,,,Tatiana Prozorova,,,,,7-5 6-4,3,R32,,0,2,,,,,,,,1,3,,,,,,,,,,,
2025-chennai,Chennai,Hard,,I,20251029,17,542405,,,Arina Rodionova,,,,,580393,,,Storm Hunter,,,,,1-6 6-4 7-6,3,R16,,1,6,,,,,,,,2,12,,,,,,,,,,,
2025-chennai,Chennai,Hard,,I,20251029,18,797291,,,Janice Tjen,,,,,334255,,,Linda Fruhvirtova,,,,,2-6 6-3 6-2,3,R16,,1,4,,,,,,,,4,7,,,,,,,,,,,
2025-chennai,Chennai,Hard,,I,20251029,19,787404,,,Polina Iatcenko,,,,,866608,,,Katarzyna Kawa,,,,,6-2 6-3,3,R16,,1,3,,,,,,,,1,2,,,,,,,,,,,
2025-chennai,Chennai,Hard,,I,20251029,20,975382,,,Donna Vekic,,,,,225816,,,Yamalapalli S.,,,,,6-2 6-2,3,R16,,6,3,,,,,,,,0,5,,,,,,,,,,,
2025-chennai,Chennai,Hard,,I,20251029,21,286291,,,Joanna Garland,,,,,421236,,,Mei Yamaguchi,,,,,5-7 7-5 7-5,3,R16,,5,10,,,,,,,,1,1,,,,,,,,,,,
2025-chennai,Chennai,Hard,,I,20251029,22,851560,,,Kimberly Birrell,,,,,743963,,,Bhamidipaty S. R.,,,,,7-5 7-6,3,R16,,2,7,,,,,,,,12,9,,,,,,,,,,,
2025-chennai,Chennai,Hard,,I,20251029,23,780952,,,Lanlana Tararudee,,,,,337480,,,Zeynep Sonmez,,,,,2-6 6-3 6-3,3,R16,,3,4,,,,,,,,0,5,,,,,,,,,,,
2025-chennai,Chennai,Hard,,I,20251029,24,869298,,,Pohankova M.,,,,,671871,,,Diane Parry,,,,,6-3 6-4,3,R16,,7,7,,,,,,,,0,3,,,,,,,,,,,
2025-chennai,Chennai,Hard,,I,20251029,25,286291,,,Joanna Garland,,,,,542405,,,Arina Rodionova,,,,,6-2 7-6,3,QF,,2,2,,,,,,,,0,7,,,,,,,,,,,
2025-chennai,Chennai,Hard,,I,20251029,26,797291,,,Janice Tjen,,,,,869298,,,Pohankova M.,,,,,6-3 6-1,3,QF,,0,1,,,,,,,,8,6,,,,,,,,,,,
2025-chennai,Chennai,Hard,,I,20251029,27,851560,,,Kimberly Birrell,,,,,975382,,,Donna Vekic,,,,,6-4 6-0,3,QF,,2,2,,,,,,,,5,7,,,,,,,,,,,
2025-chennai,Chennai,Hard,,I,20251029,28,780952,,,Lanlana Tararudee,,,,,787404,,,Polina Iatcenko,,,,,6-0 6-2,3,QF,,6,1,,,,,,,,1,4,,,,,,,,,,,
2025-chennai,Chennai,Hard,,I,20251029,29,797291,,,Janice Tjen,,,,,780952,,,Lanlana Tararudee,,,,,7-6 7-6,3,SF,,2,2,,,,,,,,12,6,,,,,,,,,,,
2025-chennai,Chennai,Hard,,I,20251029,30,851560,,,Kimberly Birrell,,,,,286291,,,Joanna Garland,,,,,6-7 6-3 7-5,3,SF,,3,8,,,,,,,,10,3,,,,,,,,,,,
2025-chennai,Chennai,Hard,,I,20251029,31,797291,,,Janice Tjen,,,,,851560,,,Kimberly Birrell,,,,,6-4 6-3,3,F,,5,4,,,,,,,,0,3,,,,,,,,,,,
2025-finals-riyadh-wta-play-o,Finals - Riyadh WTA - Play Offs (indoor),Hard,,I,20251107,1,350535,,,Elena Rybakina,,,,,814118,,,Jessica Pegula,,,,,4-6 6-4 6-3,3,SF,,15,5,,,,,,,,1,1,,,,,,,,5,5183,6,4350
2025-finals-riyadh-wta-play-o,Finals - Riyadh WTA - Play Offs (indoor),Hard,,I,20251107,2,716715,,,Aryna Sabalenka,,,,,324536,,,Amanda Anisimova,,,,,6-3 3-6 6-3,3,SF,,12,4,,,,,,,,7,5,,,,,,,,1,9870,4,5887
2025-finals-riyadh-wta-play-o,Finals - Riyadh WTA - Play Offs (indoor),Hard,,I,20251107,3,350535,,,Elena Rybakina,,,,,716715,,,Aryna Sabalenka,,,,,6-3 7-6,3,F,,13,2,,,,,,,,5,0,,,,,,,,6,4350,1,9870
