tourney_id,tourney_name,surface,draw_size,tourney_level,tourney_date,match_num,winner_id,winner_seed,winner_entry,winner_name,winner_hand,winner_ht,winner_ioc,winner_age,loser_id,loser_seed,loser_entry,loser_name,loser_hand,loser_ht,loser_ioc,loser_age,score,best_of,round,minutes,w_ace,w_df,w_svpt,w_1stIn,w_1stWon,w_2ndWon,w_SvGms,w_bpSaved,w_bpFaced,l_ace,l_df,l_svpt,l_1stIn,l_1stWon,l_2ndWon,l_SvGms,l_bpSaved,l_bpFaced,winner_rank,winner_rank_points,loser_rank,loser_rank_points
2026-auckland,Auckland,Hard,,I,20260104,1,429517,,,Sara Bejlek,,,,,416641,,,Panna Udvardy,,,,,7-5 6-1,3,R32,,2,2,,,,,,,,1,3,,,,,,,,92,816,91,819
2026-auckland,Auckland,Hard,,I,20260104,2,388459,,,Iva Jovic,,,,,766389,,,Gabriela Knutson,,,,,4-6 6-1 6-0,3,R32,,1,1,,,,,,,,1,4,,,,,,,,35,1423,191,377
2026-auckland,Auckland,Hard,,I,20260104,3,652440,,,Sofia Costoulas,,,,,791769,,,Whitney Osuigwe,,,,,6-4 3-6 6-1,3,R32,,3,2,,,,,,,,3,3,,,,,,,,162,440,158,455
2026-auckland,Auckland,Hard,,I,20260104,4,600494,,,Xinyu Wang,,,,,520895,,,Caty Mcnally,,,,,2-6 6-3 7-5,3,R32,,6,2,,,,,,,,3,6,,,,,,,,56,1056,83,836
2026-auckland,Auckland,Hard,,I,20260104,5,937862,,,Kaitlin Quevedo,,,,,688846,,,Peyton Stearns,,,,,6-2 7-5,3,R32,,4,2,,,,,,,,2,6,,,,,,,,145,509,63,1013
2026-auckland,Auckland,Hard,,I,20260104,6,879393,,,Sinja Kraus,,,,,346262,,,Julia Grabher,,,,,6-3 6-3,3,R32,,2,1,,,,,,,,4,2,,,,,,,,110,709,95,808
2026-auckland,Auckland,Hard,,I,20260104,7,794930,,,Francesca Jones,,,,,804248,,,Emma Navarro,,,,,7-5 2-6 6-4,3,R32,,1,6,,,,,,,,4,4,,,,,,,,74,912,15,2515
2026-auckland,Auckland,Hard,,I,20260104,8,988957,,,Renata Zarazua,,,,,441252,,,Sloane Stephens,,,,,7-5 4-6 6-2,3,R32,,0,1,,,,,,,,1,1,,,,,,,,79,851,1075,15
2026-auckland,Auckland,Hard,,I,20260104,9,302110,,,Petra Marcinko,,,,,769396,,,Camila Osorio,,,,,6-4 0-6 7-6,3,R32,,1,8,,,,,,,,0,4,,,,,,,,82,837,78,860
2026-auckland,Auckland,Hard,,I,20260104,10,970027,,,Katie Boulter,,,,,976242,,,Yuliia Starodubtseva,,,,,6-3 6-3,3,R32,,1,6,,,,,,,,2,2,,,,,,,,106,744,113,685
2026-auckland,Auckland,Hard,,I,20260104,11,631483,,,Ella Seidel,,,,,839218,,,Monique Barry,,,,,6-2 6-1,3,R32,,2,3,,,,,,,,1,2,,,,,,,,84,833,648,66
2026-auckland,Auckland,Hard,,I,20260104,12,444525,,,Sonay Kartal,,,,,797291,,,Janice Tjen,,,,,6-1 6-7 6-3,3,R32,,8,0,,,,,,,,4,2,,,,,,,,69,937,53,1105
2026-auckland,Auckland,Hard,,I,20260104,13,684064,,,Magda Linette,,,,,969718,,,Venus Williams,,,,,6-4 4-6 6-2,3,R32,,7,1,,,,,,,,7,4,,,,,,,,55,1089,577,80
2026-auckland,Auckland,Hard,,I,20260104,14,121013,,,Elisabetta Cocciaretto,,,,,663060,,,Alycia Parks,,,,,6-2 7-5,3,R32,,3,4,,,,,,,,6,2,,,,,,,,81,837,85,831
2026-auckland,Auckland,Hard,,I,20260104,15,568896,,,Elina Svitolina,,,,,323630,,,Varvara Gracheva,,,,,6-3 6-1,3,R32,,2,2,,,,,,,,3,5,,,,,,,,14,2606,77,887
2026-auckland,Auckland,Hard,,I,20260104,16,261807,,,Alexandra Eala,,,,,975382,,,Donna Vekic,,,,,4-6 6-4 6-4,3,R32,,1,6,,,,,,,,7,9,,,,,,,,52,1116,70,935
2026-auckland,Auckland,Hard,,I,20260104,17,388459,,,Iva Jovic,,,,,429517,,,Sara Bejlek,,,,,7-6 6-4,3,R16,,2,2,,,,,,,,1,3,,,,,,,,35,1423,92,816
2026-auckland,Auckland,Hard,,I,20260104,18,794930,,,Francesca Jones,,,,,879393,,,Sinja Kraus,,,,,1-6 6-4 6-1,3,R16,,1,3,,,,,,,,8,6,,,,,,,,74,912,110,709
2026-auckland,Auckland,Hard,,I,20260104,19,600494,,,Xinyu Wang,,,,,988957,,,Renata Zarazua,,,,,7-5 6-4,3,R16,,3,3,,,,,,,,0,2,,,,,,,,56,1056,79,851
2026-auckland,Auckland,Hard,,I,20260104,20,652440,,,Sofia Costoulas,,,,,937862,,,Kaitlin Quevedo,,,,,6-2 6-0,3,R16,,7,3,,,,,,,,2,3,,,,,,,,162,440,145,509
2026-auckland,Auckland,Hard,,I,20260104,21,261807,,,Alexandra Eala,,,,,302110,,,Petra Marcinko,,,,,6-0 6-2,3,R16,,1,2,,,,,,,,1,3,,,,,,,,52,1116,82,837
2026-auckland,Auckland,Hard,,I,20260104,22,684064,,,Magda Linette,,,,,121013,,,Elisabetta Cocciaretto,,,,,7-5 2-6 6-3,3,R16,,2,1,,,,,,,,0,5,,,,,,,,55,1089,81,837
2026-auckland,Auckland,Hard,,I,20260104,23,568896,,,Elina Svitolina,,,,,970027,,,Katie Boulter,,,,,7-5 6-4,3,R16,,4,4,,,,,,,,2,4,,,,,,,,14,2606,106,744
2026-auckland,Auckland,Hard,,I,20260104,24,444525,,,Sonay Kartal,,,,,631483,,,Ella Seidel,,,,,6-3 6-1,3,R16,,0,0,,,,,,,,1,4,,,,,,,,69,937,84,833
2026-auckland,Auckland,Hard,,I,20260104,25,600494,,,Xinyu Wang,,,,,794930,,,Francesca Jones,,,,,6-4 4-3,3,QF,,4,1,,,,,,,,3,0,,,,,,,,56,1056,74,912
2026-auckland,Auckland,Hard,,I,20260104,26,261807,,,Alexandra Eala,,,,,684064,,,Magda Linette,,,,,6-3 6-2,3,QF,,0,2,,,,,,,,3,2,,,,,,,,52,1116,55,1089
2026-auckland,Auckland,Hard,,I,20260104,27,388459,,,Iva Jovic,,,,,652440,,,Sofia Costoulas,,,,,6-2 7-6,3,QF,,1,2,,,,,,,,3,2,,,,,,,,35,1423,162,440
2026-auckland,Auckland,Hard,,I,20260104,28,568896,,,Elina Svitolina,,,,,444525,,,Sonay Kartal,,,,,6-4 6-7 7-6,3,QF,,1,1,,,,,,,,2,0,,,,,,,,14,2606,69,937
2026-auckland,Auckland,Hard,,I,20260104,29,600494,,,Xinyu Wang,,,,,261807,,,Alexandra Eala,,,,,5-7 7-5 6-4,3,SF,,10,7,,,,,,,,2,6,,,,,,,,56,1056,52,1116
2026-auckland,Auckland,Hard,,I,20260104,30,568896,,,Elina Svitolina,,,,,388459,,,Iva Jovic,,,,,7-6 6-2,3,SF,,3,3,,,,,,,,0,2,,,,,,,,14,2606,35,1423
2026-auckland,Auckland,Hard,,I,20260104,31,568896,,,Elina Svitolina,,,,,600494,,,Xinyu Wang,,,,,6-3 7-6,3,F,,7,3,,,,,,,,5,1,,,,,,,,14,2606,56,1056
2026-brisbane,Brisbane,Hard,,P,20260104,1,421789,,,Mccartney Kessler,,,,,741705,,,Emiliana Arango,,,,,6-1 6-3,3,R64,,1,2,,,,,,,,0,3,,,,,,,,31,1558,49,1161
2026-brisbane,Brisbane,Hard,,P,20260104,2,389789,,,Ajla Tomljanovic,,,,,973113,,,Elsa Jacquemot,,,,,6-1 6-3,3,R64,,3,4,,,,,,,,5,6,,,,,,,,80,844,59,1044
2026-brisbane,Brisbane,Hard,,P,20260104,3,651611,,,Anastasia Potapova,,,,,626163,,,Daria Kasatkina,,,,,7-5 4-6 6-4,3,R64,,7,5,,,,,,,,4,16,,,,,,,,50,1131,37,1334
2026-brisbane,Brisbane,Hard,,P,20260104,4,600745,,,Sorana Cirstea,,,,,834140,,,Anastasia Pavlyuchenkova,,,,,6-3 6-1,3,R64,,9,3,,,,,,,,2,3,,,,,,,,43,1243,47,1184
2026-brisbane,Brisbane,Hard,,P,20260104,5,549141,,,Sofia Kenin,,,,,275310,,,Elena-Gabriela Ruse,,,,,6-4 4-6 6-3,3,R64,,2,8,,,,,,,,11,6,,,,,,,,28,1589,88,825
2026-brisbane,Brisbane,Hard,,P,20260104,6,369605,,,Marie Bouzkova,,,,,885728,,,Jaqueline  Cristian,,,,,6-4 6-3,3,R64,,8,2,,,,,,,,2,4,,,,,,,,42,1260,39,1324
2026-brisbane,Brisbane,Hard,,P,20260104,7,851560,,,Kimberly Birrell,,,,,123538,,,Rebecca Sramkova,,,,,6-4 3-6 6-3,3,R64,,5,6,,,,,,,,5,5,,,,,,,,98,802,72,914
2026-brisbane,Brisbane,Hard,,P,20260104,8,952597,,,Shuai Zhang,,,,,701534,,,Ashlyn Krueger,,,,,6-4 5-7 6-4,3,R64,,3,2,,,,,,,,15,3,,,,,,,,87,829,44,1229
2026-brisbane,Brisbane,Hard,,P,20260104,9,397015,,,Olivia Gadecki,,,,,619460,,,Ann Li,,,,,6-4 6-4,3,R64,,2,2,,,,,,,,2,0,,,,,,,,209,350,38,1334
2026-brisbane,Brisbane,Hard,,P,20260104,10,480371,,,Cristina Bucsa,,,,,610520,,,Anna Bondar,,,,,4-6 7-6 6-2,3,R64,,3,1,,,,,,,,10,5,,,,,,,,54,1098,75,900
2026-brisbane,Brisbane,Hard,,P,20260104,11,133650,,,Yulia Putintseva,,,,,987862,,,Hailey Baptiste,,,,,6-2 6-4,3,R64,,2,0,,,,,,,,3,2,,,,,,,,71,924,61,1023
2026-brisbane,Brisbane,Hard,,P,20260104,12,114904,,,Aliaksandra Sasnovich,,,,,126226,,,Anna Blinkova,,,,,7-5 6-1,3,R64,,0,3,,,,,,,,0,6,,,,,,,,114,685,62,1018
2026-brisbane,Brisbane,Hard,,P,20260104,13,393113,,,Anna Kalinskaya,,,,,922335,,,Tereza Valentova,,,,,6-4 6-4,3,R64,,2,2,,,,,,,,4,2,,,,,,,,33,1461,60,1039
2026-brisbane,Brisbane,Hard,,P,20260104,14,813190,,,Dayana Yastremska,,,,,828867,,,Talia Gibson,,,,,7-6 7-6,3,R64,,3,4,,,,,,,,8,5,,,,,,,,27,1604,121,634
2026-brisbane,Brisbane,Hard,,P,20260104,15,362890,,,Magdalena Frech,,,,,339700,,,Marketa Vondrousova,,,,,7-5 6-7 7-6,3,R64,,1,4,,,,,,,,11,10,,,,,,,,58,1051,34,1445
2026-brisbane,Brisbane,Hard,,P,20260104,16,993262,,,Emerson Jones,,,,,913730,,,Tatjana Maria,,,,,6-3 6-3,3,R64,,3,2,,,,,,,,1,3,,,,,,,,150,492,45,1229
2026-brisbane,Brisbane,Hard,,P,20260104,17,731934,,,Madison Keys,,,,,421789,,,Mccartney Kessler,,,,,6-4 6-3,3,R32,,2,3,,,,,,,,1,2,,,,,,,,7,4335,31,1558
2026-brisbane,Brisbane,Hard,,P,20260104,18,425446,,,Diana Shnaider,,,,,651611,,,Anastasia Potapova,,,,,6-1 6-3,3,R32,,4,5,,,,,,,,4,7,,,,,,,,21,1866,50,1131
2026-brisbane,Brisbane,Hard,,P,20260104,19,716715,,,Aryna Sabalenka,,,,,480371,,,Cristina Bucsa,,,,,6-0 6-1,3,R32,,4,0,,,,,,,,0,1,,,,,,,,1,10870,54,1098
2026-brisbane,Brisbane,Hard,,P,20260104,20,558914,,,Ekaterina Alexandrova,,,,,549141,,,Sofia Kenin,,,,,7-6 6-3,3,R32,,9,1,,,,,,,,3,7,,,,,,,,10,3375,28,1589
2026-brisbane,Brisbane,Hard,,P,20260104,21,600745,,,Sorana Cirstea,,,,,762485,,,Jelena Ostapenko,,,,,6-2 7-6,3,R32,,11,3,,,,,,,,0,3,,,,,,,,43,1243,23,1800
2026-brisbane,Brisbane,Hard,,P,20260104,22,563551,,,Karolina Muchova,,,,,389789,,,Ajla Tomljanovic,,,,,4-6 6-1 7-6,3,R32,,4,5,,,,,,,,3,9,,,,,,,,19,1996,80,844
2026-brisbane,Brisbane,Hard,,P,20260104,23,350535,,,Elena Rybakina,,,,,952597,,,Shuai Zhang,,,,,6-3 7-5,3,R32,,16,6,,,,,,,,3,0,,,,,,,,5,5850,87,829
2026-brisbane,Brisbane,Hard,,P,20260104,24,695399,,,Paula Badosa,,,,,369605,,,Marie Bouzkova,,,,,6-7 6-4 6-2,3,R32,,8,13,,,,,,,,3,8,,,,,,,,25,1676,42,1260
2026-brisbane,Brisbane,Hard,,P,20260104,25,814118,,,Jessica Pegula,,,,,393113,,,Anna Kalinskaya,,,,,6-2 2-6 6-4,3,R32,,6,3,,,,,,,,2,3,,,,,,,,6,5583,33,1461
2026-brisbane,Brisbane,Hard,,P,20260104,26,813190,,,Dayana Yastremska,,,,,914953,,,Leylah Fernandez,,,,,6-1 6-2,3,R32,,1,0,,,,,,,,0,7,,,,,,,,27,1604,22,1821
2026-brisbane,Brisbane,Hard,,P,20260104,27,114904,,,Aliaksandra Sasnovich,,,,,359411,,,Clara Tauson,,,,,6-2 6-3,3,R32,,2,2,,,,,,,,3,4,,,,,,,,114,685,12,2770
2026-brisbane,Brisbane,Hard,,P,20260104,28,286370,,,Liudmila Samsonova,,,,,993262,,,Emerson Jones,,,,,6-4 6-1,3,R32,,3,0,,,,,,,,2,4,,,,,,,,17,2209,150,492
2026-brisbane,Brisbane,Hard,,P,20260104,29,187314,,,Linda Noskova,,,,,362890,,,Magdalena Frech,,,,,6-7 6-4 6-4,3,R32,,11,10,,,,,,,,12,4,,,,,,,,13,2641,58,1051
2026-brisbane,Brisbane,Hard,,P,20260104,30,727666,,,Mirra Andreeva,,,,,397015,,,Olivia Gadecki,,,,,4-6 6-1 6-2,3,R32,,4,7,,,,,,,,2,3,,,,,,,,9,4319,209,350
2026-brisbane,Brisbane,Hard,,P,20260104,31,756180,,,Marta Kostyuk,,,,,133650,,,Yulia Putintseva,,,,,6-7 6-1 6-0,3,R32,,4,1,,,,,,,,0,1,,,,,,,,26,1659,71,924
2026-brisbane,Brisbane,Hard,,P,20260104,32,324536,,,Amanda Anisimova,,,,,851560,,,Kimberly Birrell,,,,,6-1 6-3,3,R32,,4,1,,,,,,,,0,5,,,,,,,,4,6287,98,802
2026-brisbane,Brisbane,Hard,,P,20260104,33,716715,,,Aryna Sabalenka,,,,,600745,,,Sorana Cirstea,,,,,6-3 6-3,3,R16,,2,1,,,,,,,,2,1,,,,,,,,1,10870,43,1243
2026-brisbane,Brisbane,Hard,,P,20260104,34,350535,,,Elena Rybakina,,,,,695399,,,Paula Badosa,,,,,6-3 6-2,3,R16,,3,0,,,,,,,,6,9,,,,,,,,5,5850,25,1676
2026-brisbane,Brisbane,Hard,,P,20260104,35,563551,,,Karolina Muchova,,,,,558914,,,Ekaterina Alexandrova,,,,,6-4 7-5,3,R16,,9,1,,,,,,,,2,1,,,,,,,,19,1996,10,3375
2026-brisbane,Brisbane,Hard,,P,20260104,36,731934,,,Madison Keys,,,,,425446,,,Diana Shnaider,,,,,6-7 7-6 7-6,3,R16,,9,3,,,,,,,,1,4,,,,,,,,7,4335,21,1866
2026-brisbane,Brisbane,Hard,,P,20260104,37,286370,,,Liudmila Samsonova,,,,,114904,,,Aliaksandra Sasnovich,,,,,6-4 6-4,3,R16,,1,3,,,,,,,,0,3,,,,,,,,17,2209,114,685
2026-brisbane,Brisbane,Hard,,P,20260104,38,814118,,,Jessica Pegula,,,,,813190,,,Dayana Yastremska,,,,,5-7 6-2 6-3,3,R16,,5,4,,,,,,,,5,10,,,,,,,,6,5583,27,1604
2026-brisbane,Brisbane,Hard,,P,20260104,39,756180,,,Marta Kostyuk,,,,,324536,,,Amanda Anisimova,,,,,6-4 6-3,3,R16,,6,4,,,,,,,,2,5,,,,,,,,26,1659,4,6287
2026-brisbane,Brisbane,Hard,,P,20260104,40,727666,,,Mirra Andreeva,,,,,187314,,,Linda Noskova,,,,,5-7 6-4 7-5,3,R16,,9,3,,,,,,,,6,9,,,,,,,,9,4319,13,2641
2026-brisbane,Brisbane,Hard,,P,20260104,41,563551,,,Karolina Muchova,,,,,350535,,,Elena Rybakina,,,,,6-2 2-6 6-4,3,QF,,3,0,,,,,,,,9,7,,,,,,,,19,1996,5,5850
2026-brisbane,Brisbane,Hard,,P,20260104,42,716715,,,Aryna Sabalenka,,,,,731934,,,Madison Keys,,,,,6-3 6-3,3,QF,,5,2,,,,,,,,4,8,,,,,,,,1,10870,7,4335
2026-brisbane,Brisbane,Hard,,P,20260104,43,814118,,,Jessica Pegula,,,,,286370,,,Liudmila Samsonova,,,,,6-3 7-6,3,QF,,4,2,,,,,,,,8,7,,,,,,,,6,5583,17,2209
2026-brisbane,Brisbane,Hard,,P,20260104,44,756180,,,Marta Kostyuk,,,,,727666,,,Mirra Andreeva,,,,,7-6 6-3,3,QF,,2,2,,,,,,,,1,5,,,,,,,,26,1659,9,4319
2026-brisbane,Brisbane,Hard,,P,20260104,45,716715,,,Aryna Sabalenka,,,,,563551,,,Karolina Muchova,,,,,6-3 6-4,3,SF,,5,1,,,,,,,,6,1,,,,,,,,1,10870,19,1996
2026-brisbane,Brisbane,Hard,,P,20260104,46,756180,,,Marta Kostyuk,,,,,814118,,,Jessica Pegula,,,,,6-0 6-3,3,SF,,4,1,,,,,,,,0,0,,,,,,,,26,1659,6,5583
2026-brisbane,Brisbane,Hard,,P,20260104,47,716715,,,Aryna Sabalenka,,,,,756180,,,Marta Kostyuk,,,,,6-4 6-3,3,F,,1,0,,,,,,,,3,3,,,,,,,,1,10870,26,1659
2026-adelaide,Adelaide,Hard,,P,20260112,1,804248,,,Emma Navarro,,,,,993262,,,Emerson Jones,,,,,6-3 6-3,3,R32,,1,5,,,,,,,,0,5,,,,,,,,15,2515,150,492
2026-adelaide,Adelaide,Hard,,P,20260112,2,844223,,,Victoria Mboko,,,,,692146,,,Beatriz Haddad Maia,,,,,5-7 6-3 6-2,3,R32,,4,5,,,,,,,,2,5,,,,,,,,18,2157,57,1052
2026-adelaide,Adelaide,Hard,,P,20260112,3,389789,,,Ajla Tomljanovic,,,,,359411,,,Clara Tauson,,,,,7-6,3,R32,,0,6,,,,,,,,5,0,,,,,,,,80,844,12,2770
2026-adelaide,Adelaide,Hard,,P,20260112,4,393113,,,Anna Kalinskaya,,,,,275310,,,Elena-Gabriela Ruse,,,,,6-0 6-3,3,R32,,1,1,,,,,,,,0,6,,,,,,,,33,1461,88,825
2026-adelaide,Adelaide,Hard,,P,20260112,5,369605,,,Marie Bouzkova,,,,,695399,,,Paula Badosa,,,,,3-6 6-3 6-4,3,R32,,3,1,,,,,,,,5,8,,,,,,,,42,1260,25,1676
2026-adelaide,Adelaide,Hard,,P,20260112,6,885728,,,Jaqueline  Cristian,,,,,558914,,,Ekaterina Alexandrova,,,,,6-4 6-4,3,R32,,1,3,,,,,,,,2,7,,,,,,,,39,1324,10,3375
2026-adelaide,Adelaide,Hard,,P,20260112,7,626163,,,Daria Kasatkina,,,,,710062,,,Maria Sakkari,,,,,7-6 6-4,3,R32,,3,6,,,,,,,,1,2,,,,,,,,37,1334,51,1116
2026-adelaide,Adelaide,Hard,,P,20260112,8,425446,,,Diana Shnaider,,,,,914953,,,Leylah Fernandez,,,,,7-5 6-3,3,R32,,2,7,,,,,,,,2,4,,,,,,,,21,1866,22,1821
2026-adelaide,Adelaide,Hard,,P,20260112,9,851560,,,Kimberly Birrell,,,,,651611,,,Anastasia Potapova,,,,,6-4 6-4,3,R32,,0,3,,,,,,,,0,5,,,,,,,,98,802,50,1131
2026-adelaide,Adelaide,Hard,,P,20260112,10,339700,,,Marketa Vondrousova,,,,,286370,,,Liudmila Samsonova,,,,,6-1 4-6 6-2,3,R32,,9,4,,,,,,,,3,10,,,,,,,,34,1445,17,2209
2026-adelaide,Adelaide,Hard,,P,20260112,11,690300,,,Maya Joint,,,,,549141,,,Sofia Kenin,,,,,7-6 6-4,3,R32,,5,1,,,,,,,,6,4,,,,,,,,32,1539,28,1589
2026-adelaide,Adelaide,Hard,,P,20260112,12,922335,,,Tereza Valentova,,,,,762485,,,Jelena Ostapenko,,,,,7-5 3-2,3,R32,,6,1,,,,,,,,3,6,,,,,,,,60,1039,23,1800
2026-adelaide,Adelaide,Hard,,P,20260112,13,133650,,,Yulia Putintseva,,,,,425404,,,Dalma Galfi,,,,,6-4 6-4,3,R32,,2,3,,,,,,,,4,5,,,,,,,,71,924,99,795
2026-adelaide,Adelaide,Hard,,P,20260112,14,344482,,,Katerina Siniakova,,,,,813190,,,Dayana Yastremska,,,,,6-0 6-1,3,R32,,3,3,,,,,,,,1,3,,,,,,,,48,1172,27,1604
2026-adelaide,Adelaide,Hard,,P,20260112,15,844223,,,Victoria Mboko,,,,,393113,,,Anna Kalinskaya,,,,,6-2 3-6 7-6,3,R16,,4,5,,,,,,,,1,3,,,,,,,,18,2157,33,1461
2026-adelaide,Adelaide,Hard,,P,20260112,16,727666,,,Mirra Andreeva,,,,,369605,,,Marie Bouzkova,,,,,6-3 6-1,3,R16,,2,2,,,,,,,,0,1,,,,,,,,9,4319,42,1260
2026-adelaide,Adelaide,Hard,,P,20260112,17,851560,,,Kimberly Birrell,,,,,339700,,,Marketa Vondrousova,,,,,,3,R16,,,,,,,,,,,,,,,,,,,,107,726,34,1386
2026-adelaide,Adelaide,Hard,,P,20260112,18,885728,,,Jaqueline  Cristian,,,,,626163,,,Daria Kasatkina,,,,,6-4 6-0,3,R16,,2,3,,,,,,,,0,9,,,,,,,,39,1324,37,1334
2026-adelaide,Adelaide,Hard,,P,20260112,19,731934,,,Madison Keys,,,,,922335,,,Tereza Valentova,,,,,6-4 6-1,3,R16,,3,9,,,,,,,,1,2,,,,,,,,9,4003,60,1036
2026-adelaide,Adelaide,Hard,,P,20260112,20,425446,,,Diana Shnaider,,,,,344482,,,Katerina Siniakova,,,,,6-1 2-6 7-5,3,R16,,2,6,,,,,,,,0,2,,,,,,,,23,1818,46,1172
2026-adelaide,Adelaide,Hard,,P,20260112,21,804248,,,Emma Navarro,,,,,133650,,,Yulia Putintseva,,,,,6-1 6-4,3,R16,,2,3,,,,,,,,0,0,,,,,,,,15,2467,105,741
2026-adelaide,Adelaide,Hard,,P,20260112,22,690300,,,Maya Joint,,,,,389789,,,Ajla Tomljanovic,,,,,0-2,3,R16,,0,0,,,,,,,,0,1,,,,,,,,32,1490,76,851
2026-adelaide,Adelaide,Hard,,P,20260112,23,851560,,,Kimberly Birrell,,,,,885728,,,Jaqueline  Cristian,,,,,5-7 6-1 7-5,3,QF,,2,8,,,,,,,,3,4,,,,,,,,107,726,37,1324
2026-adelaide,Adelaide,Hard,,P,20260112,24,844223,,,Victoria Mboko,,,,,731934,,,Madison Keys,,,,,6-4 4-6 6-2,3,QF,,4,4,,,,,,,,9,4,,,,,,,,17,2157,9,4003
2026-adelaide,Adelaide,Hard,,P,20260112,25,425446,,,Diana Shnaider,,,,,804248,,,Emma Navarro,,,,,6-3 6-3,3,QF,,4,4,,,,,,,,0,5,,,,,,,,23,1818,15,2467
2026-adelaide,Adelaide,Hard,,P,20260112,26,727666,,,Mirra Andreeva,,,,,690300,,,Maya Joint,,,,,6-2 6-0,3,QF,,2,5,,,,,,,,0,3,,,,,,,,8,4232,32,1490
2026-adelaide,Adelaide,Hard,,P,20260112,27,844223,,,Victoria Mboko,,,,,851560,,,Kimberly Birrell,,,,,6-2 6-1,3,SF,,8,3,,,,,,,,0,3,,,,,,,,17,2157,107,726
2026-adelaide,Adelaide,Hard,,P,20260112,28,727666,,,Mirra Andreeva,,,,,425446,,,Diana Shnaider,,,,,6-3 6-2,3,SF,,3,5,,,,,,,,0,1,,,,,,,,8,4232,23,1818
2026-adelaide,Adelaide,Hard,,P,20260112,29,727666,,,Mirra Andreeva,,,,,844223,,,Victoria Mboko,,,,,6-3 6-1,3,F,,1,1,,,,,,,,2,3,,,,,,,,8,4232,17,2157
2026-hobart,Hobart,Hard,,I,20260112,1,988957,,,Renata Zarazua,,,,,987862,,,Hailey Baptiste,,,,,6-7 6-3 6-3,3,R32,,1,1,,,,,,,,1,4,,,,,,,,79,851,61,1023
2026-hobart,Hobart,Hard,,I,20260112,2,410890,,,Taylah Preston,,,,,595819,,,Jessica Bouzas Maneiro,,,,,6-4 7-6,3,R32,,1,1,,,,,,,,3,5,,,,,,,,197,368,41,1262
2026-hobart,Hobart,Hard,,I,20260112,3,619460,,,Ann Li,,,,,421894,,,Katie Volynets,,,,,4-6 7-5 6-2,3,R32,,3,3,,,,,,,,0,2,,,,,,,,38,1334,93,810
2026-hobart,Hobart,Hard,,I,20260112,4,121013,,,Elisabetta Cocciaretto,,,,,332475,,,Ayano Shimizu,,,,,6-3 6-4,3,R32,,5,2,,,,,,,,2,1,,,,,,,,81,837,411,145
2026-hobart,Hobart,Hard,,I,20260112,5,519047,,,Solana Sierra,,,,,520895,,,Caty Mcnally,,,,,1-6 6-4 6-1,3,R32,,1,7,,,,,,,,1,2,,,,,,,,66,978,83,836
2026-hobart,Hobart,Hard,,I,20260112,6,923407,,,Olga Danilovic,,,,,421789,,,Mccartney Kessler,,,,,4-6 6-4 6-4,3,R32,,5,1,,,,,,,,4,6,,,,,,,,67,957,31,1558
2026-hobart,Hobart,Hard,,I,20260112,7,651454,,,Antonia Ruzic,,,,,741705,,,Emiliana Arango,,,,,7-5 6-1,3,R32,,1,2,,,,,,,,0,4,,,,,,,,73,913,49,1161
2026-hobart,Hobart,Hard,,I,20260112,8,610520,,,Anna Bondar,,,,,631483,,,Ella Seidel,,,,,6-0 6-1,3,R32,,6,0,,,,,,,,0,4,,,,,,,,75,900,84,833
2026-hobart,Hobart,Hard,,I,20260112,9,123538,,,Rebecca Sramkova,,,,,323630,,,Varvara Gracheva,,,,,6-4 4-6 6-2,3,R32,,8,6,,,,,,,,4,9,,,,,,,,72,914,77,887
2026-hobart,Hobart,Hard,,I,20260112,10,688846,,,Peyton Stearns,,,,,358837,,,Barbora Krejcikova,,,,,6-4 1-6 7-6,3,R32,,12,10,,,,,,,,7,8,,,,,,,,63,1013,65,989
2026-hobart,Hobart,Hard,,I,20260112,11,388459,,,Iva Jovic,,,,,797291,,,Janice Tjen,,,,,6-0 6-1,3,R32,,0,2,,,,,,,,2,1,,,,,,,,35,1423,53,1105
2026-hobart,Hobart,Hard,,I,20260112,12,362890,,,Magdalena Frech,,,,,973113,,,Elsa Jacquemot,,,,,6-4 6-0,3,R32,,4,3,,,,,,,,3,5,,,,,,,,58,1051,59,1044
2026-hobart,Hobart,Hard,,I,20260112,13,913730,,,Tatjana Maria,,,,,969718,,,Venus Williams,,,,,6-4 6-3,3,R32,,1,1,,,,,,,,1,5,,,,,,,,45,1229,577,80
2026-hobart,Hobart,Hard,,I,20260112,14,600494,,,Xinyu Wang,,,,,828867,,,Talia Gibson,,,,,6-2 6-3,3,R32,,5,2,,,,,,,,3,0,,,,,,,,56,1056,121,634
2026-hobart,Hobart,Hard,,I,20260112,15,121013,,,Elisabetta Cocciaretto,,,,,619460,,,Ann Li,,,,,1-6 7-5 7-5,3,R16,,0,4,,,,,,,,7,3,,,,,,,,81,837,38,1334
2026-hobart,Hobart,Hard,,I,20260112,16,410890,,,Taylah Preston,,,,,123538,,,Rebecca Sramkova,,,,,6-4 6-1,3,R16,,2,3,,,,,,,,5,2,,,,,,,,204,354,72,914
2026-hobart,Hobart,Hard,,I,20260112,17,858188,,,Emma Raducanu,,,,,769396,,,Camila Osorio,,,,,6-3 7-6,3,R32,,1,3,,,,,,,,1,7,,,,,,,,29,1563,78,860
2026-hobart,Hobart,Hard,,I,20260112,18,684064,,,Magda Linette,,,,,825397,,,Oksana Selekhmeteva,,,,,6-3 1-6 6-1,3,R32,,2,4,,,,,,,,2,6,,,,,,,,55,1089,100,784
2026-hobart,Hobart,Hard,,I,20260112,19,388459,,,Iva Jovic,,,,,988957,,,Renata Zarazua,,,,,6-1 6-2,3,R16,,2,2,,,,,,,,1,1,,,,,,,,30,1520,84,832
2026-hobart,Hobart,Hard,,I,20260112,20,610520,,,Anna Bondar,,,,,913730,,,Tatjana Maria,,,,,7-6 7-5,3,R16,,6,4,,,,,,,,3,2,,,,,,,,75,877,42,1229
2026-hobart,Hobart,Hard,,I,20260112,21,651454,,,Antonia Ruzic,,,,,519047,,,Solana Sierra,,,,,7-5 6-4,3,R16,,2,5,,,,,,,,2,5,,,,,,,,73,913,66,978
2026-hobart,Hobart,Hard,,I,20260112,22,684064,,,Magda Linette,,,,,600494,,,Xinyu Wang,,,,,6-1 7-5,3,R16,,2,1,,,,,,,,0,1,,,,,,,,53,1113,43,1194
2026-hobart,Hobart,Hard,,I,20260112,23,923407,,,Olga Danilovic,,,,,688846,,,Peyton Stearns,,,,,7-6 6-1,3,R16,,7,3,,,,,,,,2,4,,,,,,,,68,957,67,958
2026-hobart,Hobart,Hard,,I,20260112,24,858188,,,Emma Raducanu,,,,,362890,,,Magdalena Frech,,,,,,3,R16,,,,,,,,,,,,,,,,,,,,29,1563,57,1073
2026-hobart,Hobart,Hard,,I,20260112,25,121013,,,Elisabetta Cocciaretto,,,,,610520,,,Anna Bondar,,,,,6-2 6-2,3,QF,,2,2,,,,,,,,1,2,,,,,,,,80,849,75,877
2026-hobart,Hobart,Hard,,I,20260112,26,410890,,,Taylah Preston,,,,,858188,,,Emma Raducanu,,,,,6-2 6-4,3,QF,,2,1,,,,,,,,1,4,,,,,,,,204,354,29,1563
2026-hobart,Hobart,Hard,,I,20260112,27,651454,,,Antonia Ruzic,,,,,923407,,,Olga Danilovic,,,,,6-3 6-3,3,QF,,0,4,,,,,,,,1,1,,,,,,,,71,925,68,957
2026-hobart,Hobart,Hard,,I,20260112,28,388459,,,Iva Jovic,,,,,684064,,,Magda Linette,,,,,6-3 6-7 6-2,3,QF,,1,4,,,,,,,,5,1,,,,,,,,30,1520,53,1113
2026-hobart,Hobart,Hard,,I,20260112,29,121013,,,Elisabetta Cocciaretto,,,,,651454,,,Antonia Ruzic,,,,,6-3 6-2,3,SF,,3,2,,,,,,,,0,3,,,,,,,,80,849,71,925
2026-hobart,Hobart,Hard,,I,20260112,30,388459,,,Iva Jovic,,,,,410890,,,Taylah Preston,,,,,4-6 6-4 6-1,3,SF,,3,2,,,,,,,,0,2,,,,,,,,30,1520,204,354
2026-hobart,Hobart,Hard,,I,20260112,31,121013,,,Elisabetta Cocciaretto,,,,,388459,,,Iva Jovic,,,,,6-4 6-4,3,F,,4,2,,,,,,,,0,1,,,,,,,,80,849,30,1520
2026-australian-open,Australian Open,Hard,,G,20260118,1,828867,,,Talia Gibson,,,,,126226,,,Anna Blinkova,,,,,6-1 6-3,3,R128,,5,4,,,,,,,,1,1,,,,,,,,119,634,62,1016
2026-australian-open,Australian Open,Hard,,G,20260118,2,133650,,,Yulia Putintseva,,,,,692146,,,Beatriz Haddad Maia,,,,,3-6 7-5 6-3,3,R128,,3,1,,,,,,,,1,7,,,,,,,,105,741,59,1052
2026-australian-open,Australian Open,Hard,,G,20260118,3,275310,,,Elena-Gabriela Ruse,,,,,813190,,,Dayana Yastremska,,,,,6-4 7-5,3,R128,,1,5,,,,,,,,0,6,,,,,,,,79,849,27,1610
2026-australian-open,Australian Open,Hard,,G,20260118,4,710062,,,Maria Sakkari,,,,,344636,,,Leolia Jeanjean,,,,,6-4 6-2,3,R128,,4,0,,,,,,,,3,3,,,,,,,,52,1133,101,760
2026-australian-open,Australian Open,Hard,,G,20260118,5,324333,,,Jasmine Paolini,,,,,114904,,,Aliaksandra Sasnovich,,,,,6-1 6-2,3,R128,,3,0,,,,,,,,1,4,,,,,,,,7,4267,102,755
2026-australian-open,Australian Open,Hard,,G,20260118,6,520895,,,Caty Mcnally,,,,,543786,,,Himeno Sakatsume,,,,,6-3 6-1,3,R128,,0,4,,,,,,,,1,1,,,,,,,,83,836,140,514
2026-australian-open,Australian Open,Hard,,G,20260118,7,973113,,,Elsa Jacquemot,,,,,756180,,,Marta Kostyuk,,,,,6-7 7-6 7-6,3,R128,,4,11,,,,,,,,8,5,,,,,,,,58,1070,20,1983
2026-australian-open,Australian Open,Hard,,G,20260118,8,568896,,,Elina Svitolina,,,,,480371,,,Cristina Bucsa,,,,,6-4 6-1,3,R128,,1,3,,,,,,,,1,6,,,,,,,,12,2856,51,1134
2026-australian-open,Australian Open,Hard,,G,20260118,9,987862,,,Hailey Baptiste,,,,,948848,,,Taylor Townsend,,,,,6-3 6-7 6-3,3,R128,,9,5,,,,,,,,5,1,,,,,,,,66,979,116,652
2026-australian-open,Australian Open,Hard,,G,20260118,10,337480,,,Zeynep Sonmez,,,,,558914,,,Ekaterina Alexandrova,,,,,7-5 4-6 6-4,3,R128,,4,5,,,,,,,,10,7,,,,,,,,112,694,11,3375
2026-australian-open,Australian Open,Hard,,G,20260118,11,824108,,,Polina Kudermetova,,,,,216320,,,Maristany G.,,,,,6-2 6-3,3,R128,,4,2,,,,,,,,0,4,,,,,,,,150,490,184,386
2026-australian-open,Australian Open,Hard,,G,20260118,12,716715,,,Aryna Sabalenka,,,,,792158,,,Tiantsoa Rakotomanga Rajaonah,,,,,6-4 6-1,3,R128,,2,1,,,,,,,,0,3,,,,,,,,1,10990,118,640
2026-australian-open,Australian Open,Hard,,G,20260118,13,651611,,,Anastasia Potapova,,,,,689373,,,Suzan Lamens,,,,,3-6 7-5 6-2,3,R128,,3,8,,,,,,,,2,6,,,,,,,,54,1103,95,780
2026-australian-open,Australian Open,Hard,,G,20260118,14,923407,,,Olga Danilovic,,,,,969718,,,Venus Williams,,,,,6-7 6-3 6-4,3,R128,,5,1,,,,,,,,9,5,,,,,,,,68,957,576,81
2026-australian-open,Australian Open,Hard,,G,20260118,15,341071,,,Zhuoxuan Bai,,,,,834140,,,Anastasia Pavlyuchenkova,,,,,6-4 2-6 7-6,3,R128,,2,3,,,,,,,,7,8,,,,,,,,697,55,44,1185
2026-australian-open,Australian Open,Hard,,G,20260118,16,858188,,,Emma Raducanu,,,,,216676,,,Mananchaya Sawangkaew,,,,,6-4 6-1,3,R128,,2,1,,,,,,,,1,4,,,,,,,,29,1563,195,366
2026-australian-open,Australian Open,Hard,,G,20260118,17,688846,,,Peyton Stearns,,,,,549141,,,Sofia Kenin,,,,,6-3 6-2,3,R128,,15,1,,,,,,,,1,4,,,,,,,,67,958,28,1567
2026-australian-open,Australian Open,Hard,,G,20260118,18,421789,,,Mccartney Kessler,,,,,741705,,,Emiliana Arango,,,,,6-3 6-2,3,R128,,1,2,,,,,,,,0,0,,,,,,,,36,1335,50,1149
2026-australian-open,Australian Open,Hard,,G,20260118,19,362890,,,Magdalena Frech,,,,,890144,,,Veronika Erjavec,,,,,6-1 6-1,3,R128,,0,0,,,,,,,,0,1,,,,,,,,57,1073,99,765
2026-australian-open,Australian Open,Hard,,G,20260118,20,619460,,,Ann Li,,,,,769396,,,Camila Osorio,,,,,6-4 6-7 7-5,3,R128,,6,2,,,,,,,,4,3,,,,,,,,38,1316,82,840
2026-australian-open,Australian Open,Hard,,G,20260118,21,684064,,,Magda Linette,,,,,804248,,,Emma Navarro,,,,,3-6 6-3 6-3,3,R128,,4,4,,,,,,,,4,5,,,,,,,,53,1113,15,2467
2026-australian-open,Australian Open,Hard,,G,20260118,22,302110,,,Petra Marcinko,,,,,913730,,,Tatjana Maria,,,,,6-3 7-5,3,R128,,1,1,,,,,,,,7,2,,,,,,,,77,851,42,1229
2026-australian-open,Australian Open,Hard,,G,20260118,23,580393,,,Storm Hunter,,,,,595819,,,Jessica Bouzas Maneiro,,,,,6-4 6-4,3,R128,,2,7,,,,,,,,1,6,,,,,,,,363,169,40,1262
2026-australian-open,Australian Open,Hard,,G,20260118,24,610520,,,Anna Bondar,,,,,937315,,,Elizabeth Mandlik,,,,,6-0 6-4,3,R128,,5,0,,,,,,,,0,2,,,,,,,,75,877,181,387
2026-australian-open,Australian Open,Hard,,G,20260118,25,296713,,,Coco Gauff,,,,,568609,,,Kamilla Rakhimova,,,,,6-2 6-3,3,R128,,1,7,,,,,,,,1,4,,,,,,,,3,6423,91,802
2026-australian-open,Australian Open,Hard,,G,20260118,26,861465,,,Priscilla Hon,,,,,420409,,,Marina Stakusic,,,,,1-6 6-4 5-3,3,R128,,3,2,,,,,,,,2,5,,,,,,,,121,620,127,565
2026-australian-open,Australian Open,Hard,,G,20260118,27,190070,,,Linda Klimovicova,,,,,794930,,,Francesca Jones,,,,,6-2 3-2,3,R128,,5,3,,,,,,,,1,2,,,,,,,,134,538,69,951
2026-australian-open,Australian Open,Hard,,G,20260118,28,814118,,,Jessica Pegula,,,,,926087,,,Anastasia Zakharova,,,,,6-2 6-1,3,R128,,9,2,,,,,,,,2,3,,,,,,,,6,5453,103,742
2026-australian-open,Australian Open,Hard,,G,20260118,29,359411,,,Clara Tauson,,,,,425404,,,Dalma Galfi,,,,,6-3 6-3,3,R128,,5,0,,,,,,,,6,2,,,,,,,,14,2530,93,789
2026-australian-open,Australian Open,Hard,,G,20260118,30,663060,,,Alycia Parks,,,,,261807,,,Alexandra Eala,,,,,0-6 6-3 6-2,3,R128,,12,10,,,,,,,,1,5,,,,,,,,100,760,49,1159
2026-australian-open,Australian Open,Hard,,G,20260118,31,563551,,,Karolina Muchova,,,,,885728,,,Jaqueline  Cristian,,,,,6-3 7-6,3,R128,,2,2,,,,,,,,2,8,,,,,,,,19,2083,37,1324
2026-australian-open,Australian Open,Hard,,G,20260118,32,324536,,,Amanda Anisimova,,,,,330724,,,Simona Waltert,,,,,6-3 6-2,3,R128,,2,3,,,,,,,,2,6,,,,,,,,4,6320,86,824
2026-australian-open,Australian Open,Hard,,G,20260118,33,825397,,,Oksana Selekhmeteva,,,,,631483,,,Ella Seidel,,,,,6-3 3-6 6-0,3,R128,,2,6,,,,,,,,3,2,,,,,,,,98,766,78,850
2026-australian-open,Australian Open,Hard,,G,20260118,34,388459,,,Iva Jovic,,,,,421894,,,Katie Volynets,,,,,6-2 6-3,3,R128,,2,0,,,,,,,,2,0,,,,,,,,30,1520,94,783
2026-australian-open,Australian Open,Hard,,G,20260118,35,844223,,,Victoria Mboko,,,,,993262,,,Emerson Jones,,,,,6-4 6-1,3,R128,,2,2,,,,,,,,2,5,,,,,,,,17,2157,155,463
2026-australian-open,Australian Open,Hard,,G,20260118,36,187314,,,Linda Noskova,,,,,762933,,,Darja Semenistaja,,,,,6-3 6-0,3,R128,,9,2,,,,,,,,2,3,,,,,,,,13,2641,96,779
2026-australian-open,Australian Open,Hard,,G,20260118,37,389789,,,Ajla Tomljanovic,,,,,976242,,,Yuliia Starodubtseva,,,,,4-6 7-6 6-1,3,R128,,1,5,,,,,,,,5,3,,,,,,,,76,851,110,701
2026-australian-open,Australian Open,Hard,,G,20260118,38,695399,,,Paula Badosa,,,,,359414,,,Zarina Diyas,,,,,6-2 6-4,3,R128,,5,6,,,,,,,,1,3,,,,,,,,26,1675,285,232
2026-australian-open,Australian Open,Hard,,G,20260118,39,369605,,,Marie Bouzkova,,,,,988957,,,Renata Zarazua,,,,,6-2 7-5,3,R128,,0,4,,,,,,,,0,0,,,,,,,,45,1184,84,832
2026-australian-open,Australian Open,Hard,,G,20260118,40,425446,,,Diana Shnaider,,,,,358837,,,Barbora Krejcikova,,,,,2-6 6-3 6-3,3,R128,,3,4,,,,,,,,5,6,,,,,,,,23,1818,55,1080
2026-australian-open,Australian Open,Hard,,G,20260118,41,727666,,,Mirra Andreeva,,,,,975382,,,Donna Vekic,,,,,4-6 6-3 6-0,3,R128,,1,3,,,,,,,,2,4,,,,,,,,8,4232,70,935
2026-australian-open,Australian Open,Hard,,G,20260118,42,139227,,,Iga Swiatek,,,,,803486,,,Yue Yuan,,,,,7-6 6-3,3,R128,,3,3,,,,,,,,2,0,,,,,,,,2,8328,130,552
2026-australian-open,Australian Open,Hard,,G,20260118,43,482165,,,Moyuka Uchijima,,,,,519047,,,Solana Sierra,,,,,6-3 6-1,3,R128,,3,1,,,,,,,,1,5,,,,,,,,87,822,64,1001
2026-australian-open,Australian Open,Hard,,G,20260118,44,809758,,,Elise Mertens,,,,,780952,,,Lanlana Tararudee,,,,,7-5 6-1,3,R128,,2,2,,,,,,,,0,3,,,,,,,,21,1956,131,549
2026-australian-open,Australian Open,Hard,,G,20260118,45,797291,,,Janice Tjen,,,,,914953,,,Leylah Fernandez,,,,,6-2 7-6,3,R128,,4,6,,,,,,,,2,5,,,,,,,,56,1075,22,1821
2026-australian-open,Australian Open,Hard,,G,20260118,46,323630,,,Varvara Gracheva,,,,,988932,,,Viktorija Golubic,,,,,6-1 2-6 6-1,3,R128,,2,7,,,,,,,,1,6,,,,,,,,74,887,81,841
2026-australian-open,Australian Open,Hard,,G,20260118,47,701534,,,Ashlyn Krueger,,,,,429517,,,Sara Bejlek,,,,,6-3 6-3,3,R128,,1,3,,,,,,,,0,3,,,,,,,,61,1026,88,821
2026-australian-open,Australian Open,Hard,,G,20260118,48,344482,,,Katerina Siniakova,,,,,416641,,,Panna Udvardy,,,,,6-1 6-2,3,R128,,3,3,,,,,,,,1,2,,,,,,,,46,1172,89,819
2026-australian-open,Australian Open,Hard,,G,20260118,49,922335,,,Tereza Valentova,,,,,690300,,,Maya Joint,,,,,6-4 6-4,3,R128,,6,6,,,,,,,,3,8,,,,,,,,60,1036,32,1490
2026-australian-open,Australian Open,Hard,,G,20260118,50,410890,,,Taylah Preston,,,,,952597,,,Shuai Zhang,,,,,6-3 2-6 6-3,3,R128,,2,4,,,,,,,,2,2,,,,,,,,204,354,73,899
2026-australian-open,Australian Open,Hard,,G,20260118,51,731934,,,Madison Keys,,,,,571895,,,Oleksandra Oliynykova,,,,,7-6 6-1,3,R128,,2,8,,,,,,,,1,1,,,,,,,,9,4003,90,804
2026-australian-open,Australian Open,Hard,,G,20260118,52,346262,,,Julia Grabher,,,,,121013,,,Elisabetta Cocciaretto,,,,,7-5 2-6 6-4,3,R128,,5,10,,,,,,,,1,2,,,,,,,,92,799,80,849
2026-australian-open,Australian Open,Hard,,G,20260118,53,600494,,,Xinyu Wang,,,,,561744,,,Anhelina Kalinina,,,,,6-3 6-3,3,R128,,10,2,,,,,,,,1,2,,,,,,,,43,1194,178,393
2026-australian-open,Australian Open,Hard,,G,20260118,54,884844,,,Karolina Pliskova,,,,,441252,,,Sloane Stephens,,,,,7-6 6-2,3,R128,,3,8,,,,,,,,2,2,,,,,,,,1052,16,1097,14
2026-australian-open,Australian Open,Hard,,G,20260118,55,334255,,,Linda Fruhvirtova,,,,,460138,,,Lulu Sun,,,,,6-3 7-5,3,R128,,4,5,,,,,,,,2,7,,,,,,,,132,548,85,825
2026-australian-open,Australian Open,Hard,,G,20260118,56,393113,,,Anna Kalinskaya,,,,,444525,,,Sonay Kartal,,,,,7-6 6-1,3,R128,,2,0,,,,,,,,1,2,,,,,,,,33,1483,63,1004
2026-australian-open,Australian Open,Hard,,G,20260118,57,350535,,,Elena Rybakina,,,,,506008,,,Kaja Juvan,,,,,6-4 6-3,3,R128,,5,0,,,,,,,,2,2,,,,,,,,5,5850,97,770
2026-australian-open,Australian Open,Hard,,G,20260118,58,600745,,,Sorana Cirstea,,,,,743463,,,Eva Lys,,,,,3-6 6-4 6-3,3,R128,,9,3,,,,,,,,0,2,,,,,,,,41,1249,39,1303
2026-australian-open,Australian Open,Hard,,G,20260118,59,762485,,,Jelena Ostapenko,,,,,123538,,,Rebecca Sramkova,,,,,6-4 6-4,3,R128,,4,4,,,,,,,,5,3,,,,,,,,24,1741,72,914
2026-australian-open,Australian Open,Hard,,G,20260118,60,685811,,,Laura Siegemund,,,,,286370,,,Liudmila Samsonova,,,,,0-6 7-5 6-4,3,R128,,1,3,,,,,,,,2,5,,,,,,,,47,1171,18,2122
2026-australian-open,Australian Open,Hard,,G,20260118,61,218416,,,Belinda Bencic,,,,,970027,,,Katie Boulter,,,,,6-0 7-5,3,R128,,1,2,,,,,,,,3,5,,,,,,,,10,3512,113,684
2026-australian-open,Australian Open,Hard,,G,20260118,62,714334,,,Naomi Osaka,,,,,651454,,,Antonia Ruzic,,,,,6-3 3-6 6-4,3,R128,,11,2,,,,,,,,0,5,,,,,,,,16,2366,71,925
2026-australian-open,Australian Open,Hard,,G,20260118,63,646421,,,Maddison Inglis,,,,,851560,,,Kimberly Birrell,,,,,7-6 6-7 6-4,3,R128,,3,1,,,,,,,,5,7,,,,,,,,167,418,107,726
2026-australian-open,Australian Open,Hard,,G,20260118,64,515592,,,Nikola Bartunkova,,,,,626163,,,Daria Kasatkina,,,,,7-6 0-6 6-3,3,R128,,2,6,,,,,,,,2,8,,,,,,,,126,582,48,1168
2026-australian-open,Australian Open,Hard,,G,20260118,65,337480,,,Zeynep Sonmez,,,,,610520,,,Anna Bondar,,,,,6-2 6-4,3,R64,,1,1,,,,,,,,2,3,,,,,,,,112,694,75,877
2026-australian-open,Australian Open,Hard,,G,20260118,66,568896,,,Elina Svitolina,,,,,190070,,,Linda Klimovicova,,,,,7-5 6-1,3,R64,,3,2,,,,,,,,3,3,,,,,,,,12,2856,134,538
2026-australian-open,Australian Open,Hard,,G,20260118,67,425446,,,Diana Shnaider,,,,,828867,,,Talia Gibson,,,,,3-6 7-5 6-3,3,R64,,7,4,,,,,,,,8,6,,,,,,,,23,1818,119,634
2026-australian-open,Australian Open,Hard,,G,20260118,68,716715,,,Aryna Sabalenka,,,,,341071,,,Zhuoxuan Bai,,,,,6-3 6-1,3,R64,,4,1,,,,,,,,2,2,,,,,,,,1,10990,697,55
2026-australian-open,Australian Open,Hard,,G,20260118,69,133650,,,Yulia Putintseva,,,,,973113,,,Elsa Jacquemot,,,,,6-1 6-2,3,R64,,0,1,,,,,,,,1,2,,,,,,,,105,741,58,1070
2026-australian-open,Australian Open,Hard,,G,20260118,70,987862,,,Hailey Baptiste,,,,,580393,,,Storm Hunter,,,,,6-2 6-1,3,R64,,2,2,,,,,,,,0,3,,,,,,,,66,979,363,169
2026-australian-open,Australian Open,Hard,,G,20260118,71,844223,,,Victoria Mboko,,,,,520895,,,Caty Mcnally,,,,,6-4 6-3,3,R64,,1,2,,,,,,,,0,6,,,,,,,,17,2157,83,836
2026-australian-open,Australian Open,Hard,,G,20260118,72,359411,,,Clara Tauson,,,,,824108,,,Polina Kudermetova,,,,,6-3 3-6 7-5,3,R64,,12,2,,,,,,,,4,10,,,,,,,,14,2530,150,490
2026-australian-open,Australian Open,Hard,,G,20260118,73,651611,,,Anastasia Potapova,,,,,858188,,,Emma Raducanu,,,,,7-6 6-2,3,R64,,3,3,,,,,,,,1,2,,,,,,,,54,1103,29,1563
2026-australian-open,Australian Open,Hard,,G,20260118,74,296713,,,Coco Gauff,,,,,923407,,,Olga Danilovic,,,,,6-2 6-2,3,R64,,1,4,,,,,,,,2,2,,,,,,,,3,6423,68,957
2026-australian-open,Australian Open,Hard,,G,20260118,75,275310,,,Elena-Gabriela Ruse,,,,,389789,,,Ajla Tomljanovic,,,,,6-4 6-4,3,R64,,3,1,,,,,,,,1,7,,,,,,,,79,849,76,851
2026-australian-open,Australian Open,Hard,,G,20260118,76,684064,,,Magda Linette,,,,,619460,,,Ann Li,,,,,6-3 6-3,3,R64,,3,3,,,,,,,,0,4,,,,,,,,53,1113,38,1316
2026-australian-open,Australian Open,Hard,,G,20260118,77,563551,,,Karolina Muchova,,,,,663060,,,Alycia Parks,,,,,4-6 6-4 6-4,3,R64,,3,5,,,,,,,,11,5,,,,,,,,19,2083,100,760
2026-australian-open,Australian Open,Hard,,G,20260118,78,727666,,,Mirra Andreeva,,,,,710062,,,Maria Sakkari,,,,,6-0 6-4,3,R64,,1,4,,,,,,,,1,0,,,,,,,,8,4232,52,1133
2026-australian-open,Australian Open,Hard,,G,20260118,79,324333,,,Jasmine Paolini,,,,,362890,,,Magdalena Frech,,,,,6-2 6-3,3,R64,,0,0,,,,,,,,0,1,,,,,,,,7,4267,57,1073
2026-australian-open,Australian Open,Hard,,G,20260118,80,388459,,,Iva Jovic,,,,,861465,,,Priscilla Hon,,,,,6-1 6-2,3,R64,,2,2,,,,,,,,4,3,,,,,,,,30,1520,121,620
2026-australian-open,Australian Open,Hard,,G,20260118,81,825397,,,Oksana Selekhmeteva,,,,,695399,,,Paula Badosa,,,,,6-4 6-4,3,R64,,0,7,,,,,,,,4,6,,,,,,,,98,766,26,1675
2026-australian-open,Australian Open,Hard,,G,20260118,82,731934,,,Madison Keys,,,,,701534,,,Ashlyn Krueger,,,,,6-1 7-5,3,R64,,1,4,,,,,,,,2,5,,,,,,,,9,4003,61,1026
2026-australian-open,Australian Open,Hard,,G,20260118,83,814118,,,Jessica Pegula,,,,,421789,,,Mccartney Kessler,,,,,6-0 6-2,3,R64,,0,0,,,,,,,,3,2,,,,,,,,6,5453,36,1335
2026-australian-open,Australian Open,Hard,,G,20260118,84,884844,,,Karolina Pliskova,,,,,797291,,,Janice Tjen,,,,,6-4 6-4,3,R64,,3,2,,,,,,,,7,3,,,,,,,,1052,16,56,1075
2026-australian-open,Australian Open,Hard,,G,20260118,85,393113,,,Anna Kalinskaya,,,,,346262,,,Julia Grabher,,,,,6-3 6-3,3,R64,,3,3,,,,,,,,1,4,,,,,,,,33,1483,92,799
2026-australian-open,Australian Open,Hard,,G,20260118,86,646421,,,Maddison Inglis,,,,,685811,,,Laura Siegemund,,,,,6-4 6-7 7-6,3,R64,,2,3,,,,,,,,7,4,,,,,,,,167,418,47,1171
2026-australian-open,Australian Open,Hard,,G,20260118,87,187314,,,Linda Noskova,,,,,410890,,,Taylah Preston,,,,,6-2 4-6 6-2,3,R64,,11,4,,,,,,,,4,4,,,,,,,,13,2641,204,354
2026-australian-open,Australian Open,Hard,,G,20260118,88,600494,,,Xinyu Wang,,,,,762485,,,Jelena Ostapenko,,,,,4-6 6-4 6-4,3,R64,,6,3,,,,,,,,1,6,,,,,,,,43,1194,24,1741
2026-australian-open,Australian Open,Hard,,G,20260118,89,688846,,,Peyton Stearns,,,,,302110,,,Petra Marcinko,,,,,6-2 7-5,3,R64,,4,1,,,,,,,,3,5,,,,,,,,67,958,77,851
2026-australian-open,Australian Open,Hard,,G,20260118,90,324536,,,Amanda Anisimova,,,,,344482,,,Katerina Siniakova,,,,,6-1 6-4,3,R64,,3,8,,,,,,,,1,7,,,,,,,,4,6320,46,1172
2026-australian-open,Australian Open,Hard,,G,20260118,91,809758,,,Elise Mertens,,,,,482165,,,Moyuka Uchijima,,,,,6-3 6-1,3,R64,,2,5,,,,,,,,0,4,,,,,,,,21,1956,87,822
2026-australian-open,Australian Open,Hard,,G,20260118,92,922335,,,Tereza Valentova,,,,,334255,,,Linda Fruhvirtova,,,,,7-5 2-6 6-3,3,R64,,1,3,,,,,,,,4,8,,,,,,,,60,1036,132,548
2026-australian-open,Australian Open,Hard,,G,20260118,93,139227,,,Iga Swiatek,,,,,369605,,,Marie Bouzkova,,,,,6-2 6-3,3,R64,,3,1,,,,,,,,0,4,,,,,,,,2,8328,45,1184
2026-australian-open,Australian Open,Hard,,G,20260118,94,714334,,,Naomi Osaka,,,,,600745,,,Sorana Cirstea,,,,,6-3 4-6 6-2,3,R64,,3,0,,,,,,,,1,0,,,,,,,,16,2366,41,1249
2026-australian-open,Australian Open,Hard,,G,20260118,95,515592,,,Nikola Bartunkova,,,,,218416,,,Belinda Bencic,,,,,6-3 0-6 6-4,3,R64,,1,2,,,,,,,,2,4,,,,,,,,126,582,10,3512
2026-australian-open,Australian Open,Hard,,G,20260118,96,350535,,,Elena Rybakina,,,,,323630,,,Varvara Gracheva,,,,,7-5 6-2,3,R64,,5,0,,,,,,,,3,2,,,,,,,,5,5850,74,887
2026-australian-open,Australian Open,Hard,,G,20260118,97,844223,,,Victoria Mboko,,,,,359411,,,Clara Tauson,,,,,7-6 5-7 6-3,3,R32,,6,9,,,,,,,,5,4,,,,,,,,17,2157,14,2530
2026-australian-open,Australian Open,Hard,,G,20260118,98,716715,,,Aryna Sabalenka,,,,,651611,,,Anastasia Potapova,,,,,7-6 7-6,3,R32,,3,2,,,,,,,,2,6,,,,,,,,1,10990,54,1103
2026-australian-open,Australian Open,Hard,,G,20260118,99,133650,,,Yulia Putintseva,,,,,337480,,,Zeynep Sonmez,,,,,6-3 6-7 6-3,3,R32,,2,1,,,,,,,,1,4,,,,,,,,105,741,112,694
2026-australian-open,Australian Open,Hard,,G,20260118,100,296713,,,Coco Gauff,,,,,987862,,,Hailey Baptiste,,,,,3-6 6-0 6-3,3,R32,,0,6,,,,,,,,2,2,,,,,,,,3,6423,66,979
2026-australian-open,Australian Open,Hard,,G,20260118,101,563551,,,Karolina Muchova,,,,,684064,,,Magda Linette,,,,,6-1 6-1,3,R32,,1,1,,,,,,,,2,4,,,,,,,,19,2083,53,1113
2026-australian-open,Australian Open,Hard,,G,20260118,102,388459,,,Iva Jovic,,,,,324333,,,Jasmine Paolini,,,,,6-2 7-6,3,R32,,3,2,,,,,,,,0,0,,,,,,,,30,1520,7,4267
2026-australian-open,Australian Open,Hard,,G,20260118,103,568896,,,Elina Svitolina,,,,,425446,,,Diana Shnaider,,,,,7-6 6-3,3,R32,,5,5,,,,,,,,0,3,,,,,,,,12,2856,23,1818
2026-australian-open,Australian Open,Hard,,G,20260118,104,727666,,,Mirra Andreeva,,,,,275310,,,Elena-Gabriela Ruse,,,,,6-3 6-4,3,R32,,1,3,,,,,,,,0,3,,,,,,,,8,4232,79,849
2026-australian-open,Australian Open,Hard,,G,20260118,105,814118,,,Jessica Pegula,,,,,825397,,,Oksana Selekhmeteva,,,,,6-3 6-2,3,R32,,0,0,,,,,,,,3,0,,,,,,,,6,5453,98,766
2026-australian-open,Australian Open,Hard,,G,20260118,106,731934,,,Madison Keys,,,,,884844,,,Karolina Pliskova,,,,,6-3 6-3,3,R32,,6,5,,,,,,,,1,6,,,,,,,,9,4003,1052,16
2026-australian-open,Australian Open,Hard,,G,20260118,107,324536,,,Amanda Anisimova,,,,,688846,,,Peyton Stearns,,,,,6-1 6-4,3,R32,,4,7,,,,,,,,2,1,,,,,,,,4,6320,67,958
2026-australian-open,Australian Open,Hard,,G,20260118,108,600494,,,Xinyu Wang,,,,,187314,,,Linda Noskova,,,,,7-5 6-4,3,R32,,5,5,,,,,,,,4,4,,,,,,,,43,1194,13,2641
2026-australian-open,Australian Open,Hard,,G,20260118,109,809758,,,Elise Mertens,,,,,515592,,,Nikola Bartunkova,,,,,6-0 6-4,3,R32,,8,2,,,,,,,,1,3,,,,,,,,21,1956,126,582
2026-australian-open,Australian Open,Hard,,G,20260118,110,139227,,,Iga Swiatek,,,,,393113,,,Anna Kalinskaya,,,,,6-1 1-6 6-1,3,R32,,2,4,,,,,,,,2,2,,,,,,,,2,8328,33,1483
2026-australian-open,Australian Open,Hard,,G,20260118,111,646421,,,Maddison Inglis,,,,,714334,,,Naomi Osaka,,,,,,3,R32,,,,,,,,,,,,,,,,,,,,167,418,16,2366
2026-australian-open,Australian Open,Hard,,G,20260118,112,350535,,,Elena Rybakina,,,,,922335,,,Tereza Valentova,,,,,6-2 6-3,3,R32,,4,1,,,,,,,,4,8,,,,,,,,5,5850,60,1036
2026-australian-open,Australian Open,Hard,,G,20260118,113,716715,,,Aryna Sabalenka,,,,,844223,,,Victoria Mboko,,,,,6-1 7-6,3,R16,,6,3,,,,,,,,3,3,,,,,,,,1,10990,17,2157
2026-australian-open,Australian Open,Hard,,G,20260118,114,388459,,,Iva Jovic,,,,,133650,,,Yulia Putintseva,,,,,6-0 6-1,3,R16,,3,1,,,,,,,,0,3,,,,,,,,30,1520,105,741
2026-australian-open,Australian Open,Hard,,G,20260118,115,296713,,,Coco Gauff,,,,,563551,,,Karolina Muchova,,,,,6-1 3-6 6-3,3,R16,,2,3,,,,,,,,2,1,,,,,,,,3,6423,19,2083
2026-australian-open,Australian Open,Hard,,G,20260118,116,568896,,,Elina Svitolina,,,,,727666,,,Mirra Andreeva,,,,,6-2 6-4,3,R16,,4,1,,,,,,,,1,3,,,,,,,,12,2856,8,4232
2026-australian-open,Australian Open,Hard,,G,20260118,117,814118,,,Jessica Pegula,,,,,731934,,,Madison Keys,,,,,6-3 6-4,3,R16,,2,1,,,,,,,,4,6,,,,,,,,6,5453,9,4003
2026-australian-open,Australian Open,Hard,,G,20260118,118,324536,,,Amanda Anisimova,,,,,600494,,,Xinyu Wang,,,,,7-6 6-4,3,R16,,7,1,,,,,,,,6,3,,,,,,,,4,6320,43,1194
2026-australian-open,Australian Open,Hard,,G,20260118,119,350535,,,Elena Rybakina,,,,,809758,,,Elise Mertens,,,,,6-1 6-3,3,R16,,10,1,,,,,,,,3,6,,,,,,,,5,5850,21,1956
2026-australian-open,Australian Open,Hard,,G,20260118,120,139227,,,Iga Swiatek,,,,,646421,,,Maddison Inglis,,,,,6-0 6-3,3,R16,,0,1,,,,,,,,1,1,,,,,,,,2,8328,167,418
2026-australian-open,Australian Open,Hard,,G,20260118,121,716715,,,Aryna Sabalenka,,,,,388459,,,Iva Jovic,,,,,6-3 6-0,3,QF,,7,3,,,,,,,,1,1,,,,,,,,1,10990,30,1520
2026-australian-open,Australian Open,Hard,,G,20260118,122,568896,,,Elina Svitolina,,,,,296713,,,Coco Gauff,,,,,6-1 6-2,3,QF,,4,0,,,,,,,,0,5,,,,,,,,12,2856,3,6423
2026-australian-open,Australian Open,Hard,,G,20260118,123,350535,,,Elena Rybakina,,,,,139227,,,Iga Swiatek,,,,,7-5 6-1,3,QF,,11,3,,,,,,,,3,1,,,,,,,,5,5850,2,8328
2026-australian-open,Australian Open,Hard,,G,20260118,124,814118,,,Jessica Pegula,,,,,324536,,,Amanda Anisimova,,,,,6-2 7-6,3,QF,,6,2,,,,,,,,2,7,,,,,,,,6,5453,4,6320
2026-australian-open,Australian Open,Hard,,G,20260118,125,716715,,,Aryna Sabalenka,,,,,568896,,,Elina Svitolina,,,,,6-2 6-3,3,SF,,0,1,,,,,,,,2,3,,,,,,,,1,10990,12,2856
2026-australian-open,Australian Open,Hard,,G,20260118,126,350535,,,Elena Rybakina,,,,,814118,,,Jessica Pegula,,,,,6-3 7-6,3,SF,,6,0,,,,,,,,2,0,,,,,,,,5,5850,6,5453
2026-australian-open,Australian Open,Hard,,G,20260118,127,350535,,,Elena Rybakina,,,,,716715,,,Aryna Sabalenka,,,,,6-4 4-6 6-4,3,F,,6,3,,,,,,,,5,2,,,,,,,,5,5850,1,10990
2026-abu-dhabi,Abu Dhabi,Hard,,P,20260201,1,286370,,,Liudmila Samsonova,,,,,549141,,,Sofia Kenin,,,,,6-4 6-0,3,R32,,4,6,,,,,,,,0,5,,,,,,,,18,2122,28,1567
2026-abu-dhabi,Abu Dhabi,Hard,,P,20260201,2,421789,,,Mccartney Kessler,,,,,834140,,,Anastasia Pavlyuchenkova,,,,,6-3 6-3,3,R32,,5,6,,,,,,,,1,11,,,,,,,,36,1335,44,1185
2026-abu-dhabi,Abu Dhabi,Hard,,P,20260201,3,914953,,,Leylah Fernandez,,,,,944663,,,Chloe Paquet,,,,,6-0 6-3,3,R32,,0,2,,,,,,,,2,6,,,,,,,,23,1821,240,303
2026-abu-dhabi,Abu Dhabi,Hard,,P,20260201,4,987862,,,Hailey Baptiste,,,,,848660,,,Teodora Kostovic,,,,,4-6 6-3 6-4,3,R32,,3,2,,,,,,,,4,5,,,,,,,,66,979,176,397
2026-abu-dhabi,Abu Dhabi,Hard,,P,20260201,5,114904,,,Aliaksandra Sasnovich,,,,,695399,,,Paula Badosa,,,,,6-4 3-6 6-1,3,R32,,2,1,,,,,,,,6,8,,,,,,,,104,755,26,1676
2026-abu-dhabi,Abu Dhabi,Hard,,P,20260201,6,444525,,,Sonay Kartal,,,,,480371,,,Cristina Bucsa,,,,,6-3 7-6,3,R32,,3,0,,,,,,,,0,7,,,,,,,,66,1004,52,1134
2026-abu-dhabi,Abu Dhabi,Hard,,P,20260201,7,429517,,,Sara Bejlek,,,,,701534,,,Ashlyn Krueger,,,,,6-3 6-0,3,R32,,0,3,,,,,,,,1,1,,,,,,,,89,821,62,1026
2026-abu-dhabi,Abu Dhabi,Hard,,P,20260201,8,330724,,,Simona Waltert,,,,,626163,,,Daria Kasatkina,,,,,7-6 3-6 6-4,3,R32,,3,5,,,,,,,,0,9,,,,,,,,87,824,43,1227
2026-abu-dhabi,Abu Dhabi,Hard,,P,20260201,9,797291,,,Janice Tjen,,,,,690300,,,Maya Joint,,,,,7-6 3-6 6-3,3,R32,,8,9,,,,,,,,2,5,,,,,,,,56,1075,32,1490
2026-abu-dhabi,Abu Dhabi,Hard,,P,20260201,10,813190,,,Dayana Yastremska,,,,,692146,,,Beatriz Haddad Maia,,,,,6-2 7-5,3,R32,,2,4,,,,,,,,2,10,,,,,,,,27,1610,59,1052
2026-abu-dhabi,Abu Dhabi,Hard,,P,20260201,11,762485,,,Jelena Ostapenko,,,,,825397,,,Oksana Selekhmeteva,,,,,5-7 7-6 6-2,3,R32,,3,8,,,,,,,,2,5,,,,,,,,24,1741,101,769
2026-abu-dhabi,Abu Dhabi,Hard,,P,20260201,12,261807,,,Alexandra Eala,,,,,337480,,,Zeynep Sonmez,,,,,6-4 6-3,3,R32,,2,4,,,,,,,,0,1,,,,,,,,49,1159,112,694
2026-abu-dhabi,Abu Dhabi,Hard,,P,20260201,13,286370,,,Liudmila Samsonova,,,,,797291,,,Janice Tjen,,,,,6-2 6-2,3,R16,,2,3,,,,,,,,3,3,,,,,,,,18,2122,59,1075
2026-abu-dhabi,Abu Dhabi,Hard,,P,20260201,14,421789,,,Mccartney Kessler,,,,,914953,,,Leylah Fernandez,,,,,6-3 6-2,3,R16,,3,3,,,,,,,,2,8,,,,,,,,37,1335,23,1821
2026-abu-dhabi,Abu Dhabi,Hard,,P,20260201,15,987862,,,Hailey Baptiste,,,,,804248,,,Emma Navarro,,,,,7-6 0-6 6-3,3,R16,,7,4,,,,,,,,3,4,,,,,,,,70,979,15,2515
2026-abu-dhabi,Abu Dhabi,Hard,,P,20260201,16,359411,,,Clara Tauson,,,,,330724,,,Simona Waltert,,,,,6-3 6-1,3,R16,,3,0,,,,,,,,1,1,,,,,,,,14,2530,87,824
2026-abu-dhabi,Abu Dhabi,Hard,,P,20260201,17,558914,,,Ekaterina Alexandrova,,,,,813190,,,Dayana Yastremska,,,,,6-3 6-0,3,R16,,3,4,,,,,,,,0,1,,,,,,,,11,3375,28,1610
2026-abu-dhabi,Abu Dhabi,Hard,,P,20260201,18,429517,,,Sara Bejlek,,,,,762485,,,Jelena Ostapenko,,,,,6-4 6-3,3,R16,,1,1,,,,,,,,1,2,,,,,,,,89,821,24,1741
2026-abu-dhabi,Abu Dhabi,Hard,,P,20260201,19,444525,,,Sonay Kartal,,,,,988957,,,Renata Zarazua,,,,,6-0 6-3,3,R16,,1,0,,,,,,,,0,1,,,,,,,,61,1004,92,804
2026-abu-dhabi,Abu Dhabi,Hard,,P,20260201,20,261807,,,Alexandra Eala,,,,,114904,,,Aliaksandra Sasnovich,,,,,2-6 6-4 7-6,3,R16,,0,3,,,,,,,,5,5,,,,,,,,49,1159,104,755
2026-abu-dhabi,Abu Dhabi,Hard,,P,20260201,21,359411,,,Clara Tauson,,,,,421789,,,Mccartney Kessler,,,,,6-3 6-4,3,QF,,4,5,,,,,,,,1,1,,,,,,,,16,2345,32,1395
2026-abu-dhabi,Abu Dhabi,Hard,,P,20260201,22,429517,,,Sara Bejlek,,,,,444525,,,Sonay Kartal,,,,,6-0 6-2,3,QF,,0,4,,,,,,,,0,0,,,,,,,,101,753,61,1004
2026-abu-dhabi,Abu Dhabi,Hard,,P,20260201,23,558914,,,Ekaterina Alexandrova,,,,,261807,,,Alexandra Eala,,,,,6-3 6-3,3,QF,,4,3,,,,,,,,0,1,,,,,,,,11,2983,45,1163
2026-abu-dhabi,Abu Dhabi,Hard,,P,20260201,24,987862,,,Hailey Baptiste,,,,,286370,,,Liudmila Samsonova,,,,,6-2 4-6 6-4,3,QF,,4,4,,,,,,,,0,3,,,,,,,,56,1071,18,2062
2026-abu-dhabi,Abu Dhabi,Hard,,P,20260201,25,558914,,,Ekaterina Alexandrova,,,,,987862,,,Hailey Baptiste,,,,,3-6 7-6 6-3,3,SF,,5,6,,,,,,,,3,5,,,,,,,,11,2983,56,1071
2026-abu-dhabi,Abu Dhabi,Hard,,P,20260201,26,429517,,,Sara Bejlek,,,,,359411,,,Clara Tauson,,,,,7-5 3-6 7-5,3,SF,,0,1,,,,,,,,0,4,,,,,,,,101,753,16,2345
2026-abu-dhabi,Abu Dhabi,Hard,,P,20260201,27,429517,,,Sara Bejlek,,,,,558914,,,Ekaterina Alexandrova,,,,,7-6 6-1,3,F,,4,2,,,,,,,,0,3,,,,,,,,101,753,11,2983
2026-cluj-napoca-wta-indoor,Cluj-Napoca WTA (indoor),Hard,,I,20260201,1,803486,,,Yue Yuan,,,,,651454,,,Antonia Ruzic,,,,,6-4 5-7 6-2,3,R32,,5,1,,,,,,,,3,6,,,,,,,,130,552,71,925
2026-cluj-napoca-wta-indoor,Cluj-Napoca WTA (indoor),Hard,,I,20260201,2,355591,,,Sara Sorribes Tormo,,,,,897792,,,Viktoriya Tomova,,,,,6-2 7-5,3,R32,,2,4,,,,,,,,0,5,,,,,,,,293,216,128,557
2026-cluj-napoca-wta-indoor,Cluj-Napoca WTA (indoor),Hard,,I,20260201,3,610520,,,Anna Bondar,,,,,631483,,,Ella Seidel,,,,,4-6 7-6 6-0,3,R32,,11,2,,,,,,,,3,4,,,,,,,,75,877,78,850
2026-cluj-napoca-wta-indoor,Cluj-Napoca WTA (indoor),Hard,,I,20260201,4,571895,,,Oleksandra Oliynykova,,,,,729721,,,Mayar Sherif,,,,,6-7 6-4 6-4,3,R32,,0,1,,,,,,,,0,3,,,,,,,,90,804,109,715
2026-cluj-napoca-wta-indoor,Cluj-Napoca WTA (indoor),Hard,,I,20260201,5,506008,,,Kaja Juvan,,,,,813711,,,Bertea E. R.,,,,,6-3 6-4,3,R32,,2,4,,,,,,,,0,3,,,,,,,,97,770,299,215
2026-cluj-napoca-wta-indoor,Cluj-Napoca WTA (indoor),Hard,,I,20260201,6,926087,,,Anastasia Zakharova,,,,,884844,,,Karolina Pliskova,,,,,4-6 6-2 6-2,3,R32,,6,8,,,,,,,,6,6,,,,,,,,103,742,1052,16
2026-cluj-napoca-wta-indoor,Cluj-Napoca WTA (indoor),Hard,,I,20260201,7,688936,,,Tamara Zidansek,,,,,890144,,,Veronika Erjavec,,,,,6-1 6-4,3,R32,,0,0,,,,,,,,0,0,,,,,,,,151,477,102,765
2026-cluj-napoca-wta-indoor,Cluj-Napoca WTA (indoor),Hard,,I,20260201,8,923407,,,Olga Danilovic,,,,,104163,,,Miriam Bianca Bulgaru,,,,,6-4 6-3,3,R32,,2,3,,,,,,,,0,3,,,,,,,,68,957,197,364
2026-cluj-napoca-wta-indoor,Cluj-Napoca WTA (indoor),Hard,,I,20260201,9,679599,,,Maja Chwalinska,,,,,288191,,,Ana Bogdan,,,,,6-3 6-2,3,R32,,1,2,,,,,,,,2,0,,,,,,,,145,503,517,99
2026-cluj-napoca-wta-indoor,Cluj-Napoca WTA (indoor),Hard,,I,20260201,10,858188,,,Emma Raducanu,,,,,460146,,,Greet Minnen,,,,,6-0 6-4,3,R32,,3,0,,,,,,,,4,3,,,,,,,,29,1563,123,591
2026-cluj-napoca-wta-indoor,Cluj-Napoca WTA (indoor),Hard,,I,20260201,11,600745,,,Sorana Cirstea,,,,,568609,,,Kamilla Rakhimova,,,,,6-4 6-4,3,R32,,14,1,,,,,,,,2,5,,,,,,,,41,1249,91,802
2026-cluj-napoca-wta-indoor,Cluj-Napoca WTA (indoor),Hard,,I,20260201,12,651611,,,Anastasia Potapova,,,,,152800,,,Lucia Bronzetti,,,,,5-7 6-4 7-5,3,R32,,2,8,,,,,,,,8,3,,,,,,,,54,1103,106,728
2026-cluj-napoca-wta-indoor,Cluj-Napoca WTA (indoor),Hard,,I,20260201,13,571895,,,Oleksandra Oliynykova,,,,,610520,,,Anna Bondar,,,,,6-4 6-4,3,R16,,1,1,,,,,,,,4,0,,,,,,,,92,804,74,913
2026-cluj-napoca-wta-indoor,Cluj-Napoca WTA (indoor),Hard,,I,20260201,14,803486,,,Yue Yuan,,,,,355591,,,Sara Sorribes Tormo,,,,,4-6 6-2 7-6,3,R16,,0,0,,,,,,,,1,0,,,,,,,,130,552,297,217
2026-cluj-napoca-wta-indoor,Cluj-Napoca WTA (indoor),Hard,,I,20260201,15,600494,,,Xinyu Wang,,,,,937862,,,Kaitlin Quevedo,,,,,6-3 6-0,3,R32,,3,4,,,,,,,,0,0,,,,,,,,46,1197,129,553
2026-cluj-napoca-wta-indoor,Cluj-Napoca WTA (indoor),Hard,,I,20260201,16,149280,,,Rebeka Masarova,,,,,275310,,,Elena-Gabriela Ruse,,,,,6-1 4-6 6-2,3,R32,,6,5,,,,,,,,1,3,,,,,,,,115,659,79,849
2026-cluj-napoca-wta-indoor,Cluj-Napoca WTA (indoor),Hard,,I,20260201,17,656660,,,Daria Snigur,,,,,792158,,,Tiantsoa Rakotomanga Rajaonah,,,,,6-3 6-3,3,R32,,1,0,,,,,,,,0,4,,,,,,,,136,526,118,640
2026-cluj-napoca-wta-indoor,Cluj-Napoca WTA (indoor),Hard,,I,20260201,18,885728,,,Jaqueline  Cristian,,,,,647835,,,Lucrezia Stefanini,,,,,6-2 2-6 7-5,3,R32,,2,3,,,,,,,,1,5,,,,,,,,35,1427,139,518
2026-cluj-napoca-wta-indoor,Cluj-Napoca WTA (indoor),Hard,,I,20260201,19,600494,,,Xinyu Wang,,,,,149280,,,Rebeka Masarova,,,,,6-4 6-2,3,R16,,4,4,,,,,,,,0,4,,,,,,,,33,1356,114,649
2026-cluj-napoca-wta-indoor,Cluj-Napoca WTA (indoor),Hard,,I,20260201,20,651611,,,Anastasia Potapova,,,,,926087,,,Anastasia Zakharova,,,,,1-6 6-4 6-3,3,R16,,4,7,,,,,,,,1,1,,,,,,,,58,1068,107,719
2026-cluj-napoca-wta-indoor,Cluj-Napoca WTA (indoor),Hard,,I,20260201,21,679599,,,Maja Chwalinska,,,,,923407,,,Olga Danilovic,,,,,6-1 1-6 6-2,3,R16,,2,2,,,,,,,,3,4,,,,,,,,145,503,69,981
2026-cluj-napoca-wta-indoor,Cluj-Napoca WTA (indoor),Hard,,I,20260201,22,656660,,,Daria Snigur,,,,,885728,,,Jaqueline  Cristian,,,,,6-1 6-0,3,R16,,1,1,,,,,,,,1,6,,,,,,,,144,516,35,1307
2026-cluj-napoca-wta-indoor,Cluj-Napoca WTA (indoor),Hard,,I,20260201,23,600745,,,Sorana Cirstea,,,,,688936,,,Tamara Zidansek,,,,,6-1 6-0,3,R16,,1,1,,,,,,,,0,0,,,,,,,,41,1249,151,477
2026-cluj-napoca-wta-indoor,Cluj-Napoca WTA (indoor),Hard,,I,20260201,24,858188,,,Emma Raducanu,,,,,506008,,,Kaja Juvan,,,,,7-5 6-1,3,R16,,2,2,,,,,,,,1,3,,,,,,,,29,1607,100,770
2026-cluj-napoca-wta-indoor,Cluj-Napoca WTA (indoor),Hard,,I,20260201,25,571895,,,Oleksandra Oliynykova,,,,,600494,,,Xinyu Wang,,,,,6-4 6-4,3,QF,,0,4,,,,,,,,1,1,,,,,,,,91,805,33,1356
2026-cluj-napoca-wta-indoor,Cluj-Napoca WTA (indoor),Hard,,I,20260201,26,858188,,,Emma Raducanu,,,,,679599,,,Maja Chwalinska,,,,,6-0 6-4,3,QF,,0,1,,,,,,,,4,5,,,,,,,,30,1547,146,493
2026-cluj-napoca-wta-indoor,Cluj-Napoca WTA (indoor),Hard,,I,20260201,27,600745,,,Sorana Cirstea,,,,,651611,,,Anastasia Potapova,,,,,7-5 6-4,3,QF,,2,0,,,,,,,,0,7,,,,,,,,36,1303,58,1068
2026-cluj-napoca-wta-indoor,Cluj-Napoca WTA (indoor),Hard,,I,20260201,28,656660,,,Daria Snigur,,,,,803486,,,Yue Yuan,,,,,4-6 6-0 7-5,3,QF,,0,2,,,,,,,,6,3,,,,,,,,144,516,130,582
2026-cluj-napoca-wta-indoor,Cluj-Napoca WTA (indoor),Hard,,I,20260201,29,858188,,,Emma Raducanu,,,,,571895,,,Oleksandra Oliynykova,,,,,7-5 3-6 6-3,3,SF,,0,5,,,,,,,,0,6,,,,,,,,30,1547,91,805
2026-cluj-napoca-wta-indoor,Cluj-Napoca WTA (indoor),Hard,,I,20260201,30,600745,,,Sorana Cirstea,,,,,656660,,,Daria Snigur,,,,,6-0 6-3,3,SF,,3,1,,,,,,,,0,1,,,,,,,,36,1303,144,516
2026-cluj-napoca-wta-indoor,Cluj-Napoca WTA (indoor),Hard,,I,20260201,31,600745,,,Sorana Cirstea,,,,,858188,,,Emma Raducanu,,,,,6-0 6-2,3,F,,6,2,,,,,,,,0,6,,,,,,,,36,1303,30,1547
2026-ostrava-wta-indoor,Ostrava WTA (indoor),Hard,,I,20260201,1,272544,,,Elina Avanesyan,,,,,482165,,,Moyuka Uchijima,,,,,6-3 2-6 6-3,3,R32,,0,6,,,,,,,,1,8,,,,,,,,149,491,88,822
2026-ostrava-wta-indoor,Ostrava WTA (indoor),Hard,,I,20260201,2,421894,,,Katie Volynets,,,,,190070,,,Linda Klimovicova,,,,,6-2 6-1,3,R32,,1,0,,,,,,,,3,2,,,,,,,,94,783,134,538
2026-ostrava-wta-indoor,Ostrava WTA (indoor),Hard,,I,20260201,3,412476,,,Tereza Martincova,,,,,425404,,,Dalma Galfi,,,,,2-6 6-3 7-5,3,R32,,0,2,,,,,,,,4,0,,,,,,,,461,117,93,789
2026-ostrava-wta-indoor,Ostrava WTA (indoor),Hard,,I,20260201,4,416641,,,Panna Udvardy,,,,,219553,,,Darja Vidmanova,,,,,7-5 6-3,3,R32,,1,4,,,,,,,,1,1,,,,,,,,89,819,142,509
2026-ostrava-wta-indoor,Ostrava WTA (indoor),Hard,,I,20260201,5,520895,,,Caty Mcnally,,,,,689373,,,Suzan Lamens,,,,,6-3 7-5,3,R32,,1,3,,,,,,,,2,7,,,,,,,,83,836,95,780
2026-ostrava-wta-indoor,Ostrava WTA (indoor),Hard,,I,20260201,6,671871,,,Diane Parry,,,,,192862,,,Oceane Dodin,,,,,6-1 6-4,3,R32,,10,1,,,,,,,,1,5,,,,,,,,122,615,824,37
2026-ostrava-wta-indoor,Ostrava WTA (indoor),Hard,,I,20260201,7,663060,,,Alycia Parks,,,,,346262,,,Julia Grabher,,,,,7-6 6-2,3,R32,,8,2,,,,,,,,2,4,,,,,,,,100,760,92,799
2026-ostrava-wta-indoor,Ostrava WTA (indoor),Hard,,I,20260201,8,293685,,,Tamara Korpatsch,,,,,790018,,,Anna Siskova,,,,,6-4 6-4,3,R32,,0,2,,,,,,,,2,3,,,,,,,,124,590,260,274
2026-ostrava-wta-indoor,Ostrava WTA (indoor),Hard,,I,20260201,9,192242,,,Fiona Ferro,,,,,221384,,,Brenda Fruhvirtova,,,,,6-1 6-1,3,R32,,1,3,,,,,,,,0,2,,,,,,,,369,168,819,38
2026-ostrava-wta-indoor,Ostrava WTA (indoor),Hard,,I,20260201,10,515592,,,Nikola Bartunkova,,,,,126226,,,Anna Blinkova,,,,,6-4 6-4,3,R32,,5,2,,,,,,,,1,1,,,,,,,,126,582,62,1016
2026-ostrava-wta-indoor,Ostrava WTA (indoor),Hard,,I,20260201,11,334255,,,Linda Fruhvirtova,,,,,531454,,,Mona Barthel,,,,,7-6 6-4,3,R32,,1,5,,,,,,,,3,7,,,,,,,,132,548,229,319
2026-ostrava-wta-indoor,Ostrava WTA (indoor),Hard,,I,20260201,12,123538,,,Rebecca Sramkova,,,,,964476,,,Valdmannova V.,,,,,6-2 6-3,3,R32,,3,4,,,,,,,,2,4,,,,,,,,73,914,321,201
2026-ostrava-wta-indoor,Ostrava WTA (indoor),Hard,,I,20260201,13,970027,,,Katie Boulter,,,,,930140,,,Lucie Havlickova,,,,,6-4 3-6 6-1,3,R32,,4,2,,,,,,,,6,4,,,,,,,,113,684,279,243
2026-ostrava-wta-indoor,Ostrava WTA (indoor),Hard,,I,20260201,14,988932,,,Viktorija Golubic,,,,,879393,,,Sinja Kraus,,,,,6-4 6-0,3,R32,,2,0,,,,,,,,0,3,,,,,,,,81,841,104,742
2026-ostrava-wta-indoor,Ostrava WTA (indoor),Hard,,I,20260201,15,421894,,,Katie Volynets,,,,,913730,,,Tatjana Maria,,,,,7-5 6-1,3,R16,,2,0,,,,,,,,3,3,,,,,,,,96,783,42,1232
2026-ostrava-wta-indoor,Ostrava WTA (indoor),Hard,,I,20260201,16,520895,,,Caty Mcnally,,,,,412476,,,Tereza Martincova,,,,,6-4 6-4,3,R16,,2,1,,,,,,,,1,3,,,,,,,,85,836,469,117
2026-ostrava-wta-indoor,Ostrava WTA (indoor),Hard,,I,20260201,17,663060,,,Alycia Parks,,,,,272544,,,Elina Avanesyan,,,,,6-4 6-2,3,R16,,9,3,,,,,,,,0,6,,,,,,,,99,770,149,491
2026-ostrava-wta-indoor,Ostrava WTA (indoor),Hard,,I,20260201,18,293685,,,Tamara Korpatsch,,,,,741705,,,Emiliana Arango,,,,,6-3 6-4,3,R16,,3,2,,,,,,,,0,0,,,,,,,,124,590,51,1149
2026-ostrava-wta-indoor,Ostrava WTA (indoor),Hard,,I,20260201,19,970027,,,Katie Boulter,,,,,988932,,,Viktorija Golubic,,,,,6-2 6-2,3,R16,,0,4,,,,,,,,1,4,,,,,,,,120,624,89,810
2026-ostrava-wta-indoor,Ostrava WTA (indoor),Hard,,I,20260201,20,334255,,,Linda Fruhvirtova,,,,,123538,,,Rebecca Sramkova,,,,,6-3 6-1,3,R16,,3,3,,,,,,,,2,4,,,,,,,,121,618,81,848
2026-ostrava-wta-indoor,Ostrava WTA (indoor),Hard,,I,20260201,21,515592,,,Nikola Bartunkova,,,,,192242,,,Fiona Ferro,,,,,6-4 3-6 6-1,3,R16,,8,5,,,,,,,,0,2,,,,,,,,126,582,369,168
2026-ostrava-wta-indoor,Ostrava WTA (indoor),Hard,,I,20260201,22,671871,,,Diane Parry,,,,,416641,,,Panna Udvardy,,,,,6-1 6-2,3,R16,,1,2,,,,,,,,0,4,,,,,,,,122,615,90,819
2026-ostrava-wta-indoor,Ostrava WTA (indoor),Hard,,I,20260201,23,421894,,,Katie Volynets,,,,,663060,,,Alycia Parks,,,,,5-7 6-4 6-2,3,QF,,1,0,,,,,,,,10,13,,,,,,,,96,783,85,830
2026-ostrava-wta-indoor,Ostrava WTA (indoor),Hard,,I,20260201,24,970027,,,Katie Boulter,,,,,334255,,,Linda Fruhvirtova,,,,,6-3 6-2,3,QF,,0,3,,,,,,,,4,3,,,,,,,,120,624,121,618
2026-ostrava-wta-indoor,Ostrava WTA (indoor),Hard,,I,20260201,25,671871,,,Diane Parry,,,,,515592,,,Nikola Bartunkova,,,,,6-1 6-3,3,QF,,6,1,,,,,,,,1,2,,,,,,,,119,627,108,712
2026-ostrava-wta-indoor,Ostrava WTA (indoor),Hard,,I,20260201,26,293685,,,Tamara Korpatsch,,,,,520895,,,Caty Mcnally,,,,,6-4 6-2,3,QF,,0,1,,,,,,,,1,2,,,,,,,,124,600,71,896
2026-ostrava-wta-indoor,Ostrava WTA (indoor),Hard,,I,20260201,27,970027,,,Katie Boulter,,,,,421894,,,Katie Volynets,,,,,6-1 6-3,3,SF,,3,3,,,,,,,,0,2,,,,,,,,120,624,96,783
2026-ostrava-wta-indoor,Ostrava WTA (indoor),Hard,,I,20260201,28,293685,,,Tamara Korpatsch,,,,,671871,,,Diane Parry,,,,,6-4 6-4,3,SF,,0,6,,,,,,,,1,1,,,,,,,,124,600,119,627
2026-ostrava-wta-indoor,Ostrava WTA (indoor),Hard,,I,20260201,29,970027,,,Katie Boulter,,,,,293685,,,Tamara Korpatsch,,,,,5-7 6-2 6-1,3,F,,3,0,,,,,,,,5,2,,,,,,,,120,624,124,600
2026-doha,Doha,Hard,,PM,20260208,1,362890,,,Magdalena Frech,,,,,286370,,,Liudmila Samsonova,,,,,6-3 4-6 7-6,3,R64,,6,1,,,,,,,,1,4,,,,,,,,60,1033,18,2062
2026-doha,Doha,Hard,,PM,20260208,2,323630,,,Varvara Gracheva,,,,,685811,,,Laura Siegemund,,,,,7-6 6-4,3,R64,,1,2,,,,,,,,1,5,,,,,,,,73,887,48,1111
2026-doha,Doha,Hard,,PM,20260208,3,673285,,,Vera Zvonareva,,,,,688846,,,Peyton Stearns,,,,,2-6 6-2 6-3,3,R64,,2,3,,,,,,,,7,2,,,,,,,,584,82,50,1107
2026-doha,Doha,Hard,,PM,20260208,4,809758,,,Elise Mertens,,,,,834140,,,Anastasia Pavlyuchenkova,,,,,6-2 6-1,3,R64,,4,1,,,,,,,,1,5,,,,,,,,22,1936,100,765
2026-doha,Doha,Hard,,PM,20260208,5,663060,,,Alycia Parks,,,,,425446,,,Diana Shnaider,,,,,1-6 6-4 7-6,3,R64,,11,4,,,,,,,,0,0,,,,,,,,85,830,21,1953
2026-doha,Doha,Hard,,PM,20260208,6,121013,,,Elisabetta Cocciaretto,,,,,973113,,,Elsa Jacquemot,,,,,7-6 6-2,3,R64,,1,1,,,,,,,,5,4,,,,,,,,51,1099,53,1091
2026-doha,Doha,Hard,,PM,20260208,7,619460,,,Ann Li,,,,,914953,,,Leylah Fernandez,,,,,6-4 6-3,3,R64,,1,1,,,,,,,,4,2,,,,,,,,41,1243,25,1701
2026-doha,Doha,Hard,,PM,20260208,8,684064,,,Magda Linette,,,,,444525,,,Sonay Kartal,,,,,6-4 3-6 6-3,3,R64,,10,1,,,,,,,,3,0,,,,,,,,39,1277,61,1004
2026-doha,Doha,Hard,,PM,20260208,9,844223,,,Victoria Mboko,,,,,369605,,,Marie Bouzkova,,,,,7-5 6-2,3,R64,,0,6,,,,,,,,1,5,,,,,,,,13,2606,37,1285
2026-doha,Doha,Hard,,PM,20260208,10,884844,,,Karolina Pliskova,,,,,519047,,,Solana Sierra,,,,,6-1 6-2,3,R64,,5,2,,,,,,,,1,2,,,,,,,,416,146,63,987
2026-doha,Doha,Hard,,PM,20260208,11,626163,,,Daria Kasatkina,,,,,482165,,,Moyuka Uchijima,,,,,4-6 6-3 6-0,3,R64,,3,6,,,,,,,,4,3,,,,,,,,62,997,87,822
2026-doha,Doha,Hard,,PM,20260208,12,563551,,,Karolina Muchova,,,,,885728,,,Jaqueline  Cristian,,,,,6-2 6-3,3,R64,,1,0,,,,,,,,4,4,,,,,,,,19,2058,35,1307
2026-doha,Doha,Hard,,PM,20260208,13,187314,,,Linda Noskova,,,,,690300,,,Maya Joint,,,,,6-4 6-0,3,R64,,1,5,,,,,,,,0,0,,,,,,,,12,2761,29,1549
2026-doha,Doha,Hard,,PM,20260208,14,600494,,,Xinyu Wang,,,,,741705,,,Emiliana Arango,,,,,6-1 7-5,3,R64,,1,6,,,,,,,,0,3,,,,,,,,33,1356,46,1142
2026-doha,Doha,Hard,,PM,20260208,15,813190,,,Dayana Yastremska,,,,,480371,,,Cristina Bucsa,,,,,6-4 4-6 7-6,3,R64,,5,5,,,,,,,,1,3,,,,,,,,43,1175,57,1069
2026-doha,Doha,Hard,,PM,20260208,16,344482,,,Katerina Siniakova,,,,,359411,,,Clara Tauson,,,,,6-4 6-1,3,R64,,1,4,,,,,,,,3,2,,,,,,,,40,1275,16,2345
2026-doha,Doha,Hard,,PM,20260208,17,922335,,,Tereza Valentova,,,,,261807,,,Alexandra Eala,,,,,7-6 6-1,3,R64,,4,3,,,,,,,,0,3,,,,,,,,44,1175,45,1163
2026-doha,Doha,Hard,,PM,20260208,18,804248,,,Emma Navarro,,,,,913730,,,Tatjana Maria,,,,,7-5 6-1,3,R64,,2,1,,,,,,,,4,2,,,,,,,,17,2095,54,1089
2026-doha,Doha,Hard,,PM,20260208,19,809492,,,Qinwen Zheng,,,,,549141,,,Sofia Kenin,,,,,4-6 6-1 6-2,3,R64,,20,3,,,,,,,,1,4,,,,,,,,26,1658,28,1567
2026-doha,Doha,Hard,,PM,20260208,20,762485,,,Jelena Ostapenko,,,,,926087,,,Anastasia Zakharova,,,,,6-7 6-3 6-4,3,R64,,9,7,,,,,,,,3,6,,,,,,,,24,1801,107,719
2026-doha,Doha,Hard,,PM,20260208,21,710062,,,Maria Sakkari,,,,,337480,,,Zeynep Sonmez,,,,,6-1 6-3,3,R64,,1,1,,,,,,,,0,2,,,,,,,,49,1110,79,854
2026-doha,Doha,Hard,,PM,20260208,22,393113,,,Anna Kalinskaya,,,,,595819,,,Jessica Bouzas Maneiro,,,,,6-2 6-1,3,R64,,0,4,,,,,,,,2,5,,,,,,,,27,1575,42,1202
2026-doha,Doha,Hard,,PM,20260208,23,884844,,,Karolina Pliskova,,,,,324536,,,Amanda Anisimova,,,,,5-7 7-6 4-1,3,R32,,7,3,,,,,,,,4,1,,,,,,,,416,146,4,6680
2026-doha,Doha,Hard,,PM,20260208,24,769396,,,Camila Osorio,,,,,858188,,,Emma Raducanu,,,,,2-6 6-4 2-0,3,R64,,5,6,,,,,,,,0,3,,,,,,,,80,851,30,1547
2026-doha,Doha,Hard,,PM,20260208,25,797291,,,Janice Tjen,,,,,692146,,,Beatriz Haddad Maia,,,,,6-0 6-1,3,R64,,3,1,,,,,,,,2,2,,,,,,,,47,1139,68,932
2026-doha,Doha,Hard,,PM,20260208,26,727666,,,Mirra Andreeva,,,,,684064,,,Magda Linette,,,,,7-6 6-1,3,R32,,4,1,,,,,,,,2,0,,,,,,,,7,4731,39,1277
2026-doha,Doha,Hard,,PM,20260208,27,626163,,,Daria Kasatkina,,,,,809758,,,Elise Mertens,,,,,6-4 6-0,3,R32,,0,6,,,,,,,,2,4,,,,,,,,62,997,22,1936
2026-doha,Doha,Hard,,PM,20260208,28,619460,,,Ann Li,,,,,362890,,,Magdalena Frech,,,,,6-3 6-4,3,R32,,4,3,,,,,,,,1,1,,,,,,,,41,1243,60,1033
2026-doha,Doha,Hard,,PM,20260208,29,710062,,,Maria Sakkari,,,,,324333,,,Jasmine Paolini,,,,,6-4 6-2,3,R32,,3,0,,,,,,,,0,2,,,,,,,,52,1110,8,4267
2026-doha,Doha,Hard,,PM,20260208,30,762485,,,Jelena Ostapenko,,,,,558914,,,Ekaterina Alexandrova,,,,,6-4 6-2,3,R32,,4,3,,,,,,,,5,1,,,,,,,,24,1860,10,3200
2026-doha,Doha,Hard,,PM,20260208,31,121013,,,Elisabetta Cocciaretto,,,,,296713,,,Coco Gauff,,,,,6-4 6-2,3,R32,,0,2,,,,,,,,2,3,,,,,,,,51,1099,5,6423
2026-doha,Doha,Hard,,PM,20260208,32,844223,,,Victoria Mboko,,,,,673285,,,Vera Zvonareva,,,,,6-4 6-4,3,R32,,6,6,,,,,,,,1,4,,,,,,,,13,2606,584,82
2026-doha,Doha,Hard,,PM,20260208,33,323630,,,Varvara Gracheva,,,,,187314,,,Linda Noskova,,,,,6-2 2-6 7-5,3,R32,,4,8,,,,,,,,11,6,,,,,,,,73,887,12,2761
2026-doha,Doha,Hard,,PM,20260208,34,568896,,,Elina Svitolina,,,,,813190,,,Dayana Yastremska,,,,,6-1 6-4,3,R32,,5,2,,,,,,,,2,6,,,,,,,,10,3205,43,1175
2026-doha,Doha,Hard,,PM,20260208,35,139227,,,Iga Swiatek,,,,,797291,,,Janice Tjen,,,,,6-0 6-3,3,R32,,4,2,,,,,,,,1,1,,,,,,,,2,7978,46,1185
2026-doha,Doha,Hard,,PM,20260208,36,769396,,,Camila Osorio,,,,,344482,,,Katerina Siniakova,,,,,6-2 5-7 6-3,3,R32,,0,6,,,,,,,,1,5,,,,,,,,80,851,44,1207
2026-doha,Doha,Hard,,PM,20260208,37,563551,,,Karolina Muchova,,,,,922335,,,Tereza Valentova,,,,,6-1 6-4,3,R32,,1,0,,,,,,,,2,4,,,,,,,,19,2058,44,1175
2026-doha,Doha,Hard,,PM,20260208,38,809492,,,Qinwen Zheng,,,,,663060,,,Alycia Parks,,,,,7-6 3-6 6-2,3,R32,,5,6,,,,,,,,11,8,,,,,,,,26,1658,77,872
2026-doha,Doha,Hard,,PM,20260208,39,350535,,,Elena Rybakina,,,,,600494,,,Xinyu Wang,,,,,6-2 6-4,3,R32,,2,1,,,,,,,,1,1,,,,,,,,3,7610,33,1356
2026-doha,Doha,Hard,,PM,20260208,40,393113,,,Anna Kalinskaya,,,,,804248,,,Emma Navarro,,,,,7-5 2-6 6-2,3,R32,,3,4,,,,,,,,7,3,,,,,,,,28,1575,18,2095
2026-doha,Doha,Hard,,PM,20260208,41,710062,,,Maria Sakkari,,,,,323630,,,Varvara Gracheva,,,,,7-6 6-0,3,R16,,6,0,,,,,,,,1,3,,,,,,,,52,1110,73,887
2026-doha,Doha,Hard,,PM,20260208,42,121013,,,Elisabetta Cocciaretto,,,,,619460,,,Ann Li,,,,,7-6 5-7 6-4,3,R16,,1,6,,,,,,,,8,2,,,,,,,,57,1063,41,1243
2026-doha,Doha,Hard,,PM,20260208,43,844223,,,Victoria Mboko,,,,,727666,,,Mirra Andreeva,,,,,6-3 3-6 7-6,3,R16,,5,7,,,,,,,,2,4,,,,,,,,13,2606,7,4731
2026-doha,Doha,Hard,,PM,20260208,44,762485,,,Jelena Ostapenko,,,,,769396,,,Camila Osorio,,,,,6-3 6-1,3,R16,,4,3,,,,,,,,1,4,,,,,,,,24,1860,80,851
2026-doha,Doha,Hard,,PM,20260208,45,139227,,,Iga Swiatek,,,,,626163,,,Daria Kasatkina,,,,,5-7 6-1 6-1,3,R16,,7,4,,,,,,,,1,4,,,,,,,,2,7978,61,997
2026-doha,Doha,Hard,,PM,20260208,46,563551,,,Karolina Muchova,,,,,884844,,,Karolina Pliskova,,,,,5-2,3,R16,,1,1,,,,,,,,0,3,,,,,,,,19,2058,418,147
2026-doha,Doha,Hard,,PM,20260208,47,350535,,,Elena Rybakina,,,,,809492,,,Qinwen Zheng,,,,,4-6 6-2 7-5,3,R16,,6,1,,,,,,,,9,6,,,,,,,,3,7523,26,1658
2026-doha,Doha,Hard,,PM,20260208,48,393113,,,Anna Kalinskaya,,,,,568896,,,Elina Svitolina,,,,,6-4 6-3,3,R16,,1,3,,,,,,,,5,2,,,,,,,,28,1575,9,3205
2026-doha,Doha,Hard,,PM,20260208,49,762485,,,Jelena Ostapenko,,,,,121013,,,Elisabetta Cocciaretto,,,,,7-5 6-4,3,QF,,2,2,,,,,,,,1,5,,,,,,,,24,1860,57,1063
2026-doha,Doha,Hard,,PM,20260208,50,710062,,,Maria Sakkari,,,,,139227,,,Iga Swiatek,,,,,2-6 6-4 7-5,3,QF,,0,2,,,,,,,,5,1,,,,,,,,52,1110,2,7978
2026-doha,Doha,Hard,,PM,20260208,51,844223,,,Victoria Mboko,,,,,350535,,,Elena Rybakina,,,,,7-5 4-6 6-4,3,QF,,6,2,,,,,,,,11,1,,,,,,,,13,2606,3,7523
2026-doha,Doha,Hard,,PM,20260208,52,563551,,,Karolina Muchova,,,,,393113,,,Anna Kalinskaya,,,,,6-3 6-4,3,QF,,1,0,,,,,,,,2,1,,,,,,,,19,2058,28,1575
2026-doha,Doha,Hard,,PM,20260208,53,844223,,,Victoria Mboko,,,,,762485,,,Jelena Ostapenko,,,,,6-3 6-2,3,SF,,6,4,,,,,,,,0,1,,,,,,,,13,2606,24,1860
2026-doha,Doha,Hard,,PM,20260208,54,563551,,,Karolina Muchova,,,,,710062,,,Maria Sakkari,,,,,3-6 6-4 6-1,3,SF,,4,1,,,,,,,,0,3,,,,,,,,19,2058,52,1110
2026-doha,Doha,Hard,,PM,20260208,55,563551,,,Karolina Muchova,,,,,844223,,,Victoria Mboko,,,,,6-4 7-5,3,F,,2,2,,,,,,,,4,1,,,,,,,,19,2058,13,2606
2026-dubai,Dubai,Hard,,PM,20260215,1,187314,,,Linda Noskova,,,,,619460,,,Ann Li,,,,,6-3 5-7 6-4,3,R64,,6,3,,,,,,,,13,1,,,,,,,,12,2626,41,1243
2026-dubai,Dubai,Hard,,PM,20260215,2,797291,,,Janice Tjen,,,,,813190,,,Dayana Yastremska,,,,,6-4 6-1,3,R64,,3,3,,,,,,,,0,7,,,,,,,,46,1185,42,1225
2026-dubai,Dubai,Hard,,PM,20260215,3,688846,,,Peyton Stearns,,,,,362890,,,Magdalena Frech,,,,,6-4 6-2,3,R64,,4,3,,,,,,,,1,1,,,,,,,,55,1078,59,1033
2026-dubai,Dubai,Hard,,PM,20260215,4,851560,,,Kimberly Birrell,,,,,913730,,,Tatjana Maria,,,,,6-4 3-6 7-5,3,R64,,2,9,,,,,,,,7,4,,,,,,,,96,789,54,1089
2026-dubai,Dubai,Hard,,PM,20260215,5,809758,,,Elise Mertens,,,,,369605,,,Marie Bouzkova,,,,,6-2 6-2,3,R64,,4,3,,,,,,,,2,1,,,,,,,,22,1936,37,1285
2026-dubai,Dubai,Hard,,PM,20260215,6,358837,,,Barbora Krejcikova,,,,,834140,,,Anastasia Pavlyuchenkova,,,,,6-4 6-4,3,R64,,8,3,,,,,,,,4,6,,,,,,,,53,1091,110,706
2026-dubai,Dubai,Hard,,PM,20260215,7,914953,,,Leylah Fernandez,,,,,286370,,,Liudmila Samsonova,,,,,5-7 7-5 6-3,3,R64,,7,3,,,,,,,,4,5,,,,,,,,27,1653,17,2116
2026-dubai,Dubai,Hard,,PM,20260215,8,631483,,,Ella Seidel,,,,,480371,,,Cristina Bucsa,,,,,6-1 6-4,3,R64,,6,5,,,,,,,,0,0,,,,,,,,100,777,56,1069
2026-dubai,Dubai,Hard,,PM,20260215,9,425446,,,Diana Shnaider,,,,,690300,,,Maya Joint,,,,,6-4 6-1,3,R64,,1,5,,,,,,,,0,0,,,,,,,,21,1953,30,1549
2026-dubai,Dubai,Hard,,PM,20260215,10,684064,,,Magda Linette,,,,,460138,,,Lulu Sun,,,,,4-6 6-4 6-1,3,R64,,10,4,,,,,,,,5,5,,,,,,,,47,1179,99,780
2026-dubai,Dubai,Hard,,PM,20260215,11,261807,,,Alexandra Eala,,,,,987862,,,Hailey Baptiste,,,,,6-4 0-1,3,R64,,1,1,,,,,,,,2,3,,,,,,,,40,1244,39,1264
2026-dubai,Dubai,Hard,,PM,20260215,12,429517,,,Sara Bejlek,,,,,337480,,,Zeynep Sonmez,,,,,6-2 6-2,3,R64,,2,5,,,,,,,,0,5,,,,,,,,38,1277,85,843
2026-dubai,Dubai,Hard,,PM,20260215,13,388459,,,Iva Jovic,,,,,568609,,,Kamilla Rakhimova,,,,,6-1 1-6 6-1,3,R64,,5,2,,,,,,,,3,8,,,,,,,,20,2031,92,802
2026-dubai,Dubai,Hard,,PM,20260215,14,804248,,,Emma Navarro,,,,,275310,,,Elena-Gabriela Ruse,,,,,6-4 7-5,3,R64,,1,6,,,,,,,,5,8,,,,,,,,18,2095,72,892
2026-dubai,Dubai,Hard,,PM,20260215,15,323630,,,Varvara Gracheva,,,,,123538,,,Rebecca Sramkova,,,,,7-5 1-6 6-4,3,R64,,3,5,,,,,,,,5,1,,,,,,,,73,887,82,848
2026-dubai,Dubai,Hard,,PM,20260215,16,600745,,,Sorana Cirstea,,,,,114904,,,Aliaksandra Sasnovich,,,,,6-3 7-6,3,R64,,5,3,,,,,,,,0,2,,,,,,,,31,1499,114,673
2026-dubai,Dubai,Hard,,PM,20260215,17,359411,,,Clara Tauson,,,,,549141,,,Sofia Kenin,,,,,7-6 6-2,3,R64,,20,5,,,,,,,,0,5,,,,,,,,14,2530,29,1567
2026-dubai,Dubai,Hard,,PM,20260215,18,626163,,,Daria Kasatkina,,,,,685811,,,Laura Siegemund,,,,,6-2 6-3,3,R64,,2,7,,,,,,,,1,2,,,,,,,,61,997,51,1111
2026-dubai,Dubai,Hard,,PM,20260215,19,218416,,,Belinda Bencic,,,,,595819,,,Jessica Bouzas Maneiro,,,,,2-6 6-1 6-2,3,R64,,2,2,,,,,,,,3,6,,,,,,,,11,2843,45,1202
2026-dubai,Dubai,Hard,,PM,20260215,20,797291,,,Janice Tjen,,,,,914953,,,Leylah Fernandez,,,,,7-6 6-4,3,R32,,5,5,,,,,,,,6,6,,,,,,,,46,1185,27,1653
2026-dubai,Dubai,Hard,,PM,20260215,21,926087,,,Anastasia Zakharova,,,,,482165,,,Moyuka Uchijima,,,,,6-2 6-4,3,R64,,0,1,,,,,,,,0,6,,,,,,,,105,737,88,810
2026-dubai,Dubai,Hard,,PM,20260215,22,393113,,,Anna Kalinskaya,,,,,762485,,,Jelena Ostapenko,,,,,2-6 6-1 6-4,3,R64,,3,2,,,,,,,,3,4,,,,,,,,28,1575,24,1860
2026-dubai,Dubai,Hard,,PM,20260215,23,651454,,,Antonia Ruzic,,,,,858188,,,Emma Raducanu,,,,,6-1 5-7 6-2,3,R64,,10,6,,,,,,,,6,7,,,,,,,,66,933,25,1700
2026-dubai,Dubai,Hard,,PM,20260215,24,695399,,,Paula Badosa,,,,,344482,,,Katerina Siniakova,,,,,6-3 7-5,3,R64,,6,9,,,,,,,,1,2,,,,,,,,64,966,44,1207
2026-dubai,Dubai,Hard,,PM,20260215,25,885728,,,Jaqueline  Cristian,,,,,302110,,,Petra Marcinko,,,,,6-1 6-1,3,R64,,3,3,,,,,,,,1,7,,,,,,,,36,1307,69,912
2026-dubai,Dubai,Hard,,PM,20260215,26,324536,,,Amanda Anisimova,,,,,358837,,,Barbora Krejcikova,,,,,,3,R32,,0,0,,,,,,,,0,0,,,,,,,,4,6680,53,1091
2026-dubai,Dubai,Hard,,PM,20260215,27,684064,,,Magda Linette,,,,,558914,,,Ekaterina Alexandrova,,,,,6-2 4-6 6-1,3,R32,,6,1,,,,,,,,1,4,,,,,,,,47,1179,10,3200
2026-dubai,Dubai,Hard,,PM,20260215,28,814118,,,Jessica Pegula,,,,,323630,,,Varvara Gracheva,,,,,6-4 6-0,3,R32,,4,1,,,,,,,,2,3,,,,,,,,6,6103,73,887
2026-dubai,Dubai,Hard,,PM,20260215,29,359411,,,Clara Tauson,,,,,688846,,,Peyton Stearns,,,,,6-2 6-4,3,R32,,11,4,,,,,,,,1,3,,,,,,,,14,2530,55,1078
2026-dubai,Dubai,Hard,,PM,20260215,30,727666,,,Mirra Andreeva,,,,,626163,,,Daria Kasatkina,,,,,,3,R32,,,,,,,,,,,,,,,,,,,,7,4786,61,997
2026-dubai,Dubai,Hard,,PM,20260215,31,388459,,,Iva Jovic,,,,,425446,,,Diana Shnaider,,,,,6-4 1-6 6-0,3,R32,,2,1,,,,,,,,3,2,,,,,,,,20,2031,21,1953
2026-dubai,Dubai,Hard,,PM,20260215,32,218416,,,Belinda Bencic,,,,,429517,,,Sara Bejlek,,,,,,3,R32,,,,,,,,,,,,,,,,,,,,13,2843,41,1277
2026-dubai,Dubai,Hard,,PM,20260215,33,809758,,,Elise Mertens,,,,,804248,,,Emma Navarro,,,,,6-2 6-2,3,R32,,5,1,,,,,,,,1,5,,,,,,,,22,1936,18,2095
2026-dubai,Dubai,Hard,,PM,20260215,34,885728,,,Jaqueline  Cristian,,,,,631483,,,Ella Seidel,,,,,6-0,3,R32,,1,2,,,,,,,,0,3,,,,,,,,39,1307,95,785
2026-dubai,Dubai,Hard,,PM,20260215,35,651454,,,Antonia Ruzic,,,,,926087,,,Anastasia Zakharova,,,,,6-1 6-7 6-1,3,R32,,2,4,,,,,,,,3,2,,,,,,,,67,933,104,754
2026-dubai,Dubai,Hard,,PM,20260215,36,296713,,,Coco Gauff,,,,,393113,,,Anna Kalinskaya,,,,,6-4 6-4,3,R32,,4,12,,,,,,,,0,2,,,,,,,,4,6423,23,1780
2026-dubai,Dubai,Hard,,PM,20260215,37,568896,,,Elina Svitolina,,,,,695399,,,Paula Badosa,,,,,6-4,3,R32,,1,2,,,,,,,,2,4,,,,,,,,9,3260,70,901
2026-dubai,Dubai,Hard,,PM,20260215,38,600745,,,Sorana Cirstea,,,,,187314,,,Linda Noskova,,,,,6-1 6-4,3,R32,,10,1,,,,,,,,2,4,,,,,,,,32,1439,14,2571
2026-dubai,Dubai,Hard,,PM,20260215,39,350535,,,Elena Rybakina,,,,,851560,,,Kimberly Birrell,,,,,6-1 6-2,3,R32,,6,1,,,,,,,,1,4,,,,,,,,3,7523,96,789
2026-dubai,Dubai,Hard,,PM,20260215,40,261807,,,Alexandra Eala,,,,,324333,,,Jasmine Paolini,,,,,6-1 7-6,3,R32,,2,2,,,,,,,,0,4,,,,,,,,40,1244,8,4267
2026-dubai,Dubai,Hard,,PM,20260215,41,324536,,,Amanda Anisimova,,,,,797291,,,Janice Tjen,,,,,6-1 6-3,3,R16,,2,4,,,,,,,,0,6,,,,,,,,6,5690,46,1236
2026-dubai,Dubai,Hard,,PM,20260215,42,359411,,,Clara Tauson,,,,,684064,,,Magda Linette,,,,,6-4 6-2,3,R16,,3,3,,,,,,,,2,2,,,,,,,,15,2530,50,1124
2026-dubai,Dubai,Hard,,PM,20260215,43,727666,,,Mirra Andreeva,,,,,885728,,,Jaqueline  Cristian,,,,,7-5 6-3,3,R16,,4,7,,,,,,,,0,6,,,,,,,,7,4786,39,1307
2026-dubai,Dubai,Hard,,PM,20260215,44,814118,,,Jessica Pegula,,,,,388459,,,Iva Jovic,,,,,6-4 6-2,3,R16,,5,1,,,,,,,,3,1,,,,,,,,5,5888,20,2008
2026-dubai,Dubai,Hard,,PM,20260215,45,651454,,,Antonia Ruzic,,,,,350535,,,Elena Rybakina,,,,,5-7 6-4 1-0,3,R16,,4,4,,,,,,,,10,5,,,,,,,,67,933,3,7523
2026-dubai,Dubai,Hard,,PM,20260215,46,568896,,,Elina Svitolina,,,,,218416,,,Belinda Bencic,,,,,4-6 6-1 6-3,3,R16,,9,4,,,,,,,,0,5,,,,,,,,9,3260,13,2843
2026-dubai,Dubai,Hard,,PM,20260215,47,296713,,,Coco Gauff,,,,,809758,,,Elise Mertens,,,,,2-6 7-6 6-3,3,R16,,1,12,,,,,,,,3,5,,,,,,,,4,6423,22,1881
2026-dubai,Dubai,Hard,,PM,20260215,48,261807,,,Alexandra Eala,,,,,600745,,,Sorana Cirstea,,,,,7-5 6-4,3,R16,,0,3,,,,,,,,2,3,,,,,,,,47,1227,32,1439
2026-dubai,Dubai,Hard,,PM,20260215,49,814118,,,Jessica Pegula,,,,,359411,,,Clara Tauson,,,,,6-3 2-6 6-4,3,QF,,8,3,,,,,,,,6,3,,,,,,,,5,5888,15,2530
2026-dubai,Dubai,Hard,,PM,20260215,50,324536,,,Amanda Anisimova,,,,,727666,,,Mirra Andreeva,,,,,2-6 7-5 7-6,3,QF,,0,8,,,,,,,,6,7,,,,,,,,6,5690,7,4786
2026-dubai,Dubai,Hard,,PM,20260215,51,296713,,,Coco Gauff,,,,,261807,,,Alexandra Eala,,,,,6-0 6-2,3,QF,,1,8,,,,,,,,0,1,,,,,,,,4,6423,47,1227
2026-dubai,Dubai,Hard,,PM,20260215,52,568896,,,Elina Svitolina,,,,,651454,,,Antonia Ruzic,,,,,3-6 6-2 6-3,3,QF,,7,7,,,,,,,,0,1,,,,,,,,9,3260,67,933
2026-dubai,Dubai,Hard,,PM,20260215,53,814118,,,Jessica Pegula,,,,,324536,,,Amanda Anisimova,,,,,1-6 6-4 6-3,3,SF,,2,3,,,,,,,,7,4,,,,,,,,5,5888,6,5690
2026-dubai,Dubai,Hard,,PM,20260215,54,568896,,,Elina Svitolina,,,,,296713,,,Coco Gauff,,,,,6-4 6-7 6-4,3,SF,,3,2,,,,,,,,2,12,,,,,,,,9,3260,4,6423
2026-dubai,Dubai,Hard,,PM,20260215,55,814118,,,Jessica Pegula,,,,,568896,,,Elina Svitolina,,,,,6-2 6-4,3,F,,3,2,,,,,,,,2,5,,,,,,,,5,5888,9,3260
2026-austin,Austin,Hard,,I,20260223,1,825397,,,Oksana Selekhmeteva,,,,,663060,,,Alycia Parks,,,,,6-4 3-6 6-3,3,R32,,1,8,,,,,,,,3,2,,,,,,,,74,878,77,872
2026-austin,Austin,Hard,,I,20260223,2,568609,,,Kamilla Rakhimova,,,,,610520,,,Anna Bondar,,,,,6-3 7-5,3,R32,,0,1,,,,,,,,9,1,,,,,,,,91,802,65,978
2026-austin,Austin,Hard,,I,20260223,3,515592,,,Nikola Bartunkova,,,,,421894,,,Katie Volynets,,,,,6-4 7-5,3,R32,,3,4,,,,,,,,1,3,,,,,,,,105,743,96,784
2026-austin,Austin,Hard,,I,20260223,4,791769,,,Whitney Osuigwe,,,,,937315,,,Elizabeth Mandlik,,,,,2-6 6-3 6-1,3,R32,,0,2,,,,,,,,1,4,,,,,,,,162,440,168,413
2026-austin,Austin,Hard,,I,20260223,5,948848,,,Taylor Townsend,,,,,334255,,,Linda Fruhvirtova,,,,,4-6 7-6 7-5,3,R32,,9,2,,,,,,,,3,3,,,,,,,,119,666,121,657
2026-austin,Austin,Hard,,I,20260223,6,149280,,,Rebeka Masarova,,,,,600494,,,Xinyu Wang,,,,,6-3 6-2,3,R32,,5,1,,,,,,,,0,5,,,,,,,,117,660,33,1438
2026-austin,Austin,Hard,,I,20260223,7,388459,,,Iva Jovic,,,,,126226,,,Anna Blinkova,,,,,6-3 6-4,3,R32,,6,1,,,,,,,,1,3,,,,,,,,20,2008,83,848
2026-austin,Austin,Hard,,I,20260223,8,425404,,,Dalma Galfi,,,,,409001,,,Bianca Andreescu,,,,,6-3 5-7 6-4,3,R32,,7,6,,,,,,,,3,7,,,,,,,,86,821,161,443
2026-austin,Austin,Hard,,I,20260223,9,506008,,,Kaja Juvan,,,,,737156,,,Claire Liu,,,,,6-4 7-6,3,R32,,1,2,,,,,,,,1,3,,,,,,,,92,796,213,338
2026-austin,Austin,Hard,,I,20260223,10,389789,,,Ajla Tomljanovic,,,,,969718,,,Venus Williams,,,,,6-4 6-1,3,R32,,0,5,,,,,,,,2,3,,,,,,,,73,881,555,92
2026-austin,Austin,Hard,,I,20260223,11,701534,,,Ashlyn Krueger,,,,,520895,,,Caty Mcnally,,,,,6-1 7-6,3,R32,,5,3,,,,,,,,1,3,,,,,,,,100,771,68,928
2026-austin,Austin,Hard,,I,20260223,12,851560,,,Kimberly Birrell,,,,,302110,,,Petra Marcinko,,,,,0-6 6-3 6-4,3,R32,,1,11,,,,,,,,4,5,,,,,,,,94,789,69,912
2026-austin,Austin,Hard,,I,20260223,13,803486,,,Yue Yuan,,,,,123538,,,Rebecca Sramkova,,,,,4-6 7-5 6-1,3,R32,,2,0,,,,,,,,4,5,,,,,,,,128,607,102,758
2026-austin,Austin,Hard,,I,20260223,14,688846,,,Peyton Stearns,,,,,794930,,,Francesca Jones,,,,,3-6 6-3 6-2,3,R32,,5,3,,,,,,,,0,1,,,,,,,,58,1023,72,890
2026-austin,Austin,Hard,,I,20260223,15,926087,,,Anastasia Zakharova,,,,,696314,,,Mary Stoiana,,,,,3-6 6-2 6-4,3,R32,,0,0,,,,,,,,3,2,,,,,,,,104,754,185,383
2026-austin,Austin,Hard,,I,20260223,16,446701,,,Caroline Dolehide,,,,,460138,,,Lulu Sun,,,,,6-2 6-3,3,R32,,0,4,,,,,,,,3,4,,,,,,,,121,627,98,780
2026-austin,Austin,Hard,,I,20260223,17,825397,,,Oksana Selekhmeteva,,,,,568609,,,Kamilla Rakhimova,,,,,6-2 7-5,3,R16,,3,6,,,,,,,,1,1,,,,,,,,76,878,92,802
2026-austin,Austin,Hard,,I,20260223,18,149280,,,Rebeka Masarova,,,,,791769,,,Whitney Osuigwe,,,,,7-6 6-3,3,R16,,7,3,,,,,,,,1,4,,,,,,,,120,660,163,444
2026-austin,Austin,Hard,,I,20260223,19,948848,,,Taylor Townsend,,,,,515592,,,Nikola Bartunkova,,,,,6-1 6-4,3,R16,,7,1,,,,,,,,2,5,,,,,,,,119,666,107,728
2026-austin,Austin,Hard,,I,20260223,20,803486,,,Yue Yuan,,,,,425404,,,Dalma Galfi,,,,,6-3 6-2,3,R16,,2,1,,,,,,,,1,4,,,,,,,,128,607,87,821
2026-austin,Austin,Hard,,I,20260223,21,701534,,,Ashlyn Krueger,,,,,926087,,,Anastasia Zakharova,,,,,7-5 6-3,3,R16,,10,5,,,,,,,,0,1,,,,,,,,103,752,88,819
2026-austin,Austin,Hard,,I,20260223,22,688846,,,Peyton Stearns,,,,,506008,,,Kaja Juvan,,,,,6-0 6-2,3,R16,,3,2,,,,,,,,1,8,,,,,,,,62,988,93,796
2026-austin,Austin,Hard,,I,20260223,23,851560,,,Kimberly Birrell,,,,,446701,,,Caroline Dolehide,,,,,6-4 6-2,3,R16,,0,8,,,,,,,,2,6,,,,,,,,80,857,126,627
2026-austin,Austin,Hard,,I,20260223,24,389789,,,Ajla Tomljanovic,,,,,388459,,,Iva Jovic,,,,,4-6 6-4 6-4,3,R16,,1,2,,,,,,,,1,5,,,,,,,,74,881,18,2095
2026-austin,Austin,Hard,,I,20260223,25,851560,,,Kimberly Birrell,,,,,389789,,,Ajla Tomljanovic,,,,,6-3 6-3,3,QF,,3,8,,,,,,,,2,5,,,,,,,,80,857,74,881
2026-austin,Austin,Hard,,I,20260223,26,948848,,,Taylor Townsend,,,,,149280,,,Rebeka Masarova,,,,,5-7 6-2 6-2,3,QF,,2,2,,,,,,,,6,10,,,,,,,,119,666,120,660
2026-austin,Austin,Hard,,I,20260223,27,688846,,,Peyton Stearns,,,,,825397,,,Oksana Selekhmeteva,,,,,6-1 5-7 7-5,3,QF,,5,8,,,,,,,,2,10,,,,,,,,62,988,76,878
2026-austin,Austin,Hard,,I,20260223,28,701534,,,Ashlyn Krueger,,,,,803486,,,Yue Yuan,,,,,7-6 6-4,3,QF,,5,1,,,,,,,,9,0,,,,,,,,103,752,128,607
2026-austin,Austin,Hard,,I,20260223,29,688846,,,Peyton Stearns,,,,,851560,,,Kimberly Birrell,,,,,6-3 3-6 6-2,3,SF,,4,10,,,,,,,,4,12,,,,,,,,62,988,80,857
2026-austin,Austin,Hard,,I,20260223,30,948848,,,Taylor Townsend,,,,,701534,,,Ashlyn Krueger,,,,,7-6 6-3,3,SF,,5,5,,,,,,,,5,7,,,,,,,,119,666,103,752
2026-austin,Austin,Hard,,I,20260223,31,688846,,,Peyton Stearns,,,,,948848,,,Taylor Townsend,,,,,7-6 7-5,3,F,,8,5,,,,,,,,2,6,,,,,,,,62,988,119,666
2026-merida,Merida,Hard,,P,20260223,1,420409,,,Marina Stakusic,,,,,813190,,,Dayana Yastremska,,,,,6-4 6-3,3,R32,,0,1,,,,,,,,0,6,,,,,,,,139,542,44,1265
2026-merida,Merida,Hard,,P,20260223,2,199960,,,Victoria Jimenez Kasintseva,,,,,133650,,,Yulia Putintseva,,,,,6-4 1-6 6-4,3,R32,,0,9,,,,,,,,0,5,,,,,,,,119,657,78,871
2026-merida,Merida,Hard,,P,20260223,3,970027,,,Katie Boulter,,,,,692146,,,Beatriz Haddad Maia,,,,,6-4 6-4,3,R32,,3,9,,,,,,,,0,7,,,,,,,,75,874,66,942
2026-merida,Merida,Hard,,P,20260223,4,741705,,,Emiliana Arango,,,,,651611,,,Anastasia Potapova,,,,,7-6 6-2,3,R32,,0,2,,,,,,,,0,4,,,,,,,,56,1027,76,873
2026-merida,Merida,Hard,,P,20260223,5,684064,,,Magda Linette,,,,,913730,,,Tatjana Maria,,,,,7-6 6-3,3,R32,,4,2,,,,,,,,0,1,,,,,,,,50,1124,54,1079
2026-merida,Merida,Hard,,P,20260223,6,769396,,,Camila Osorio,,,,,797291,,,Janice Tjen,,,,,6-4 6-3,3,R32,,5,6,,,,,,,,2,5,,,,,,,,62,991,46,1236
2026-merida,Merida,Hard,,P,20260223,7,480371,,,Cristina Bucsa,,,,,975382,,,Donna Vekic,,,,,6-3 6-2,3,R32,,2,5,,,,,,,,1,6,,,,,,,,63,984,99,776
2026-merida,Merida,Hard,,P,20260223,8,595819,,,Jessica Bouzas Maneiro,,,,,630986,,,Heather Watson,,,,,6-3 6-1,3,R32,,1,1,,,,,,,,0,4,,,,,,,,48,1202,278,241
2026-merida,Merida,Hard,,P,20260223,9,362890,,,Magdalena Frech,,,,,394732,,,Maria Timofeeva,,,,,6-4 7-6,3,R32,,0,5,,,,,,,,0,3,,,,,,,,55,1053,154,463
2026-merida,Merida,Hard,,P,20260223,10,337480,,,Zeynep Sonmez,,,,,742413,,,Cadence Brace,,,,,6-2 6-0,3,R32,,0,1,,,,,,,,0,3,,,,,,,,84,843,202,360
2026-merida,Merida,Hard,,P,20260223,11,861465,,,Priscilla Hon,,,,,988957,,,Renata Zarazua,,,,,6-2 2-6 6-4,3,R32,,2,4,,,,,,,,0,3,,,,,,,,136,555,89,814
2026-merida,Merida,Hard,,P,20260223,12,952597,,,Shuai Zhang,,,,,958557,,,Varvara Lepchenko,,,,,6-2 6-1,3,R32,,3,1,,,,,,,,1,2,,,,,,,,85,839,150,483
2026-merida,Merida,Hard,,P,20260223,13,199960,,,Victoria Jimenez Kasintseva,,,,,684064,,,Magda Linette,,,,,5-7 7-6 7-5,3,R16,,2,6,,,,,,,,4,5,,,,,,,,122,657,47,1234
2026-merida,Merida,Hard,,P,20260223,14,369605,,,Marie Bouzkova,,,,,741705,,,Emiliana Arango,,,,,2-6 6-1 2-0,3,R16,,1,6,,,,,,,,0,1,,,,,,,,34,1347,59,1027
2026-merida,Merida,Hard,,P,20260223,15,970027,,,Katie Boulter,,,,,769396,,,Camila Osorio,,,,,6-3 0-0,3,R16,,1,2,,,,,,,,1,3,,,,,,,,69,904,61,991
2026-merida,Merida,Hard,,P,20260223,16,480371,,,Cristina Bucsa,,,,,420409,,,Marina Stakusic,,,,,7-6 6-3,3,R16,,1,2,,,,,,,,1,3,,,,,,,,63,984,142,542
2026-merida,Merida,Hard,,P,20260223,17,362890,,,Magdalena Frech,,,,,595819,,,Jessica Bouzas Maneiro,,,,,6-0 6-3,3,R16,,0,0,,,,,,,,0,3,,,,,,,,57,1053,48,1202
2026-merida,Merida,Hard,,P,20260223,18,337480,,,Zeynep Sonmez,,,,,619460,,,Ann Li,,,,,3-6 7-6 6-4,3,R16,,0,6,,,,,,,,6,2,,,,,,,,81,851,39,1333
2026-merida,Merida,Hard,,P,20260223,19,324333,,,Jasmine Paolini,,,,,861465,,,Priscilla Hon,,,,,6-0 6-2,3,R16,,0,0,,,,,,,,2,5,,,,,,,,7,4047,136,555
2026-merida,Merida,Hard,,P,20260223,20,952597,,,Shuai Zhang,,,,,804248,,,Emma Navarro,,,,,6-4 6-4,3,R16,,1,2,,,,,,,,4,5,,,,,,,,86,821,20,2045
2026-merida,Merida,Hard,,P,20260223,21,362890,,,Magdalena Frech,,,,,369605,,,Marie Bouzkova,,,,,6-3 4-6 6-3,3,QF,,3,4,,,,,,,,1,5,,,,,,,,57,1053,34,1347
2026-merida,Merida,Hard,,P,20260223,22,480371,,,Cristina Bucsa,,,,,337480,,,Zeynep Sonmez,,,,,6-3 6-4,3,QF,,0,2,,,,,,,,0,4,,,,,,,,63,984,81,851
2026-merida,Merida,Hard,,P,20260223,23,952597,,,Shuai Zhang,,,,,199960,,,Victoria Jimenez Kasintseva,,,,,6-1 6-3,3,QF,,1,3,,,,,,,,0,2,,,,,,,,86,821,122,657
2026-merida,Merida,Hard,,P,20260223,24,324333,,,Jasmine Paolini,,,,,970027,,,Katie Boulter,,,,,0-6 6-3 6-3,3,QF,,1,2,,,,,,,,0,6,,,,,,,,7,4047,69,904
2026-merida,Merida,Hard,,P,20260223,25,362890,,,Magdalena Frech,,,,,952597,,,Shuai Zhang,,,,,6-2 6-7 6-3,3,SF,,3,6,,,,,,,,1,1,,,,,,,,57,1053,86,821
2026-merida,Merida,Hard,,P,20260223,26,480371,,,Cristina Bucsa,,,,,324333,,,Jasmine Paolini,,,,,7-5 6-4,3,SF,,0,2,,,,,,,,0,2,,,,,,,,63,984,7,4047
2026-merida,Merida,Hard,,P,20260223,27,480371,,,Cristina Bucsa,,,,,362890,,,Magdalena Frech,,,,,6-1 4-6 6-4,3,F,,2,4,,,,,,,,1,6,,,,,,,,63,984,57,1053
2026-indian-wells,Indian Wells,Hard,,PM,20260304,1,851560,,,Kimberly Birrell,,,,,825397,,,Oksana Selekhmeteva,,,,,6-1 6-4,3,R128,,0,3,,,,,,,,3,5,,,,,,,,69,925,71,917
2026-indian-wells,Indian Wells,Hard,,PM,20260304,2,600745,,,Sorana Cirstea,,,,,913730,,,Tatjana Maria,,,,,6-4 4-6 6-3,3,R128,,4,1,,,,,,,,4,3,,,,,,,,38,1344,59,1069
2026-indian-wells,Indian Wells,Hard,,PM,20260304,3,133650,,,Yulia Putintseva,,,,,695399,,,Paula Badosa,,,,,6-4 6-2,3,R128,,0,1,,,,,,,,4,10,,,,,,,,76,871,106,738
2026-indian-wells,Indian Wells,Hard,,PM,20260304,4,651611,,,Anastasia Potapova,,,,,420409,,,Marina Stakusic,,,,,4-6 6-1 7-5,3,R128,,4,7,,,,,,,,2,7,,,,,,,,91,810,130,601
2026-indian-wells,Indian Wells,Hard,,PM,20260304,5,389789,,,Ajla Tomljanovic,,,,,275310,,,Elena-Gabriela Ruse,,,,,7-5 6-2,3,R128,,4,5,,,,,,,,2,4,,,,,,,,85,837,74,892
2026-indian-wells,Indian Wells,Hard,,PM,20260304,6,828867,,,Talia Gibson,,,,,619460,,,Ann Li,,,,,6-3 7-5,3,R128,,6,2,,,,,,,,6,0,,,,,,,,112,721,41,1333
2026-indian-wells,Indian Wells,Hard,,PM,20260304,7,337480,,,Zeynep Sonmez,,,,,421789,,,Mccartney Kessler,,,,,7-6 6-0,3,R128,,0,3,,,,,,,,3,2,,,,,,,,80,851,51,1193
2026-indian-wells,Indian Wells,Hard,,PM,20260304,8,595819,,,Jessica Bouzas Maneiro,,,,,692146,,,Beatriz Haddad Maia,,,,,6-1 6-7 6-1,3,R128,,4,7,,,,,,,,2,8,,,,,,,,50,1202,67,942
2026-indian-wells,Indian Wells,Hard,,PM,20260304,9,926087,,,Anastasia Zakharova,,,,,631483,,,Ella Seidel,,,,,6-2 6-2,3,R128,,0,1,,,,,,,,1,4,,,,,,,,86,831,83,847
2026-indian-wells,Indian Wells,Hard,,PM,20260304,10,199960,,,Victoria Jimenez Kasintseva,,,,,520895,,,Caty Mcnally,,,,,6-2 6-7 6-4,3,R128,,2,4,,,,,,,,0,3,,,,,,,,97,788,68,928
2026-indian-wells,Indian Wells,Hard,,PM,20260304,11,543786,,,Himeno Sakatsume,,,,,663060,,,Alycia Parks,,,,,6-4 6-3,3,R128,,0,1,,,,,,,,3,5,,,,,,,,136,556,96,789
2026-indian-wells,Indian Wells,Hard,,PM,20260304,12,126226,,,Anna Blinkova,,,,,425404,,,Dalma Galfi,,,,,6-4 7-5,3,R128,,2,2,,,,,,,,7,3,,,,,,,,94,795,84,838
2026-indian-wells,Indian Wells,Hard,,PM,20260304,13,885728,,,Jaqueline  Cristian,,,,,797291,,,Janice Tjen,,,,,4-6 6-4 7-6,3,R128,,6,6,,,,,,,,2,2,,,,,,,,35,1367,39,1341
2026-indian-wells,Indian Wells,Hard,,PM,20260304,14,568609,,,Kamilla Rakhimova,,,,,409001,,,Bianca Andreescu,,,,,6-7 6-0 6-1,3,R128,,1,4,,,,,,,,12,5,,,,,,,,88,814,165,444
2026-indian-wells,Indian Wells,Hard,,PM,20260304,15,769396,,,Camila Osorio,,,,,441252,,,Sloane Stephens,,,,,6-4 6-1,3,R128,,0,4,,,,,,,,0,1,,,,,,,,61,1041,780,43
2026-indian-wells,Indian Wells,Hard,,PM,20260304,16,813190,,,Dayana Yastremska,,,,,952597,,,Shuai Zhang,,,,,6-3 6-2,3,R128,,5,5,,,,,,,,0,3,,,,,,,,52,1170,62,1039
2026-indian-wells,Indian Wells,Hard,,PM,20260304,17,701534,,,Ashlyn Krueger,,,,,684064,,,Magda Linette,,,,,6-1 6-4,3,R128,,1,4,,,,,,,,1,3,,,,,,,,82,849,49,1234
2026-indian-wells,Indian Wells,Hard,,PM,20260304,18,685811,,,Laura Siegemund,,,,,302110,,,Petra Marcinko,,,,,3-6 6-3 6-4,3,R128,,2,3,,,,,,,,5,4,,,,,,,,55,1110,72,902
2026-indian-wells,Indian Wells,Hard,,PM,20260304,19,948848,,,Taylor Townsend,,,,,369605,,,Marie Bouzkova,,,,,6-2 6-1,3,R128,,2,3,,,,,,,,1,4,,,,,,,,87,829,33,1425
2026-indian-wells,Indian Wells,Hard,,PM,20260304,20,444525,,,Sonay Kartal,,,,,780952,,,Lanlana Tararudee,,,,,6-4 6-4,3,R128,,1,1,,,,,,,,4,3,,,,,,,,54,1127,124,632
2026-indian-wells,Indian Wells,Hard,,PM,20260304,21,975382,,,Donna Vekic,,,,,922335,,,Tereza Valentova,,,,,7-6 7-6,3,R128,,9,5,,,,,,,,2,6,,,,,,,,103,768,47,1256
2026-indian-wells,Indian Wells,Hard,,PM,20260304,22,237771,,,Kayla Day,,,,,794930,,,Francesca Jones,,,,,6-3 6-1,3,R128,,4,2,,,,,,,,0,1,,,,,,,,187,386,93,806
2026-indian-wells,Indian Wells,Hard,,PM,20260304,23,671871,,,Diane Parry,,,,,969718,,,Venus Williams,,,,,6-3 6-7 6-1,3,R128,,9,2,,,,,,,,4,5,,,,,,,,111,724,554,93
2026-indian-wells,Indian Wells,Hard,,PM,20260304,24,610520,,,Anna Bondar,,,,,973113,,,Elsa Jacquemot,,,,,7-6 7-5,3,R128,,4,0,,,,,,,,3,3,,,,,,,,66,978,63,1026
2026-indian-wells,Indian Wells,Hard,,PM,20260304,25,480371,,,Cristina Bucsa,,,,,219553,,,Darja Vidmanova,,,,,6-4 6-0,3,R128,,0,0,,,,,,,,0,4,,,,,,,,31,1436,122,667
2026-indian-wells,Indian Wells,Hard,,PM,20260304,26,287133,,,Lilli Tagger,,,,,323630,,,Varvara Gracheva,,,,,6-2 6-4,3,R128,,5,3,,,,,,,,0,8,,,,,,,,119,673,58,1072
2026-indian-wells,Indian Wells,Hard,,PM,20260304,27,580393,,,Storm Hunter,,,,,362890,,,Magdalena Frech,,,,,3-6 7-5 6-3,3,R128,,1,7,,,,,,,,4,2,,,,,,,,234,301,36,1348
2026-indian-wells,Indian Wells,Hard,,PM,20260304,28,344482,,,Katerina Siniakova,,,,,549141,,,Sofia Kenin,,,,,1-6 6-4 6-1,3,R128,,5,3,,,,,,,,2,7,,,,,,,,44,1269,45,1267
2026-indian-wells,Indian Wells,Hard,,PM,20260304,29,421894,,,Katie Volynets,,,,,123538,,,Rebecca Sramkova,,,,,6-1 0-0,3,R128,,0,0,,,,,,,,0,2,,,,,,,,98,786,118,680
2026-indian-wells,Indian Wells,Hard,,PM,20260304,30,651454,,,Antonia Ruzic,,,,,359973,,,Jennifer Brady,,,,,3-6 6-4 6-2,3,R128,,5,4,,,,,,,,4,2,,,,,,,,57,1075,801,40
2026-indian-wells,Indian Wells,Hard,,PM,20260304,31,987862,,,Hailey Baptiste,,,,,741705,,,Emiliana Arango,,,,,2-6 6-2 6-3,3,R128,,0,4,,,,,,,,1,6,,,,,,,,43,1274,108,737
2026-indian-wells,Indian Wells,Hard,,PM,20260304,32,519047,,,Solana Sierra,,,,,688846,,,Peyton Stearns,,,,,7-5 7-5,3,R128,,5,4,,,,,,,,3,2,,,,,,,,65,980,48,1237
2026-indian-wells,Indian Wells,Hard,,PM,20260304,33,844223,,,Victoria Mboko,,,,,851560,,,Kimberly Birrell,,,,,6-4 7-6,3,R64,,7,5,,,,,,,,2,4,,,,,,,,10,3211,69,925
2026-indian-wells,Indian Wells,Hard,,PM,20260304,34,359411,,,Clara Tauson,,,,,133650,,,Yulia Putintseva,,,,,7-6 6-2,3,R64,,4,3,,,,,,,,1,1,,,,,,,,17,2095,76,871
2026-indian-wells,Indian Wells,Hard,,PM,20260304,35,828867,,,Talia Gibson,,,,,558914,,,Ekaterina Alexandrova,,,,,6-3 7-5,3,R64,,7,2,,,,,,,,6,3,,,,,,,,112,721,11,2918
2026-indian-wells,Indian Wells,Hard,,PM,20260304,36,858188,,,Emma Raducanu,,,,,926087,,,Anastasia Zakharova,,,,,6-1 6-3,3,R64,,3,3,,,,,,,,0,1,,,,,,,,24,1645,86,831
2026-indian-wells,Indian Wells,Hard,,PM,20260304,37,187314,,,Linda Noskova,,,,,595819,,,Jessica Bouzas Maneiro,,,,,6-3 6-3,3,R64,,5,5,,,,,,,,3,4,,,,,,,,14,2421,50,1202
2026-indian-wells,Indian Wells,Hard,,PM,20260304,38,600745,,,Sorana Cirstea,,,,,425446,,,Diana Shnaider,,,,,6-2 7-6,3,R64,,5,1,,,,,,,,0,5,,,,,,,,38,1344,20,1953
2026-indian-wells,Indian Wells,Hard,,PM,20260304,39,393113,,,Anna Kalinskaya,,,,,337480,,,Zeynep Sonmez,,,,,6-4 7-6,3,R64,,4,3,,,,,,,,1,6,,,,,,,,22,1813,80,851
2026-indian-wells,Indian Wells,Hard,,PM,20260304,40,716715,,,Aryna Sabalenka,,,,,543786,,,Himeno Sakatsume,,,,,6-4 6-2,3,R64,,3,0,,,,,,,,1,1,,,,,,,,1,10675,136,556
2026-indian-wells,Indian Wells,Hard,,PM,20260304,41,389789,,,Ajla Tomljanovic,,,,,600494,,,Xinyu Wang,,,,,6-3 6-1,3,R64,,2,6,,,,,,,,1,3,,,,,,,,85,837,30,1438
2026-indian-wells,Indian Wells,Hard,,PM,20260304,42,324333,,,Jasmine Paolini,,,,,651611,,,Anastasia Potapova,,,,,6-7 6-2 6-3,3,R64,,5,1,,,,,,,,1,6,,,,,,,,7,4232,91,810
2026-indian-wells,Indian Wells,Hard,,PM,20260304,43,296713,,,Coco Gauff,,,,,568609,,,Kamilla Rakhimova,,,,,6-3 7-6,3,R64,,0,10,,,,,,,,1,3,,,,,,,,4,6803,88,814
2026-indian-wells,Indian Wells,Hard,,PM,20260304,44,885728,,,Jaqueline  Cristian,,,,,690300,,,Maya Joint,,,,,0-6 6-2 7-5,3,R64,,8,4,,,,,,,,3,3,,,,,,,,35,1367,29,1465
2026-indian-wells,Indian Wells,Hard,,PM,20260304,45,714334,,,Naomi Osaka,,,,,199960,,,Victoria Jimenez Kasintseva,,,,,7-5 6-2,3,R64,,4,0,,,,,,,,1,2,,,,,,,,16,2324,97,788
2026-indian-wells,Indian Wells,Hard,,PM,20260304,46,769396,,,Camila Osorio,,,,,388459,,,Iva Jovic,,,,,4-6 7-6 6-3,3,R64,,5,10,,,,,,,,3,2,,,,,,,,61,1041,18,2095
2026-indian-wells,Indian Wells,Hard,,PM,20260304,47,324536,,,Amanda Anisimova,,,,,126226,,,Anna Blinkova,,,,,5-7 6-1 6-0,3,R64,,1,2,,,,,,,,0,5,,,,,,,,6,6070,94,795
2026-indian-wells,Indian Wells,Hard,,PM,20260304,48,261807,,,Alexandra Eala,,,,,813190,,,Dayana Yastremska,,,,,7-5 4-6 7-5,3,R64,,2,4,,,,,,,,8,15,,,,,,,,32,1432,52,1170
2026-indian-wells,Indian Wells,Hard,,PM,20260304,49,563551,,,Karolina Muchova,,,,,610520,,,Anna Bondar,,,,,7-5 6-2,3,R64,,1,0,,,,,,,,2,4,,,,,,,,13,2668,66,978
2026-indian-wells,Indian Wells,Hard,,PM,20260304,50,710062,,,Maria Sakkari,,,,,287133,,,Lilli Tagger,,,,,7-5 6-0,3,R64,,3,3,,,,,,,,1,3,,,,,,,,34,1410,119,673
2026-indian-wells,Indian Wells,Hard,,PM,20260304,51,218416,,,Belinda Bencic,,,,,580393,,,Storm Hunter,,,,,6-3 6-2,3,R64,,1,3,,,,,,,,2,2,,,,,,,,12,2898,234,301
2026-indian-wells,Indian Wells,Hard,,PM,20260304,52,350535,,,Elena Rybakina,,,,,987862,,,Hailey Baptiste,,,,,7-6 2-6 6-2,3,R64,,6,5,,,,,,,,6,4,,,,,,,,3,7253,43,1274
2026-indian-wells,Indian Wells,Hard,,PM,20260304,53,762485,,,Jelena Ostapenko,,,,,421894,,,Katie Volynets,,,,,6-4 7-6,3,R64,,0,6,,,,,,,,7,0,,,,,,,,26,1600,98,786
2026-indian-wells,Indian Wells,Hard,,PM,20260304,54,701534,,,Ashlyn Krueger,,,,,286370,,,Liudmila Samsonova,,,,,3-6 7-5 6-2,3,R64,,11,7,,,,,,,,0,5,,,,,,,,82,849,19,2050
2026-indian-wells,Indian Wells,Hard,,PM,20260304,55,444525,,,Sonay Kartal,,,,,804248,,,Emma Navarro,,,,,6-1 3-6 7-6,3,R64,,3,3,,,,,,,,2,4,,,,,,,,54,1127,25,1605
2026-indian-wells,Indian Wells,Hard,,PM,20260304,56,139227,,,Iga Swiatek,,,,,237771,,,Kayla Day,,,,,6-0 7-6,3,R64,,3,7,,,,,,,,1,1,,,,,,,,2,7588,187,386
2026-indian-wells,Indian Wells,Hard,,PM,20260304,57,727666,,,Mirra Andreeva,,,,,519047,,,Solana Sierra,,,,,6-0 6-0,3,R64,,1,2,,,,,,,,0,3,,,,,,,,8,4001,65,980
2026-indian-wells,Indian Wells,Hard,,PM,20260304,58,344482,,,Katerina Siniakova,,,,,914953,,,Leylah Fernandez,,,,,5-7 6-4 7-6,3,R64,,2,6,,,,,,,,2,5,,,,,,,,44,1269,27,1598
2026-indian-wells,Indian Wells,Hard,,PM,20260304,59,651454,,,Antonia Ruzic,,,,,809492,,,Qinwen Zheng,,,,,6-4 7-5,3,R64,,1,4,,,,,,,,5,5,,,,,,,,57,1075,23,1758
2026-indian-wells,Indian Wells,Hard,,PM,20260304,60,809758,,,Elise Mertens,,,,,480371,,,Cristina Bucsa,,,,,6-2 6-1,3,R64,,4,6,,,,,,,,0,3,,,,,,,,21,1936,31,1436
2026-indian-wells,Indian Wells,Hard,,PM,20260304,61,814118,,,Jessica Pegula,,,,,975382,,,Donna Vekic,,,,,4-6 6-2 6-3,3,R64,,8,3,,,,,,,,1,3,,,,,,,,5,6583,103,768
2026-indian-wells,Indian Wells,Hard,,PM,20260304,62,731934,,,Madison Keys,,,,,671871,,,Diane Parry,,,,,6-4 6-3,3,R64,,2,2,,,,,,,,0,3,,,,,,,,15,2351,111,724
2026-indian-wells,Indian Wells,Hard,,PM,20260304,63,756180,,,Marta Kostyuk,,,,,948848,,,Taylor Townsend,,,,,6-3 6-2,3,R64,,1,4,,,,,,,,2,3,,,,,,,,28,1583,87,829
2026-indian-wells,Indian Wells,Hard,,PM,20260304,64,568896,,,Elina Svitolina,,,,,685811,,,Laura Siegemund,,,,,7-6 4-6 6-3,3,R64,,4,4,,,,,,,,0,3,,,,,,,,9,3845,55,1110
2026-indian-wells,Indian Wells,Hard,,PM,20260304,65,828867,,,Talia Gibson,,,,,359411,,,Clara Tauson,,,,,7-6 4-6 6-4,3,R32,,8,5,,,,,,,,28,4,,,,,,,,112,721,17,2095
2026-indian-wells,Indian Wells,Hard,,PM,20260304,66,187314,,,Linda Noskova,,,,,600745,,,Sorana Cirstea,,,,,6-7 6-4 6-4,3,R32,,10,6,,,,,,,,12,3,,,,,,,,14,2421,38,1344
2026-indian-wells,Indian Wells,Hard,,PM,20260304,67,716715,,,Aryna Sabalenka,,,,,885728,,,Jaqueline  Cristian,,,,,6-4 6-1,3,R32,,5,3,,,,,,,,2,7,,,,,,,,1,10675,35,1367
2026-indian-wells,Indian Wells,Hard,,PM,20260304,68,324333,,,Jasmine Paolini,,,,,389789,,,Ajla Tomljanovic,,,,,7-5 5-7 6-1,3,R32,,6,4,,,,,,,,4,5,,,,,,,,7,4232,85,837
2026-indian-wells,Indian Wells,Hard,,PM,20260304,69,714334,,,Naomi Osaka,,,,,769396,,,Camila Osorio,,,,,6-1 3-6 6-1,3,R32,,9,1,,,,,,,,1,5,,,,,,,,16,2324,61,1041
2026-indian-wells,Indian Wells,Hard,,PM,20260304,70,324536,,,Amanda Anisimova,,,,,858188,,,Emma Raducanu,,,,,6-1 6-1,3,R32,,2,2,,,,,,,,0,3,,,,,,,,6,6070,24,1645
2026-indian-wells,Indian Wells,Hard,,PM,20260304,71,261807,,,Alexandra Eala,,,,,296713,,,Coco Gauff,,,,,6-2 2-0,3,R32,,0,0,,,,,,,,2,7,,,,,,,,32,1432,4,6803
2026-indian-wells,Indian Wells,Hard,,PM,20260304,72,844223,,,Victoria Mboko,,,,,393113,,,Anna Kalinskaya,,,,,6-4 6-1,3,R32,,3,3,,,,,,,,1,1,,,,,,,,10,3211,22,1813
2026-indian-wells,Indian Wells,Hard,,PM,20260304,73,563551,,,Karolina Muchova,,,,,651454,,,Antonia Ruzic,,,,,6-0 6-3,3,R32,,2,0,,,,,,,,0,1,,,,,,,,13,2668,57,1075
2026-indian-wells,Indian Wells,Hard,,PM,20260304,74,814118,,,Jessica Pegula,,,,,762485,,,Jelena Ostapenko,,,,,4-6 6-3 6-2,3,R32,,12,1,,,,,,,,3,3,,,,,,,,5,6583,26,1600
2026-indian-wells,Indian Wells,Hard,,PM,20260304,75,344482,,,Katerina Siniakova,,,,,727666,,,Mirra Andreeva,,,,,4-6 7-6 6-3,3,R32,,0,3,,,,,,,,6,10,,,,,,,,44,1269,8,4001
2026-indian-wells,Indian Wells,Hard,,PM,20260304,76,218416,,,Belinda Bencic,,,,,809758,,,Elise Mertens,,,,,6-2 6-3,3,R32,,1,3,,,,,,,,2,4,,,,,,,,12,2898,21,1936
2026-indian-wells,Indian Wells,Hard,,PM,20260304,77,568896,,,Elina Svitolina,,,,,701534,,,Ashlyn Krueger,,,,,6-4 6-2,3,R32,,2,1,,,,,,,,3,4,,,,,,,,9,3845,82,849
2026-indian-wells,Indian Wells,Hard,,PM,20260304,78,139227,,,Iga Swiatek,,,,,710062,,,Maria Sakkari,,,,,6-3 6-2,3,R32,,1,1,,,,,,,,3,1,,,,,,,,2,7588,34,1410
2026-indian-wells,Indian Wells,Hard,,PM,20260304,79,444525,,,Sonay Kartal,,,,,731934,,,Madison Keys,,,,,2-6 6-2 6-3,3,R32,,2,2,,,,,,,,5,3,,,,,,,,54,1127,15,2351
2026-indian-wells,Indian Wells,Hard,,PM,20260304,80,350535,,,Elena Rybakina,,,,,756180,,,Marta Kostyuk,,,,,6-4 6-4,3,R32,,1,2,,,,,,,,0,7,,,,,,,,3,7253,28,1583
2026-indian-wells,Indian Wells,Hard,,PM,20260304,81,716715,,,Aryna Sabalenka,,,,,714334,,,Naomi Osaka,,,,,6-2 6-4,3,R16,,8,0,,,,,,,,4,4,,,,,,,,1,10675,16,2324
2026-indian-wells,Indian Wells,Hard,,PM,20260304,82,828867,,,Talia Gibson,,,,,324333,,,Jasmine Paolini,,,,,7-5 2-6 6-1,3,R16,,4,5,,,,,,,,4,1,,,,,,,,112,721,7,4232
2026-indian-wells,Indian Wells,Hard,,PM,20260304,83,844223,,,Victoria Mboko,,,,,324536,,,Amanda Anisimova,,,,,6-4 6-1,3,R16,,5,5,,,,,,,,4,2,,,,,,,,10,3211,6,6070
2026-indian-wells,Indian Wells,Hard,,PM,20260304,84,187314,,,Linda Noskova,,,,,261807,,,Alexandra Eala,,,,,6-2 6-0,3,R16,,7,0,,,,,,,,0,3,,,,,,,,14,2421,32,1432
2026-indian-wells,Indian Wells,Hard,,PM,20260304,85,139227,,,Iga Swiatek,,,,,563551,,,Karolina Muchova,,,,,6-2 6-0,3,R16,,1,2,,,,,,,,0,2,,,,,,,,2,7588,13,2668
2026-indian-wells,Indian Wells,Hard,,PM,20260304,86,814118,,,Jessica Pegula,,,,,218416,,,Belinda Bencic,,,,,6-3 7-6,3,R16,,8,3,,,,,,,,3,6,,,,,,,,5,6583,12,2898
2026-indian-wells,Indian Wells,Hard,,PM,20260304,87,568896,,,Elina Svitolina,,,,,344482,,,Katerina Siniakova,,,,,6-1 1-1,3,R16,,1,1,,,,,,,,0,1,,,,,,,,9,3845,44,1269
2026-indian-wells,Indian Wells,Hard,,PM,20260304,88,350535,,,Elena Rybakina,,,,,444525,,,Sonay Kartal,,,,,6-4 4-3,3,R16,,6,1,,,,,,,,2,2,,,,,,,,3,7253,54,1127
2026-indian-wells,Indian Wells,Hard,,PM,20260304,89,716715,,,Aryna Sabalenka,,,,,844223,,,Victoria Mboko,,,,,7-6 6-4,3,QF,,6,5,,,,,,,,9,8,,,,,,,,1,10675,10,3211
2026-indian-wells,Indian Wells,Hard,,PM,20260304,90,187314,,,Linda Noskova,,,,,828867,,,Talia Gibson,,,,,6-2 4-6 6-2,3,QF,,13,10,,,,,,,,9,5,,,,,,,,14,2421,112,721
2026-indian-wells,Indian Wells,Hard,,PM,20260304,91,568896,,,Elina Svitolina,,,,,139227,,,Iga Swiatek,,,,,6-2 4-6 6-4,3,QF,,5,5,,,,,,,,3,8,,,,,,,,9,3845,2,7588
2026-indian-wells,Indian Wells,Hard,,PM,20260304,92,350535,,,Elena Rybakina,,,,,814118,,,Jessica Pegula,,,,,6-1 7-6,3,QF,,7,2,,,,,,,,5,0,,,,,,,,3,7253,5,6583
2026-indian-wells,Indian Wells,Hard,,PM,20260304,93,716715,,,Aryna Sabalenka,,,,,187314,,,Linda Noskova,,,,,6-3 6-4,3,SF,,11,2,,,,,,,,5,6,,,,,,,,1,10675,14,2421
2026-indian-wells,Indian Wells,Hard,,PM,20260304,94,350535,,,Elena Rybakina,,,,,568896,,,Elina Svitolina,,,,,7-5 6-4,3,SF,,6,1,,,,,,,,6,8,,,,,,,,3,7253,9,3845
2026-indian-wells,Indian Wells,Hard,,PM,20260304,95,716715,,,Aryna Sabalenka,,,,,350535,,,Elena Rybakina,,,,,3-6 6-3 7-6,3,F,,10,3,,,,,,,,12,2,,,,,,,,1,10675,3,7253
2026-miami,Miami,Hard,,PM,20260317,1,973113,,,Elsa Jacquemot,,,,,219553,,,Darja Vidmanova,,,,,6-7 7-5 7-5,3,R128,,1,17,,,,,,,,2,3,,,,,,,,63,1026,122,667
2026-miami,Miami,Hard,,PM,20260317,2,389789,,,Ajla Tomljanovic,,,,,330724,,,Simona Waltert,,,,,6-3 6-4,3,R128,,3,2,,,,,,,,1,0,,,,,,,,85,837,81,850
2026-miami,Miami,Hard,,PM,20260317,3,684064,,,Magda Linette,,,,,323630,,,Varvara Gracheva,,,,,2-6 6-2 6-0,3,R128,,4,1,,,,,,,,3,5,,,,,,,,49,1234,58,1072
2026-miami,Miami,Hard,,PM,20260317,4,421789,,,Mccartney Kessler,,,,,362890,,,Magdalena Frech,,,,,2-6 6-4 6-2,3,R128,,1,3,,,,,,,,4,0,,,,,,,,51,1193,36,1348
2026-miami,Miami,Hard,,PM,20260317,5,685811,,,Laura Siegemund,,,,,302110,,,Petra Marcinko,,,,,6-4 6-4,3,R128,,1,4,,,,,,,,2,4,,,,,,,,55,1110,72,902
2026-miami,Miami,Hard,,PM,20260317,6,970027,,,Katie Boulter,,,,,595819,,,Jessica Bouzas Maneiro,,,,,7-6 6-4,3,R128,,4,3,,,,,,,,3,10,,,,,,,,64,1012,50,1202
2026-miami,Miami,Hard,,PM,20260317,7,600745,,,Sorana Cirstea,,,,,952597,,,Shuai Zhang,,,,,6-3 6-4,3,R128,,14,5,,,,,,,,0,4,,,,,,,,38,1344,62,1039
2026-miami,Miami,Hard,,PM,20260317,8,337480,,,Zeynep Sonmez,,,,,692146,,,Beatriz Haddad Maia,,,,,6-3 6-2,3,R128,,3,2,,,,,,,,1,7,,,,,,,,80,851,67,942
2026-miami,Miami,Hard,,PM,20260317,9,126226,,,Anna Blinkova,,,,,549141,,,Sofia Kenin,,,,,3-6 6-1 6-3,3,R128,,2,2,,,,,,,,1,5,,,,,,,,94,795,45,1267
2026-miami,Miami,Hard,,PM,20260317,10,769396,,,Camila Osorio,,,,,344482,,,Katerina Siniakova,,,,,6-1 6-4,3,R128,,2,6,,,,,,,,0,6,,,,,,,,61,1041,44,1269
2026-miami,Miami,Hard,,PM,20260317,11,695399,,,Paula Badosa,,,,,114904,,,Aliaksandra Sasnovich,,,,,7-5 6-3,3,R128,,11,4,,,,,,,,1,6,,,,,,,,100,797,116,701
2026-miami,Miami,Hard,,PM,20260317,12,828867,,,Talia Gibson,,,,,429517,,,Sara Bejlek,,,,,6-1 6-0,3,R128,,4,3,,,,,,,,0,6,,,,,,,,68,950,41,1326
2026-miami,Miami,Hard,,PM,20260317,13,663060,,,Alycia Parks,,,,,879393,,,Sinja Kraus,,,,,7-5 7-6,3,R128,,4,3,,,,,,,,1,4,,,,,,,,105,764,120,690
2026-miami,Miami,Hard,,PM,20260317,14,922335,,,Tereza Valentova,,,,,421894,,,Katie Volynets,,,,,6-2 6-4,3,R128,,2,0,,,,,,,,2,2,,,,,,,,49,1217,95,811
2026-miami,Miami,Hard,,PM,20260317,15,766060,,,Elvina Kalieva,,,,,425404,,,Dalma Galfi,,,,,6-3 6-7 7-6,3,R128,,6,5,,,,,,,,12,3,,,,,,,,154,484,87,842
2026-miami,Miami,Hard,,PM,20260317,16,261807,,,Alexandra Eala,,,,,685811,,,Laura Siegemund,,,,,6-7 6-3 6-3,3,R64,,2,3,,,,,,,,3,5,,,,,,,,29,1525,53,1143
2026-miami,Miami,Hard,,PM,20260317,17,926087,,,Anastasia Zakharova,,,,,610520,,,Anna Bondar,,,,,5-7 6-3 6-1,3,R128,,0,4,,,,,,,,5,2,,,,,,,,74,899,65,986
2026-miami,Miami,Hard,,PM,20260317,18,121013,,,Elisabetta Cocciaretto,,,,,762933,,,Darja Semenistaja,,,,,6-4 6-1,3,R128,,4,1,,,,,,,,1,1,,,,,,,,44,1255,103,786
2026-miami,Miami,Hard,,PM,20260317,19,976242,,,Yuliia Starodubtseva,,,,,743463,,,Eva Lys,,,,,6-1 6-4,3,R128,,2,0,,,,,,,,1,5,,,,,,,,108,751,77,893
2026-miami,Miami,Hard,,PM,20260317,20,794930,,,Francesca Jones,,,,,969718,,,Venus Williams,,,,,7-5 7-5,3,R128,,2,5,,,,,,,,3,7,,,,,,,,93,806,554,93
2026-miami,Miami,Hard,,PM,20260317,21,688846,,,Peyton Stearns,,,,,988932,,,Viktorija Golubic,,,,,7-6 6-4,3,R128,,5,1,,,,,,,,4,2,,,,,,,,47,1237,84,864
2026-miami,Miami,Hard,,PM,20260317,22,287133,,,Lilli Tagger,,,,,631483,,,Ella Seidel,,,,,6-7 6-4 7-5,3,R128,,6,3,,,,,,,,2,7,,,,,,,,115,708,86,845
2026-miami,Miami,Hard,,PM,20260317,23,825397,,,Oksana Selekhmeteva,,,,,741705,,,Emiliana Arango,,,,,6-3 4-6 6-3,3,R128,,2,9,,,,,,,,1,2,,,,,,,,71,917,108,737
2026-miami,Miami,Hard,,PM,20260317,24,619460,,,Ann Li,,,,,851560,,,Kimberly Birrell,,,,,6-2 2-6 6-3,3,R128,,7,3,,,,,,,,1,5,,,,,,,,39,1333,70,915
2026-miami,Miami,Hard,,PM,20260317,25,133650,,,Yulia Putintseva,,,,,797291,,,Janice Tjen,,,,,3-6 6-3 6-4,3,R128,,2,0,,,,,,,,12,9,,,,,,,,76,871,39,1341
2026-miami,Miami,Hard,,PM,20260317,26,987862,,,Hailey Baptiste,,,,,913730,,,Tatjana Maria,,,,,7-5 6-2,3,R128,,4,4,,,,,,,,3,4,,,,,,,,43,1274,59,1069
2026-miami,Miami,Hard,,PM,20260317,27,520895,,,Caty Mcnally,,,,,149280,,,Rebeka Masarova,,,,,6-2 7-5,3,R128,,0,4,,,,,,,,3,2,,,,,,,,72,903,113,730
2026-miami,Miami,Hard,,PM,20260317,28,568609,,,Kamilla Rakhimova,,,,,519047,,,Solana Sierra,,,,,6-1 6-3,3,R128,,1,4,,,,,,,,3,3,,,,,,,,82,869,63,1000
2026-miami,Miami,Hard,,PM,20260317,29,813190,,,Dayana Yastremska,,,,,701534,,,Ashlyn Krueger,,,,,2-6 6-4 7-5,3,R128,,6,6,,,,,,,,7,10,,,,,,,,52,1170,82,849
2026-miami,Miami,Hard,,PM,20260317,30,684064,,,Magda Linette,,,,,139227,,,Iga Swiatek,,,,,1-6 7-5 6-3,3,R64,,5,4,,,,,,,,4,3,,,,,,,,50,1209,3,7413
2026-miami,Miami,Hard,,PM,20260317,31,948848,,,Taylor Townsend,,,,,460138,,,Lulu Sun,,,,,7-6 6-3,3,R128,,9,2,,,,,,,,7,1,,,,,,,,80,874,111,735
2026-miami,Miami,Hard,,PM,20260317,32,369605,,,Marie Bouzkova,,,,,973113,,,Elsa Jacquemot,,,,,6-2 6-2,3,R64,,0,4,,,,,,,,0,3,,,,,,,,32,1425,62,1021
2026-miami,Miami,Hard,,PM,20260317,33,275310,,,Elena-Gabriela Ruse,,,,,651454,,,Antonia Ruzic,,,,,7-5 7-6,3,R128,,7,4,,,,,,,,1,4,,,,,,,,74,892,57,1075
2026-miami,Miami,Hard,,PM,20260317,34,993262,,,Emerson Jones,,,,,334255,,,Linda Fruhvirtova,,,,,3-6 7-6 7-6,3,R128,,2,1,,,,,,,,3,7,,,,,,,,147,532,121,685
2026-miami,Miami,Hard,,PM,20260317,35,441252,,,Sloane Stephens,,,,,359973,,,Jennifer Brady,,,,,6-4 6-2,3,R128,,1,2,,,,,,,,1,0,,,,,,,,780,43,801,40
2026-miami,Miami,Hard,,PM,20260317,36,727666,,,Mirra Andreeva,,,,,421789,,,Mccartney Kessler,,,,,6-1 6-7 6-1,3,R64,,6,4,,,,,,,,2,6,,,,,,,,10,3066,51,1168
2026-miami,Miami,Hard,,PM,20260317,37,600745,,,Sorana Cirstea,,,,,187314,,,Linda Noskova,,,,,6-2 3-6 6-4,3,R64,,7,4,,,,,,,,9,6,,,,,,,,35,1374,13,2801
2026-miami,Miami,Hard,,PM,20260317,38,218416,,,Belinda Bencic,,,,,337480,,,Zeynep Sonmez,,,,,6-3 6-2,3,R64,,0,2,,,,,,,,3,1,,,,,,,,12,2803,83,866
2026-miami,Miami,Hard,,PM,20260317,39,844223,,,Victoria Mboko,,,,,126226,,,Anna Blinkova,,,,,6-2 6-0,3,R64,,4,1,,,,,,,,0,4,,,,,,,,9,3351,92,820
2026-miami,Miami,Hard,,PM,20260317,40,425446,,,Diana Shnaider,,,,,922335,,,Tereza Valentova,,,,,7-6 7-6,3,R64,,0,5,,,,,,,,2,8,,,,,,,,20,1898,49,1217
2026-miami,Miami,Hard,,PM,20260317,41,926087,,,Anastasia Zakharova,,,,,393113,,,Anna Kalinskaya,,,,,3-6 6-1 7-5,3,R64,,1,3,,,,,,,,2,4,,,,,,,,74,899,21,1868
2026-miami,Miami,Hard,,PM,20260317,42,324536,,,Amanda Anisimova,,,,,389789,,,Ajla Tomljanovic,,,,,6-1 5-7 6-4,3,R64,,2,4,,,,,,,,2,11,,,,,,,,6,6180,81,872
2026-miami,Miami,Hard,,PM,20260317,43,663060,,,Alycia Parks,,,,,710062,,,Maria Sakkari,,,,,6-3 6-3,3,R64,,5,4,,,,,,,,0,3,,,,,,,,105,764,33,1410
2026-miami,Miami,Hard,,PM,20260317,44,970027,,,Katie Boulter,,,,,359411,,,Clara Tauson,,,,,6-7 6-4 1-0,3,R64,,1,7,,,,,,,,6,4,,,,,,,,67,957,16,2095
2026-miami,Miami,Hard,,PM,20260317,45,976242,,,Yuliia Starodubtseva,,,,,480371,,,Cristina Bucsa,,,,,6-2 3-2,3,R64,,2,1,,,,,,,,0,3,,,,,,,,108,751,30,1446
2026-miami,Miami,Hard,,PM,20260317,46,563551,,,Karolina Muchova,,,,,769396,,,Camila Osorio,,,,,4-6 6-2 7-5,3,R64,,6,4,,,,,,,,0,13,,,,,,,,14,2668,58,1071
2026-miami,Miami,Hard,,PM,20260317,47,809758,,,Elise Mertens,,,,,766060,,,Elvina Kalieva,,,,,6-2 6-0,3,R64,,7,3,,,,,,,,0,8,,,,,,,,19,1936,154,484
2026-miami,Miami,Hard,,PM,20260317,48,324333,,,Jasmine Paolini,,,,,948848,,,Taylor Townsend,,,,,6-3 1-6 6-2,3,R64,,3,1,,,,,,,,5,0,,,,,,,,7,4232,80,874
2026-miami,Miami,Hard,,PM,20260317,49,296713,,,Coco Gauff,,,,,121013,,,Elisabetta Cocciaretto,,,,,3-6 6-4 6-3,3,R64,,2,11,,,,,,,,4,4,,,,,,,,4,6748,44,1255
2026-miami,Miami,Hard,,PM,20260317,50,987862,,,Hailey Baptiste,,,,,286370,,,Liudmila Samsonova,,,,,6-3 7-5,3,R64,,6,3,,,,,,,,0,9,,,,,,,,45,1244,22,1845
2026-miami,Miami,Hard,,PM,20260317,51,762485,,,Jelena Ostapenko,,,,,813190,,,Dayana Yastremska,,,,,6-4 6-4,3,R64,,2,4,,,,,,,,2,4,,,,,,,,24,1655,54,1140
2026-miami,Miami,Hard,,PM,20260317,52,558914,,,Ekaterina Alexandrova,,,,,287133,,,Lilli Tagger,,,,,6-3 6-3,3,R64,,2,2,,,,,,,,4,2,,,,,,,,11,2918,115,708
2026-miami,Miami,Hard,,PM,20260317,53,520895,,,Caty Mcnally,,,,,600494,,,Xinyu Wang,,,,,6-4 1-6 6-0,3,R64,,1,2,,,,,,,,3,4,,,,,,,,72,903,34,1383
2026-miami,Miami,Hard,,PM,20260317,54,568896,,,Elina Svitolina,,,,,993262,,,Emerson Jones,,,,,6-2 6-4,3,R64,,9,2,,,,,,,,1,1,,,,,,,,8,4020,147,532
2026-miami,Miami,Hard,,PM,20260317,55,756180,,,Marta Kostyuk,,,,,568609,,,Kamilla Rakhimova,,,,,6-2 6-4,3,R64,,5,7,,,,,,,,0,5,,,,,,,,28,1528,82,869
2026-miami,Miami,Hard,,PM,20260317,56,716715,,,Aryna Sabalenka,,,,,619460,,,Ann Li,,,,,7-6 6-4,3,R64,,5,1,,,,,,,,6,0,,,,,,,,1,11025,39,1333
2026-miami,Miami,Hard,,PM,20260317,57,885728,,,Jaqueline  Cristian,,,,,688846,,,Peyton Stearns,,,,,6-4 7-5,3,R64,,6,2,,,,,,,,3,5,,,,,,,,36,1367,47,1237
2026-miami,Miami,Hard,,PM,20260317,58,350535,,,Elena Rybakina,,,,,133650,,,Yulia Putintseva,,,,,6-3 6-3,3,R64,,9,2,,,,,,,,1,0,,,,,,,,2,7783,75,896
2026-miami,Miami,Hard,,PM,20260317,59,388459,,,Iva Jovic,,,,,695399,,,Paula Badosa,,,,,6-2 6-1,3,R64,,2,0,,,,,,,,3,10,,,,,,,,17,2070,100,797
2026-miami,Miami,Hard,,PM,20260317,60,914953,,,Leylah Fernandez,,,,,825397,,,Oksana Selekhmeteva,,,,,7-6 3-6 6-1,3,R64,,3,5,,,,,,,,2,6,,,,,,,,25,1598,71,912
2026-miami,Miami,Hard,,PM,20260317,61,814118,,,Jessica Pegula,,,,,794930,,,Francesca Jones,,,,,6-1 3-0,3,R64,,5,0,,,,,,,,1,0,,,,,,,,5,6678,93,815
2026-miami,Miami,Hard,,PM,20260317,62,809492,,,Qinwen Zheng,,,,,441252,,,Sloane Stephens,,,,,6-3 6-2,3,R64,,7,3,,,,,,,,1,4,,,,,,,,26,1553,717,54
2026-miami,Miami,Hard,,PM,20260317,63,731934,,,Madison Keys,,,,,275310,,,Elena-Gabriela Ruse,,,,,6-0 6-3,3,R64,,2,0,,,,,,,,0,4,,,,,,,,18,2026,73,900
2026-miami,Miami,Hard,,PM,20260317,64,828867,,,Talia Gibson,,,,,714334,,,Naomi Osaka,,,,,7-5 6-4,3,R64,,5,4,,,,,,,,13,1,,,,,,,,68,950,15,2434
2026-miami,Miami,Hard,,PM,20260317,65,218416,,,Belinda Bencic,,,,,425446,,,Diana Shnaider,,,,,6-3 6-3,3,R32,,2,1,,,,,,,,0,4,,,,,,,,12,2803,20,1898
2026-miami,Miami,Hard,,PM,20260317,66,727666,,,Mirra Andreeva,,,,,369605,,,Marie Bouzkova,,,,,7-6 6-2,3,R32,,1,2,,,,,,,,1,4,,,,,,,,10,3066,32,1425
2026-miami,Miami,Hard,,PM,20260317,67,324536,,,Amanda Anisimova,,,,,976242,,,Yuliia Starodubtseva,,,,,6-4 6-2,3,R32,,3,2,,,,,,,,0,3,,,,,,,,6,6180,108,751
2026-miami,Miami,Hard,,PM,20260317,68,844223,,,Victoria Mboko,,,,,926087,,,Anastasia Zakharova,,,,,6-1 7-5,3,R32,,4,5,,,,,,,,1,4,,,,,,,,9,3351,74,899
2026-miami,Miami,Hard,,PM,20260317,69,563551,,,Karolina Muchova,,,,,970027,,,Katie Boulter,,,,,6-3 7-5,3,R32,,6,1,,,,,,,,1,3,,,,,,,,14,2668,67,957
2026-miami,Miami,Hard,,PM,20260317,70,600745,,,Sorana Cirstea,,,,,809758,,,Elise Mertens,,,,,6-3 6-2,3,R32,,3,0,,,,,,,,2,2,,,,,,,,35,1374,19,1936
2026-miami,Miami,Hard,,PM,20260317,71,261807,,,Alexandra Eala,,,,,684064,,,Magda Linette,,,,,6-3 7-6,3,R32,,1,2,,,,,,,,1,2,,,,,,,,29,1525,50,1209
2026-miami,Miami,Hard,,PM,20260317,72,296713,,,Coco Gauff,,,,,663060,,,Alycia Parks,,,,,3-6 6-0 6-1,3,R32,,6,8,,,,,,,,5,8,,,,,,,,4,6748,105,764
2026-miami,Miami,Hard,,PM,20260317,73,762485,,,Jelena Ostapenko,,,,,324333,,,Jasmine Paolini,,,,,5-7 6-2 7-5,3,R32,,12,7,,,,,,,,8,4,,,,,,,,24,1655,7,4232
2026-miami,Miami,Hard,,PM,20260317,74,885728,,,Jaqueline  Cristian,,,,,558914,,,Ekaterina Alexandrova,,,,,6-3 4-6 7-6,3,R32,,3,2,,,,,,,,7,6,,,,,,,,36,1367,11,2918
2026-miami,Miami,Hard,,PM,20260317,75,814118,,,Jessica Pegula,,,,,914953,,,Leylah Fernandez,,,,,6-2 6-2,3,R32,,7,2,,,,,,,,2,2,,,,,,,,5,6678,25,1598
2026-miami,Miami,Hard,,PM,20260317,76,987862,,,Hailey Baptiste,,,,,568896,,,Elina Svitolina,,,,,6-3 7-5,3,R32,,3,4,,,,,,,,1,3,,,,,,,,45,1244,8,4020
2026-miami,Miami,Hard,,PM,20260317,77,828867,,,Talia Gibson,,,,,388459,,,Iva Jovic,,,,,6-2 6-2,3,R32,,2,1,,,,,,,,3,3,,,,,,,,68,950,17,2070
2026-miami,Miami,Hard,,PM,20260317,78,350535,,,Elena Rybakina,,,,,756180,,,Marta Kostyuk,,,,,6-3 6-4,3,R32,,1,2,,,,,,,,3,3,,,,,,,,2,7783,28,1528
2026-miami,Miami,Hard,,PM,20260317,79,809492,,,Qinwen Zheng,,,,,731934,,,Madison Keys,,,,,4-6 6-2 6-4,3,R32,,11,3,,,,,,,,4,5,,,,,,,,26,1553,18,2026
2026-miami,Miami,Hard,,PM,20260317,80,716715,,,Aryna Sabalenka,,,,,520895,,,Caty Mcnally,,,,,6-4 6-2,3,R32,,3,2,,,,,,,,3,4,,,,,,,,1,11025,72,903
2026-miami,Miami,Hard,,PM,20260317,81,563551,,,Karolina Muchova,,,,,261807,,,Alexandra Eala,,,,,6-0 6-2,3,R16,,0,1,,,,,,,,0,2,,,,,,,,14,2668,29,1525
2026-miami,Miami,Hard,,PM,20260317,82,844223,,,Victoria Mboko,,,,,727666,,,Mirra Andreeva,,,,,7-6 4-6 6-0,3,R16,,8,10,,,,,,,,6,4,,,,,,,,9,3351,10,3066
2026-miami,Miami,Hard,,PM,20260317,83,296713,,,Coco Gauff,,,,,600745,,,Sorana Cirstea,,,,,6-4 3-6 6-2,3,R16,,1,6,,,,,,,,1,1,,,,,,,,4,6748,35,1374
2026-miami,Miami,Hard,,PM,20260317,84,987862,,,Hailey Baptiste,,,,,762485,,,Jelena Ostapenko,,,,,6-3 6-4,3,R16,,11,2,,,,,,,,2,0,,,,,,,,45,1244,24,1655
2026-miami,Miami,Hard,,PM,20260317,85,814118,,,Jessica Pegula,,,,,885728,,,Jaqueline  Cristian,,,,,6-4 6-1,3,R16,,6,0,,,,,,,,4,3,,,,,,,,5,6678,36,1367
2026-miami,Miami,Hard,,PM,20260317,86,716715,,,Aryna Sabalenka,,,,,809492,,,Qinwen Zheng,,,,,6-3 6-4,3,R16,,4,1,,,,,,,,8,5,,,,,,,,1,11025,26,1553
2026-miami,Miami,Hard,,PM,20260317,87,218416,,,Belinda Bencic,,,,,324536,,,Amanda Anisimova,,,,,6-2 6-2,3,R16,,2,1,,,,,,,,2,3,,,,,,,,12,2803,6,6180
2026-miami,Miami,Hard,,PM,20260317,88,350535,,,Elena Rybakina,,,,,828867,,,Talia Gibson,,,,,6-2 6-2,3,R16,,8,0,,,,,,,,1,1,,,,,,,,2,7783,68,950
2026-miami,Miami,Hard,,PM,20260317,89,563551,,,Karolina Muchova,,,,,844223,,,Victoria Mboko,,,,,7-5 7-6,3,QF,,5,1,,,,,,,,7,3,,,,,,,,14,2668,9,3351
2026-miami,Miami,Hard,,PM,20260317,90,296713,,,Coco Gauff,,,,,218416,,,Belinda Bencic,,,,,6-3 1-6 6-3,3,QF,,6,5,,,,,,,,3,0,,,,,,,,4,6748,12,2803
2026-miami,Miami,Hard,,PM,20260317,91,350535,,,Elena Rybakina,,,,,814118,,,Jessica Pegula,,,,,2-6 6-3 6-4,3,QF,,15,4,,,,,,,,7,3,,,,,,,,2,7783,5,6678
2026-miami,Miami,Hard,,PM,20260317,92,716715,,,Aryna Sabalenka,,,,,987862,,,Hailey Baptiste,,,,,6-4 6-4,3,QF,,4,3,,,,,,,,6,5,,,,,,,,1,11025,45,1244
2026-miami,Miami,Hard,,PM,20260317,93,296713,,,Coco Gauff,,,,,563551,,,Karolina Muchova,,,,,6-1 6-1,3,SF,,1,5,,,,,,,,0,1,,,,,,,,4,6748,14,2668
2026-miami,Miami,Hard,,PM,20260317,94,716715,,,Aryna Sabalenka,,,,,350535,,,Elena Rybakina,,,,,6-4 6-3,3,SF,,9,0,,,,,,,,2,1,,,,,,,,1,11025,2,7783
2026-miami,Miami,Hard,,PM,20260317,95,716715,,,Aryna Sabalenka,,,,,296713,,,Coco Gauff,,,,,6-2 4-6 6-3,3,F,,3,0,,,,,,,,5,7,,,,,,,,1,11025,4,6748
2026-bogota,Bogota,Clay,,I,20260330,1,866608,,,Katarzyna Kawa,,,,,203674,,,Carole Monnet,,,,,6-1 6-0,3,R32,,1,1,,,,,,,,1,2,,,,,,,,131,602,172,420
2026-bogota,Bogota,Clay,,I,20260330,2,885767,,,Julia Riera,,,,,149526,,,Selena Janicijevic,,,,,7-6 6-1,3,R32,,3,7,,,,,,,,2,5,,,,,,,,180,396,243,287
2026-bogota,Bogota,Clay,,I,20260330,3,863232,,,Pareja J.,,,,,937315,,,Elizabeth Mandlik,,,,,6-3 6-3,3,R32,,2,12,,,,,,,,1,6,,,,,,,,323,204,173,416
2026-bogota,Bogota,Clay,,I,20260330,4,255338,,,Despina Papamichail,,,,,869181,,,Anastasia Tikhonova,,,,,6-3 6-1,3,R32,,0,1,,,,,,,,2,3,,,,,,,,162,459,253,276
2026-bogota,Bogota,Clay,,I,20260330,5,913730,,,Tatjana Maria,,,,,983277,,,Mediorreal A. V.,,,,,6-2 6-1,3,R32,,5,5,,,,,,,,0,7,,,,,,,,59,1069,760,48
2026-bogota,Bogota,Clay,,I,20260330,6,416641,,,Panna Udvardy,,,,,612612,,,Torres Murcia M. C.,,,,,6-1 1-6 6-0,3,R32,,4,5,,,,,,,,1,4,,,,,,,,97,804,895,29
2026-bogota,Bogota,Clay,,I,20260330,7,762933,,,Darja Semenistaja,,,,,631483,,,Ella Seidel,,,,,6-2 6-2,3,R32,,3,1,,,,,,,,1,5,,,,,,,,103,786,86,845
2026-bogota,Bogota,Clay,,I,20260330,8,958557,,,Varvara Lepchenko,,,,,281722,,,Lia Karatancheva,,,,,3-6 6-3 6-2,3,R32,,3,2,,,,,,,,2,3,,,,,,,,155,478,291,231
2026-bogota,Bogota,Clay,,I,20260330,9,216320,,,Maristany G.,,,,,794930,,,Francesca Jones,,,,,6-1 6-1,3,R32,,1,2,,,,,,,,0,4,,,,,,,,168,434,93,815
2026-bogota,Bogota,Clay,,I,20260330,10,769396,,,Camila Osorio,,,,,446701,,,Caroline Dolehide,,,,,6-7 6-2 6-1,3,R32,,0,8,,,,,,,,0,11,,,,,,,,58,1071,138,571
2026-bogota,Bogota,Clay,,I,20260330,11,126226,,,Anna Blinkova,,,,,735911,,,Robin Montgomery,,,,,6-2 6-3,3,R32,,1,1,,,,,,,,1,4,,,,,,,,92,820,337,189
2026-bogota,Bogota,Clay,,I,20260330,12,595819,,,Jessica Bouzas Maneiro,,,,,792158,,,Tiantsoa Rakotomanga Rajaonah,,,,,6-2 6-2,3,R32,,0,5,,,,,,,,0,5,,,,,,,,48,1227,132,602
2026-bogota,Bogota,Clay,,I,20260330,13,543051,,,Jazmin Ortenzi,,,,,313970,,,Irene Burillo Escorihuela,,,,,6-1 6-4,3,R32,,3,2,,,,,,,,1,6,,,,,,,,223,321,218,329
2026-bogota,Bogota,Clay,,I,20260330,14,741705,,,Emiliana Arango,,,,,957435,,,Maria Lourdes Carle,,,,,1-6 6-2 6-0,3,R32,,1,2,,,,,,,,0,10,,,,,,,,109,746,167,436
2026-bogota,Bogota,Clay,,I,20260330,15,282315,,,Hanne Vandewinkel,,,,,652440,,,Sofia Costoulas,,,,,6-3 2-6 6-3,3,R32,,3,6,,,,,,,,0,7,,,,,,,,104,766,148,519
2026-bogota,Bogota,Clay,,I,20260330,16,369605,,,Marie Bouzkova,,,,,105318,,,Ana Sofia Sánchez,,,,,6-0 6-2,3,R32,,1,3,,,,,,,,0,4,,,,,,,,32,1425,203,356
2026-bogota,Bogota,Clay,,I,20260330,17,762933,,,Darja Semenistaja,,,,,255338,,,Despina Papamichail,,,,,6-1 1-6 6-2,3,R16,,1,1,,,,,,,,0,3,,,,,,,,98,791,163,448
2026-bogota,Bogota,Clay,,I,20260330,18,416641,,,Panna Udvardy,,,,,863232,,,Pareja J.,,,,,6-0 2-6 6-1,3,R16,,3,2,,,,,,,,0,7,,,,,,,,97,804,323,204
2026-bogota,Bogota,Clay,,I,20260330,19,866608,,,Katarzyna Kawa,,,,,913730,,,Tatjana Maria,,,,,6-3 6-3,3,R16,,0,3,,,,,,,,2,4,,,,,,,,131,602,59,1069
2026-bogota,Bogota,Clay,,I,20260330,20,885767,,,Julia Riera,,,,,126226,,,Anna Blinkova,,,,,0-6 6-2 6-1,3,R16,,0,10,,,,,,,,1,6,,,,,,,,186,387,99,790
2026-bogota,Bogota,Clay,,I,20260330,21,741705,,,Emiliana Arango,,,,,216320,,,Maristany G.,,,,,7-5 6-2,3,R16,,0,3,,,,,,,,0,8,,,,,,,,106,755,178,401
2026-bogota,Bogota,Clay,,I,20260330,22,543051,,,Jazmin Ortenzi,,,,,769396,,,Camila Osorio,,,,,7-6 7-6,3,R16,,0,3,,,,,,,,0,8,,,,,,,,206,339,54,1096
2026-bogota,Bogota,Clay,,I,20260330,23,369605,,,Marie Bouzkova,,,,,282315,,,Hanne Vandewinkel,,,,,6-4,3,R16,,1,3,,,,,,,,2,0,,,,,,,,26,1480,96,795
2026-bogota,Bogota,Clay,,I,20260330,24,958557,,,Varvara Lepchenko,,,,,595819,,,Jessica Bouzas Maneiro,,,,,6-0 2-6 7-5,3,R16,,2,6,,,,,,,,2,15,,,,,,,,155,483,48,1210
2026-bogota,Bogota,Clay,,I,20260330,25,543051,,,Jazmin Ortenzi,,,,,885767,,,Julia Riera,,,,,6-7 6-3 6-2,3,QF,,3,5,,,,,,,,1,12,,,,,,,,206,339,186,387
2026-bogota,Bogota,Clay,,I,20260330,26,369605,,,Marie Bouzkova,,,,,762933,,,Darja Semenistaja,,,,,6-1 7-5,3,QF,,2,3,,,,,,,,1,0,,,,,,,,26,1480,98,791
2026-bogota,Bogota,Clay,,I,20260330,27,741705,,,Emiliana Arango,,,,,958557,,,Varvara Lepchenko,,,,,6-4 6-3,3,QF,,1,2,,,,,,,,1,2,,,,,,,,106,755,155,483
2026-bogota,Bogota,Clay,,I,20260330,28,416641,,,Panna Udvardy,,,,,866608,,,Katarzyna Kawa,,,,,7-6 6-1,3,QF,,1,2,,,,,,,,2,5,,,,,,,,92,804,132,588
2026-bogota,Bogota,Clay,,I,20260330,29,369605,,,Marie Bouzkova,,,,,543051,,,Jazmin Ortenzi,,,,,7-6 6-2,3,SF,,1,6,,,,,,,,1,4,,,,,,,,26,1480,206,339
2026-bogota,Bogota,Clay,,I,20260330,30,416641,,,Panna Udvardy,,,,,741705,,,Emiliana Arango,,,,,6-7 6-3 7-6,3,SF,,2,4,,,,,,,,2,4,,,,,,,,92,804,106,755
2026-bogota,Bogota,Clay,,I,20260330,31,369605,,,Marie Bouzkova,,,,,416641,,,Panna Udvardy,,,,,6-7 6-2 6-2,3,F,,2,5,,,,,,,,2,2,,,,,,,,26,1480,92,804
2026-charleston,Charleston,Clay,,P,20260330,1,421894,,,Katie Volynets,,,,,743463,,,Eva Lys,,,,,5-7 6-2 6-0,3,R64,,2,2,,,,,,,,0,9,,,,,,,,95,811,77,893
2026-charleston,Charleston,Clay,,P,20260330,2,133650,,,Yulia Putintseva,,,,,460138,,,Lulu Sun,,,,,7-6 6-2,3,R64,,5,4,,,,,,,,1,0,,,,,,,,75,896,111,735
2026-charleston,Charleston,Clay,,P,20260330,3,813190,,,Dayana Yastremska,,,,,926087,,,Anastasia Zakharova,,,,,7-5 6-2,3,R64,,3,3,,,,,,,,0,4,,,,,,,,54,1140,74,899
2026-charleston,Charleston,Clay,,P,20260330,4,421789,,,Mccartney Kessler,,,,,766060,,,Elvina Kalieva,,,,,4-6 6-3 6-3,3,R64,,0,0,,,,,,,,4,5,,,,,,,,51,1168,154,484
2026-charleston,Charleston,Clay,,P,20260330,5,243955,,,Akasha Urhobo,,,,,519047,,,Solana Sierra,,,,,7-5 3-0,3,R64,,3,2,,,,,,,,1,5,,,,,,,,264,259,63,1000
2026-charleston,Charleston,Clay,,P,20260330,6,988957,,,Renata Zarazua,,,,,441252,,,Sloane Stephens,,,,,6-2 6-0,3,R64,,0,0,,,,,,,,1,3,,,,,,,,90,825,717,54
2026-charleston,Charleston,Clay,,P,20260330,7,897792,,,Viktoriya Tomova,,,,,359973,,,Jennifer Brady,,,,,6-4 6-3,3,R64,,2,1,,,,,,,,1,3,,,,,,,,163,457,744,50
2026-charleston,Charleston,Clay,,P,20260330,8,610520,,,Anna Bondar,,,,,219553,,,Darja Vidmanova,,,,,7-5 7-5,3,R64,,0,3,,,,,,,,0,1,,,,,,,,65,986,118,697
2026-charleston,Charleston,Clay,,P,20260330,9,975382,,,Donna Vekic,,,,,389789,,,Ajla Tomljanovic,,,,,3-6 6-1 6-4,3,R64,,7,4,,,,,,,,5,7,,,,,,,,117,697,81,872
2026-charleston,Charleston,Clay,,P,20260330,10,663060,,,Alycia Parks,,,,,696314,,,Mary Stoiana,,,,,2-6 6-4 6-1,3,R64,,6,1,,,,,,,,1,6,,,,,,,,105,764,179,400
2026-charleston,Charleston,Clay,,P,20260330,11,409001,,,Bianca Andreescu,,,,,425404,,,Dalma Galfi,,,,,1-6 6-4 6-1,3,R64,,4,1,,,,,,,,2,3,,,,,,,,146,534,87,842
2026-charleston,Charleston,Clay,,P,20260330,12,976242,,,Yuliia Starodubtseva,,,,,952597,,,Shuai Zhang,,,,,6-3 6-0,3,R64,,3,2,,,,,,,,1,3,,,,,,,,108,751,61,1036
2026-charleston,Charleston,Clay,,P,20260330,13,803486,,,Yue Yuan,,,,,729721,,,Mayar Sherif,,,,,2-6 7-6 7-6,3,R64,,1,0,,,,,,,,1,0,,,,,,,,124,664,107,759
2026-charleston,Charleston,Clay,,P,20260330,14,701534,,,Ashlyn Krueger,,,,,520895,,,Caty Mcnally,,,,,6-4 1-6 6-3,3,R64,,4,8,,,,,,,,1,4,,,,,,,,79,879,72,903
2026-charleston,Charleston,Clay,,P,20260330,15,695399,,,Paula Badosa,,,,,237771,,,Kayla Day,,,,,6-4 6-3,3,R64,,3,4,,,,,,,,1,1,,,,,,,,100,797,164,448
2026-charleston,Charleston,Clay,,P,20260330,16,824108,,,Polina Kudermetova,,,,,571895,,,Oleksandra Oliynykova,,,,,3-6 7-6 6-4,3,R64,,4,4,,,,,,,,3,6,,,,,,,,153,490,66,960
2026-charleston,Charleston,Clay,,P,20260330,17,393113,,,Anna Kalinskaya,,,,,897792,,,Viktoriya Tomova,,,,,6-2 6-4,3,R32,,3,2,,,,,,,,0,5,,,,,,,,21,1868,163,457
2026-charleston,Charleston,Clay,,P,20260330,18,429517,,,Sara Bejlek,,,,,243955,,,Akasha Urhobo,,,,,6-1 6-1,3,R32,,2,5,,,,,,,,1,1,,,,,,,,41,1326,264,259
2026-charleston,Charleston,Clay,,P,20260330,19,218416,,,Belinda Bencic,,,,,813190,,,Dayana Yastremska,,,,,6-2 6-7 6-3,3,R32,,4,4,,,,,,,,0,9,,,,,,,,12,2803,54,1140
2026-charleston,Charleston,Clay,,P,20260330,20,425446,,,Diana Shnaider,,,,,421894,,,Katie Volynets,,,,,7-5 7-5,3,R32,,1,4,,,,,,,,0,4,,,,,,,,20,1898,95,811
2026-charleston,Charleston,Clay,,P,20260330,21,421789,,,Mccartney Kessler,,,,,797291,,,Janice Tjen,,,,,6-2 6-1,3,R32,,3,6,,,,,,,,0,1,,,,,,,,51,1168,40,1330
2026-charleston,Charleston,Clay,,P,20260330,22,121013,,,Elisabetta Cocciaretto,,,,,803486,,,Yue Yuan,,,,,6-0 7-5,3,R32,,0,4,,,,,,,,1,1,,,,,,,,43,1280,121,674
2026-charleston,Charleston,Clay,,P,20260330,23,388459,,,Iva Jovic,,,,,663060,,,Alycia Parks,,,,,6-3 6-2,3,R32,,1,3,,,,,,,,3,7,,,,,,,,17,2070,105,764
2026-charleston,Charleston,Clay,,P,20260330,24,688846,,,Peyton Stearns,,,,,701534,,,Ashlyn Krueger,,,,,7-6 7-5,3,R32,,4,0,,,,,,,,3,5,,,,,,,,46,1237,103,769
2026-charleston,Charleston,Clay,,P,20260330,25,814118,,,Jessica Pegula,,,,,133650,,,Yulia Putintseva,,,,,4-6 6-4 7-5,3,R32,,3,2,,,,,,,,3,1,,,,,,,,5,6678,75,896
2026-charleston,Charleston,Clay,,P,20260330,26,610520,,,Anna Bondar,,,,,362890,,,Magdalena Frech,,,,,7-5 6-3,3,R32,,4,2,,,,,,,,3,1,,,,,,,,65,986,37,1348
2026-charleston,Charleston,Clay,,P,20260330,27,695399,,,Paula Badosa,,,,,710062,,,Maria Sakkari,,,,,6-3 6-4,3,R32,,2,4,,,,,,,,1,1,,,,,,,,113,712,36,1370
2026-charleston,Charleston,Clay,,P,20260330,28,914953,,,Leylah Fernandez,,,,,824108,,,Polina Kudermetova,,,,,6-2 6-1,3,R32,,0,2,,,,,,,,1,6,,,,,,,,24,1598,156,481
2026-charleston,Charleston,Clay,,P,20260330,29,731934,,,Madison Keys,,,,,975382,,,Donna Vekic,,,,,6-2 6-3,3,R32,,3,1,,,,,,,,0,5,,,,,,,,18,2026,117,697
2026-charleston,Charleston,Clay,,P,20260330,30,549141,,,Sofia Kenin,,,,,409001,,,Bianca Andreescu,,,,,6-4 6-4,3,R32,,2,0,,,,,,,,3,3,,,,,,,,47,1217,140,553
2026-charleston,Charleston,Clay,,P,20260330,31,976242,,,Yuliia Starodubtseva,,,,,896973,,,Ekaterine Gorgodze,,,,,3-6 6-1 6-2,3,R32,,3,3,,,,,,,,1,2,,,,,,,,89,816,164,446
2026-charleston,Charleston,Clay,,P,20260330,32,988957,,,Renata Zarazua,,,,,987862,,,Hailey Baptiste,,,,,3-6 6-3 6-4,3,R32,,0,3,,,,,,,,6,4,,,,,,,,90,825,45,1244
2026-charleston,Charleston,Clay,,P,20260330,33,218416,,,Belinda Bencic,,,,,429517,,,Sara Bejlek,,,,,7-6 6-2,3,R16,,0,3,,,,,,,,0,3,,,,,,,,12,2983,40,1321
2026-charleston,Charleston,Clay,,P,20260330,34,421789,,,Mccartney Kessler,,,,,688846,,,Peyton Stearns,,,,,6-0 3-6 6-4,3,R16,,2,3,,,,,,,,1,3,,,,,,,,53,1138,46,1237
2026-charleston,Charleston,Clay,,P,20260330,35,814118,,,Jessica Pegula,,,,,121013,,,Elisabetta Cocciaretto,,,,,1-6 6-1 7-6,3,R16,,2,2,,,,,,,,2,6,,,,,,,,5,6243,43,1280
2026-charleston,Charleston,Clay,,P,20260330,36,425446,,,Diana Shnaider,,,,,914953,,,Leylah Fernandez,,,,,6-3 6-0,3,R16,,1,3,,,,,,,,0,3,,,,,,,,19,1953,24,1598
2026-charleston,Charleston,Clay,,P,20260330,37,976242,,,Yuliia Starodubtseva,,,,,988957,,,Renata Zarazua,,,,,6-1 6-0,3,R16,,0,0,,,,,,,,0,1,,,,,,,,89,816,85,835
2026-charleston,Charleston,Clay,,P,20260330,38,731934,,,Madison Keys,,,,,610520,,,Anna Bondar,,,,,6-2 7-5,3,R16,,6,2,,,,,,,,6,4,,,,,,,,18,2026,68,966
2026-charleston,Charleston,Clay,,P,20260330,39,388459,,,Iva Jovic,,,,,549141,,,Sofia Kenin,,,,,7-5 7-5,3,R16,,7,4,,,,,,,,4,5,,,,,,,,16,2105,47,1217
2026-charleston,Charleston,Clay,,P,20260330,40,393113,,,Anna Kalinskaya,,,,,695399,,,Paula Badosa,,,,,6-4 6-2,3,R16,,1,2,,,,,,,,4,3,,,,,,,,22,1813,113,712
2026-charleston,Charleston,Clay,,P,20260330,41,814118,,,Jessica Pegula,,,,,425446,,,Diana Shnaider,,,,,3-6 6-3 6-2,3,QF,,8,0,,,,,,,,1,6,,,,,,,,5,6243,19,1953
2026-charleston,Charleston,Clay,,P,20260330,42,731934,,,Madison Keys,,,,,218416,,,Belinda Bencic,,,,,4-6 6-3 6-2,3,QF,,8,2,,,,,,,,0,6,,,,,,,,18,2026,12,2983
2026-charleston,Charleston,Clay,,P,20260330,43,388459,,,Iva Jovic,,,,,393113,,,Anna Kalinskaya,,,,,6-3 6-4,3,QF,,3,2,,,,,,,,2,5,,,,,,,,16,2105,22,1813
2026-charleston,Charleston,Clay,,P,20260330,44,976242,,,Yuliia Starodubtseva,,,,,421789,,,Mccartney Kessler,,,,,6-4 6-4,3,QF,,0,1,,,,,,,,1,2,,,,,,,,89,816,53,1138
2026-charleston,Charleston,Clay,,P,20260330,45,814118,,,Jessica Pegula,,,,,388459,,,Iva Jovic,,,,,6-4 5-7 6-3,3,SF,,1,3,,,,,,,,1,3,,,,,,,,5,6243,16,2105
2026-charleston,Charleston,Clay,,P,20260330,46,976242,,,Yuliia Starodubtseva,,,,,731934,,,Madison Keys,,,,,6-1 6-4,3,SF,,0,2,,,,,,,,2,4,,,,,,,,89,816,18,2026
2026-charleston,Charleston,Clay,,P,20260330,47,814118,,,Jessica Pegula,,,,,976242,,,Yuliia Starodubtseva,,,,,6-2 6-2,3,F,,3,0,,,,,,,,1,1,,,,,,,,5,6243,89,816
2026-linz-wta-indoor,Linz WTA (indoor),Clay,,I,20260406,1,425404,,,Dalma Galfi,,,,,663060,,,Alycia Parks,,,,,6-3 6-3,3,R32,,4,6,,,,,,,,3,3,,,,,,,,84,837,97,794
2026-linz-wta-indoor,Linz WTA (indoor),Clay,,I,20260406,2,275310,,,Elena-Gabriela Ruse,,,,,970027,,,Katie Boulter,,,,,7-6 7-6,3,R32,,6,4,,,,,,,,5,6,,,,,,,,83,840,64,1012
2026-linz-wta-indoor,Linz WTA (indoor),Clay,,I,20260406,3,441252,,,Sloane Stephens,,,,,913730,,,Tatjana Maria,,,,,1-6 7-6 6-4,3,R32,,1,3,,,,,,,,8,4,,,,,,,,554,89,60,1047
2026-linz-wta-indoor,Linz WTA (indoor),Clay,,I,20260406,4,813190,,,Dayana Yastremska,,,,,619460,,,Ann Li,,,,,7-5 4-6 6-3,3,R32,,0,4,,,,,,,,6,4,,,,,,,,49,1165,37,1358
2026-linz-wta-indoor,Linz WTA (indoor),Clay,,I,20260406,5,293685,,,Tamara Korpatsch,,,,,885728,,,Jaqueline  Cristian,,,,,4-6 6-1 6-4,3,R32,,4,2,,,,,,,,1,2,,,,,,,,109,737,33,1382
2026-linz-wta-indoor,Linz WTA (indoor),Clay,,I,20260406,6,600745,,,Sorana Cirstea,,,,,879393,,,Sinja Kraus,,,,,6-3 6-3,3,R32,,2,1,,,,,,,,1,3,,,,,,,,29,1459,118,699
2026-linz-wta-indoor,Linz WTA (indoor),Clay,,I,20260406,7,287133,,,Lilli Tagger,,,,,695399,,,Paula Badosa,,,,,6-4 7-6,3,R32,,2,2,,,,,,,,2,5,,,,,,,,108,741,113,712
2026-linz-wta-indoor,Linz WTA (indoor),Clay,,I,20260406,8,975382,,,Donna Vekic,,,,,421894,,,Katie Volynets,,,,,6-3 3-6 6-4,3,R32,,6,6,,,,,,,,0,2,,,,,,,,104,762,88,831
2026-linz-wta-indoor,Linz WTA (indoor),Clay,,I,20260406,9,261807,,,Alexandra Eala,,,,,346262,,,Julia Grabher,,,,,6-4 6-3,3,R32,,0,3,,,,,,,,3,3,,,,,,,,45,1255,87,829
2026-linz-wta-indoor,Linz WTA (indoor),Clay,,I,20260406,10,884844,,,Karolina Pliskova,,,,,114904,,,Aliaksandra Sasnovich,,,,,6-4 6-4,3,R32,,16,4,,,,,,,,3,7,,,,,,,,258,267,115,716
2026-linz-wta-indoor,Linz WTA (indoor),Clay,,I,20260406,11,275310,,,Elena-Gabriela Ruse,,,,,813190,,,Dayana Yastremska,,,,,4-6 6-4 6-4,3,R16,,3,7,,,,,,,,3,8,,,,,,,,87,840,49,1172
2026-linz-wta-indoor,Linz WTA (indoor),Clay,,I,20260406,12,762485,,,Jelena Ostapenko,,,,,261807,,,Alexandra Eala,,,,,6-4 7-5,3,R16,,6,11,,,,,,,,2,5,,,,,,,,23,1706,46,1255
2026-linz-wta-indoor,Linz WTA (indoor),Clay,,I,20260406,13,561744,,,Anhelina Kalinina,,,,,416641,,,Panna Udvardy,,,,,5-7 6-1 6-0,3,R32,,3,0,,,,,,,,3,2,,,,,,,,120,695,71,918
2026-linz-wta-indoor,Linz WTA (indoor),Clay,,I,20260406,14,651611,,,Anastasia Potapova,,,,,952597,,,Shuai Zhang,,,,,6-4 6-4,3,R32,,7,3,,,,,,,,3,2,,,,,,,,94,800,62,1031
2026-linz-wta-indoor,Linz WTA (indoor),Clay,,I,20260406,15,727666,,,Mirra Andreeva,,,,,441252,,,Sloane Stephens,,,,,6-4 6-2,3,R16,,0,4,,,,,,,,0,2,,,,,,,,10,3121,552,90
2026-linz-wta-indoor,Linz WTA (indoor),Clay,,I,20260406,16,600745,,,Sorana Cirstea,,,,,425404,,,Dalma Galfi,,,,,5-0,3,R16,,2,0,,,,,,,,0,1,,,,,,,,29,1459,103,769
2026-linz-wta-indoor,Linz WTA (indoor),Clay,,I,20260406,17,975382,,,Donna Vekic,,,,,561744,,,Anhelina Kalinina,,,,,,3,R16,,0,0,,,,,,,,0,0,,,,,,,,104,762,120,695
2026-linz-wta-indoor,Linz WTA (indoor),Clay,,I,20260406,18,287133,,,Lilli Tagger,,,,,286370,,,Liudmila Samsonova,,,,,6-2 7-6,3,R16,,4,2,,,,,,,,5,6,,,,,,,,117,705,21,1845
2026-linz-wta-indoor,Linz WTA (indoor),Clay,,I,20260406,19,884844,,,Karolina Pliskova,,,,,558914,,,Ekaterina Alexandrova,,,,,6-1 6-3,3,R16,,3,4,,,,,,,,4,3,,,,,,,,258,267,13,2886
2026-linz-wta-indoor,Linz WTA (indoor),Clay,,I,20260406,20,651611,,,Anastasia Potapova,,,,,293685,,,Tamara Korpatsch,,,,,6-2 6-1,3,R16,,0,2,,,,,,,,1,2,,,,,,,,97,800,109,737
2026-linz-wta-indoor,Linz WTA (indoor),Clay,,I,20260406,21,275310,,,Elena-Gabriela Ruse,,,,,762485,,,Jelena Ostapenko,,,,,4-6 6-4 6-1,3,QF,,9,3,,,,,,,,4,11,,,,,,,,87,840,23,1706
2026-linz-wta-indoor,Linz WTA (indoor),Clay,,I,20260406,22,727666,,,Mirra Andreeva,,,,,600745,,,Sorana Cirstea,,,,,7-6 4-6 6-2,3,QF,,5,4,,,,,,,,2,1,,,,,,,,10,3121,29,1459
2026-linz-wta-indoor,Linz WTA (indoor),Clay,,I,20260406,23,651611,,,Anastasia Potapova,,,,,287133,,,Lilli Tagger,,,,,7-6 6-0,3,QF,,3,2,,,,,,,,1,1,,,,,,,,97,800,117,705
2026-linz-wta-indoor,Linz WTA (indoor),Clay,,I,20260406,24,975382,,,Donna Vekic,,,,,884844,,,Karolina Pliskova,,,,,7-5 6-4,3,QF,,2,4,,,,,,,,4,2,,,,,,,,104,762,258,267
2026-linz-wta-indoor,Linz WTA (indoor),Clay,,I,20260406,25,727666,,,Mirra Andreeva,,,,,275310,,,Elena-Gabriela Ruse,,,,,6-4 6-1,3,SF,,3,2,,,,,,,,3,6,,,,,,,,10,3121,87,840
2026-linz-wta-indoor,Linz WTA (indoor),Clay,,I,20260406,26,651611,,,Anastasia Potapova,,,,,975382,,,Donna Vekic,,,,,6-4 6-2,3,SF,,6,2,,,,,,,,2,4,,,,,,,,97,800,104,762
2026-linz-wta-indoor,Linz WTA (indoor),Clay,,I,20260406,27,727666,,,Mirra Andreeva,,,,,651611,,,Anastasia Potapova,,,,,1-6 6-4 6-3,3,F,,4,4,,,,,,,,5,1,,,,,,,,10,3121,97,800
2026-rouen-wta-indoor,Rouen WTA (indoor),Clay,,I,20260413,1,619460,,,Ann Li,,,,,626163,,,Daria Kasatkina,,,,,6-7 6-2 6-4,3,R32,,13,1,,,,,,,,2,8,,,,,,,,36,1356,70,918
2026-rouen-wta-indoor,Rouen WTA (indoor),Clay,,I,20260413,2,568609,,,Kamilla Rakhimova,,,,,766060,,,Elvina Kalieva,,,,,6-3 7-6,3,R32,,4,5,,,,,,,,5,7,,,,,,,,72,914,140,543
2026-rouen-wta-indoor,Rouen WTA (indoor),Clay,,I,20260413,3,305997,,,Podrez V.,,,,,441252,,,Sloane Stephens,,,,,6-2 6-1,3,R32,,0,3,,,,,,,,1,1,,,,,,,,206,338,552,90
2026-rouen-wta-indoor,Rouen WTA (indoor),Clay,,I,20260413,4,970027,,,Katie Boulter,,,,,394732,,,Maria Timofeeva,,,,,6-2 6-2,3,R32,,2,4,,,,,,,,3,1,,,,,,,,62,1012,153,494
2026-rouen-wta-indoor,Rouen WTA (indoor),Clay,,I,20260413,5,235584,,,Iryna Shymanovich,,,,,334255,,,Linda Fruhvirtova,,,,,6-3 7-5,3,R32,,0,2,,,,,,,,5,9,,,,,,,,182,398,143,541
2026-rouen-wta-indoor,Rouen WTA (indoor),Clay,,I,20260413,6,125061,,,Dominika Salkova,,,,,126226,,,Anna Blinkova,,,,,7-5 6-1,3,R32,,1,2,,,,,,,,1,3,,,,,,,,124,613,90,819
2026-rouen-wta-indoor,Rouen WTA (indoor),Clay,,I,20260413,7,756180,,,Marta Kostyuk,,,,,671871,,,Diane Parry,,,,,6-1 6-4,3,R32,,2,2,,,,,,,,0,6,,,,,,,,27,1473,95,806
2026-rouen-wta-indoor,Rouen WTA (indoor),Clay,,I,20260413,8,520895,,,Caty Mcnally,,,,,421894,,,Katie Volynets,,,,,1-6 6-1 6-1,3,R32,,0,1,,,,,,,,1,0,,,,,,,,69,919,88,831
2026-rouen-wta-indoor,Rouen WTA (indoor),Clay,,I,20260413,9,600494,,,Xinyu Wang,,,,,944663,,,Chloe Paquet,,,,,3-6 6-4 6-3,3,R32,,3,1,,,,,,,,6,7,,,,,,,,32,1383,236,295
2026-rouen-wta-indoor,Rouen WTA (indoor),Clay,,I,20260413,10,121013,,,Elisabetta Cocciaretto,,,,,461549,,,Alina Charaeva,,,,,6-3 4-6 6-2,3,R32,,2,3,,,,,,,,1,4,,,,,,,,42,1310,126,600
2026-rouen-wta-indoor,Rouen WTA (indoor),Clay,,I,20260413,11,885728,,,Jaqueline  Cristian,,,,,792158,,,Tiantsoa Rakotomanga Rajaonah,,,,,2-6 7-6 7-5,3,R32,,0,4,,,,,,,,4,4,,,,,,,,33,1382,136,565
2026-rouen-wta-indoor,Rouen WTA (indoor),Clay,,I,20260413,12,987862,,,Hailey Baptiste,,,,,673787,,,Jessika Ponchet,,,,,3-6 7-6 6-2,3,R32,,5,3,,,,,,,,4,4,,,,,,,,35,1372,170,427
2026-rouen-wta-indoor,Rouen WTA (indoor),Clay,,I,20260413,13,571895,,,Oleksandra Oliynykova,,,,,287133,,,Lilli Tagger,,,,,6-3 4-6 6-4,3,R32,,0,1,,,,,,,,2,4,,,,,,,,68,931,117,705
2026-rouen-wta-indoor,Rouen WTA (indoor),Clay,,I,20260413,14,610520,,,Anna Bondar,,,,,141528,,,Harmony Tan,,,,,6-2 4-6 6-0,3,R32,,2,4,,,,,,,,2,3,,,,,,,,63,999,202,352
2026-rouen-wta-indoor,Rouen WTA (indoor),Clay,,I,20260413,15,619460,,,Ann Li,,,,,568609,,,Kamilla Rakhimova,,,,,4-6 6-2 6-3,3,R16,,6,4,,,,,,,,0,9,,,,,,,,36,1356,72,914
2026-rouen-wta-indoor,Rouen WTA (indoor),Clay,,I,20260413,16,913730,,,Tatjana Maria,,,,,973113,,,Elsa Jacquemot,,,,,6-4 6-3,3,R32,,5,1,,,,,,,,3,4,,,,,,,,61,1023,59,1029
2026-rouen-wta-indoor,Rouen WTA (indoor),Clay,,I,20260413,17,600745,,,Sorana Cirstea,,,,,192242,,,Fiona Ferro,,,,,6-3 6-7 7-6,3,R32,,4,0,,,,,,,,2,6,,,,,,,,29,1459,216,323
2026-rouen-wta-indoor,Rouen WTA (indoor),Clay,,I,20260413,18,756180,,,Marta Kostyuk,,,,,520895,,,Caty Mcnally,,,,,2-6 6-2 6-1,3,R16,,3,2,,,,,,,,0,3,,,,,,,,27,1473,69,919
2026-rouen-wta-indoor,Rouen WTA (indoor),Clay,,I,20260413,19,970027,,,Katie Boulter,,,,,885728,,,Jaqueline  Cristian,,,,,7-6 4-6 6-1,3,R16,,5,2,,,,,,,,7,4,,,,,,,,62,1012,33,1382
2026-rouen-wta-indoor,Rouen WTA (indoor),Clay,,I,20260413,20,913730,,,Tatjana Maria,,,,,125061,,,Dominika Salkova,,,,,6-3 6-2,3,R16,,5,0,,,,,,,,3,2,,,,,,,,61,1023,124,613
2026-rouen-wta-indoor,Rouen WTA (indoor),Clay,,I,20260413,21,235584,,,Iryna Shymanovich,,,,,987862,,,Hailey Baptiste,,,,,6-3 5-7 6-3,3,R16,,0,3,,,,,,,,7,3,,,,,,,,182,398,35,1372
2026-rouen-wta-indoor,Rouen WTA (indoor),Clay,,I,20260413,22,305997,,,Podrez V.,,,,,121013,,,Elisabetta Cocciaretto,,,,,7-6 4-6 6-4,3,R16,,7,9,,,,,,,,1,6,,,,,,,,206,338,42,1310
2026-rouen-wta-indoor,Rouen WTA (indoor),Clay,,I,20260413,23,600745,,,Sorana Cirstea,,,,,600494,,,Xinyu Wang,,,,,5-3,3,R16,,4,2,,,,,,,,1,3,,,,,,,,29,1459,32,1383
2026-rouen-wta-indoor,Rouen WTA (indoor),Clay,,I,20260413,24,610520,,,Anna Bondar,,,,,571895,,,Oleksandra Oliynykova,,,,,6-0 4-6 6-0,3,R16,,1,0,,,,,,,,0,2,,,,,,,,63,999,68,931
2026-rouen-wta-indoor,Rouen WTA (indoor),Clay,,I,20260413,25,913730,,,Tatjana Maria,,,,,235584,,,Iryna Shymanovich,,,,,7-6 6-2,3,QF,,5,0,,,,,,,,0,2,,,,,,,,61,1023,182,398
2026-rouen-wta-indoor,Rouen WTA (indoor),Clay,,I,20260413,26,305997,,,Podrez V.,,,,,970027,,,Katie Boulter,,,,,6-4 6-1,3,QF,,1,2,,,,,,,,0,6,,,,,,,,206,338,62,1012
2026-rouen-wta-indoor,Rouen WTA (indoor),Clay,,I,20260413,27,756180,,,Marta Kostyuk,,,,,619460,,,Ann Li,,,,,6-0 6-7 6-3,3,QF,,5,5,,,,,,,,0,5,,,,,,,,27,1473,36,1356
2026-rouen-wta-indoor,Rouen WTA (indoor),Clay,,I,20260413,28,600745,,,Sorana Cirstea,,,,,610520,,,Anna Bondar,,,,,7-6 6-2,3,QF,,3,0,,,,,,,,6,2,,,,,,,,29,1459,63,999
2026-rouen-wta-indoor,Rouen WTA (indoor),Clay,,I,20260413,29,756180,,,Marta Kostyuk,,,,,913730,,,Tatjana Maria,,,,,6-3 6-0,3,SF,,2,2,,,,,,,,2,2,,,,,,,,27,1473,61,1023
2026-rouen-wta-indoor,Rouen WTA (indoor),Clay,,I,20260413,30,305997,,,Podrez V.,,,,,600745,,,Sorana Cirstea,,,,,,3,SF,,0,0,,,,,,,,0,0,,,,,,,,206,338,29,1459
2026-rouen-wta-indoor,Rouen WTA (indoor),Clay,,I,20260413,31,756180,,,Marta Kostyuk,,,,,305997,,,Podrez V.,,,,,6-3 6-4,3,F,,4,5,,,,,,,,1,7,,,,,,,,27,1473,206,338
2026-stuttgart-wta-indoor,Stuttgart WTA (indoor),Clay,,I,20260413,1,685811,,,Laura Siegemund,,,,,897792,,,Viktoriya Tomova,,,,,4-6 7-6 6-1,3,R32,,2,1,,,,,,,,6,9,,,,,,,,51,1158,155,480
2026-stuttgart-wta-indoor,Stuttgart WTA (indoor),Clay,,I,20260413,2,286370,,,Liudmila Samsonova,,,,,651454,,,Antonia Ruzic,,,,,6-0 6-4,3,R32,,3,0,,,,,,,,0,3,,,,,,,,21,1845,57,1046
2026-stuttgart-wta-indoor,Stuttgart WTA (indoor),Clay,,I,20260413,3,563551,,,Karolina Muchova,,,,,114904,,,Aliaksandra Sasnovich,,,,,6-2 6-4,3,R32,,7,2,,,,,,,,2,2,,,,,,,,12,2993,115,716
2026-stuttgart-wta-indoor,Stuttgart WTA (indoor),Clay,,I,20260413,4,809758,,,Elise Mertens,,,,,631483,,,Ella Seidel,,,,,6-3 6-4,3,R32,,6,3,,,,,,,,0,2,,,,,,,,20,1906,85,850
2026-stuttgart-wta-indoor,Stuttgart WTA (indoor),Clay,,I,20260413,5,558914,,,Ekaterina Alexandrova,,,,,766389,,,Gabriela Knutson,,,,,6-2 6-2,3,R32,,7,2,,,,,,,,4,6,,,,,,,,13,2886,223,311
2026-stuttgart-wta-indoor,Stuttgart WTA (indoor),Clay,,I,20260413,6,914953,,,Leylah Fernandez,,,,,261807,,,Alexandra Eala,,,,,6-1 6-4,3,R32,,3,6,,,,,,,,2,1,,,,,,,,25,1598,46,1255
2026-stuttgart-wta-indoor,Stuttgart WTA (indoor),Clay,,I,20260413,7,743463,,,Eva Lys,,,,,695399,,,Paula Badosa,,,,,2-6 7-5 6-4,3,R32,,0,7,,,,,,,,6,15,,,,,,,,75,891,102,771
2026-stuttgart-wta-indoor,Stuttgart WTA (indoor),Clay,,I,20260413,8,425446,,,Diana Shnaider,,,,,293685,,,Tamara Korpatsch,,,,,6-3 6-1,3,R32,,0,4,,,,,,,,1,1,,,,,,,,19,2001,109,737
2026-stuttgart-wta-indoor,Stuttgart WTA (indoor),Clay,,I,20260413,9,337480,,,Zeynep Sonmez,,,,,324333,,,Jasmine Paolini,,,,,6-2 6-2,3,R32,,0,1,,,,,,,,2,2,,,,,,,,76,891,8,3907
2026-stuttgart-wta-indoor,Stuttgart WTA (indoor),Clay,,I,20260413,10,663060,,,Alycia Parks,,,,,302517,,,Noma Noha Akugue,,,,,6-4 6-2,3,R32,,5,1,,,,,,,,1,0,,,,,,,,93,814,192,378
2026-stuttgart-wta-indoor,Stuttgart WTA (indoor),Clay,,I,20260413,11,187314,,,Linda Noskova,,,,,952597,,,Shuai Zhang,,,,,5-7 6-1 6-4,3,R32,,15,3,,,,,,,,7,4,,,,,,,,14,2801,64,989
2026-stuttgart-wta-indoor,Stuttgart WTA (indoor),Clay,,I,20260413,12,727666,,,Mirra Andreeva,,,,,762485,,,Jelena Ostapenko,,,,,5-7 6-2 6-4,3,R32,,11,10,,,,,,,,4,6,,,,,,,,10,3121,23,1706
2026-stuttgart-wta-indoor,Stuttgart WTA (indoor),Clay,,I,20260413,13,139227,,,Iga Swiatek,,,,,685811,,,Laura Siegemund,,,,,6-2 6-3,3,R16,,2,7,,,,,,,,1,1,,,,,,,,4,7263,51,1158
2026-stuttgart-wta-indoor,Stuttgart WTA (indoor),Clay,,I,20260413,14,568896,,,Elina Svitolina,,,,,743463,,,Eva Lys,,,,,6-1 6-0,3,R16,,6,4,,,,,,,,0,4,,,,,,,,7,3965,75,891
2026-stuttgart-wta-indoor,Stuttgart WTA (indoor),Clay,,I,20260413,15,563551,,,Karolina Muchova,,,,,809758,,,Elise Mertens,,,,,1-6 6-3 6-0,3,R16,,4,2,,,,,,,,1,9,,,,,,,,12,2993,20,1906
2026-stuttgart-wta-indoor,Stuttgart WTA (indoor),Clay,,I,20260413,16,187314,,,Linda Noskova,,,,,558914,,,Ekaterina Alexandrova,,,,,6-1 6-1,3,R16,,9,5,,,,,,,,6,6,,,,,,,,14,2801,13,2886
2026-stuttgart-wta-indoor,Stuttgart WTA (indoor),Clay,,I,20260413,17,727666,,,Mirra Andreeva,,,,,663060,,,Alycia Parks,,,,,7-6 6-3,3,R16,,4,2,,,,,,,,4,7,,,,,,,,10,3121,93,814
2026-stuttgart-wta-indoor,Stuttgart WTA (indoor),Clay,,I,20260413,18,350535,,,Elena Rybakina,,,,,425446,,,Diana Shnaider,,,,,6-3 6-4,3,R16,,9,2,,,,,,,,1,5,,,,,,,,2,8108,19,2001
2026-stuttgart-wta-indoor,Stuttgart WTA (indoor),Clay,,I,20260413,19,296713,,,Coco Gauff,,,,,286370,,,Liudmila Samsonova,,,,,7-5 6-1,3,R16,,7,5,,,,,,,,2,1,,,,,,,,3,7278,21,1845
2026-stuttgart-wta-indoor,Stuttgart WTA (indoor),Clay,,I,20260413,20,914953,,,Leylah Fernandez,,,,,337480,,,Zeynep Sonmez,,,,,6-7 6-1 7-6,3,R16,,2,8,,,,,,,,3,3,,,,,,,,25,1598,76,891
2026-stuttgart-wta-indoor,Stuttgart WTA (indoor),Clay,,I,20260413,21,568896,,,Elina Svitolina,,,,,187314,,,Linda Noskova,,,,,7-6 7-5,3,QF,,11,0,,,,,,,,6,5,,,,,,,,7,3965,14,2801
2026-stuttgart-wta-indoor,Stuttgart WTA (indoor),Clay,,I,20260413,22,563551,,,Karolina Muchova,,,,,296713,,,Coco Gauff,,,,,6-3 5-7 6-3,3,QF,,4,1,,,,,,,,4,4,,,,,,,,12,2993,3,7278
2026-stuttgart-wta-indoor,Stuttgart WTA (indoor),Clay,,I,20260413,23,727666,,,Mirra Andreeva,,,,,139227,,,Iga Swiatek,,,,,3-6 6-4 6-3,3,QF,,4,5,,,,,,,,1,3,,,,,,,,10,3121,4,7263
2026-stuttgart-wta-indoor,Stuttgart WTA (indoor),Clay,,I,20260413,24,350535,,,Elena Rybakina,,,,,914953,,,Leylah Fernandez,,,,,6-7 6-4 7-6,3,QF,,7,8,,,,,,,,6,6,,,,,,,,2,8108,25,1598
2026-stuttgart-wta-indoor,Stuttgart WTA (indoor),Clay,,I,20260413,25,563551,,,Karolina Muchova,,,,,568896,,,Elina Svitolina,,,,,6-4 2-6 6-4,3,SF,,4,0,,,,,,,,2,3,,,,,,,,12,2993,7,3965
2026-stuttgart-wta-indoor,Stuttgart WTA (indoor),Clay,,I,20260413,26,350535,,,Elena Rybakina,,,,,727666,,,Mirra Andreeva,,,,,7-5 6-1,3,SF,,7,0,,,,,,,,3,1,,,,,,,,2,8108,10,3121
2026-stuttgart-wta-indoor,Stuttgart WTA (indoor),Clay,,I,20260413,27,350535,,,Elena Rybakina,,,,,563551,,,Karolina Muchova,,,,,7-5 6-1,3,F,,3,0,,,,,,,,2,0,,,,,,,,2,8108,12,2993
2026-madrid,Madrid,Clay,,PM,20260421,1,302110,,,Petra Marcinko,,,,,199960,,,Victoria Jimenez Kasintseva,,,,,6-0 7-5,3,R128,,3,2,,,,,,,,1,6,,,,,,,,77,890,107,747
2026-madrid,Madrid,Clay,,PM,20260421,2,475062,,,Laura Samson,,,,,913730,,,Tatjana Maria,,,,,6-4 6-2,3,R128,,4,2,,,,,,,,9,1,,,,,,,,176,417,61,1023
2026-madrid,Madrid,Clay,,PM,20260421,3,685811,,,Laura Siegemund,,,,,707117,,,Irina-Camelia Begu,,,,,6-4 6-0,3,R128,,1,0,,,,,,,,1,1,,,,,,,,51,1158,181,399
2026-madrid,Madrid,Clay,,PM,20260421,4,595819,,,Jessica Bouzas Maneiro,,,,,692146,,,Beatriz Haddad Maia,,,,,6-1 6-1,3,R128,,1,1,,,,,,,,0,7,,,,,,,,47,1230,67,942
2026-madrid,Madrid,Clay,,PM,20260421,5,346262,,,Julia Grabher,,,,,695399,,,Paula Badosa,,,,,7-6 4-6 6-0,3,R128,,1,7,,,,,,,,2,12,,,,,,,,89,829,102,771
2026-madrid,Madrid,Clay,,PM,20260421,6,610520,,,Anna Bondar,,,,,988932,,,Viktorija Golubic,,,,,6-2 6-3,3,R128,,3,2,,,,,,,,0,2,,,,,,,,63,999,79,881
2026-madrid,Madrid,Clay,,PM,20260421,7,684064,,,Magda Linette,,,,,735911,,,Robin Montgomery,,,,,6-4 6-3,3,R128,,3,0,,,,,,,,2,4,,,,,,,,55,1059,417,138
2026-madrid,Madrid,Clay,,PM,20260421,8,937862,,,Kaitlin Quevedo,,,,,969718,,,Venus Williams,,,,,6-2 6-4,3,R128,,1,3,,,,,,,,0,3,,,,,,,,127,600,476,113
2026-madrid,Madrid,Clay,,PM,20260421,9,769396,,,Camila Osorio,,,,,926087,,,Anastasia Zakharova,,,,,6-0 6-3,3,R128,,1,3,,,,,,,,0,5,,,,,,,,81,876,65,978
2026-madrid,Madrid,Clay,,PM,20260421,10,688846,,,Peyton Stearns,,,,,799344,,,Lois Boisson,,,,,6-1 6-3,3,R128,,2,2,,,,,,,,2,1,,,,,,,,44,1296,40,1318
2026-madrid,Madrid,Clay,,PM,20260421,11,275310,,,Elena-Gabriela Ruse,,,,,651454,,,Antonia Ruzic,,,,,6-3 4-6 6-0,3,R128,,6,3,,,,,,,,1,4,,,,,,,,87,840,57,1046
2026-madrid,Madrid,Clay,,PM,20260421,12,337480,,,Zeynep Sonmez,,,,,398327,,,Martinez Cirez C.,,,,,7-5 6-2,3,R128,,0,1,,,,,,,,1,7,,,,,,,,76,891,347,186
2026-madrid,Madrid,Clay,,PM,20260421,13,416641,,,Panna Udvardy,,,,,851560,,,Kimberly Birrell,,,,,6-4 1-6 6-1,3,R128,,3,2,,,,,,,,3,4,,,,,,,,78,906,82,880
2026-madrid,Madrid,Clay,,PM,20260421,14,952597,,,Shuai Zhang,,,,,743463,,,Eva Lys,,,,,6-4 6-3,3,R128,,7,2,,,,,,,,1,2,,,,,,,,64,989,75,891
2026-madrid,Madrid,Clay,,PM,20260421,15,656660,,,Daria Snigur,,,,,626163,,,Daria Kasatkina,,,,,6-3 3-6 7-6,3,R128,,1,5,,,,,,,,7,7,,,,,,,,98,796,75,918
2026-madrid,Madrid,Clay,,PM,20260421,16,425404,,,Dalma Galfi,,,,,389789,,,Ajla Tomljanovic,,,,,7-6 6-4,3,R128,,7,7,,,,,,,,1,11,,,,,,,,117,704,85,867
2026-madrid,Madrid,Clay,,PM,20260421,17,976242,,,Yuliia Starodubtseva,,,,,482165,,,Moyuka Uchijima,,,,,6-3 1-6 6-3,3,R128,,2,5,,,,,,,,3,7,,,,,,,,53,1139,94,810
2026-madrid,Madrid,Clay,,PM,20260421,18,663060,,,Alycia Parks,,,,,121013,,,Elisabetta Cocciaretto,,,,,6-3 6-2,3,R128,,3,3,,,,,,,,0,1,,,,,,,,84,872,41,1310
2026-madrid,Madrid,Clay,,PM,20260421,19,261807,,,Alexandra Eala,,,,,834140,,,Anastasia Pavlyuchenkova,,,,,6-3 6-3,3,R128,,1,1,,,,,,,,4,2,,,,,,,,44,1285,116,707
2026-madrid,Madrid,Clay,,PM,20260421,20,561744,,,Anhelina Kalinina,,,,,568609,,,Kamilla Rakhimova,,,,,6-2 5-7 6-2,3,R128,,4,7,,,,,,,,3,8,,,,,,,,110,738,73,919
2026-madrid,Madrid,Clay,,PM,20260421,21,741705,,,Emiliana Arango,,,,,828867,,,Talia Gibson,,,,,6-3 6-2,3,R128,,2,1,,,,,,,,1,2,,,,,,,,86,843,56,1050
2026-madrid,Madrid,Clay,,PM,20260421,22,797291,,,Janice Tjen,,,,,461549,,,Alina Charaeva,,,,,6-4 6-2,3,R128,,5,3,,,,,,,,3,9,,,,,,,,39,1317,129,573
2026-madrid,Madrid,Clay,,PM,20260421,23,133650,,,Yulia Putintseva,,,,,922335,,,Tereza Valentova,,,,,6-4 4-6 6-3,3,R128,,0,0,,,,,,,,4,7,,,,,,,,74,893,50,1161
2026-madrid,Madrid,Clay,,PM,20260421,24,519047,,,Solana Sierra,,,,,813190,,,Dayana Yastremska,,,,,7-6 7-6,3,R128,,5,12,,,,,,,,2,8,,,,,,,,78,885,49,1172
2026-madrid,Madrid,Clay,,PM,20260421,25,330724,,,Simona Waltert,,,,,571895,,,Oleksandra Oliynykova,,,,,7-5 6-0,3,R128,,0,6,,,,,,,,0,0,,,,,,,,97,796,70,945
2026-madrid,Madrid,Clay,,PM,20260421,26,884844,,,Karolina Pliskova,,,,,879393,,,Sinja Kraus,,,,,2-6 6-1 6-4,3,R128,,7,6,,,,,,,,4,6,,,,,,,,197,375,104,765
2026-madrid,Madrid,Clay,,PM,20260421,27,344636,,,Leolia Jeanjean,,,,,825397,,,Oksana Selekhmeteva,,,,,6-4 6-1,3,R128,,3,5,,,,,,,,0,6,,,,,,,,126,586,77,910
2026-madrid,Madrid,Clay,,PM,20260421,28,549141,,,Sofia Kenin,,,,,701534,,,Ashlyn Krueger,,,,,7-6 6-4,3,R128,,4,5,,,,,,,,7,1,,,,,,,,66,952,108,741
2026-madrid,Madrid,Clay,,PM,20260421,29,970027,,,Katie Boulter,,,,,948848,,,Taylor Townsend,,,,,6-4 6-2,3,R128,,5,3,,,,,,,,4,1,,,,,,,,62,1012,92,814
2026-madrid,Madrid,Clay,,PM,20260421,30,344482,,,Katerina Siniakova,,,,,766060,,,Elvina Kalieva,,,,,6-3 6-4,3,R128,,0,0,,,,,,,,4,3,,,,,,,,42,1299,134,562
2026-madrid,Madrid,Clay,,PM,20260421,31,520895,,,Caty Mcnally,,,,,421894,,,Katie Volynets,,,,,6-1 6-2,3,R128,,1,3,,,,,,,,0,2,,,,,,,,76,916,101,775
2026-madrid,Madrid,Clay,,PM,20260421,32,439600,,,Grant T. C.,,,,,973113,,,Elsa Jacquemot,,,,,6-1 6-2,3,R128,,1,5,,,,,,,,0,4,,,,,,,,262,260,62,1029
2026-madrid,Madrid,Clay,,PM,20260421,33,218416,,,Belinda Bencic,,,,,302110,,,Petra Marcinko,,,,,6-4 6-2,3,R64,,5,4,,,,,,,,1,4,,,,,,,,12,3090,74,919
2026-madrid,Madrid,Clay,,PM,20260421,34,610520,,,Anna Bondar,,,,,568896,,,Elina Svitolina,,,,,6-3 6-4,3,R64,,6,0,,,,,,,,2,4,,,,,,,,63,1023,7,3910
2026-madrid,Madrid,Clay,,PM,20260421,35,885728,,,Jaqueline  Cristian,,,,,976242,,,Yuliia Starodubtseva,,,,,3-6 7-6 6-4,3,R64,,2,4,,,,,,,,0,4,,,,,,,,33,1382,53,1139
2026-madrid,Madrid,Clay,,PM,20260421,36,475062,,,Laura Samson,,,,,600494,,,Xinyu Wang,,,,,2-6 6-3 6-0,3,R64,,2,4,,,,,,,,1,5,,,,,,,,171,428,31,1401
2026-madrid,Madrid,Clay,,PM,20260421,37,425446,,,Diana Shnaider,,,,,595819,,,Jessica Bouzas Maneiro,,,,,3-6 7-5 6-1,3,R64,,2,5,,,,,,,,1,1,,,,,,,,19,2001,50,1186
2026-madrid,Madrid,Clay,,PM,20260421,38,139227,,,Iga Swiatek,,,,,656660,,,Daria Snigur,,,,,6-1 6-2,3,R64,,2,1,,,,,,,,1,5,,,,,,,,4,7273,98,796
2026-madrid,Madrid,Clay,,PM,20260421,39,425404,,,Dalma Galfi,,,,,393113,,,Anna Kalinskaya,,,,,6-3 6-3,3,R64,,8,3,,,,,,,,0,3,,,,,,,,117,704,22,1813
2026-madrid,Madrid,Clay,,PM,20260421,40,561744,,,Anhelina Kalinina,,,,,369605,,,Marie Bouzkova,,,,,6-4 6-3,3,R64,,0,2,,,,,,,,1,3,,,,,,,,110,738,24,1676
2026-madrid,Madrid,Clay,,PM,20260421,41,324333,,,Jasmine Paolini,,,,,685811,,,Laura Siegemund,,,,,3-6 6-2 6-4,3,R64,,2,2,,,,,,,,3,5,,,,,,,,9,3722,47,1217
2026-madrid,Madrid,Clay,,PM,20260421,42,716715,,,Aryna Sabalenka,,,,,688846,,,Peyton Stearns,,,,,7-5 6-3,3,R64,,2,5,,,,,,,,5,4,,,,,,,,1,10895,43,1296
2026-madrid,Madrid,Clay,,PM,20260421,43,619460,,,Ann Li,,,,,663060,,,Alycia Parks,,,,,6-2 6-7 6-3,3,R64,,8,5,,,,,,,,5,12,,,,,,,,34,1380,84,872
2026-madrid,Madrid,Clay,,PM,20260421,44,714334,,,Naomi Osaka,,,,,769396,,,Camila Osorio,,,,,6-2 7-5,3,R64,,5,1,,,,,,,,0,4,,,,,,,,15,2324,83,876
2026-madrid,Madrid,Clay,,PM,20260421,45,388459,,,Iva Jovic,,,,,684064,,,Magda Linette,,,,,6-4 6-1,3,R64,,3,0,,,,,,,,3,1,,,,,,,,16,2270,57,1059
2026-madrid,Madrid,Clay,,PM,20260421,46,914953,,,Leylah Fernandez,,,,,346262,,,Julia Grabher,,,,,6-2 6-3,3,R64,,0,5,,,,,,,,3,1,,,,,,,,25,1646,107,746
2026-madrid,Madrid,Clay,,PM,20260421,47,987862,,,Hailey Baptiste,,,,,937862,,,Kaitlin Quevedo,,,,,6-1 6-4,3,R64,,4,4,,,,,,,,1,2,,,,,,,,32,1392,140,541
2026-madrid,Madrid,Clay,,PM,20260421,48,727666,,,Mirra Andreeva,,,,,416641,,,Panna Udvardy,,,,,7-5 6-2,3,R64,,2,0,,,,,,,,0,0,,,,,,,,8,3746,78,906
2026-madrid,Madrid,Clay,,PM,20260421,49,519047,,,Solana Sierra,,,,,362890,,,Magdalena Frech,,,,,6-2 6-4,3,R64,,0,2,,,,,,,,2,2,,,,,,,,88,825,38,1318
2026-madrid,Madrid,Clay,,PM,20260421,50,884844,,,Karolina Pliskova,,,,,710062,,,Maria Sakkari,,,,,6-4 7-6,3,R64,,3,4,,,,,,,,3,1,,,,,,,,197,375,37,1348
2026-madrid,Madrid,Clay,,PM,20260421,51,809492,,,Qinwen Zheng,,,,,549141,,,Sofia Kenin,,,,,1-6 6-3 6-3,3,R64,,11,6,,,,,,,,1,7,,,,,,,,36,1350,68,952
2026-madrid,Madrid,Clay,,PM,20260421,52,651611,,,Anastasia Potapova,,,,,952597,,,Shuai Zhang,,,,,6-3 6-1,3,R64,,6,3,,,,,,,,0,3,,,,,,,,56,1065,65,989
2026-madrid,Madrid,Clay,,PM,20260421,53,337480,,,Zeynep Sonmez,,,,,480371,,,Cristina Bucsa,,,,,6-1 6-7 6-2,3,R64,,0,4,,,,,,,,2,0,,,,,,,,67,963,30,1426
2026-madrid,Madrid,Clay,,PM,20260421,54,286370,,,Liudmila Samsonova,,,,,797291,,,Janice Tjen,,,,,6-2 6-1,3,R64,,1,2,,,,,,,,0,1,,,,,,,,20,1895,39,1317
2026-madrid,Madrid,Clay,,PM,20260421,55,809758,,,Elise Mertens,,,,,261807,,,Alexandra Eala,,,,,6-2 6-1,3,R64,,3,1,,,,,,,,0,2,,,,,,,,21,1858,44,1285
2026-madrid,Madrid,Clay,,PM,20260421,56,350535,,,Elena Rybakina,,,,,275310,,,Elena-Gabriela Ruse,,,,,4-6 6-3 7-5,3,R64,,3,3,,,,,,,,2,5,,,,,,,,2,8500,71,937
2026-madrid,Madrid,Clay,,PM,20260421,57,762485,,,Jelena Ostapenko,,,,,330724,,,Simona Waltert,,,,,6-2 7-5,3,R64,,4,6,,,,,,,,4,2,,,,,,,,40,1314,97,796
2026-madrid,Madrid,Clay,,PM,20260421,58,600745,,,Sorana Cirstea,,,,,439600,,,Grant T. C.,,,,,6-2 7-6,3,R64,,5,2,,,,,,,,3,0,,,,,,,,26,1540,262,260
2026-madrid,Madrid,Clay,,PM,20260421,59,187314,,,Linda Noskova,,,,,741705,,,Emiliana Arango,,,,,6-3 6-2,3,R64,,4,4,,,,,,,,2,0,,,,,,,,13,2849,86,843
2026-madrid,Madrid,Clay,,PM,20260421,60,756180,,,Marta Kostyuk,,,,,133650,,,Yulia Putintseva,,,,,6-1 6-3,3,R64,,2,7,,,,,,,,0,0,,,,,,,,23,1722,80,893
2026-madrid,Madrid,Clay,,PM,20260421,61,344482,,,Katerina Siniakova,,,,,126226,,,Anna Blinkova,,,,,6-2 6-2,3,R64,,4,2,,,,,,,,0,3,,,,,,,,42,1299,89,819
2026-madrid,Madrid,Clay,,PM,20260421,62,296713,,,Coco Gauff,,,,,344636,,,Leolia Jeanjean,,,,,6-3 6-0,3,R64,,0,0,,,,,,,,0,4,,,,,,,,3,7279,126,586
2026-madrid,Madrid,Clay,,PM,20260421,63,520895,,,Caty Mcnally,,,,,844223,,,Victoria Mboko,,,,,6-4 6-1,3,R64,,0,1,,,,,,,,2,6,,,,,,,,76,916,10,3531
2026-madrid,Madrid,Clay,,PM,20260421,64,814118,,,Jessica Pegula,,,,,970027,,,Katie Boulter,,,,,6-4 6-4,3,R64,,3,4,,,,,,,,3,6,,,,,,,,5,6136,61,1036
2026-madrid,Madrid,Clay,,PM,20260421,65,610520,,,Anna Bondar,,,,,475062,,,Laura Samson,,,,,7-6 6-1,3,R32,,4,1,,,,,,,,4,2,,,,,,,,63,1023,171,428
2026-madrid,Madrid,Clay,,PM,20260421,66,218416,,,Belinda Bencic,,,,,425446,,,Diana Shnaider,,,,,6-2 7-6,3,R32,,5,0,,,,,,,,1,1,,,,,,,,12,3090,19,2001
2026-madrid,Madrid,Clay,,PM,20260421,67,914953,,,Leylah Fernandez,,,,,388459,,,Iva Jovic,,,,,3-6 6-3 6-2,3,R32,,3,5,,,,,,,,3,2,,,,,,,,25,1646,16,2270
2026-madrid,Madrid,Clay,,PM,20260421,68,727666,,,Mirra Andreeva,,,,,425404,,,Dalma Galfi,,,,,6-3 6-2,3,R32,,1,1,,,,,,,,0,2,,,,,,,,8,3746,117,704
2026-madrid,Madrid,Clay,,PM,20260421,69,619460,,,Ann Li,,,,,139227,,,Iga Swiatek,,,,,7-6 2-6 3-0,3,R32,,3,3,,,,,,,,0,4,,,,,,,,34,1380,4,7273
2026-madrid,Madrid,Clay,,PM,20260421,70,987862,,,Hailey Baptiste,,,,,324333,,,Jasmine Paolini,,,,,7-5 6-3,3,R32,,14,6,,,,,,,,2,1,,,,,,,,32,1392,9,3722
2026-madrid,Madrid,Clay,,PM,20260421,71,716715,,,Aryna Sabalenka,,,,,885728,,,Jaqueline  Cristian,,,,,6-1 6-4,3,R32,,4,2,,,,,,,,5,2,,,,,,,,1,10895,33,1382
2026-madrid,Madrid,Clay,,PM,20260421,72,714334,,,Naomi Osaka,,,,,561744,,,Anhelina Kalinina,,,,,6-1 6-3,3,R32,,1,4,,,,,,,,1,1,,,,,,,,15,2324,110,738
2026-madrid,Madrid,Clay,,PM,20260421,73,519047,,,Solana Sierra,,,,,337480,,,Zeynep Sonmez,,,,,0-6 6-2 6-3,3,R32,,2,6,,,,,,,,0,0,,,,,,,,88,825,67,963
2026-madrid,Madrid,Clay,,PM,20260421,74,296713,,,Coco Gauff,,,,,600745,,,Sorana Cirstea,,,,,4-6 7-5 6-1,3,R32,,2,6,,,,,,,,2,4,,,,,,,,3,7279,26,1540
2026-madrid,Madrid,Clay,,PM,20260421,75,520895,,,Caty Mcnally,,,,,344482,,,Katerina Siniakova,,,,,6-3 2-6 7-6,3,R32,,1,4,,,,,,,,0,1,,,,,,,,76,916,42,1299
2026-madrid,Madrid,Clay,,PM,20260421,76,187314,,,Linda Noskova,,,,,286370,,,Liudmila Samsonova,,,,,,3,R32,,,,,,,,,,,,,,,,,,,,13,2849,20,1895
2026-madrid,Madrid,Clay,,PM,20260421,77,884844,,,Karolina Pliskova,,,,,809758,,,Elise Mertens,,,,,7-5 2-6 7-6,3,R32,,2,6,,,,,,,,9,2,,,,,,,,197,375,21,1858
2026-madrid,Madrid,Clay,,PM,20260421,78,756180,,,Marta Kostyuk,,,,,814118,,,Jessica Pegula,,,,,6-1 6-4,3,R32,,5,6,,,,,,,,1,2,,,,,,,,23,1722,5,6136
2026-madrid,Madrid,Clay,,PM,20260421,79,350535,,,Elena Rybakina,,,,,809492,,,Qinwen Zheng,,,,,4-6 6-4 6-3,3,R32,,7,1,,,,,,,,9,9,,,,,,,,2,8500,36,1350
2026-madrid,Madrid,Clay,,PM,20260421,80,651611,,,Anastasia Potapova,,,,,762485,,,Jelena Ostapenko,,,,,4-6 6-4 6-4,3,R32,,6,7,,,,,,,,4,9,,,,,,,,56,1065,40,1314
2026-madrid,Madrid,Clay,,PM,20260421,81,914953,,,Leylah Fernandez,,,,,619460,,,Ann Li,,,,,6-3 6-2,3,R16,,6,2,,,,,,,,1,1,,,,,,,,25,1646,34,1380
2026-madrid,Madrid,Clay,,PM,20260421,82,987862,,,Hailey Baptiste,,,,,218416,,,Belinda Bencic,,,,,6-1 6-7 6-3,3,R16,,8,6,,,,,,,,3,3,,,,,,,,32,1392,12,3090
2026-madrid,Madrid,Clay,,PM,20260421,83,716715,,,Aryna Sabalenka,,,,,714334,,,Naomi Osaka,,,,,6-7 6-3 6-2,3,R16,,6,6,,,,,,,,9,5,,,,,,,,1,10895,15,2324
2026-madrid,Madrid,Clay,,PM,20260421,84,884844,,,Karolina Pliskova,,,,,519047,,,Solana Sierra,,,,,6-4 6-3,3,R16,,1,10,,,,,,,,6,7,,,,,,,,197,375,88,825
2026-madrid,Madrid,Clay,,PM,20260421,85,727666,,,Mirra Andreeva,,,,,610520,,,Anna Bondar,,,,,6-7 6-3 7-6,3,R16,,4,12,,,,,,,,5,0,,,,,,,,8,3746,63,1023
2026-madrid,Madrid,Clay,,PM,20260421,86,187314,,,Linda Noskova,,,,,296713,,,Coco Gauff,,,,,6-4 1-6 7-6,3,R16,,8,7,,,,,,,,13,6,,,,,,,,13,2849,3,7279
2026-madrid,Madrid,Clay,,PM,20260421,87,756180,,,Marta Kostyuk,,,,,520895,,,Caty Mcnally,,,,,6-2 6-3,3,R16,,2,5,,,,,,,,0,2,,,,,,,,23,1722,76,916
2026-madrid,Madrid,Clay,,PM,20260421,88,651611,,,Anastasia Potapova,,,,,350535,,,Elena Rybakina,,,,,7-6 6-4,3,R16,,2,6,,,,,,,,6,5,,,,,,,,56,1065,2,8500
2026-madrid,Madrid,Clay,,PM,20260421,89,727666,,,Mirra Andreeva,,,,,914953,,,Leylah Fernandez,,,,,7-6 6-3,3,QF,,1,1,,,,,,,,0,5,,,,,,,,8,3746,25,1646
2026-madrid,Madrid,Clay,,PM,20260421,90,987862,,,Hailey Baptiste,,,,,716715,,,Aryna Sabalenka,,,,,2-6 6-2 7-6,3,QF,,12,10,,,,,,,,5,4,,,,,,,,32,1392,1,10895
2026-madrid,Madrid,Clay,,PM,20260421,91,651611,,,Anastasia Potapova,,,,,884844,,,Karolina Pliskova,,,,,6-1 6-7 6-3,3,QF,,10,9,,,,,,,,3,8,,,,,,,,56,1065,197,375
2026-madrid,Madrid,Clay,,PM,20260421,92,756180,,,Marta Kostyuk,,,,,187314,,,Linda Noskova,,,,,7-6 6-0,3,QF,,2,4,,,,,,,,3,7,,,,,,,,23,1722,13,2849
2026-madrid,Madrid,Clay,,PM,20260421,93,727666,,,Mirra Andreeva,,,,,987862,,,Hailey Baptiste,,,,,6-4 7-6,3,SF,,3,1,,,,,,,,5,2,,,,,,,,8,3746,32,1392
2026-madrid,Madrid,Clay,,PM,20260421,94,756180,,,Marta Kostyuk,,,,,651611,,,Anastasia Potapova,,,,,6-2 1-6 6-1,3,SF,,1,5,,,,,,,,0,6,,,,,,,,23,1722,56,1065
2026-madrid,Madrid,Clay,,PM,20260421,95,756180,,,Marta Kostyuk,,,,,727666,,,Mirra Andreeva,,,,,6-3 7-5,3,F,,4,2,,,,,,,,1,3,,,,,,,,23,1722,8,3746
2026-rome,Rome,Clay,,PM,20260505,1,358837,,,Barbora Krejcikova,,,,,973113,,,Elsa Jacquemot,,,,,6-2 6-4,3,R128,,3,5,,,,,,,,1,2,,,,,,,,53,1156,64,1007
2026-rome,Rome,Clay,,PM,20260505,2,809492,,,Qinwen Zheng,,,,,610520,,,Anna Bondar,,,,,3-6 6-3 6-4,3,R128,,7,3,,,,,,,,1,2,,,,,,,,32,1405,58,1043
2026-rome,Rome,Clay,,PM,20260505,3,571895,,,Oleksandra Oliynykova,,,,,302110,,,Petra Marcinko,,,,,6-1 6-3,3,R128,,0,2,,,,,,,,0,5,,,,,,,,68,940,69,934
2026-rome,Rome,Clay,,PM,20260505,4,409001,,,Bianca Andreescu,,,,,549141,,,Sofia Kenin,,,,,6-4 7-5,3,R128,,5,5,,,,,,,,3,2,,,,,,,,137,564,74,922
2026-rome,Rome,Clay,,PM,20260505,5,651454,,,Antonia Ruzic,,,,,568609,,,Kamilla Rakhimova,,,,,6-4 1-6 6-3,3,R128,,1,2,,,,,,,,3,2,,,,,,,,59,1041,76,919
2026-rome,Rome,Clay,,PM,20260505,6,421789,,,Mccartney Kessler,,,,,152800,,,Lucia Bronzetti,,,,,6-3 5-7 6-4,3,R128,,1,6,,,,,,,,1,5,,,,,,,,50,1204,173,459
2026-rome,Rome,Clay,,PM,20260505,7,926087,,,Anastasia Zakharova,,,,,813190,,,Dayana Yastremska,,,,,4-6 7-5 7-6,3,R128,,0,4,,,,,,,,1,9,,,,,,,,81,888,52,1175
2026-rome,Rome,Clay,,PM,20260505,8,337480,,,Zeynep Sonmez,,,,,111683,,,Ruggeri J.,,,,,4-6 6-2 6-2,3,R128,,0,4,,,,,,,,0,9,,,,,,,,65,998,265,260
2026-rome,Rome,Clay,,PM,20260505,9,828867,,,Talia Gibson,,,,,357952,,,Martina Trevisan,,,,,6-4 0-6 6-3,3,R128,,3,6,,,,,,,,2,3,,,,,,,,62,1021,516,100
2026-rome,Rome,Clay,,PM,20260505,10,619460,,,Ann Li,,,,,952597,,,Shuai Zhang,,,,,1-6 6-4 6-2,3,R128,,3,2,,,,,,,,1,3,,,,,,,,29,1435,73,924
2026-rome,Rome,Clay,,PM,20260505,11,913730,,,Tatjana Maria,,,,,684064,,,Magda Linette,,,,,6-0 6-3,3,R128,,5,2,,,,,,,,1,2,,,,,,,,54,1086,55,1084
2026-rome,Rome,Clay,,PM,20260505,12,416641,,,Panna Udvardy,,,,,914707,,,Alina Korneeva,,,,,6-2 7-6,3,R128,,1,1,,,,,,,,1,4,,,,,,,,71,931,122,657
2026-rome,Rome,Clay,,PM,20260505,13,261807,,,Alexandra Eala,,,,,362890,,,Magdalena Frech,,,,,6-0 3-6 6-4,3,R128,,0,4,,,,,,,,3,1,,,,,,,,42,1285,45,1263
2026-rome,Rome,Clay,,PM,20260505,14,762485,,,Jelena Ostapenko,,,,,647835,,,Lucrezia Stefanini,,,,,6-0 6-1,3,R128,,3,4,,,,,,,,0,3,,,,,,,,36,1369,154,495
2026-rome,Rome,Clay,,PM,20260505,15,344636,,,Leolia Jeanjean,,,,,692146,,,Beatriz Haddad Maia,,,,,7-6 6-4,3,R128,,1,4,,,,,,,,2,4,,,,,,,,127,608,78,904
2026-rome,Rome,Clay,,PM,20260505,16,344482,,,Katerina Siniakova,,,,,799344,,,Lois Boisson,,,,,6-2 6-3,3,R128,,0,4,,,,,,,,2,2,,,,,,,,39,1342,43,1268
2026-rome,Rome,Clay,,PM,20260505,17,439600,,,Grant T. C.,,,,,613068,,,Lisa Pigato,,,,,1-6 6-2 6-4,3,R128,,2,8,,,,,,,,0,8,,,,,,,,234,305,141,547
2026-rome,Rome,Clay,,PM,20260505,18,988932,,,Viktorija Golubic,,,,,539000,,,Urgesi F.,,,,,6-1 6-1,3,R128,,1,0,,,,,,,,1,2,,,,,,,,90,854,410,145
2026-rome,Rome,Clay,,PM,20260505,19,685811,,,Laura Siegemund,,,,,429517,,,Sara Bejlek,,,,,6-4 6-4,3,R128,,0,2,,,,,,,,0,7,,,,,,,,46,1250,37,1360
2026-rome,Rome,Clay,,PM,20260505,20,519047,,,Solana Sierra,,,,,293685,,,Tamara Korpatsch,,,,,6-3 6-1,3,R128,,2,2,,,,,,,,0,5,,,,,,,,72,924,87,868
2026-rome,Rome,Clay,,PM,20260505,21,948848,,,Taylor Townsend,,,,,111614,,,Nuria Brancaccio,,,,,6-3 6-2,3,R128,,2,1,,,,,,,,0,0,,,,,,,,96,824,171,463
2026-rome,Rome,Clay,,PM,20260505,22,688846,,,Peyton Stearns,,,,,797291,,,Janice Tjen,,,,,6-4 6-4,3,R128,,3,2,,,,,,,,5,4,,,,,,,,49,1211,40,1317
2026-rome,Rome,Clay,,PM,20260505,23,710062,,,Maria Sakkari,,,,,287133,,,Lilli Tagger,,,,,5-7 6-3 6-0,3,R128,,0,1,,,,,,,,3,2,,,,,,,,47,1238,92,836
2026-rome,Rome,Clay,,PM,20260505,24,922335,,,Tereza Valentova,,,,,133650,,,Yulia Putintseva,,,,,6-3 6-2,3,R128,,0,4,,,,,,,,1,3,,,,,,,,48,1231,77,918
2026-rome,Rome,Clay,,PM,20260505,25,651611,,,Anastasia Potapova,,,,,425404,,,Dalma Galfi,,,,,5-7 6-2 6-4,3,R128,,0,4,,,,,,,,3,1,,,,,,,,38,1355,119,674
2026-rome,Rome,Clay,,PM,20260505,26,149280,,,Rebeka Masarova,,,,,825397,,,Oksana Selekhmeteva,,,,,7-5 5-7 6-1,3,R128,,4,4,,,,,,,,0,11,,,,,,,,160,479,84,871
2026-rome,Rome,Clay,,PM,20260505,27,743463,,,Eva Lys,,,,,970027,,,Katie Boulter,,,,,6-4 3-6 6-4,3,R128,,1,8,,,,,,,,3,3,,,,,,,,80,901,60,1036
2026-rome,Rome,Clay,,PM,20260505,28,884844,,,Karolina Pliskova,,,,,595819,,,Jessica Bouzas Maneiro,,,,,4-6 6-3 7-5,3,R128,,6,5,,,,,,,,0,2,,,,,,,,130,590,51,1186
2026-rome,Rome,Clay,,PM,20260505,29,121013,,,Elisabetta Cocciaretto,,,,,879393,,,Sinja Kraus,,,,,6-2 6-4,3,R128,,1,2,,,,,,,,1,4,,,,,,,,41,1290,103,780
2026-rome,Rome,Clay,,PM,20260505,30,520895,,,Caty Mcnally,,,,,626163,,,Daria Kasatkina,,,,,6-2 6-3,3,R128,,0,2,,,,,,,,1,5,,,,,,,,63,1018,66,987
2026-rome,Rome,Clay,,PM,20260505,31,809492,,,Qinwen Zheng,,,,,480371,,,Cristina Bucsa,,,,,7-6 6-2,3,R64,,11,4,,,,,,,,0,1,,,,,,,,32,1405,31,1406
2026-rome,Rome,Clay,,PM,20260505,32,727666,,,Mirra Andreeva,,,,,651454,,,Antonia Ruzic,,,,,6-1 6-0,3,R64,,4,1,,,,,,,,0,3,,,,,,,,7,4181,59,1041
2026-rome,Rome,Clay,,PM,20260505,33,809758,,,Elise Mertens,,,,,416641,,,Panna Udvardy,,,,,6-4 6-2,3,R64,,3,4,,,,,,,,1,4,,,,,,,,22,1858,71,931
2026-rome,Rome,Clay,,PM,20260505,34,742712,,,Basiletti N.,,,,,389789,,,Ajla Tomljanovic,,,,,7-5 6-4,3,R128,,0,1,,,,,,,,1,6,,,,,,,,427,137,88,867
2026-rome,Rome,Clay,,PM,20260505,35,324333,,,Jasmine Paolini,,,,,344636,,,Leolia Jeanjean,,,,,6-7 6-2 6-4,3,R64,,0,6,,,,,,,,4,4,,,,,,,,8,3722,127,608
2026-rome,Rome,Clay,,PM,20260505,36,330724,,,Simona Waltert,,,,,976242,,,Yuliia Starodubtseva,,,,,7-5 4-6 6-1,3,R128,,0,3,,,,,,,,0,3,,,,,,,,91,840,57,1044
2026-rome,Rome,Clay,,PM,20260505,37,187314,,,Linda Noskova,,,,,926087,,,Anastasia Zakharova,,,,,6-4 6-1,3,R64,,8,6,,,,,,,,0,5,,,,,,,,13,2999,81,888
2026-rome,Rome,Clay,,PM,20260505,38,600745,,,Sorana Cirstea,,,,,913730,,,Tatjana Maria,,,,,6-2 6-0,3,R64,,3,1,,,,,,,,1,2,,,,,,,,27,1595,54,1086
2026-rome,Rome,Clay,,PM,20260505,39,571895,,,Oleksandra Oliynykova,,,,,359411,,,Clara Tauson,,,,,6-1 3-1,3,R64,,0,2,,,,,,,,1,2,,,,,,,,68,940,18,2030
2026-rome,Rome,Clay,,PM,20260505,40,988932,,,Viktorija Golubic,,,,,690300,,,Maya Joint,,,,,7-5 6-2,3,R64,,1,0,,,,,,,,1,3,,,,,,,,90,854,34,1380
2026-rome,Rome,Clay,,PM,20260505,41,393113,,,Anna Kalinskaya,,,,,344482,,,Katerina Siniakova,,,,,4-6 7-6 7-5,3,R64,,1,9,,,,,,,,2,6,,,,,,,,24,1758,39,1342
2026-rome,Rome,Clay,,PM,20260505,42,296713,,,Coco Gauff,,,,,922335,,,Tereza Valentova,,,,,6-3 6-4,3,R64,,0,7,,,,,,,,0,1,,,,,,,,4,6749,48,1231
2026-rome,Rome,Clay,,PM,20260505,43,762485,,,Jelena Ostapenko,,,,,275310,,,Elena-Gabriela Ruse,,,,,2-6 6-2 6-3,3,R64,,1,10,,,,,,,,0,9,,,,,,,,36,1369,67,963
2026-rome,Rome,Clay,,PM,20260505,44,218416,,,Belinda Bencic,,,,,409001,,,Bianca Andreescu,,,,,6-4 6-1,3,R64,,1,2,,,,,,,,1,7,,,,,,,,12,3090,137,564
2026-rome,Rome,Clay,,PM,20260505,45,519047,,,Solana Sierra,,,,,561744,,,Anhelina Kalinina,,,,,6-2 6-3,3,R64,,2,3,,,,,,,,0,4,,,,,,,,72,924,93,833
2026-rome,Rome,Clay,,PM,20260505,46,948848,,,Taylor Townsend,,,,,369605,,,Marie Bouzkova,,,,,6-3 7-5,3,R64,,3,0,,,,,,,,0,3,,,,,,,,96,824,26,1651
2026-rome,Rome,Clay,,PM,20260505,47,716715,,,Aryna Sabalenka,,,,,358837,,,Barbora Krejcikova,,,,,6-2 6-3,3,R64,,0,2,,,,,,,,4,7,,,,,,,,1,10110,53,1156
2026-rome,Rome,Clay,,PM,20260505,48,388459,,,Iva Jovic,,,,,421789,,,Mccartney Kessler,,,,,7-6 7-6,3,R64,,0,1,,,,,,,,5,2,,,,,,,,17,2235,50,1204
2026-rome,Rome,Clay,,PM,20260505,49,425446,,,Diana Shnaider,,,,,828867,,,Talia Gibson,,,,,5-7 6-1 6-1,3,R64,,1,5,,,,,,,,1,3,,,,,,,,20,1946,62,1021
2026-rome,Rome,Clay,,PM,20260505,50,286370,,,Liudmila Samsonova,,,,,619460,,,Ann Li,,,,,6-4 6-3,3,R64,,1,3,,,,,,,,2,1,,,,,,,,21,1895,29,1435
2026-rome,Rome,Clay,,PM,20260505,51,261807,,,Alexandra Eala,,,,,600494,,,Xinyu Wang,,,,,6-4 6-3,3,R64,,0,0,,,,,,,,2,4,,,,,,,,42,1285,33,1401
2026-rome,Rome,Clay,,PM,20260505,52,139227,,,Iga Swiatek,,,,,520895,,,Caty Mcnally,,,,,6-1 6-7 6-3,3,R64,,2,3,,,,,,,,0,5,,,,,,,,3,6948,63,1018
2026-rome,Rome,Clay,,PM,20260505,53,651611,,,Anastasia Potapova,,,,,563551,,,Karolina Muchova,,,,,6-3 6-2,3,R64,,2,2,,,,,,,,0,1,,,,,,,,38,1355,11,3318
2026-rome,Rome,Clay,,PM,20260505,54,731934,,,Madison Keys,,,,,688846,,,Peyton Stearns,,,,,4-6 6-4 6-2,3,R64,,7,4,,,,,,,,2,3,,,,,,,,19,1946,49,1211
2026-rome,Rome,Clay,,PM,20260505,55,714334,,,Naomi Osaka,,,,,743463,,,Eva Lys,,,,,6-4 4-6 6-3,3,R64,,3,7,,,,,,,,0,4,,,,,,,,16,2341,80,901
2026-rome,Rome,Clay,,PM,20260505,56,814118,,,Jessica Pegula,,,,,337480,,,Zeynep Sonmez,,,,,6-4 6-0,3,R64,,3,0,,,,,,,,1,1,,,,,,,,5,6136,65,998
2026-rome,Rome,Clay,,PM,20260505,57,685811,,,Laura Siegemund,,,,,558914,,,Ekaterina Alexandrova,,,,,6-4 6-7 6-1,3,R64,,2,2,,,,,,,,3,9,,,,,,,,46,1250,14,2669
2026-rome,Rome,Clay,,PM,20260505,58,987862,,,Hailey Baptiste,,,,,330724,,,Simona Waltert,,,,,6-7 6-4 6-4,3,R64,,3,7,,,,,,,,0,1,,,,,,,,25,1747,91,840
2026-rome,Rome,Clay,,PM,20260505,59,515592,,,Nikola Bartunkova,,,,,439600,,,Grant T. C.,,,,,4-6 6-3 6-4,3,R64,,6,4,,,,,,,,3,5,,,,,,,,94,831,234,305
2026-rome,Rome,Clay,,PM,20260505,60,568896,,,Elina Svitolina,,,,,742712,,,Basiletti N.,,,,,6-1 6-3,3,R64,,1,3,,,,,,,,0,0,,,,,,,,10,3530,427,137
2026-rome,Rome,Clay,,PM,20260505,61,884844,,,Karolina Pliskova,,,,,885728,,,Jaqueline  Cristian,,,,,6-7 7-6 6-4,3,R64,,1,11,,,,,,,,4,7,,,,,,,,130,590,28,1437
2026-rome,Rome,Clay,,PM,20260505,62,149280,,,Rebeka Masarova,,,,,914953,,,Leylah Fernandez,,,,,4-6 6-4 6-4,3,R64,,4,10,,,,,,,,1,5,,,,,,,,160,479,23,1851
2026-rome,Rome,Clay,,PM,20260505,63,121013,,,Elisabetta Cocciaretto,,,,,804248,,,Emma Navarro,,,,,6-3 6-3,3,R64,,1,2,,,,,,,,0,2,,,,,,,,41,1290,35,1377
2026-rome,Rome,Clay,,PM,20260505,64,350535,,,Elena Rybakina,,,,,710062,,,Maria Sakkari,,,,,6-4 6-1,3,R64,,5,2,,,,,,,,0,2,,,,,,,,2,8555,47,1238
2026-rome,Rome,Clay,,PM,20260505,65,296713,,,Coco Gauff,,,,,519047,,,Solana Sierra,,,,,5-7 6-0 6-4,3,R32,,1,5,,,,,,,,1,4,,,,,,,,4,6749,72,924
2026-rome,Rome,Clay,,PM,20260505,66,187314,,,Linda Noskova,,,,,571895,,,Oleksandra Oliynykova,,,,,6-1 6-3,3,R32,,0,2,,,,,,,,0,1,,,,,,,,13,2999,68,940
2026-rome,Rome,Clay,,PM,20260505,67,809758,,,Elise Mertens,,,,,324333,,,Jasmine Paolini,,,,,4-6 7-6 6-3,3,R32,,3,3,,,,,,,,0,2,,,,,,,,22,1858,8,3722
2026-rome,Rome,Clay,,PM,20260505,68,762485,,,Jelena Ostapenko,,,,,809492,,,Qinwen Zheng,,,,,4-6 6-4 6-4,3,R32,,5,6,,,,,,,,14,4,,,,,,,,36,1369,32,1405
2026-rome,Rome,Clay,,PM,20260505,69,600745,,,Sorana Cirstea,,,,,716715,,,Aryna Sabalenka,,,,,2-6 6-3 7-5,3,R32,,3,2,,,,,,,,2,1,,,,,,,,27,1595,1,10110
2026-rome,Rome,Clay,,PM,20260505,70,727666,,,Mirra Andreeva,,,,,988932,,,Viktorija Golubic,,,,,6-1 4-6 6-0,3,R32,,3,3,,,,,,,,0,1,,,,,,,,7,4181,90,854
2026-rome,Rome,Clay,,PM,20260505,71,388459,,,Iva Jovic,,,,,948848,,,Taylor Townsend,,,,,7-5 6-2,3,R32,,3,1,,,,,,,,2,3,,,,,,,,17,2235,96,824
2026-rome,Rome,Clay,,PM,20260505,72,393113,,,Anna Kalinskaya,,,,,218416,,,Belinda Bencic,,,,,6-4 6-3,3,R32,,1,5,,,,,,,,1,5,,,,,,,,24,1758,12,3090
2026-rome,Rome,Clay,,PM,20260505,73,515592,,,Nikola Bartunkova,,,,,731934,,,Madison Keys,,,,,6-3 1-6 6-4,3,R32,,3,1,,,,,,,,5,2,,,,,,,,94,831,19,1946
2026-rome,Rome,Clay,,PM,20260505,74,568896,,,Elina Svitolina,,,,,987862,,,Hailey Baptiste,,,,,6-1 6-2,3,R32,,1,1,,,,,,,,2,0,,,,,,,,10,3530,25,1747
2026-rome,Rome,Clay,,PM,20260505,75,814118,,,Jessica Pegula,,,,,149280,,,Rebeka Masarova,,,,,6-0 6-0,3,R32,,1,0,,,,,,,,5,4,,,,,,,,5,6136,160,479
2026-rome,Rome,Clay,,PM,20260505,76,651611,,,Anastasia Potapova,,,,,286370,,,Liudmila Samsonova,,,,,6-3 6-2,3,R32,,2,2,,,,,,,,1,4,,,,,,,,38,1355,21,1895
2026-rome,Rome,Clay,,PM,20260505,77,714334,,,Naomi Osaka,,,,,425446,,,Diana Shnaider,,,,,6-1 6-2,3,R32,,2,1,,,,,,,,0,2,,,,,,,,16,2341,20,1946
2026-rome,Rome,Clay,,PM,20260505,78,350535,,,Elena Rybakina,,,,,261807,,,Alexandra Eala,,,,,6-4 6-3,3,R32,,6,0,,,,,,,,1,5,,,,,,,,2,8555,42,1285
2026-rome,Rome,Clay,,PM,20260505,79,139227,,,Iga Swiatek,,,,,121013,,,Elisabetta Cocciaretto,,,,,6-1 6-0,3,R32,,4,2,,,,,,,,0,3,,,,,,,,3,6948,41,1290
2026-rome,Rome,Clay,,PM,20260505,80,884844,,,Karolina Pliskova,,,,,685811,,,Laura Siegemund,,,,,6-1 6-4,3,R32,,1,4,,,,,,,,0,4,,,,,,,,130,590,46,1250
2026-rome,Rome,Clay,,PM,20260505,81,600745,,,Sorana Cirstea,,,,,187314,,,Linda Noskova,,,,,6-2 6-4,3,R16,,6,2,,,,,,,,5,7,,,,,,,,27,1595,13,2999
2026-rome,Rome,Clay,,PM,20260505,82,296713,,,Coco Gauff,,,,,388459,,,Iva Jovic,,,,,5-7 7-5 6-2,3,R16,,1,1,,,,,,,,3,10,,,,,,,,4,6749,17,2235
2026-rome,Rome,Clay,,PM,20260505,83,762485,,,Jelena Ostapenko,,,,,393113,,,Anna Kalinskaya,,,,,6-1 6-2,3,R16,,8,4,,,,,,,,2,4,,,,,,,,36,1369,24,1758
2026-rome,Rome,Clay,,PM,20260505,84,727666,,,Mirra Andreeva,,,,,809758,,,Elise Mertens,,,,,6-3 6-3,3,R16,,4,3,,,,,,,,4,4,,,,,,,,7,4181,22,1858
2026-rome,Rome,Clay,,PM,20260505,85,568896,,,Elina Svitolina,,,,,515592,,,Nikola Bartunkova,,,,,6-2 6-3,3,R16,,2,2,,,,,,,,0,8,,,,,,,,10,3530,94,831
2026-rome,Rome,Clay,,PM,20260505,86,814118,,,Jessica Pegula,,,,,651611,,,Anastasia Potapova,,,,,7-6 6-2,3,R16,,3,2,,,,,,,,2,0,,,,,,,,5,6136,38,1355
2026-rome,Rome,Clay,,PM,20260505,87,139227,,,Iga Swiatek,,,,,714334,,,Naomi Osaka,,,,,6-2 6-1,3,R16,,3,1,,,,,,,,2,3,,,,,,,,3,6948,16,2341
2026-rome,Rome,Clay,,PM,20260505,88,350535,,,Elena Rybakina,,,,,884844,,,Karolina Pliskova,,,,,6-0 6-2,3,R16,,1,3,,,,,,,,2,5,,,,,,,,2,8555,130,590
2026-rome,Rome,Clay,,PM,20260505,89,600745,,,Sorana Cirstea,,,,,762485,,,Jelena Ostapenko,,,,,6-1 7-6,3,QF,,1,1,,,,,,,,1,4,,,,,,,,27,1595,36,1369
2026-rome,Rome,Clay,,PM,20260505,90,296713,,,Coco Gauff,,,,,727666,,,Mirra Andreeva,,,,,4-6 6-2 6-4,3,QF,,2,4,,,,,,,,3,6,,,,,,,,4,6749,7,4181
2026-rome,Rome,Clay,,PM,20260505,91,139227,,,Iga Swiatek,,,,,814118,,,Jessica Pegula,,,,,6-1 6-2,3,QF,,2,2,,,,,,,,1,2,,,,,,,,3,6948,5,6136
2026-rome,Rome,Clay,,PM,20260505,92,568896,,,Elina Svitolina,,,,,350535,,,Elena Rybakina,,,,,2-6 6-4 6-4,3,QF,,1,5,,,,,,,,7,5,,,,,,,,10,3530,2,8555
2026-rome,Rome,Clay,,PM,20260505,93,296713,,,Coco Gauff,,,,,600745,,,Sorana Cirstea,,,,,6-4 6-3,3,SF,,0,1,,,,,,,,3,0,,,,,,,,4,6749,27,1595
2026-rome,Rome,Clay,,PM,20260505,94,568896,,,Elina Svitolina,,,,,139227,,,Iga Swiatek,,,,,6-4 2-6 6-2,3,SF,,2,6,,,,,,,,2,1,,,,,,,,10,3530,3,6948
2026-rome,Rome,Clay,,PM,20260505,95,568896,,,Elina Svitolina,,,,,296713,,,Coco Gauff,,,,,6-4 6-7 6-2,3,F,,2,2,,,,,,,,1,7,,,,,,,,10,3530,4,6749
2026-strasbourg,Strasbourg,Clay,,P,20260517,1,619460,,,Ann Li,,,,,690300,,,Maya Joint,,,,,6-1 6-2,3,R32,,1,3,,,,,,,,0,0,,,,,,,,29,1435,34,1380
2026-strasbourg,Strasbourg,Clay,,P,20260517,2,688846,,,Peyton Stearns,,,,,710062,,,Maria Sakkari,,,,,6-3 6-1,3,R32,,3,4,,,,,,,,4,5,,,,,,,,49,1211,47,1238
2026-strasbourg,Strasbourg,Clay,,P,20260517,3,804248,,,Emma Navarro,,,,,429517,,,Sara Bejlek,,,,,6-1 6-4,3,R32,,1,2,,,,,,,,0,1,,,,,,,,35,1377,37,1360
2026-strasbourg,Strasbourg,Clay,,P,20260517,4,799344,,,Lois Boisson,,,,,600494,,,Xinyu Wang,,,,,6-3 7-6,3,R32,,2,5,,,,,,,,1,0,,,,,,,,43,1268,33,1401
2026-strasbourg,Strasbourg,Clay,,P,20260517,5,914953,,,Leylah Fernandez,,,,,344636,,,Leolia Jeanjean,,,,,6-1 7-5,3,R32,,3,2,,,,,,,,1,6,,,,,,,,23,1851,127,608
2026-strasbourg,Strasbourg,Clay,,P,20260517,6,362890,,,Magdalena Frech,,,,,828867,,,Talia Gibson,,,,,7-6 6-3,3,R32,,3,1,,,,,,,,2,7,,,,,,,,45,1263,62,1021
2026-strasbourg,Strasbourg,Clay,,P,20260517,7,626163,,,Daria Kasatkina,,,,,286370,,,Liudmila Samsonova,,,,,7-5 6-3,3,R32,,4,3,,,,,,,,1,4,,,,,,,,66,987,21,1895
2026-strasbourg,Strasbourg,Clay,,P,20260517,8,885728,,,Jaqueline  Cristian,,,,,421789,,,Mccartney Kessler,,,,,6-1 6-1,3,R32,,0,1,,,,,,,,0,5,,,,,,,,28,1437,50,1204
2026-strasbourg,Strasbourg,Clay,,P,20260517,9,571895,,,Oleksandra Oliynykova,,,,,261807,,,Alexandra Eala,,,,,3-6 7-5 6-3,3,R32,,2,7,,,,,,,,0,3,,,,,,,,68,940,42,1285
2026-strasbourg,Strasbourg,Clay,,P,20260517,10,369605,,,Marie Bouzkova,,,,,344482,,,Katerina Siniakova,,,,,7-6 6-3,3,R32,,0,4,,,,,,,,0,9,,,,,,,,26,1651,39,1342
2026-strasbourg,Strasbourg,Clay,,P,20260517,11,952597,,,Shuai Zhang,,,,,480371,,,Cristina Bucsa,,,,,2-6 7-6 7-5,3,R32,,0,7,,,,,,,,2,8,,,,,,,,74,919,31,1406
2026-strasbourg,Strasbourg,Clay,,P,20260517,12,671871,,,Diane Parry,,,,,858188,,,Emma Raducanu,,,,,6-4 7-6,3,R32,,3,1,,,,,,,,5,9,,,,,,,,108,730,30,1430
2026-strasbourg,Strasbourg,Clay,,P,20260517,13,619460,,,Ann Li,,,,,558914,,,Ekaterina Alexandrova,,,,,4-6 6-4 6-3,3,R16,,10,1,,,,,,,,3,8,,,,,,,,29,1435,14,2669
2026-strasbourg,Strasbourg,Clay,,P,20260517,14,626163,,,Daria Kasatkina,,,,,688846,,,Peyton Stearns,,,,,6-1 6-3,3,R16,,3,2,,,,,,,,1,3,,,,,,,,62,987,92,856
2026-strasbourg,Strasbourg,Clay,,P,20260517,15,914953,,,Leylah Fernandez,,,,,362890,,,Magdalena Frech,,,,,6-4 3-6 6-4,3,R16,,2,9,,,,,,,,2,4,,,,,,,,24,1796,49,1208
2026-strasbourg,Strasbourg,Clay,,P,20260517,16,844223,,,Victoria Mboko,,,,,799344,,,Lois Boisson,,,,,6-4 6-3,3,R16,,4,1,,,,,,,,4,4,,,,,,,,9,3531,43,1268
2026-strasbourg,Strasbourg,Clay,,P,20260517,17,369605,,,Marie Bouzkova,,,,,571895,,,Oleksandra Oliynykova,,,,,3-1,3,R16,,0,1,,,,,,,,0,0,,,,,,,,27,1596,66,970
2026-strasbourg,Strasbourg,Clay,,P,20260517,18,885728,,,Jaqueline  Cristian,,,,,359411,,,Clara Tauson,,,,,6-1 7-5,3,R16,,1,0,,,,,,,,0,1,,,,,,,,33,1382,21,1920
2026-strasbourg,Strasbourg,Clay,,P,20260517,19,952597,,,Shuai Zhang,,,,,671871,,,Diane Parry,,,,,6-2 7-5,3,R16,,1,0,,,,,,,,2,3,,,,,,,,74,919,94,853
2026-strasbourg,Strasbourg,Clay,,P,20260517,20,804248,,,Emma Navarro,,,,,388459,,,Iva Jovic,,,,,6-4 4-6 6-1,3,R16,,6,6,,,,,,,,2,2,,,,,,,,35,1377,17,2235
2026-strasbourg,Strasbourg,Clay,,P,20260517,21,619460,,,Ann Li,,,,,369605,,,Marie Bouzkova,,,,,6-3 7-5,3,QF,,2,3,,,,,,,,1,2,,,,,,,,30,1460,27,1596
2026-strasbourg,Strasbourg,Clay,,P,20260517,22,885728,,,Jaqueline  Cristian,,,,,626163,,,Daria Kasatkina,,,,,7-6 3-6 6-2,3,QF,,4,3,,,,,,,,1,5,,,,,,,,33,1382,62,987
2026-strasbourg,Strasbourg,Clay,,P,20260517,23,804248,,,Emma Navarro,,,,,952597,,,Shuai Zhang,,,,,2-6 7-6 6-2,3,QF,,2,10,,,,,,,,1,3,,,,,,,,39,1327,74,919
2026-strasbourg,Strasbourg,Clay,,P,20260517,24,844223,,,Victoria Mboko,,,,,914953,,,Leylah Fernandez,,,,,6-4 6-4,3,QF,,4,5,,,,,,,,2,8,,,,,,,,9,3395,24,1796
2026-strasbourg,Strasbourg,Clay,,P,20260517,25,804248,,,Emma Navarro,,,,,619460,,,Ann Li,,,,,6-1 6-3,3,SF,,0,0,,,,,,,,1,1,,,,,,,,39,1327,30,1460
2026-strasbourg,Strasbourg,Clay,,P,20260517,26,844223,,,Victoria Mboko,,,,,885728,,,Jaqueline  Cristian,,,,,7-6 3-6 6-2,3,SF,,4,6,,,,,,,,2,4,,,,,,,,9,3395,33,1382
2026-strasbourg,Strasbourg,Clay,,P,20260517,27,804248,,,Emma Navarro,,,,,844223,,,Victoria Mboko,,,,,6-0 5-7 6-2,3,F,,0,4,,,,,,,,4,6,,,,,,,,39,1327,9,3395
2026-rabat,Rabat,Clay,,I,20260518,1,920327,,,Jil Teichmann,,,,,346262,,,Julia Grabher,,,,,6-4 7-6,3,R32,,1,4,,,,,,,,2,7,,,,,,,,196,377,121,662
2026-rabat,Rabat,Clay,,I,20260518,2,416641,,,Panna Udvardy,,,,,282315,,,Hanne Vandewinkel,,,,,6-4 6-2,3,R32,,0,1,,,,,,,,4,3,,,,,,,,71,931,98,804
2026-rabat,Rabat,Clay,,I,20260518,3,561744,,,Anhelina Kalinina,,,,,330724,,,Simona Waltert,,,,,6-3 6-4,3,R32,,0,4,,,,,,,,1,4,,,,,,,,93,833,91,840
2026-rabat,Rabat,Clay,,I,20260518,4,302110,,,Petra Marcinko,,,,,673285,,,Vera Zvonareva,,,,,6-2 6-4,3,R32,,3,4,,,,,,,,0,3,,,,,,,,69,934,321,201
2026-rabat,Rabat,Clay,,I,20260518,5,663060,,,Alycia Parks,,,,,482165,,,Moyuka Uchijima,,,,,6-2 6-4,3,R32,,3,4,,,,,,,,1,1,,,,,,,,79,902,109,729
2026-rabat,Rabat,Clay,,I,20260518,6,192242,,,Fiona Ferro,,,,,989873,,,Danka Kovinic,,,,,6-2 6-3,3,R32,,0,0,,,,,,,,0,9,,,,,,,,197,375,644,70
2026-rabat,Rabat,Clay,,I,20260518,7,610520,,,Anna Bondar,,,,,403306,,,Polona Hercog,,,,,1-1,3,R32,,1,0,,,,,,,,0,1,,,,,,,,58,1043,227,310
2026-rabat,Rabat,Clay,,I,20260518,8,413935,,,Sada Nahimana,,,,,389789,,,Ajla Tomljanovic,,,,,6-3 7-5,3,R32,,4,4,,,,,,,,4,9,,,,,,,,266,259,88,867
2026-rabat,Rabat,Clay,,I,20260518,9,763849,,,Kotliar Y.,,,,,794930,,,Francesca Jones,,,,,2-6 6-3 6-4,3,R32,,2,8,,,,,,,,1,8,,,,,,,,518,100,101,784
2026-rabat,Rabat,Clay,,I,20260518,10,797291,,,Janice Tjen,,,,,826836,,,Caijsa Wilda Hennemann,,,,,6-1 7-5,3,R32,,3,4,,,,,,,,2,2,,,,,,,,40,1317,330,196
2026-rabat,Rabat,Clay,,I,20260518,11,928485,,,Yasmine Kabbaj,,,,,943543,,,Berfu Cengiz,,,,,7-6 6-3,3,R32,,1,1,,,,,,,,2,4,,,,,,,,331,195,465,122
2026-rabat,Rabat,Clay,,I,20260518,12,595819,,,Jessica Bouzas Maneiro,,,,,470739,,,Zaar L.,,,,,6-0 7-5,3,R32,,2,1,,,,,,,,0,3,,,,,,,,51,1186,365,171
2026-rabat,Rabat,Clay,,I,20260518,13,769396,,,Camila Osorio,,,,,412476,,,Tereza Martincova,,,,,6-0 6-4,3,R32,,0,1,,,,,,,,0,1,,,,,,,,83,876,241,293
2026-rabat,Rabat,Clay,,I,20260518,14,913730,,,Tatjana Maria,,,,,926890,,,Diae El Jardi,,,,,6-2 6-4,3,R32,,6,1,,,,,,,,2,3,,,,,,,,54,1086,1014,19
2026-rabat,Rabat,Clay,,I,20260518,15,976242,,,Yuliia Starodubtseva,,,,,413598,,,Angela Fita Boluda,,,,,6-4 6-2,3,R32,,0,2,,,,,,,,1,1,,,,,,,,57,1044,190,388
2026-rabat,Rabat,Clay,,I,20260518,16,741705,,,Emiliana Arango,,,,,631483,,,Ella Seidel,,,,,6-3 4-6 6-1,3,R32,,2,3,,,,,,,,1,9,,,,,,,,85,868,100,789
2026-rabat,Rabat,Clay,,I,20260518,17,920327,,,Jil Teichmann,,,,,663060,,,Alycia Parks,,,,,6-3 6-4,3,R16,,0,3,,,,,,,,4,4,,,,,,,,207,352,80,902
2026-rabat,Rabat,Clay,,I,20260518,18,595819,,,Jessica Bouzas Maneiro,,,,,192242,,,Fiona Ferro,,,,,2-6 7-6 6-3,3,R16,,0,3,,,,,,,,0,0,,,,,,,,51,1200,200,370
2026-rabat,Rabat,Clay,,I,20260518,19,416641,,,Panna Udvardy,,,,,413935,,,Sada Nahimana,,,,,6-4 6-1,3,R16,,0,1,,,,,,,,3,1,,,,,,,,68,951,231,309
2026-rabat,Rabat,Clay,,I,20260518,20,302110,,,Petra Marcinko,,,,,763849,,,Kotliar Y.,,,,,5-7 6-2 7-6,3,R16,,2,8,,,,,,,,0,5,,,,,,,,76,917,528,100
2026-rabat,Rabat,Clay,,I,20260518,21,928485,,,Yasmine Kabbaj,,,,,913730,,,Tatjana Maria,,,,,6-2 6-4,3,R16,,1,2,,,,,,,,3,1,,,,,,,,334,195,52,1111
2026-rabat,Rabat,Clay,,I,20260518,22,769396,,,Camila Osorio,,,,,797291,,,Janice Tjen,,,,,6-3 3-6 6-0,3,R16,,2,7,,,,,,,,0,6,,,,,,,,77,912,41,1292
2026-rabat,Rabat,Clay,,I,20260518,23,610520,,,Anna Bondar,,,,,741705,,,Emiliana Arango,,,,,7-6 1-6 6-0,3,R16,,5,1,,,,,,,,1,3,,,,,,,,58,1023,98,813
2026-rabat,Rabat,Clay,,I,20260518,24,561744,,,Anhelina Kalinina,,,,,976242,,,Yuliia Starodubtseva,,,,,6-3 7-6,3,R16,,0,4,,,,,,,,0,2,,,,,,,,84,873,54,1078
2026-rabat,Rabat,Clay,,I,20260518,25,416641,,,Panna Udvardy,,,,,769396,,,Camila Osorio,,,,,7-5 6-3,3,QF,,3,2,,,,,,,,0,6,,,,,,,,68,951,77,912
2026-rabat,Rabat,Clay,,I,20260518,26,302110,,,Petra Marcinko,,,,,595819,,,Jessica Bouzas Maneiro,,,,,6-3 6-4,3,QF,,1,2,,,,,,,,1,2,,,,,,,,76,917,51,1200
2026-rabat,Rabat,Clay,,I,20260518,27,561744,,,Anhelina Kalinina,,,,,610520,,,Anna Bondar,,,,,6-4 7-5,3,QF,,1,4,,,,,,,,3,3,,,,,,,,84,873,58,1023
2026-rabat,Rabat,Clay,,I,20260518,28,920327,,,Jil Teichmann,,,,,928485,,,Yasmine Kabbaj,,,,,6-1 5-7 7-6,3,QF,,0,5,,,,,,,,0,3,,,,,,,,207,352,334,195
2026-rabat,Rabat,Clay,,I,20260518,29,561744,,,Anhelina Kalinina,,,,,416641,,,Panna Udvardy,,,,,6-0 6-3,3,SF,,1,0,,,,,,,,2,2,,,,,,,,84,873,68,951
2026-rabat,Rabat,Clay,,I,20260518,30,302110,,,Petra Marcinko,,,,,920327,,,Jil Teichmann,,,,,7-6 6-3,3,SF,,4,6,,,,,,,,0,2,,,,,,,,76,917,207,352
2026-rabat,Rabat,Clay,,I,20260518,31,302110,,,Petra Marcinko,,,,,561744,,,Anhelina Kalinina,,,,,6-2 3-0,3,F,,1,2,,,,,,,,1,1,,,,,,,,76,917,84,873
2026-french-open,French Open,Clay,,G,20260524,1,756180,,,Marta Kostyuk,,,,,825397,,,Oksana Selekhmeteva,,,,,6-2 6-3,3,R128,,1,5,,,,,,,,0,12,,,,,,,,15,2387,89,865
2026-french-open,French Open,Clay,,G,20260524,2,520895,,,Caty Mcnally,,,,,389789,,,Ajla Tomljanovic,,,,,3-6 7-6 6-3,3,R128,,2,5,,,,,,,,1,10,,,,,,,,56,1032,90,857
2026-french-open,French Open,Clay,,G,20260524,3,600494,,,Xinyu Wang,,,,,287133,,,Lilli Tagger,,,,,6-3 3-6 6-4,3,R128,,1,5,,,,,,,,3,6,,,,,,,,32,1401,91,857
2026-french-open,French Open,Clay,,G,20260524,4,369605,,,Marie Bouzkova,,,,,152800,,,Lucia Bronzetti,,,,,6-3 6-1,3,R128,,0,3,,,,,,,,0,3,,,,,,,,27,1596,173,448
2026-french-open,French Open,Clay,,G,20260524,5,218416,,,Belinda Bencic,,,,,879393,,,Sinja Kraus,,,,,6-2 6-3,3,R128,,1,5,,,,,,,,0,5,,,,,,,,11,3145,101,795
2026-french-open,French Open,Clay,,G,20260524,6,421894,,,Katie Volynets,,,,,289001,,,Clara Burel,,,,,6-3 6-1,3,R128,,0,2,,,,,,,,3,1,,,,,,,,108,715,1483,3
2026-french-open,French Open,Clay,,G,20260524,7,976242,,,Yuliia Starodubtseva,,,,,126226,,,Anna Blinkova,,,,,6-3 6-1,3,R128,,1,1,,,,,,,,1,4,,,,,,,,54,1078,99,803
2026-french-open,French Open,Clay,,G,20260524,8,674631,,,Xinyu Wang,,,,,989873,,,Danka Kovinic,,,,,6-3 6-1,3,R128,,0,2,,,,,,,,2,2,,,,,,,,148,516,644,70
2026-french-open,French Open,Clay,,G,20260524,9,684064,,,Magda Linette,,,,,922335,,,Tereza Valentova,,,,,5-7 6-4 7-6,3,R128,,1,2,,,,,,,,3,2,,,,,,,,57,1029,43,1265
2026-french-open,French Open,Clay,,G,20260524,10,987862,,,Hailey Baptiste,,,,,358837,,,Barbora Krejcikova,,,,,6-7 7-6 6-2,3,R128,,10,4,,,,,,,,4,3,,,,,,,,26,1712,42,1271
2026-french-open,French Open,Clay,,G,20260524,11,293685,,,Tamara Korpatsch,,,,,355591,,,Sara Sorribes Tormo,,,,,6-4 6-2,3,R128,,0,1,,,,,,,,0,2,,,,,,,,96,829,297,226
2026-french-open,French Open,Clay,,G,20260524,12,794930,,,Francesca Jones,,,,,692146,,,Beatriz Haddad Maia,,,,,1-6 7-6 6-2,3,R128,,3,8,,,,,,,,1,11,,,,,,,,105,736,78,904
2026-french-open,French Open,Clay,,G,20260524,13,362890,,,Magdalena Frech,,,,,275310,,,Elena-Gabriela Ruse,,,,,7-6 2-1,3,R128,,0,0,,,,,,,,2,1,,,,,,,,49,1208,71,928
2026-french-open,French Open,Clay,,G,20260524,14,727666,,,Mirra Andreeva,,,,,192242,,,Fiona Ferro,,,,,6-3 6-3,3,R128,,0,4,,,,,,,,0,0,,,,,,,,8,4181,200,370
2026-french-open,French Open,Clay,,G,20260524,15,519047,,,Solana Sierra,,,,,858188,,,Emma Raducanu,,,,,6-0 7-6,3,R128,,0,3,,,,,,,,3,5,,,,,,,,64,974,37,1360
2026-french-open,French Open,Clay,,G,20260524,16,656660,,,Daria Snigur,,,,,359411,,,Clara Tauson,,,,,3-6 7-5 6-2,3,R128,,3,5,,,,,,,,6,3,,,,,,,,95,839,21,1920
2026-french-open,French Open,Clay,,G,20260524,17,429517,,,Sara Bejlek,,,,,441252,,,Sloane Stephens,,,,,6-3 6-2,3,R128,,1,2,,,,,,,,0,4,,,,,,,,35,1369,361,173
2026-french-open,French Open,Clay,,G,20260524,18,688846,,,Peyton Stearns,,,,,549141,,,Sofia Kenin,,,,,6-3 6-3,3,R128,,6,2,,,,,,,,1,4,,,,,,,,92,856,88,867
2026-french-open,French Open,Clay,,G,20260524,19,569469,,,Bassols M.,,,,,741705,,,Emiliana Arango,,,,,6-3 6-4,3,R128,,0,6,,,,,,,,0,1,,,,,,,,177,438,98,813
2026-french-open,French Open,Clay,,G,20260524,20,600745,,,Sorana Cirstea,,,,,733135,,,Efremova K.,,,,,6-3 6-1,3,R128,,2,2,,,,,,,,0,4,,,,,,,,18,1985,625,74
2026-french-open,French Open,Clay,,G,20260524,21,920327,,,Jil Teichmann,,,,,286370,,,Liudmila Samsonova,,,,,6-4 6-4,3,R128,,0,2,,,,,,,,1,4,,,,,,,,207,352,20,1950
2026-french-open,French Open,Clay,,G,20260524,22,626163,,,Daria Kasatkina,,,,,337480,,,Zeynep Sonmez,,,,,6-4 6-4,3,R128,,1,10,,,,,,,,0,2,,,,,,,,62,987,59,1020
2026-french-open,French Open,Clay,,G,20260524,23,324333,,,Jasmine Paolini,,,,,813190,,,Dayana Yastremska,,,,,7-5 6-3,3,R128,,0,3,,,,,,,,1,2,,,,,,,,13,2787,45,1246
2026-french-open,French Open,Clay,,G,20260524,24,670831,,,Susan Bandecchi,,,,,480371,,,Cristina Bucsa,,,,,6-4 2-6 6-4,3,R128,,4,3,,,,,,,,2,7,,,,,,,,215,337,31,1406
2026-french-open,French Open,Clay,,G,20260524,25,679599,,,Maja Chwalinska,,,,,809492,,,Qinwen Zheng,,,,,6-4 6-0,3,R128,,0,0,,,,,,,,5,3,,,,,,,,116,693,53,1080
2026-french-open,French Open,Clay,,G,20260524,26,139227,,,Iga Swiatek,,,,,993262,,,Emerson Jones,,,,,6-1 6-2,3,R128,,1,1,,,,,,,,0,2,,,,,,,,3,7273,136,557
2026-french-open,French Open,Clay,,G,20260524,27,346262,,,Julia Grabher,,,,,123538,,,Rebecca Sramkova,,,,,6-2 6-2,3,R128,,1,1,,,,,,,,1,1,,,,,,,,123,661,121,670
2026-french-open,French Open,Clay,,G,20260524,28,809758,,,Elise Mertens,,,,,913730,,,Tatjana Maria,,,,,7-5 6-0,3,R128,,3,2,,,,,,,,2,2,,,,,,,,23,1858,52,1111
2026-french-open,French Open,Clay,,G,20260524,29,350535,,,Elena Rybakina,,,,,890144,,,Veronika Erjavec,,,,,6-2 6-2,3,R128,,2,1,,,,,,,,0,1,,,,,,,,2,8705,85,873
2026-french-open,French Open,Clay,,G,20260524,30,743463,,,Eva Lys,,,,,302110,,,Petra Marcinko,,,,,6-3 6-0,3,R128,,0,2,,,,,,,,0,2,,,,,,,,81,901,76,917
2026-french-open,French Open,Clay,,G,20260524,31,568896,,,Elina Svitolina,,,,,610520,,,Anna Bondar,,,,,3-6 6-1 7-6,3,R128,,6,2,,,,,,,,4,2,,,,,,,,7,4315,58,1023
2026-french-open,French Open,Clay,,G,20260524,32,651611,,,Anastasia Potapova,,,,,690300,,,Maya Joint,,,,,6-1 6-2,3,R128,,1,5,,,,,,,,0,4,,,,,,,,28,1470,34,1370
2026-french-open,French Open,Clay,,G,20260524,33,133650,,,Yulia Putintseva,,,,,828867,,,Talia Gibson,,,,,4-6 6-4 6-1,3,R128,,5,1,,,,,,,,1,4,,,,,,,,75,918,55,1036
2026-french-open,French Open,Clay,,G,20260524,34,937862,,,Kaitlin Quevedo,,,,,344636,,,Leolia Jeanjean,,,,,7-6 7-6,3,R128,,6,2,,,,,,,,3,5,,,,,,,,127,622,124,653
2026-french-open,French Open,Clay,,G,20260524,35,988932,,,Viktorija Golubic,,,,,416641,,,Panna Udvardy,,,,,6-0 6-2,3,R128,,1,1,,,,,,,,1,3,,,,,,,,82,901,68,951
2026-french-open,French Open,Clay,,G,20260524,36,324536,,,Amanda Anisimova,,,,,792158,,,Tiantsoa Rakotomanga Rajaonah,,,,,6-3 6-1,3,R128,,3,5,,,,,,,,1,5,,,,,,,,6,5958,155,494
2026-french-open,French Open,Clay,,G,20260524,37,568609,,,Kamilla Rakhimova,,,,,885728,,,Jaqueline  Cristian,,,,,6-3 4-6 6-4,3,R128,,0,10,,,,,,,,7,7,,,,,,,,86,872,33,1382
2026-french-open,French Open,Clay,,G,20260524,38,762485,,,Jelena Ostapenko,,,,,631483,,,Ella Seidel,,,,,6-4 6-4,3,R128,,4,7,,,,,,,,2,5,,,,,,,,29,1464,97,818
2026-french-open,French Open,Clay,,G,20260524,39,970027,,,Katie Boulter,,,,,243955,,,Akasha Urhobo,,,,,6-4 4-6 6-4,3,R128,,1,7,,,,,,,,6,4,,,,,,,,69,941,184,403
2026-french-open,French Open,Clay,,G,20260524,40,769396,,,Camila Osorio,,,,,558914,,,Ekaterina Alexandrova,,,,,6-2 6-4,3,R128,,3,7,,,,,,,,1,6,,,,,,,,77,912,14,2679
2026-french-open,French Open,Clay,,G,20260524,41,421789,,,Mccartney Kessler,,,,,676979,,,Hanyu Guo,,,,,4-6 7-6 7-5,3,R128,,1,3,,,,,,,,0,8,,,,,,,,47,1229,168,454
2026-french-open,French Open,Clay,,G,20260524,42,425446,,,Diana Shnaider,,,,,988957,,,Renata Zarazua,,,,,6-4 6-1,3,R128,,0,1,,,,,,,,1,2,,,,,,,,25,1796,72,925
2026-french-open,French Open,Clay,,G,20260524,43,663060,,,Alycia Parks,,,,,914953,,,Leylah Fernandez,,,,,6-4 6-4,3,R128,,6,6,,,,,,,,1,7,,,,,,,,80,902,24,1796
2026-french-open,French Open,Clay,,G,20260524,44,563551,,,Karolina Muchova,,,,,926087,,,Anastasia Zakharova,,,,,7-5 6-2,3,R128,,2,7,,,,,,,,0,6,,,,,,,,10,3318,79,903
2026-french-open,French Open,Clay,,G,20260524,45,388459,,,Iva Jovic,,,,,261807,,,Alexandra Eala,,,,,6-4 6-2,3,R128,,3,4,,,,,,,,2,2,,,,,,,,17,2306,38,1340
2026-french-open,French Open,Clay,,G,20260524,46,804248,,,Emma Navarro,,,,,797291,,,Janice Tjen,,,,,6-4 6-3,3,R128,,5,3,,,,,,,,4,4,,,,,,,,39,1327,41,1292
2026-french-open,French Open,Clay,,G,20260524,47,975382,,,Donna Vekic,,,,,469230,,,Tubello A.,,,,,6-3 6-2,3,R128,,2,3,,,,,,,,0,3,,,,,,,,70,933,226,317
2026-french-open,French Open,Clay,,G,20260524,48,737156,,,Claire Liu,,,,,482165,,,Moyuka Uchijima,,,,,3-6 6-0 4-1,3,R128,,1,2,,,,,,,,3,7,,,,,,,,182,417,110,707
2026-french-open,French Open,Clay,,G,20260524,49,716715,,,Aryna Sabalenka,,,,,595819,,,Jessica Bouzas Maneiro,,,,,6-4 6-2,3,R128,,0,0,,,,,,,,1,5,,,,,,,,1,9960,51,1200
2026-french-open,French Open,Clay,,G,20260524,50,710062,,,Maria Sakkari,,,,,187314,,,Linda Noskova,,,,,7-5 7-6,3,R128,,7,3,,,,,,,,5,9,,,,,,,,48,1208,12,3054
2026-french-open,French Open,Clay,,G,20260524,51,619460,,,Ann Li,,,,,952597,,,Shuai Zhang,,,,,6-4 6-2,3,R128,,3,0,,,,,,,,1,3,,,,,,,,30,1460,74,919
2026-french-open,French Open,Clay,,G,20260524,52,729721,,,Mayar Sherif,,,,,425404,,,Dalma Galfi,,,,,7-5 6-4,3,R128,,2,2,,,,,,,,6,3,,,,,,,,130,593,117,691
2026-french-open,French Open,Clay,,G,20260524,53,714334,,,Naomi Osaka,,,,,685811,,,Laura Siegemund,,,,,6-3 7-6,3,R128,,4,2,,,,,,,,0,4,,,,,,,,16,2341,46,1230
2026-french-open,French Open,Clay,,G,20260524,54,296713,,,Coco Gauff,,,,,948848,,,Taylor Townsend,,,,,6-4 6-0,3,R128,,1,5,,,,,,,,1,2,,,,,,,,4,6749,73,919
2026-french-open,French Open,Clay,,G,20260524,55,651454,,,Antonia Ruzic,,,,,701534,,,Ashlyn Krueger,,,,,3-6 6-2 6-2,3,R128,,0,3,,,,,,,,3,7,,,,,,,,61,1011,107,721
2026-french-open,French Open,Clay,,G,20260524,56,973113,,,Elsa Jacquemot,,,,,334255,,,Linda Fruhvirtova,,,,,6-4 6-3,3,R128,,1,4,,,,,,,,2,8,,,,,,,,63,984,150,506
2026-french-open,French Open,Clay,,G,20260524,57,914707,,,Alina Korneeva,,,,,121013,,,Elisabetta Cocciaretto,,,,,6-3 6-3,3,R128,,2,4,,,,,,,,1,6,,,,,,,,120,685,40,1320
2026-french-open,French Open,Clay,,G,20260524,58,671871,,,Diane Parry,,,,,561744,,,Anhelina Kalinina,,,,,0-6 6-2 6-4,3,R128,,2,4,,,,,,,,0,3,,,,,,,,94,853,84,873
2026-french-open,French Open,Clay,,G,20260524,59,393113,,,Anna Kalinskaya,,,,,799344,,,Lois Boisson,,,,,6-2 6-2,3,R128,,3,2,,,,,,,,1,2,,,,,,,,22,1868,50,1204
2026-french-open,French Open,Clay,,G,20260524,60,344482,,,Katerina Siniakova,,,,,330724,,,Simona Waltert,,,,,6-4 7-6,3,R128,,2,9,,,,,,,,3,4,,,,,,,,36,1362,93,856
2026-french-open,French Open,Clay,,G,20260524,61,571895,,,Oleksandra Oliynykova,,,,,164893,,,Elena Pridankina,,,,,6-1 6-2,3,R128,,2,5,,,,,,,,0,1,,,,,,,,66,970,220,330
2026-french-open,French Open,Clay,,G,20260524,62,731934,,,Madison Keys,,,,,282315,,,Hanne Vandewinkel,,,,,6-3 6-0,3,R128,,1,1,,,,,,,,1,2,,,,,,,,19,1962,102,790
2026-french-open,French Open,Clay,,G,20260524,63,844223,,,Victoria Mboko,,,,,515592,,,Nikola Bartunkova,,,,,6-1 6-2,3,R128,,3,2,,,,,,,,0,4,,,,,,,,9,3395,65,970
2026-french-open,French Open,Clay,,G,20260524,64,851560,,,Kimberly Birrell,,,,,814118,,,Jessica Pegula,,,,,1-6 6-3 6-3,3,R128,,1,0,,,,,,,,7,2,,,,,,,,83,880,5,6286
2026-french-open,French Open,Clay,,G,20260524,65,218416,,,Belinda Bencic,,,,,520895,,,Caty Mcnally,,,,,6-4 6-0,3,R64,,3,3,,,,,,,,1,6,,,,,,,,11,3145,56,1032
2026-french-open,French Open,Clay,,G,20260524,66,293685,,,Tamara Korpatsch,,,,,600494,,,Xinyu Wang,,,,,6-2 2-6 6-3,3,R64,,1,3,,,,,,,,2,0,,,,,,,,96,829,32,1401
2026-french-open,French Open,Clay,,G,20260524,67,139227,,,Iga Swiatek,,,,,429517,,,Sara Bejlek,,,,,6-2 6-3,3,R64,,0,6,,,,,,,,0,4,,,,,,,,3,7273,35,1369
2026-french-open,French Open,Clay,,G,20260524,68,688846,,,Peyton Stearns,,,,,656660,,,Daria Snigur,,,,,6-4 6-0,3,R64,,5,1,,,,,,,,0,5,,,,,,,,92,856,95,839
2026-french-open,French Open,Clay,,G,20260524,69,684064,,,Magda Linette,,,,,762485,,,Jelena Ostapenko,,,,,6-2 2-6 6-2,3,R64,,6,4,,,,,,,,4,9,,,,,,,,57,1029,29,1464
2026-french-open,French Open,Clay,,G,20260524,70,568896,,,Elina Svitolina,,,,,937862,,,Kaitlin Quevedo,,,,,6-0 6-4,3,R64,,4,3,,,,,,,,0,1,,,,,,,,7,4315,127,622
2026-french-open,French Open,Clay,,G,20260524,71,988932,,,Viktorija Golubic,,,,,663060,,,Alycia Parks,,,,,6-2 6-2,3,R64,,0,3,,,,,,,,4,11,,,,,,,,82,901,80,902
2026-french-open,French Open,Clay,,G,20260524,72,756180,,,Marta Kostyuk,,,,,421894,,,Katie Volynets,,,,,6-7 6-3 6-3,3,R64,,8,7,,,,,,,,1,0,,,,,,,,15,2387,108,715
2026-french-open,French Open,Clay,,G,20260524,73,369605,,,Marie Bouzkova,,,,,794930,,,Francesca Jones,,,,,6-0 7-6,3,R64,,1,5,,,,,,,,1,3,,,,,,,,27,1596,105,736
2026-french-open,French Open,Clay,,G,20260524,74,976242,,,Yuliia Starodubtseva,,,,,350535,,,Elena Rybakina,,,,,3-6 6-1 7-6,3,R64,,1,4,,,,,,,,4,4,,,,,,,,54,1078,2,8705
2026-french-open,French Open,Clay,,G,20260524,75,920327,,,Jil Teichmann,,,,,362890,,,Magdalena Frech,,,,,7-5 6-4,3,R64,,2,7,,,,,,,,1,2,,,,,,,,207,352,49,1208
2026-french-open,French Open,Clay,,G,20260524,76,519047,,,Solana Sierra,,,,,324333,,,Jasmine Paolini,,,,,3-6 6-4 6-3,3,R64,,3,5,,,,,,,,0,2,,,,,,,,64,974,13,2787
2026-french-open,French Open,Clay,,G,20260524,77,674631,,,Xinyu Wang,,,,,987862,,,Hailey Baptiste,,,,,5-4,3,R64,,0,1,,,,,,,,0,3,,,,,,,,148,516,26,1712
2026-french-open,French Open,Clay,,G,20260524,78,600745,,,Sorana Cirstea,,,,,743463,,,Eva Lys,,,,,6-3 6-0,3,R64,,4,1,,,,,,,,0,2,,,,,,,,18,1985,81,901
2026-french-open,French Open,Clay,,G,20260524,79,727666,,,Mirra Andreeva,,,,,569469,,,Bassols M.,,,,,3-6 6-1 6-1,3,R64,,2,4,,,,,,,,0,3,,,,,,,,8,4181,177,438
2026-french-open,French Open,Clay,,G,20260524,80,563551,,,Karolina Muchova,,,,,568609,,,Kamilla Rakhimova,,,,,6-2 6-2,3,R64,,5,2,,,,,,,,0,3,,,,,,,,10,3318,86,872
2026-french-open,French Open,Clay,,G,20260524,81,714334,,,Naomi Osaka,,,,,975382,,,Donna Vekic,,,,,7-6 6-4,3,R64,,5,3,,,,,,,,2,5,,,,,,,,16,2341,70,933
2026-french-open,French Open,Clay,,G,20260524,82,571895,,,Oleksandra Oliynykova,,,,,851560,,,Kimberly Birrell,,,,,6-3 0-6 7-6,3,R64,,2,3,,,,,,,,1,11,,,,,,,,66,970,83,880
2026-french-open,French Open,Clay,,G,20260524,83,388459,,,Iva Jovic,,,,,804248,,,Emma Navarro,,,,,6-0 6-3,3,R64,,1,3,,,,,,,,4,3,,,,,,,,17,2306,39,1327
2026-french-open,French Open,Clay,,G,20260524,84,425446,,,Diana Shnaider,,,,,421789,,,Mccartney Kessler,,,,,7-6 6-1,3,R64,,2,1,,,,,,,,0,2,,,,,,,,25,1796,47,1229
2026-french-open,French Open,Clay,,G,20260524,85,679599,,,Maja Chwalinska,,,,,809758,,,Elise Mertens,,,,,6-4 6-0,3,R64,,0,2,,,,,,,,3,5,,,,,,,,116,693,23,1858
2026-french-open,French Open,Clay,,G,20260524,86,769396,,,Camila Osorio,,,,,133650,,,Yulia Putintseva,,,,,7-5 6-7 7-5,3,R64,,1,10,,,,,,,,0,7,,,,,,,,77,912,75,918
2026-french-open,French Open,Clay,,G,20260524,87,393113,,,Anna Kalinskaya,,,,,914707,,,Alina Korneeva,,,,,7-6 6-4,3,R64,,1,8,,,,,,,,0,4,,,,,,,,22,1868,120,685
2026-french-open,French Open,Clay,,G,20260524,88,710062,,,Maria Sakkari,,,,,737156,,,Claire Liu,,,,,6-7 6-3 6-3,3,R64,,6,4,,,,,,,,0,2,,,,,,,,48,1208,182,417
2026-french-open,French Open,Clay,,G,20260524,89,626163,,,Daria Kasatkina,,,,,670831,,,Susan Bandecchi,,,,,7-5 7-6,3,R64,,3,5,,,,,,,,1,2,,,,,,,,62,987,215,337
2026-french-open,French Open,Clay,,G,20260524,90,671871,,,Diane Parry,,,,,619460,,,Ann Li,,,,,6-3 6-4,3,R64,,2,1,,,,,,,,4,3,,,,,,,,94,853,30,1460
2026-french-open,French Open,Clay,,G,20260524,91,324536,,,Amanda Anisimova,,,,,346262,,,Julia Grabher,,,,,6-0,3,R64,,1,0,,,,,,,,0,1,,,,,,,,6,5958,123,661
2026-french-open,French Open,Clay,,G,20260524,92,296713,,,Coco Gauff,,,,,729721,,,Mayar Sherif,,,,,6-3 6-2,3,R64,,2,3,,,,,,,,0,2,,,,,,,,4,6749,130,593
2026-french-open,French Open,Clay,,G,20260524,93,731934,,,Madison Keys,,,,,651454,,,Antonia Ruzic,,,,,6-4 6-4,3,R64,,0,2,,,,,,,,1,1,,,,,,,,19,1962,61,1011
2026-french-open,French Open,Clay,,G,20260524,94,716715,,,Aryna Sabalenka,,,,,973113,,,Elsa Jacquemot,,,,,7-5 6-2,3,R64,,2,0,,,,,,,,3,3,,,,,,,,1,9960,63,984
2026-french-open,French Open,Clay,,G,20260524,95,651611,,,Anastasia Potapova,,,,,970027,,,Katie Boulter,,,,,5-7 6-4 6-2,3,R64,,5,4,,,,,,,,1,10,,,,,,,,28,1470,69,941
2026-french-open,French Open,Clay,,G,20260524,96,844223,,,Victoria Mboko,,,,,344482,,,Katerina Siniakova,,,,,5-7 6-4 6-2,3,R64,,3,6,,,,,,,,3,5,,,,,,,,9,3395,36,1362
2026-french-open,French Open,Clay,,G,20260524,97,756180,,,Marta Kostyuk,,,,,988932,,,Viktorija Golubic,,,,,6-4 6-3,3,R32,,4,5,,,,,,,,0,3,,,,,,,,15,2387,82,901
2026-french-open,French Open,Clay,,G,20260524,98,674631,,,Xinyu Wang,,,,,976242,,,Yuliia Starodubtseva,,,,,6-3 7-5,3,R32,,3,0,,,,,,,,0,2,,,,,,,,148,516,54,1078
2026-french-open,French Open,Clay,,G,20260524,99,139227,,,Iga Swiatek,,,,,684064,,,Magda Linette,,,,,6-4 6-4,3,R32,,1,2,,,,,,,,3,1,,,,,,,,3,7273,57,1029
2026-french-open,French Open,Clay,,G,20260524,100,727666,,,Mirra Andreeva,,,,,369605,,,Marie Bouzkova,,,,,6-4 6-2,3,R32,,1,2,,,,,,,,0,2,,,,,,,,8,4181,27,1596
2026-french-open,French Open,Clay,,G,20260524,101,920327,,,Jil Teichmann,,,,,563551,,,Karolina Muchova,,,,,6-1 7-5,3,R32,,1,2,,,,,,,,2,1,,,,,,,,207,352,10,3318
2026-french-open,French Open,Clay,,G,20260524,102,600745,,,Sorana Cirstea,,,,,519047,,,Solana Sierra,,,,,6-0 6-0,3,R32,,3,1,,,,,,,,0,5,,,,,,,,18,1985,64,974
2026-french-open,French Open,Clay,,G,20260524,103,568896,,,Elina Svitolina,,,,,293685,,,Tamara Korpatsch,,,,,6-2 6-3,3,R32,,0,1,,,,,,,,1,5,,,,,,,,7,4315,96,829
2026-french-open,French Open,Clay,,G,20260524,104,218416,,,Belinda Bencic,,,,,688846,,,Peyton Stearns,,,,,6-3 6-3,3,R32,,1,3,,,,,,,,2,3,,,,,,,,11,3145,92,856
2026-french-open,French Open,Clay,,G,20260524,105,714334,,,Naomi Osaka,,,,,388459,,,Iva Jovic,,,,,7-6 6-7 6-4,3,R32,,12,2,,,,,,,,4,4,,,,,,,,16,2341,17,2306
2026-french-open,French Open,Clay,,G,20260524,106,679599,,,Maja Chwalinska,,,,,710062,,,Maria Sakkari,,,,,1-6 6-3 6-2,3,R32,,3,1,,,,,,,,3,4,,,,,,,,116,693,48,1208
2026-french-open,French Open,Clay,,G,20260524,107,425446,,,Diana Shnaider,,,,,571895,,,Oleksandra Oliynykova,,,,,7-5 6-1,3,R32,,0,3,,,,,,,,1,2,,,,,,,,25,1796,66,970
2026-french-open,French Open,Clay,,G,20260524,108,671871,,,Diane Parry,,,,,324536,,,Amanda Anisimova,,,,,6-3 4-6 7-6,3,R32,,10,4,,,,,,,,3,6,,,,,,,,94,853,6,5958
2026-french-open,French Open,Clay,,G,20260524,109,393113,,,Anna Kalinskaya,,,,,769396,,,Camila Osorio,,,,,6-3 0-6 6-2,3,R32,,1,5,,,,,,,,1,4,,,,,,,,22,1868,77,912
2026-french-open,French Open,Clay,,G,20260524,110,716715,,,Aryna Sabalenka,,,,,626163,,,Daria Kasatkina,,,,,6-0 7-5,3,R32,,1,2,,,,,,,,1,4,,,,,,,,1,9960,62,987
2026-french-open,French Open,Clay,,G,20260524,111,651611,,,Anastasia Potapova,,,,,296713,,,Coco Gauff,,,,,4-6 7-6 6-4,3,R32,,1,8,,,,,,,,1,3,,,,,,,,28,1470,4,6749
2026-french-open,French Open,Clay,,G,20260524,112,731934,,,Madison Keys,,,,,844223,,,Victoria Mboko,,,,,6-3 5-7 7-5,3,R32,,0,6,,,,,,,,3,4,,,,,,,,19,1962,9,3395
2026-french-open,French Open,Clay,,G,20260524,113,600745,,,Sorana Cirstea,,,,,674631,,,Xinyu Wang,,,,,6-3 7-6,3,R16,,1,0,,,,,,,,0,1,,,,,,,,18,1985,148,516
2026-french-open,French Open,Clay,,G,20260524,114,756180,,,Marta Kostyuk,,,,,139227,,,Iga Swiatek,,,,,7-5 6-1,3,R16,,5,4,,,,,,,,0,5,,,,,,,,15,2387,3,7273
2026-french-open,French Open,Clay,,G,20260524,115,568896,,,Elina Svitolina,,,,,218416,,,Belinda Bencic,,,,,4-6 6-4 6-0,3,R16,,3,1,,,,,,,,2,4,,,,,,,,7,4315,11,3145
2026-french-open,French Open,Clay,,G,20260524,116,727666,,,Mirra Andreeva,,,,,920327,,,Jil Teichmann,,,,,6-3 6-2,3,R16,,1,2,,,,,,,,1,2,,,,,,,,8,4181,207,352
2026-french-open,French Open,Clay,,G,20260524,117,393113,,,Anna Kalinskaya,,,,,651611,,,Anastasia Potapova,,,,,6-4 2-6 7-6,3,R16,,0,4,,,,,,,,1,8,,,,,,,,22,1868,28,1470
2026-french-open,French Open,Clay,,G,20260524,118,425446,,,Diana Shnaider,,,,,731934,,,Madison Keys,,,,,6-3 3-6 6-0,3,R16,,1,1,,,,,,,,2,4,,,,,,,,25,1796,19,1962
2026-french-open,French Open,Clay,,G,20260524,119,679599,,,Maja Chwalinska,,,,,671871,,,Diane Parry,,,,,6-3 6-2,3,R16,,0,0,,,,,,,,1,0,,,,,,,,116,693,94,853
2026-french-open,French Open,Clay,,G,20260524,120,716715,,,Aryna Sabalenka,,,,,714334,,,Naomi Osaka,,,,,7-5 6-3,3,R16,,12,3,,,,,,,,2,4,,,,,,,,1,9960,16,2341
2026-french-open,French Open,Clay,,G,20260524,121,727666,,,Mirra Andreeva,,,,,600745,,,Sorana Cirstea,,,,,6-0 6-3,3,QF,,3,1,,,,,,,,0,1,,,,,,,,8,4181,18,1985
2026-french-open,French Open,Clay,,G,20260524,122,756180,,,Marta Kostyuk,,,,,568896,,,Elina Svitolina,,,,,6-3 2-6 6-2,3,QF,,4,3,,,,,,,,0,3,,,,,,,,15,2387,7,4315
2026-french-open,French Open,Clay,,G,20260524,123,679599,,,Maja Chwalinska,,,,,393113,,,Anna Kalinskaya,,,,,7-6 6-3,3,QF,,0,1,,,,,,,,1,6,,,,,,,,116,693,22,1868
2026-french-open,French Open,Clay,,G,20260524,124,425446,,,Diana Shnaider,,,,,716715,,,Aryna Sabalenka,,,,,3-6 7-5 6-0,3,QF,,1,1,,,,,,,,2,3,,,,,,,,25,1796,1,9960
2026-french-open,French Open,Clay,,G,20260524,125,727666,,,Mirra Andreeva,,,,,756180,,,Marta Kostyuk,,,,,6-1 6-3,3,SF,,2,2,,,,,,,,1,4,,,,,,,,8,4181,15,2387
2026-french-open,French Open,Clay,,G,20260524,126,679599,,,Maja Chwalinska,,,,,425446,,,Diana Shnaider,,,,,7-6 6-4,3,SF,,0,4,,,,,,,,0,2,,,,,,,,116,693,25,1796
2026-french-open,French Open,Clay,,G,20260524,127,727666,,,Mirra Andreeva,,,,,679599,,,Maja Chwalinska,,,,,6-3 6-2,3,F,,1,2,,,,,,,,0,2,,,,,,,,8,4181,116,693
2026-hertogenbosch,Hertogenbosch,Grass,,I,20260608,1,416641,,,Panna Udvardy,,,,,558914,,,Ekaterina Alexandrova,,,,,6-4 7-6,3,R32,,5,7,,,,,,,,5,6,,,,,,,,68,951,14,2679
2026-hertogenbosch,Hertogenbosch,Grass,,I,20260608,2,684064,,,Magda Linette,,,,,851560,,,Kimberly Birrell,,,,,2-6 6-1 6-2,3,R32,,14,1,,,,,,,,4,5,,,,,,,,57,1029,83,880
2026-hertogenbosch,Hertogenbosch,Grass,,I,20260608,3,735911,,,Robin Montgomery,,,,,626163,,,Daria Kasatkina,,,,,5-7 6-0 6-4,3,R32,,5,5,,,,,,,,2,10,,,,,,,,336,192,62,987
2026-hertogenbosch,Hertogenbosch,Grass,,I,20260608,4,809758,,,Elise Mertens,,,,,409001,,,Bianca Andreescu,,,,,6-1 6-2,3,R32,,1,3,,,,,,,,0,2,,,,,,,,23,1858,160,479
2026-hertogenbosch,Hertogenbosch,Grass,,I,20260608,5,656660,,,Daria Snigur,,,,,695399,,,Paula Badosa,,,,,6-1 7-6,3,R32,,0,5,,,,,,,,2,3,,,,,,,,95,839,103,782
2026-hertogenbosch,Hertogenbosch,Grass,,I,20260608,6,869298,,,Pohankova M.,,,,,359411,,,Clara Tauson,,,,,6-4 6-4,3,R32,,11,3,,,,,,,,1,5,,,,,,,,279,253,21,1920
2026-hertogenbosch,Hertogenbosch,Grass,,I,20260608,7,813190,,,Dayana Yastremska,,,,,429517,,,Sara Bejlek,,,,,6-1 6-2,3,R32,,1,4,,,,,,,,0,1,,,,,,,,45,1246,35,1369
2026-hertogenbosch,Hertogenbosch,Grass,,I,20260608,8,460146,,,Greet Minnen,,,,,797291,,,Janice Tjen,,,,,7-6 6-1,3,R32,,2,1,,,,,,,,1,1,,,,,,,,167,460,41,1292
2026-hertogenbosch,Hertogenbosch,Grass,,I,20260608,9,337480,,,Zeynep Sonmez,,,,,421894,,,Katie Volynets,,,,,6-3 2-6 6-3,3,R32,,0,4,,,,,,,,3,3,,,,,,,,59,1020,108,715
2026-hertogenbosch,Hertogenbosch,Grass,,I,20260608,10,358837,,,Barbora Krejcikova,,,,,988957,,,Renata Zarazua,,,,,6-1 6-2,3,R32,,5,2,,,,,,,,1,1,,,,,,,,42,1271,72,925
2026-hertogenbosch,Hertogenbosch,Grass,,I,20260608,11,275310,,,Elena-Gabriela Ruse,,,,,293685,,,Tamara Korpatsch,,,,,6-4 7-6,3,R32,,3,9,,,,,,,,0,3,,,,,,,,71,928,96,829
2026-hertogenbosch,Hertogenbosch,Grass,,I,20260608,12,519047,,,Solana Sierra,,,,,799344,,,Lois Boisson,,,,,6-4 5-7 6-3,3,R32,,6,11,,,,,,,,6,7,,,,,,,,64,974,50,1204
2026-hertogenbosch,Hertogenbosch,Grass,,I,20260608,13,651611,,,Anastasia Potapova,,,,,689373,,,Suzan Lamens,,,,,6-7 6-4 6-4,3,R32,,3,4,,,,,,,,3,3,,,,,,,,28,1470,129,604
2026-hertogenbosch,Hertogenbosch,Grass,,I,20260608,14,389789,,,Ajla Tomljanovic,,,,,595819,,,Jessica Bouzas Maneiro,,,,,6-3 6-1,3,R32,,0,3,,,,,,,,0,3,,,,,,,,90,857,51,1200
2026-hertogenbosch,Hertogenbosch,Grass,,I,20260608,15,282315,,,Hanne Vandewinkel,,,,,515592,,,Nikola Bartunkova,,,,,4-6 7-6 7-5,3,R32,,3,6,,,,,,,,5,8,,,,,,,,102,790,65,970
2026-hertogenbosch,Hertogenbosch,Grass,,I,20260608,16,520895,,,Caty Mcnally,,,,,804248,,,Emma Navarro,,,,,4-6 6-0 6-4,3,R32,,0,5,,,,,,,,2,2,,,,,,,,56,1032,39,1327
2026-hertogenbosch,Hertogenbosch,Grass,,I,20260608,17,735911,,,Robin Montgomery,,,,,460146,,,Greet Minnen,,,,,6-4 7-6,3,R16,,6,2,,,,,,,,2,4,,,,,,,,339,192,164,460
2026-hertogenbosch,Hertogenbosch,Grass,,I,20260608,18,275310,,,Elena-Gabriela Ruse,,,,,809758,,,Elise Mertens,,,,,6-3 6-3,3,R16,,4,5,,,,,,,,2,2,,,,,,,,77,918,21,1858
2026-hertogenbosch,Hertogenbosch,Grass,,I,20260608,19,337480,,,Zeynep Sonmez,,,,,651611,,,Anastasia Potapova,,,,,6-1 2-0,3,R16,,1,0,,,,,,,,0,2,,,,,,,,66,1003,30,1470
2026-hertogenbosch,Hertogenbosch,Grass,,I,20260608,20,684064,,,Magda Linette,,,,,869298,,,Pohankova M.,,,,,6-2 6-2,3,R16,,1,0,,,,,,,,4,4,,,,,,,,73,931,279,253
2026-hertogenbosch,Hertogenbosch,Grass,,I,20260608,21,656660,,,Daria Snigur,,,,,416641,,,Panna Udvardy,,,,,6-4 3-6 6-4,3,R16,,1,2,,,,,,,,11,5,,,,,,,,93,839,59,1029
2026-hertogenbosch,Hertogenbosch,Grass,,I,20260608,22,358837,,,Barbora Krejcikova,,,,,282315,,,Hanne Vandewinkel,,,,,6-1 6-4,3,R16,,5,2,,,,,,,,2,5,,,,,,,,41,1271,99,790
2026-hertogenbosch,Hertogenbosch,Grass,,I,20260608,23,520895,,,Caty Mcnally,,,,,519047,,,Solana Sierra,,,,,6-4 6-3,3,R16,,1,2,,,,,,,,2,4,,,,,,,,63,1018,68,974
2026-hertogenbosch,Hertogenbosch,Grass,,I,20260608,24,358837,,,Barbora Krejcikova,,,,,275310,,,Elena-Gabriela Ruse,,,,,6-1 6-2,3,QF,,6,3,,,,,,,,1,3,,,,,,,,41,1271,77,918
2026-hertogenbosch,Hertogenbosch,Grass,,I,20260608,25,389789,,,Ajla Tomljanovic,,,,,813190,,,Dayana Yastremska,,,,,4-6 6-4 7-5,3,R16,,2,7,,,,,,,,5,6,,,,,,,,100,784,45,1246
2026-hertogenbosch,Hertogenbosch,Grass,,I,20260608,26,684064,,,Magda Linette,,,,,337480,,,Zeynep Sonmez,,,,,6-4 6-2,3,QF,,9,0,,,,,,,,0,1,,,,,,,,73,931,66,1003
2026-hertogenbosch,Hertogenbosch,Grass,,I,20260608,27,735911,,,Robin Montgomery,,,,,656660,,,Daria Snigur,,,,,6-4 6-4,3,QF,,14,3,,,,,,,,1,3,,,,,,,,339,192,93,839
2026-hertogenbosch,Hertogenbosch,Grass,,I,20260608,28,389789,,,Ajla Tomljanovic,,,,,520895,,,Caty Mcnally,,,,,6-4 6-4,3,QF,,2,2,,,,,,,,5,1,,,,,,,,100,784,63,1018
2026-hertogenbosch,Hertogenbosch,Grass,,I,20260608,29,358837,,,Barbora Krejcikova,,,,,684064,,,Magda Linette,,,,,6-3 7-6,3,SF,,4,4,,,,,,,,1,4,,,,,,,,41,1271,73,931
2026-hertogenbosch,Hertogenbosch,Grass,,I,20260608,30,735911,,,Robin Montgomery,,,,,389789,,,Ajla Tomljanovic,,,,,6-4 6-2,3,SF,,11,2,,,,,,,,1,2,,,,,,,,339,192,100,784
2026-hertogenbosch,Hertogenbosch,Grass,,I,20260608,31,735911,,,Robin Montgomery,,,,,358837,,,Barbora Krejcikova,,,,,,3,F,,0,0,,,,,,,,0,0,,,,,,,,339,192,41,1271
2026-london,London,Grass,,I,20260608,1,805782,,,Harriet Dart,,,,,286370,,,Liudmila Samsonova,,,,,5-7 6-4 6-3,3,R32,,4,6,,,,,,,,2,7,,,,,,,,172,449,20,1950
2026-london,London,Grass,,I,20260608,2,884844,,,Karolina Pliskova,,,,,421789,,,Mccartney Kessler,,,,,6-7 6-3 6-4,3,R32,,3,11,,,,,,,,5,7,,,,,,,,109,710,47,1229
2026-london,London,Grass,,I,20260608,3,885728,,,Jaqueline  Cristian,,,,,809492,,,Qinwen Zheng,,,,,6-4 7-6,3,R32,,4,0,,,,,,,,9,2,,,,,,,,33,1382,53,1080
2026-london,London,Grass,,I,20260608,4,600745,,,Sorana Cirstea,,,,,646421,,,Maddison Inglis,,,,,6-4 5-7 6-2,3,R32,,5,4,,,,,,,,1,3,,,,,,,,18,1985,141,534
2026-london,London,Grass,,I,20260608,5,858188,,,Emma Raducanu,,,,,126226,,,Anna Blinkova,,,,,6-0 6-3,3,R32,,2,3,,,,,,,,2,1,,,,,,,,37,1360,99,803
2026-london,London,Grass,,I,20260608,6,388459,,,Iva Jovic,,,,,651454,,,Antonia Ruzic,,,,,6-3 6-4,3,R32,,1,6,,,,,,,,1,1,,,,,,,,17,2306,61,1011
2026-london,London,Grass,,I,20260608,7,970027,,,Katie Boulter,,,,,914953,,,Leylah Fernandez,,,,,3-6 7-6 7-5,3,R32,,3,9,,,,,,,,2,4,,,,,,,,69,941,24,1796
2026-london,London,Grass,,I,20260608,8,685811,,,Laura Siegemund,,,,,794930,,,Francesca Jones,,,,,6-2 6-3,3,R32,,4,2,,,,,,,,0,4,,,,,,,,46,1230,105,736
2026-london,London,Grass,,I,20260608,9,261807,,,Alexandra Eala,,,,,952597,,,Shuai Zhang,,,,,6-3 6-2,3,R32,,3,1,,,,,,,,2,1,,,,,,,,38,1340,74,919
2026-london,London,Grass,,I,20260608,10,913730,,,Tatjana Maria,,,,,710062,,,Maria Sakkari,,,,,6-3 6-3,3,R32,,2,2,,,,,,,,0,3,,,,,,,,52,1111,48,1208
2026-london,London,Grass,,I,20260608,11,369605,,,Marie Bouzkova,,,,,824108,,,Polina Kudermetova,,,,,6-0 6-3,3,R32,,1,0,,,,,,,,3,8,,,,,,,,27,1596,125,648
2026-london,London,Grass,,I,20260608,12,975382,,,Donna Vekic,,,,,892223,,,Mika Stojsavljevic,,,,,6-2 6-3,3,R32,,2,3,,,,,,,,2,4,,,,,,,,72,933,288,243
2026-london,London,Grass,,I,20260608,13,388459,,,Iva Jovic,,,,,261807,,,Alexandra Eala,,,,,6-2 6-2,3,R16,,4,4,,,,,,,,1,1,,,,,,,,17,2306,37,1340
2026-london,London,Grass,,I,20260608,14,324536,,,Amanda Anisimova,,,,,685811,,,Laura Siegemund,,,,,6-1 6-3,3,R16,,2,0,,,,,,,,0,1,,,,,,,,6,5958,47,1230
2026-london,London,Grass,,I,20260608,15,884844,,,Karolina Pliskova,,,,,844223,,,Victoria Mboko,,,,,6-2 3-4,3,R16,,5,3,,,,,,,,4,4,,,,,,,,106,710,9,3710
2026-london,London,Grass,,I,20260608,16,970027,,,Katie Boulter,,,,,885728,,,Jaqueline  Cristian,,,,,6-1 6-3,3,R16,,2,5,,,,,,,,4,2,,,,,,,,71,941,32,1414
2026-london,London,Grass,,I,20260608,17,975382,,,Donna Vekic,,,,,369605,,,Marie Bouzkova,,,,,7-6 6-3,3,R16,,5,2,,,,,,,,1,3,,,,,,,,72,933,28,1631
2026-london,London,Grass,,I,20260608,18,350535,,,Elena Rybakina,,,,,913730,,,Tatjana Maria,,,,,6-7 7-5 6-0,3,R16,,8,4,,,,,,,,5,4,,,,,,,,2,8313,54,1111
2026-london,London,Grass,,I,20260608,19,568609,,,Kamilla Rakhimova,,,,,805782,,,Harriet Dart,,,,,5-7 6-1 7-5,3,R16,,1,5,,,,,,,,5,8,,,,,,,,89,860,171,449
2026-london,London,Grass,,I,20260608,20,858188,,,Emma Raducanu,,,,,600745,,,Sorana Cirstea,,,,,6-4 6-2,3,R16,,3,1,,,,,,,,2,2,,,,,,,,39,1301,18,1985
2026-london,London,Grass,,I,20260608,21,388459,,,Iva Jovic,,,,,324536,,,Amanda Anisimova,,,,,6-2 3-6 6-3,3,QF,,0,5,,,,,,,,5,12,,,,,,,,17,2306,6,5958
2026-london,London,Grass,,I,20260608,22,975382,,,Donna Vekic,,,,,884844,,,Karolina Pliskova,,,,,6-4 4-6 6-3,3,QF,,4,3,,,,,,,,8,5,,,,,,,,72,933,106,710
2026-london,London,Grass,,I,20260608,23,970027,,,Katie Boulter,,,,,350535,,,Elena Rybakina,,,,,7-5 2-6 6-4,3,QF,,2,9,,,,,,,,9,6,,,,,,,,71,941,2,8313
2026-london,London,Grass,,I,20260608,24,858188,,,Emma Raducanu,,,,,568609,,,Kamilla Rakhimova,,,,,6-3 7-5,3,QF,,2,5,,,,,,,,0,5,,,,,,,,39,1301,89,860
2026-london,London,Grass,,I,20260608,25,975382,,,Donna Vekic,,,,,970027,,,Katie Boulter,,,,,6-1 6-3,3,SF,,2,1,,,,,,,,1,7,,,,,,,,72,933,71,941
2026-london,London,Grass,,I,20260608,26,858188,,,Emma Raducanu,,,,,388459,,,Iva Jovic,,,,,6-2 6-2,3,SF,,0,2,,,,,,,,0,1,,,,,,,,39,1301,17,2306
2026-london,London,Grass,,I,20260608,27,975382,,,Donna Vekic,,,,,858188,,,Emma Raducanu,,,,,6-0 7-6,3,F,,3,2,,,,,,,,1,2,,,,,,,,72,933,39,1301
2026-berlin,Berlin,Grass,,P,20260615,1,558914,,,Ekaterina Alexandrova,,,,,651611,,,Anastasia Potapova,,,,,6-1,3,R32,,2,1,,,,,,,,1,2,,,,,,,,14,2679,30,1470
2026-berlin,Berlin,Grass,,P,20260615,2,515592,,,Nikola Bartunkova,,,,,425446,,,Diana Shnaider,,,,,6-2 6-7 6-3,3,R32,,9,6,,,,,,,,2,4,,,,,,,,69,970,23,1796
2026-berlin,Berlin,Grass,,P,20260615,3,809758,,,Elise Mertens,,,,,286370,,,Liudmila Samsonova,,,,,1-6 6-3 6-0,3,R32,,6,5,,,,,,,,2,5,,,,,,,,21,1858,27,1635
2026-berlin,Berlin,Grass,,P,20260615,4,731934,,,Madison Keys,,,,,600494,,,Xinyu Wang,,,,,7-6 6-1,3,R32,,3,3,,,,,,,,1,3,,,,,,,,19,1962,34,1371
2026-berlin,Berlin,Grass,,P,20260615,5,743463,,,Eva Lys,,,,,362890,,,Magdalena Frech,,,,,7-6 6-3,3,R32,,1,6,,,,,,,,3,6,,,,,,,,81,901,46,1238
2026-berlin,Berlin,Grass,,P,20260615,6,187314,,,Linda Noskova,,,,,988957,,,Renata Zarazua,,,,,6-1 6-4,3,R32,,9,1,,,,,,,,1,3,,,,,,,,12,3054,74,925
2026-berlin,Berlin,Grass,,P,20260615,7,563551,,,Karolina Muchova,,,,,952597,,,Shuai Zhang,,,,,6-1 6-3,3,R32,,9,1,,,,,,,,1,2,,,,,,,,10,3318,61,1025
2026-berlin,Berlin,Grass,,P,20260615,8,344482,,,Katerina Siniakova,,,,,149280,,,Rebeka Masarova,,,,,6-2 6-4,3,R32,,2,3,,,,,,,,6,1,,,,,,,,36,1362,132,572
2026-berlin,Berlin,Grass,,P,20260615,9,568896,,,Elina Svitolina,,,,,393113,,,Anna Kalinskaya,,,,,6-1 4-1,3,R32,,4,2,,,,,,,,1,4,,,,,,,,7,4315,24,1792
2026-berlin,Berlin,Grass,,P,20260615,10,671871,,,Diane Parry,,,,,359411,,,Clara Tauson,,,,,6-3 6-4,3,R32,,6,3,,,,,,,,3,1,,,,,,,,92,853,20,1920
2026-berlin,Berlin,Grass,,P,20260615,11,695399,,,Paula Badosa,,,,,689373,,,Suzan Lamens,,,,,6-3 6-2,3,R32,,8,6,,,,,,,,2,5,,,,,,,,119,675,128,604
2026-berlin,Berlin,Grass,,P,20260615,12,261807,,,Alexandra Eala,,,,,975382,,,Donna Vekic,,,,,7-5 6-4,3,R32,,8,2,,,,,,,,6,0,,,,,,,,37,1340,72,933
2026-berlin,Berlin,Grass,,P,20260615,13,515592,,,Nikola Bartunkova,,,,,809758,,,Elise Mertens,,,,,6-1 6-4,3,R16,,2,5,,,,,,,,4,7,,,,,,,,69,970,21,1858
2026-berlin,Berlin,Grass,,P,20260615,14,814118,,,Jessica Pegula,,,,,344482,,,Katerina Siniakova,,,,,6-2 6-4,3,R16,,2,3,,,,,,,,4,3,,,,,,,,5,6286,36,1362
2026-berlin,Berlin,Grass,,P,20260615,15,695399,,,Paula Badosa,,,,,296713,,,Coco Gauff,,,,,1-6 6-3 6-2,3,R16,,4,7,,,,,,,,12,7,,,,,,,,119,675,4,6749
2026-berlin,Berlin,Grass,,P,20260615,16,716715,,,Aryna Sabalenka,,,,,558914,,,Ekaterina Alexandrova,,,,,6-4 6-4,3,R16,,3,3,,,,,,,,7,4,,,,,,,,1,9960,14,2679
2026-berlin,Berlin,Grass,,P,20260615,17,187314,,,Linda Noskova,,,,,671871,,,Diane Parry,,,,,6-2 6-2,3,R16,,3,1,,,,,,,,3,4,,,,,,,,12,3054,92,853
2026-berlin,Berlin,Grass,,P,20260615,18,568896,,,Elina Svitolina,,,,,743463,,,Eva Lys,,,,,6-3 6-2,3,R16,,8,2,,,,,,,,0,1,,,,,,,,7,4315,81,901
2026-berlin,Berlin,Grass,,P,20260615,19,731934,,,Madison Keys,,,,,563551,,,Karolina Muchova,,,,,6-4 7-5,3,R16,,4,0,,,,,,,,2,4,,,,,,,,19,1962,10,3318
2026-berlin,Berlin,Grass,,P,20260615,20,261807,,,Alexandra Eala,,,,,350535,,,Elena Rybakina,,,,,7-5 6-4,3,R16,,4,3,,,,,,,,13,4,,,,,,,,37,1340,2,8313
2026-berlin,Berlin,Grass,,P,20260615,21,814118,,,Jessica Pegula,,,,,731934,,,Madison Keys,,,,,7-6 7-6,3,QF,,5,1,,,,,,,,10,0,,,,,,,,5,6286,19,1962
2026-berlin,Berlin,Grass,,P,20260615,22,187314,,,Linda Noskova,,,,,695399,,,Paula Badosa,,,,,6-1 6-3,3,QF,,8,4,,,,,,,,1,7,,,,,,,,12,3054,119,675
2026-berlin,Berlin,Grass,,P,20260615,23,716715,,,Aryna Sabalenka,,,,,515592,,,Nikola Bartunkova,,,,,2-6 7-6 6-4,3,QF,,10,8,,,,,,,,8,7,,,,,,,,1,9960,69,970
2026-berlin,Berlin,Grass,,P,20260615,24,261807,,,Alexandra Eala,,,,,568896,,,Elina Svitolina,,,,,6-3 6-4,3,QF,,3,2,,,,,,,,4,7,,,,,,,,37,1340,7,4315
2026-berlin,Berlin,Grass,,P,20260615,25,814118,,,Jessica Pegula,,,,,716715,,,Aryna Sabalenka,,,,,6-4 6-7 6-0,3,SF,,5,1,,,,,,,,9,5,,,,,,,,5,6286,1,9960
2026-berlin,Berlin,Grass,,P,20260615,26,187314,,,Linda Noskova,,,,,261807,,,Alexandra Eala,,,,,6-2 6-4,3,SF,,9,4,,,,,,,,2,3,,,,,,,,12,3054,37,1340
2026-berlin,Berlin,Grass,,P,20260615,27,187314,,,Linda Noskova,,,,,814118,,,Jessica Pegula,,,,,6-4 4-6 6-3,3,F,,11,8,,,,,,,,14,1,,,,,,,,12,3054,5,6286
2026-nottingham,Nottingham,Grass,,I,20260615,1,369605,,,Marie Bouzkova,,,,,922335,,,Tereza Valentova,,,,,6-3 6-3,3,R32,,0,0,,,,,,,,0,3,,,,,,,,28,1631,42,1265
2026-nottingham,Nottingham,Grass,,I,20260615,2,913730,,,Tatjana Maria,,,,,797291,,,Janice Tjen,,,,,6-3 6-2,3,R32,,10,0,,,,,,,,0,1,,,,,,,,54,1111,40,1292
2026-nottingham,Nottingham,Grass,,I,20260615,3,809492,,,Qinwen Zheng,,,,,710062,,,Maria Sakkari,,,,,4-6 7-6 6-4,3,R32,,10,3,,,,,,,,6,3,,,,,,,,56,1080,49,1208
2026-nottingham,Nottingham,Grass,,I,20260615,4,804248,,,Emma Navarro,,,,,610520,,,Anna Bondar,,,,,6-7 6-3 6-2,3,R32,,4,2,,,,,,,,8,6,,,,,,,,25,1719,57,1047
2026-nottingham,Nottingham,Grass,,I,20260615,5,976242,,,Yuliia Starodubtseva,,,,,690300,,,Maya Joint,,,,,6-7 7-5 6-4,3,R32,,0,2,,,,,,,,6,2,,,,,,,,55,1093,52,1130
2026-nottingham,Nottingham,Grass,,I,20260615,6,828867,,,Talia Gibson,,,,,794930,,,Francesca Jones,,,,,6-3 5-7 7-6,3,R32,,11,7,,,,,,,,15,4,,,,,,,,58,1040,102,736
2026-nottingham,Nottingham,Grass,,I,20260615,7,595819,,,Jessica Bouzas Maneiro,,,,,543786,,,Himeno Sakatsume,,,,,7-5 6-2,3,R32,,4,0,,,,,,,,1,1,,,,,,,,50,1200,131,587
2026-nottingham,Nottingham,Grass,,I,20260615,8,410890,,,Taylah Preston,,,,,126226,,,Anna Blinkova,,,,,4-6 6-3 6-3,3,R32,,2,4,,,,,,,,1,3,,,,,,,,127,611,103,733
2026-nottingham,Nottingham,Grass,,I,20260615,9,619460,,,Ann Li,,,,,851560,,,Kimberly Birrell,,,,,4-6 7-6 6-4,3,R32,,15,4,,,,,,,,3,4,,,,,,,,29,1601,83,880
2026-nottingham,Nottingham,Grass,,I,20260615,10,421894,,,Katie Volynets,,,,,421789,,,Mccartney Kessler,,,,,6-3 6-3,3,R32,,2,1,,,,,,,,1,2,,,,,,,,108,705,48,1229
2026-nottingham,Nottingham,Grass,,I,20260615,11,337480,,,Zeynep Sonmez,,,,,914953,,,Leylah Fernandez,,,,,6-4 7-6,3,R32,,3,0,,,,,,,,7,4,,,,,,,,66,1003,22,1844
2026-nottingham,Nottingham,Grass,,I,20260615,12,813190,,,Dayana Yastremska,,,,,270717,,,Dudeney A.,,,,,6-4 7-6,3,R32,,2,1,,,,,,,,2,6,,,,,,,,45,1246,281,250
2026-nottingham,Nottingham,Grass,,I,20260615,13,520895,,,Caty Mcnally,,,,,651454,,,Antonia Ruzic,,,,,6-3 6-0,3,R32,,6,3,,,,,,,,0,1,,,,,,,,63,1018,64,1011
2026-nottingham,Nottingham,Grass,,I,20260615,14,799426,,,Klugman H.,,,,,805782,,,Harriet Dart,,,,,6-2 6-4,3,R32,,6,0,,,,,,,,3,3,,,,,,,,514,105,171,449
2026-nottingham,Nottingham,Grass,,I,20260615,15,988932,,,Viktorija Golubic,,,,,549141,,,Sofia Kenin,,,,,6-2 4-6 6-3,3,R32,,7,3,,,,,,,,2,4,,,,,,,,82,901,87,867
2026-nottingham,Nottingham,Grass,,I,20260615,16,884844,,,Karolina Pliskova,,,,,429517,,,Sara Bejlek,,,,,2-6 7-6 6-2,3,R32,,3,6,,,,,,,,4,8,,,,,,,,106,710,35,1369
2026-nottingham,Nottingham,Grass,,I,20260615,17,804248,,,Emma Navarro,,,,,976242,,,Yuliia Starodubtseva,,,,,6-4 6-7 6-4,3,R16,,9,3,,,,,,,,2,2,,,,,,,,25,1719,55,1093
2026-nottingham,Nottingham,Grass,,I,20260615,18,595819,,,Jessica Bouzas Maneiro,,,,,421894,,,Katie Volynets,,,,,7-5 1-0,3,R16,,0,0,,,,,,,,1,1,,,,,,,,50,1200,108,705
2026-nottingham,Nottingham,Grass,,I,20260615,19,913730,,,Tatjana Maria,,,,,813190,,,Dayana Yastremska,,,,,6-1 6-2,3,R16,,4,2,,,,,,,,0,4,,,,,,,,54,1111,45,1246
2026-nottingham,Nottingham,Grass,,I,20260615,20,828867,,,Talia Gibson,,,,,809492,,,Qinwen Zheng,,,,,6-3 7-6,3,R16,,4,5,,,,,,,,13,6,,,,,,,,58,1040,56,1080
2026-nottingham,Nottingham,Grass,,I,20260615,21,988932,,,Viktorija Golubic,,,,,337480,,,Zeynep Sonmez,,,,,7-5 4-6 6-4,3,R16,,3,1,,,,,,,,3,3,,,,,,,,82,901,66,1003
2026-nottingham,Nottingham,Grass,,I,20260615,22,884844,,,Karolina Pliskova,,,,,520895,,,Caty Mcnally,,,,,6-4 7-6,3,R16,,3,5,,,,,,,,5,6,,,,,,,,106,710,63,1018
2026-nottingham,Nottingham,Grass,,I,20260615,23,369605,,,Marie Bouzkova,,,,,799426,,,Klugman H.,,,,,7-5 6-2,3,R16,,4,2,,,,,,,,4,9,,,,,,,,28,1631,514,105
2026-nottingham,Nottingham,Grass,,I,20260615,24,619460,,,Ann Li,,,,,410890,,,Taylah Preston,,,,,5-7 6-2 6-2,3,R16,,9,4,,,,,,,,3,8,,,,,,,,29,1601,127,611
2026-nottingham,Nottingham,Grass,,I,20260615,25,369605,,,Marie Bouzkova,,,,,913730,,,Tatjana Maria,,,,,7-5 6-0,3,QF,,1,2,,,,,,,,3,3,,,,,,,,28,1631,54,1111
2026-nottingham,Nottingham,Grass,,I,20260615,26,884844,,,Karolina Pliskova,,,,,828867,,,Talia Gibson,,,,,7-5 6-4,3,QF,,4,6,,,,,,,,8,8,,,,,,,,106,710,58,1040
2026-nottingham,Nottingham,Grass,,I,20260615,27,804248,,,Emma Navarro,,,,,595819,,,Jessica Bouzas Maneiro,,,,,7-6 6-2,3,QF,,4,1,,,,,,,,2,5,,,,,,,,25,1719,50,1200
2026-nottingham,Nottingham,Grass,,I,20260615,28,988932,,,Viktorija Golubic,,,,,619460,,,Ann Li,,,,,6-3 2-6 6-3,3,QF,,2,4,,,,,,,,7,3,,,,,,,,82,901,29,1601
2026-nottingham,Nottingham,Grass,,I,20260615,29,369605,,,Marie Bouzkova,,,,,884844,,,Karolina Pliskova,,,,,6-4 6-1,3,SF,,1,4,,,,,,,,2,7,,,,,,,,28,1631,106,710
2026-nottingham,Nottingham,Grass,,I,20260615,30,804248,,,Emma Navarro,,,,,988932,,,Viktorija Golubic,,,,,7-6 6-2,3,SF,,3,2,,,,,,,,3,4,,,,,,,,25,1719,82,901
2026-nottingham,Nottingham,Grass,,I,20260615,31,369605,,,Marie Bouzkova,,,,,804248,,,Emma Navarro,,,,,7-6 4-6 6-2,3,F,,4,2,,,,,,,,10,4,,,,,,,,28,1631,25,1719
2026-bad-homburg,Bad Homburg,Grass,,P,20260621,1,286370,,,Liudmila Samsonova,,,,,344482,,,Katerina Siniakova,,,,,6-3 7-5,3,R32,,10,4,,,,,,,,3,7,,,,,,,,27,1635,36,1362
2026-bad-homburg,Bad Homburg,Grass,,P,20260621,2,914953,,,Leylah Fernandez,,,,,970027,,,Katie Boulter,,,,,6-7 6-3 6-3,3,R32,,5,14,,,,,,,,7,9,,,,,,,,22,1844,71,941
2026-bad-homburg,Bad Homburg,Grass,,P,20260621,3,359411,,,Clara Tauson,,,,,425446,,,Diana Shnaider,,,,,6-4 6-4,3,R32,,6,5,,,,,,,,2,8,,,,,,,,20,1920,23,1796
2026-bad-homburg,Bad Homburg,Grass,,P,20260621,4,600494,,,Xinyu Wang,,,,,988957,,,Renata Zarazua,,,,,6-1 6-2,3,R32,,15,0,,,,,,,,0,2,,,,,,,,34,1371,74,925
2026-bad-homburg,Bad Homburg,Grass,,P,20260621,5,714334,,,Naomi Osaka,,,,,362890,,,Magdalena Frech,,,,,6-4 6-1,3,R32,,1,2,,,,,,,,1,3,,,,,,,,16,2341,46,1238
2026-bad-homburg,Bad Homburg,Grass,,P,20260621,6,393113,,,Anna Kalinskaya,,,,,879393,,,Sinja Kraus,,,,,6-4 6-1,3,R32,,4,1,,,,,,,,2,1,,,,,,,,24,1792,98,795
2026-bad-homburg,Bad Homburg,Grass,,P,20260621,7,809492,,,Qinwen Zheng,,,,,519047,,,Solana Sierra,,,,,7-5 4-6 6-4,3,R32,,13,7,,,,,,,,2,5,,,,,,,,56,1080,68,974
2026-bad-homburg,Bad Homburg,Grass,,P,20260621,8,707117,,,Irina-Camelia Begu,,,,,969718,,,Venus Williams,,,,,6-2 4-6 7-6,3,R32,,3,5,,,,,,,,7,11,,,,,,,,211,342,459,123
2026-bad-homburg,Bad Homburg,Grass,,P,20260621,9,809758,,,Elise Mertens,,,,,261807,,,Alexandra Eala,,,,,6-3 6-3,3,R32,,10,5,,,,,,,,2,3,,,,,,,,21,1858,37,1340
2026-bad-homburg,Bad Homburg,Grass,,P,20260621,10,804248,,,Emma Navarro,,,,,743463,,,Eva Lys,,,,,7-6 6-3,3,R32,,12,1,,,,,,,,4,4,,,,,,,,25,1719,81,901
2026-bad-homburg,Bad Homburg,Grass,,P,20260621,11,558914,,,Ekaterina Alexandrova,,,,,619460,,,Ann Li,,,,,6-1 6-7 6-1,3,R32,,11,4,,,,,,,,11,3,,,,,,,,14,2679,29,1601
2026-bad-homburg,Bad Homburg,Grass,,P,20260621,12,275310,,,Elena-Gabriela Ruse,,,,,187314,,,Linda Noskova,,,,,6-1 6-3,3,R32,,13,4,,,,,,,,3,2,,,,,,,,77,918,12,3054
2026-bad-homburg,Bad Homburg,Grass,,P,20260621,13,600494,,,Xinyu Wang,,,,,914953,,,Leylah Fernandez,,,,,6-3 6-4,3,R16,,4,3,,,,,,,,3,5,,,,,,,,34,1371,22,1844
2026-bad-homburg,Bad Homburg,Grass,,P,20260621,14,714334,,,Naomi Osaka,,,,,809758,,,Elise Mertens,,,,,6-3 6-3,3,R16,,7,2,,,,,,,,5,6,,,,,,,,15,2571,26,1728
2026-bad-homburg,Bad Homburg,Grass,,P,20260621,15,568896,,,Elina Svitolina,,,,,286370,,,Liudmila Samsonova,,,,,3-6 6-3 6-2,3,R16,,4,3,,,,,,,,6,7,,,,,,,,7,4315,27,1635
2026-bad-homburg,Bad Homburg,Grass,,P,20260621,16,558914,,,Ekaterina Alexandrova,,,,,727666,,,Mirra Andreeva,,,,,6-3 6-4,3,R16,,1,2,,,,,,,,4,2,,,,,,,,19,2411,5,5751
2026-bad-homburg,Bad Homburg,Grass,,P,20260621,17,359411,,,Clara Tauson,,,,,809492,,,Qinwen Zheng,,,,,5-7 6-4 6-2,3,R16,,12,3,,,,,,,,10,12,,,,,,,,25,1756,153,496
2026-bad-homburg,Bad Homburg,Grass,,P,20260621,18,275310,,,Elena-Gabriela Ruse,,,,,393113,,,Anna Kalinskaya,,,,,7-5 6-2,3,R16,,9,6,,,,,,,,4,8,,,,,,,,105,731,20,2212
2026-bad-homburg,Bad Homburg,Grass,,P,20260621,19,804248,,,Emma Navarro,,,,,139227,,,Iga Swiatek,,,,,7-5 2-6 6-3,3,R16,,5,5,,,,,,,,6,9,,,,,,,,24,1784,3,6733
2026-bad-homburg,Bad Homburg,Grass,,P,20260621,20,563551,,,Karolina Muchova,,,,,707117,,,Irina-Camelia Begu,,,,,6-1 6-1,3,R16,,2,1,,,,,,,,2,4,,,,,,,,11,3438,211,352
2026-bad-homburg,Bad Homburg,Grass,,P,20260621,21,600494,,,Xinyu Wang,,,,,568896,,,Elina Svitolina,,,,,,3,QF,,,,,,,,,,,,,,,,,,,,52,1096,8,4423
2026-bad-homburg,Bad Homburg,Grass,,P,20260621,22,714334,,,Naomi Osaka,,,,,558914,,,Ekaterina Alexandrova,,,,,6-2 6-2,3,QF,,7,0,,,,,,,,0,4,,,,,,,,15,2571,19,2411
2026-bad-homburg,Bad Homburg,Grass,,P,20260621,23,275310,,,Elena-Gabriela Ruse,,,,,804248,,,Emma Navarro,,,,,6-4 6-2,3,QF,,4,1,,,,,,,,2,3,,,,,,,,105,731,24,1784
2026-bad-homburg,Bad Homburg,Grass,,P,20260621,24,563551,,,Karolina Muchova,,,,,359411,,,Clara Tauson,,,,,1-6 6-2 6-4,3,QF,,3,3,,,,,,,,9,5,,,,,,,,11,3438,25,1756
2026-bad-homburg,Bad Homburg,Grass,,P,20260621,25,714334,,,Naomi Osaka,,,,,600494,,,Xinyu Wang,,,,,6-3 6-3,3,SF,,8,1,,,,,,,,1,3,,,,,,,,15,2571,52,1096
2026-bad-homburg,Bad Homburg,Grass,,P,20260621,26,563551,,,Karolina Muchova,,,,,275310,,,Elena-Gabriela Ruse,,,,,6-4 6-4,3,SF,,4,2,,,,,,,,2,10,,,,,,,,11,3438,105,731
2026-bad-homburg,Bad Homburg,Grass,,P,20260621,27,563551,,,Karolina Muchova,,,,,714334,,,Naomi Osaka,,,,,6-1 1-0,3,F,,0,2,,,,,,,,3,1,,,,,,,,11,3438,15,2571
2026-eastbourne,Eastbourne,Grass,,I,20260622,1,561744,,,Anhelina Kalinina,,,,,656660,,,Daria Snigur,,,,,7-6 7-5,3,R32,,2,7,,,,,,,,3,5,,,,,,,,60,1026,93,839
2026-eastbourne,Eastbourne,Grass,,I,20260622,2,922335,,,Tereza Valentova,,,,,799426,,,Klugman H.,,,,,7-5 5-7 7-5,3,R32,,0,10,,,,,,,,4,13,,,,,,,,42,1265,514,105
2026-eastbourne,Eastbourne,Grass,,I,20260622,3,302110,,,Petra Marcinko,,,,,651454,,,Antonia Ruzic,,,,,7-6 4-6 7-6,3,R32,,4,16,,,,,,,,2,13,,,,,,,,51,1140,64,1011
2026-eastbourne,Eastbourne,Grass,,I,20260622,4,741705,,,Emiliana Arango,,,,,690300,,,Maya Joint,,,,,7-6 6-4,3,R32,,0,4,,,,,,,,1,4,,,,,,,,94,833,52,1130
2026-eastbourne,Eastbourne,Grass,,I,20260622,5,389789,,,Ajla Tomljanovic,,,,,121013,,,Elisabetta Cocciaretto,,,,,6-2 6-7 7-5,3,R32,,2,8,,,,,,,,4,10,,,,,,,,100,784,38,1320
2026-eastbourne,Eastbourne,Grass,,I,20260622,6,762485,,,Jelena Ostapenko,,,,,794930,,,Francesca Jones,,,,,6-2 6-2,3,R32,,4,5,,,,,,,,1,1,,,,,,,,31,1464,102,736
2026-eastbourne,Eastbourne,Grass,,I,20260622,7,421789,,,Mccartney Kessler,,,,,626163,,,Daria Kasatkina,,,,,6-3 7-6,3,R32,,4,0,,,,,,,,2,6,,,,,,,,48,1229,53,1119
2026-eastbourne,Eastbourne,Grass,,I,20260622,8,595819,,,Jessica Bouzas Maneiro,,,,,270717,,,Dudeney A.,,,,,6-0 6-3,3,R32,,1,2,,,,,,,,3,4,,,,,,,,50,1200,281,250
2026-eastbourne,Eastbourne,Grass,,I,20260622,9,520895,,,Caty Mcnally,,,,,797291,,,Janice Tjen,,,,,7-5 6-7 6-3,3,R32,,1,8,,,,,,,,3,7,,,,,,,,63,1018,40,1292
2026-eastbourne,Eastbourne,Grass,,I,20260622,10,913730,,,Tatjana Maria,,,,,324333,,,Jasmine Paolini,,,,,6-4 6-3,3,R32,,8,1,,,,,,,,0,3,,,,,,,,54,1111,13,2787
2026-eastbourne,Eastbourne,Grass,,I,20260622,11,926087,,,Anastasia Zakharova,,,,,976242,,,Yuliia Starodubtseva,,,,,6-4 3-6 6-3,3,R32,,1,1,,,,,,,,5,5,,,,,,,,80,903,55,1093
2026-eastbourne,Eastbourne,Grass,,I,20260622,12,429517,,,Sara Bejlek,,,,,685811,,,Laura Siegemund,,,,,3-6 7-6 7-6,3,R32,,2,3,,,,,,,,0,3,,,,,,,,35,1369,47,1230
2026-eastbourne,Eastbourne,Grass,,I,20260622,13,731934,,,Madison Keys,,,,,828867,,,Talia Gibson,,,,,6-4 6-4,3,R32,,7,1,,,,,,,,1,8,,,,,,,,19,1962,58,1040
2026-eastbourne,Eastbourne,Grass,,I,20260622,14,416641,,,Panna Udvardy,,,,,610520,,,Anna Bondar,,,,,7-6 3-2,3,R32,,4,4,,,,,,,,3,3,,,,,,,,59,1029,57,1047
2026-eastbourne,Eastbourne,Grass,,I,20260622,15,337480,,,Zeynep Sonmez,,,,,805782,,,Harriet Dart,,,,,4-6 6-2 7-5,3,R32,,1,4,,,,,,,,6,6,,,,,,,,66,1003,171,449
2026-eastbourne,Eastbourne,Grass,,I,20260622,16,851560,,,Kimberly Birrell,,,,,358837,,,Barbora Krejcikova,,,,,6-3 7-6,3,R32,,4,8,,,,,,,,8,4,,,,,,,,83,880,41,1271
2026-eastbourne,Eastbourne,Grass,,I,20260622,17,913730,,,Tatjana Maria,,,,,926087,,,Anastasia Zakharova,,,,,6-2 6-1,3,R16,,7,0,,,,,,,,0,3,,,,,,,,112,695,91,828
2026-eastbourne,Eastbourne,Grass,,I,20260622,18,731934,,,Madison Keys,,,,,595819,,,Jessica Bouzas Maneiro,,,,,6-0 6-1,3,R16,,2,2,,,,,,,,0,3,,,,,,,,27,1685,48,1124
2026-eastbourne,Eastbourne,Grass,,I,20260622,19,762485,,,Jelena Ostapenko,,,,,416641,,,Panna Udvardy,,,,,3-6 6-1 6-2,3,R16,,7,8,,,,,,,,6,3,,,,,,,,35,1404,71,967
2026-eastbourne,Eastbourne,Grass,,I,20260622,20,421789,,,Mccartney Kessler,,,,,561744,,,Anhelina Kalinina,,,,,6-4 6-3,3,R16,,3,4,,,,,,,,2,7,,,,,,,,62,1038,70,978
2026-eastbourne,Eastbourne,Grass,,I,20260622,21,922335,,,Tereza Valentova,,,,,389789,,,Ajla Tomljanovic,,,,,6-2 5-7 6-4,3,R16,,4,4,,,,,,,,3,7,,,,,,,,61,1041,98,797
2026-eastbourne,Eastbourne,Grass,,I,20260622,22,520895,,,Caty Mcnally,,,,,741705,,,Emiliana Arango,,,,,6-3 6-0,3,R16,,1,4,,,,,,,,2,3,,,,,,,,50,1107,101,773
2026-eastbourne,Eastbourne,Grass,,I,20260622,23,337480,,,Zeynep Sonmez,,,,,429517,,,Sara Bejlek,,,,,,3,R16,,,,,,,,,,,,,,,,,,,,54,1077,45,1179
2026-eastbourne,Eastbourne,Grass,,I,20260622,24,302110,,,Petra Marcinko,,,,,851560,,,Kimberly Birrell,,,,,6-1 6-4,3,R16,,4,3,,,,,,,,0,5,,,,,,,,51,1101,73,939
2026-eastbourne,Eastbourne,Grass,,I,20260622,25,762485,,,Jelena Ostapenko,,,,,337480,,,Zeynep Sonmez,,,,,6-3 6-0,3,QF,,9,5,,,,,,,,2,1,,,,,,,,35,1404,54,1077
2026-eastbourne,Eastbourne,Grass,,I,20260622,26,731934,,,Madison Keys,,,,,421789,,,Mccartney Kessler,,,,,6-3 6-1,3,QF,,2,0,,,,,,,,0,4,,,,,,,,27,1685,62,1038
2026-eastbourne,Eastbourne,Grass,,I,20260622,27,913730,,,Tatjana Maria,,,,,922335,,,Tereza Valentova,,,,,6-3 7-5,3,QF,,8,3,,,,,,,,3,6,,,,,,,,112,695,61,1041
2026-eastbourne,Eastbourne,Grass,,I,20260622,28,302110,,,Petra Marcinko,,,,,520895,,,Caty Mcnally,,,,,6-3 4-6 6-4,3,QF,,4,5,,,,,,,,3,8,,,,,,,,51,1101,50,1107
2026-eastbourne,Eastbourne,Grass,,I,20260622,29,913730,,,Tatjana Maria,,,,,762485,,,Jelena Ostapenko,,,,,6-1 1-2,3,SF,,3,2,,,,,,,,2,5,,,,,,,,112,695,35,1404
2026-eastbourne,Eastbourne,Grass,,I,20260622,30,731934,,,Madison Keys,,,,,302110,,,Petra Marcinko,,,,,6-1,3,SF,,1,1,,,,,,,,1,5,,,,,,,,27,1685,51,1101
2026-eastbourne,Eastbourne,Grass,,I,20260622,31,731934,,,Madison Keys,,,,,913730,,,Tatjana Maria,,,,,7-5 6-4,3,F,,3,4,,,,,,,,2,2,,,,,,,,27,1685,112,695
2026-wimbledon,Wimbledon,Grass,,G,20260629,1,355591,,,Sara Sorribes Tormo,,,,,199960,,,Victoria Jimenez Kasintseva,,,,,6-2 6-3,3,R128,,2,1,,,,,,,,0,1,,,,,,,,252,285,111,698
2026-wimbledon,Wimbledon,Grass,,G,20260629,2,388459,,,Iva Jovic,,,,,885728,,,Jaqueline  Cristian,,,,,7-6 6-0,3,R128,,1,2,,,,,,,,3,6,,,,,,,,17,2436,38,1324
2026-wimbledon,Wimbledon,Grass,,G,20260629,3,218416,,,Belinda Bencic,,,,,892223,,,Mika Stojsavljevic,,,,,6-2 6-1,3,R128,,2,2,,,,,,,,3,2,,,,,,,,12,3385,276,259
2026-wimbledon,Wimbledon,Grass,,G,20260629,4,814118,,,Jessica Pegula,,,,,219553,,,Darja Vidmanova,,,,,7-5 6-3,3,R128,,4,0,,,,,,,,1,0,,,,,,,,4,6380,90,831
2026-wimbledon,Wimbledon,Grass,,G,20260629,5,216676,,,Mananchaya Sawangkaew,,,,,679599,,,Maja Chwalinska,,,,,2-6 7-5 6-2,3,R128,,4,5,,,,,,,,2,3,,,,,,,,164,462,21,1996
2026-wimbledon,Wimbledon,Grass,,G,20260629,6,600494,,,Xinyu Wang,,,,,121013,,,Elisabetta Cocciaretto,,,,,6-3 2-6 6-2,3,R128,,3,5,,,,,,,,1,6,,,,,,,,52,1096,44,1192
2026-wimbledon,Wimbledon,Grass,,G,20260629,7,337480,,,Zeynep Sonmez,,,,,619460,,,Ann Li,,,,,7-5 1-6 6-4,3,R128,,0,2,,,,,,,,8,6,,,,,,,,54,1077,29,1625
2026-wimbledon,Wimbledon,Grass,,G,20260629,8,762485,,,Jelena Ostapenko,,,,,805782,,,Harriet Dart,,,,,6-3 3-6 6-4,3,R128,,5,13,,,,,,,,3,3,,,,,,,,35,1404,151,512
2026-wimbledon,Wimbledon,Grass,,G,20260629,9,913730,,,Tatjana Maria,,,,,133650,,,Yulia Putintseva,,,,,6-4 6-4,3,R128,,3,1,,,,,,,,1,4,,,,,,,,112,695,85,855
2026-wimbledon,Wimbledon,Grass,,G,20260629,10,952597,,,Shuai Zhang,,,,,409001,,,Bianca Andreescu,,,,,7-6 7-6,3,R128,,2,1,,,,,,,,8,3,,,,,,,,67,1015,180,426
2026-wimbledon,Wimbledon,Grass,,G,20260629,11,663060,,,Alycia Parks,,,,,270717,,,Dudeney A.,,,,,6-3 6-3,3,R128,,2,2,,,,,,,,0,4,,,,,,,,80,905,246,293
2026-wimbledon,Wimbledon,Grass,,G,20260629,12,651454,,,Antonia Ruzic,,,,,762933,,,Darja Semenistaja,,,,,6-3 3-6 6-3,3,R128,,3,3,,,,,,,,3,1,,,,,,,,60,1041,102,755
2026-wimbledon,Wimbledon,Grass,,G,20260629,13,737156,,,Claire Liu,,,,,282315,,,Hanne Vandewinkel,,,,,4-6 6-3 6-4,3,R128,,0,4,,,,,,,,4,1,,,,,,,,145,526,100,784
2026-wimbledon,Wimbledon,Grass,,G,20260629,14,714334,,,Naomi Osaka,,,,,973113,,,Elsa Jacquemot,,,,,6-1 7-5,3,R128,,7,2,,,,,,,,2,4,,,,,,,,15,2571,82,897
2026-wimbledon,Wimbledon,Grass,,G,20260629,15,780952,,,Lanlana Tararudee,,,,,287133,,,Lilli Tagger,,,,,7-6 5-7 6-4,3,R128,,3,3,,,,,,,,8,2,,,,,,,,95,799,83,866
2026-wimbledon,Wimbledon,Grass,,G,20260629,16,515592,,,Nikola Bartunkova,,,,,688846,,,Peyton Stearns,,,,,6-4 3-6 7-5,3,R128,,13,8,,,,,,,,1,2,,,,,,,,46,1140,63,1035
2026-wimbledon,Wimbledon,Grass,,G,20260629,17,797291,,,Janice Tjen,,,,,914953,,,Leylah Fernandez,,,,,6-1 7-6,3,R128,,6,0,,,,,,,,5,3,,,,,,,,41,1247,23,1844
2026-wimbledon,Wimbledon,Grass,,G,20260629,18,626163,,,Daria Kasatkina,,,,,936813,,,Xu M.,,,,,6-2 3-6 6-2,3,R128,,2,7,,,,,,,,4,1,,,,,,,,68,1009,327,204
2026-wimbledon,Wimbledon,Grass,,G,20260629,19,716715,,,Aryna Sabalenka,,,,,848660,,,Teodora Kostovic,,,,,6-2 6-3,3,R128,,5,1,,,,,,,,4,1,,,,,,,,1,9090,184,415
2026-wimbledon,Wimbledon,Grass,,G,20260629,20,358837,,,Barbora Krejcikova,,,,,799426,,,Klugman H.,,,,,6-1 6-4,3,R128,,1,3,,,,,,,,4,1,,,,,,,,37,1373,412,148
2026-wimbledon,Wimbledon,Grass,,G,20260629,21,393113,,,Anna Kalinskaya,,,,,362890,,,Magdalena Frech,,,,,7-6 6-4,3,R128,,5,1,,,,,,,,5,6,,,,,,,,20,2212,43,1208
2026-wimbledon,Wimbledon,Grass,,G,20260629,22,421789,,,Mccartney Kessler,,,,,571895,,,Oleksandra Oliynykova,,,,,6-0 6-0,3,R128,,0,0,,,,,,,,1,2,,,,,,,,62,1038,49,1114
2026-wimbledon,Wimbledon,Grass,,G,20260629,23,813190,,,Dayana Yastremska,,,,,604616,,,Aoi Ito,,,,,7-6 4-6 7-5,3,R128,,3,5,,,,,,,,3,4,,,,,,,,66,1017,228,328
2026-wimbledon,Wimbledon,Grass,,G,20260629,24,519047,,,Solana Sierra,,,,,610520,,,Anna Bondar,,,,,6-3 5-7 7-5,3,R128,,6,11,,,,,,,,4,7,,,,,,,,56,1067,75,936
2026-wimbledon,Wimbledon,Grass,,G,20260629,25,344482,,,Katerina Siniakova,,,,,809492,,,Qinwen Zheng,,,,,6-4 6-4,3,R128,,6,6,,,,,,,,4,6,,,,,,,,34,1422,153,496
2026-wimbledon,Wimbledon,Grass,,G,20260629,26,727666,,,Mirra Andreeva,,,,,684064,,,Magda Linette,,,,,7-5 6-4,3,R128,,8,7,,,,,,,,2,2,,,,,,,,5,5751,58,1051
2026-wimbledon,Wimbledon,Grass,,G,20260629,27,563551,,,Karolina Muchova,,,,,926087,,,Anastasia Zakharova,,,,,6-3 6-2,3,R128,,10,0,,,,,,,,0,1,,,,,,,,11,3438,91,828
2026-wimbledon,Wimbledon,Grass,,G,20260629,28,558914,,,Ekaterina Alexandrova,,,,,416641,,,Panna Udvardy,,,,,6-4 6-2,3,R128,,5,4,,,,,,,,5,5,,,,,,,,19,2411,71,967
2026-wimbledon,Wimbledon,Grass,,G,20260629,29,296713,,,Coco Gauff,,,,,293685,,,Tamara Korpatsch,,,,,6-2 6-1,3,R128,,3,2,,,,,,,,1,2,,,,,,,,7,4879,79,919
2026-wimbledon,Wimbledon,Grass,,G,20260629,30,243915,,,Anastasia Gasanova,,,,,741705,,,Emiliana Arango,,,,,6-3 6-1,3,R128,,0,8,,,,,,,,2,1,,,,,,,,210,353,101,773
2026-wimbledon,Wimbledon,Grass,,G,20260629,31,595819,,,Jessica Bouzas Maneiro,,,,,651611,,,Anastasia Potapova,,,,,6-2 6-3,3,R128,,0,1,,,,,,,,0,6,,,,,,,,48,1124,28,1657
2026-wimbledon,Wimbledon,Grass,,G,20260629,32,671871,,,Diane Parry,,,,,794930,,,Francesca Jones,,,,,6-4 6-4,3,R128,,8,1,,,,,,,,3,2,,,,,,,,47,1128,103,747
2026-wimbledon,Wimbledon,Grass,,G,20260629,33,568609,,,Kamilla Rakhimova,,,,,561744,,,Anhelina Kalinina,,,,,4-6 6-4 7-5,3,R128,,3,7,,,,,,,,3,6,,,,,,,,65,1023,70,978
2026-wimbledon,Wimbledon,Grass,,G,20260629,34,710062,,,Maria Sakkari,,,,,359411,,,Clara Tauson,,,,,6-3 6-3,3,R128,,4,5,,,,,,,,7,3,,,,,,,,39,1299,25,1756
2026-wimbledon,Wimbledon,Grass,,G,20260629,35,369605,,,Marie Bouzkova,,,,,828867,,,Talia Gibson,,,,,6-1 3-6 6-2,3,R128,,4,3,,,,,,,,3,8,,,,,,,,22,1849,57,1056
2026-wimbledon,Wimbledon,Grass,,G,20260629,36,952727,,,Katie Swan,,,,,707117,,,Irina-Camelia Begu,,,,,6-4 6-4,3,R128,,2,3,,,,,,,,5,2,,,,,,,,196,379,211,352
2026-wimbledon,Wimbledon,Grass,,G,20260629,37,324333,,,Jasmine Paolini,,,,,735911,,,Robin Montgomery,,,,,0-6 6-4 7-5,3,R128,,4,1,,,,,,,,7,4,,,,,,,,14,2617,194,384
2026-wimbledon,Wimbledon,Grass,,G,20260629,38,324536,,,Amanda Anisimova,,,,,501465,,,Lina Gjorcheska,,,,,6-3 6-2,3,R128,,4,2,,,,,,,,2,8,,,,,,,,6,5523,223,333
2026-wimbledon,Wimbledon,Grass,,G,20260629,39,549141,,,Sofia Kenin,,,,,302110,,,Petra Marcinko,,,,,7-6 6-4,3,R128,,2,2,,,,,,,,4,12,,,,,,,,104,734,51,1101
2026-wimbledon,Wimbledon,Grass,,G,20260629,40,884844,,,Karolina Pliskova,,,,,922335,,,Tereza Valentova,,,,,6-3 6-4,3,R128,,3,7,,,,,,,,1,0,,,,,,,,74,936,61,1041
2026-wimbledon,Wimbledon,Grass,,G,20260629,41,439600,,,Grant T. C.,,,,,970027,,,Katie Boulter,,,,,6-4 6-2,3,R128,,7,6,,,,,,,,4,8,,,,,,,,173,438,59,1047
2026-wimbledon,Wimbledon,Grass,,G,20260629,42,731934,,,Madison Keys,,,,,237771,,,Kayla Day,,,,,6-7 6-4 6-3,3,R128,,3,7,,,,,,,,3,5,,,,,,,,27,1685,138,563
2026-wimbledon,Wimbledon,Grass,,G,20260629,43,988932,,,Viktorija Golubic,,,,,235584,,,Iryna Shymanovich,,,,,6-2 2-6 6-1,3,R128,,2,2,,,,,,,,2,4,,,,,,,,64,1028,216,344
2026-wimbledon,Wimbledon,Grass,,G,20260629,44,139227,,,Iga Swiatek,,,,,948848,,,Taylor Townsend,,,,,6-1 2-6 6-3,3,R128,,2,9,,,,,,,,3,2,,,,,,,,3,6733,81,898
2026-wimbledon,Wimbledon,Grass,,G,20260629,45,851560,,,Kimberly Birrell,,,,,914707,,,Alina Korneeva,,,,,6-3 0-6 6-2,3,R128,,1,4,,,,,,,,4,1,,,,,,,,73,939,94,806
2026-wimbledon,Wimbledon,Grass,,G,20260629,46,394732,,,Maria Timofeeva,,,,,692146,,,Beatriz Haddad Maia,,,,,6-3 6-2,3,R128,,2,2,,,,,,,,0,3,,,,,,,,92,810,117,674
2026-wimbledon,Wimbledon,Grass,,G,20260629,47,344636,,,Leolia Jeanjean,,,,,890144,,,Veronika Erjavec,,,,,6-4 4-6 7-6,3,R128,,4,5,,,,,,,,2,1,,,,,,,,133,577,87,841
2026-wimbledon,Wimbledon,Grass,,G,20260629,48,350535,,,Elena Rybakina,,,,,799344,,,Lois Boisson,,,,,6-4 1-6 6-3,3,R128,,6,3,,,,,,,,3,5,,,,,,,,2,8143,154,495
2026-wimbledon,Wimbledon,Grass,,G,20260629,49,126226,,,Anna Blinkova,,,,,976242,,,Yuliia Starodubtseva,,,,,6-7 6-4 6-1,3,R128,,2,3,,,,,,,,3,3,,,,,,,,107,716,55,1077
2026-wimbledon,Wimbledon,Grass,,G,20260629,50,804248,,,Emma Navarro,,,,,695399,,,Paula Badosa,,,,,4-6 6-3 7-5,3,R128,,6,4,,,,,,,,10,7,,,,,,,,24,1784,140,546
2026-wimbledon,Wimbledon,Grass,,G,20260629,51,825397,,,Oksana Selekhmeteva,,,,,879393,,,Sinja Kraus,,,,,6-1 7-5,3,R128,,0,10,,,,,,,,2,3,,,,,,,,89,835,93,808
2026-wimbledon,Wimbledon,Grass,,G,20260629,52,520895,,,Caty Mcnally,,,,,275310,,,Elena-Gabriela Ruse,,,,,7-5 6-3,3,R128,,1,4,,,,,,,,6,6,,,,,,,,50,1107,105,731
2026-wimbledon,Wimbledon,Grass,,G,20260629,53,809758,,,Elise Mertens,,,,,685811,,,Laura Siegemund,,,,,6-2 6-4,3,R128,,8,6,,,,,,,,0,3,,,,,,,,26,1728,40,1272
2026-wimbledon,Wimbledon,Grass,,G,20260629,54,656660,,,Daria Snigur,,,,,568896,,,Elina Svitolina,,,,,7-5 6-2,3,R128,,0,0,,,,,,,,1,4,,,,,,,,78,928,8,4423
2026-wimbledon,Wimbledon,Grass,,G,20260629,55,434479,,,Mariam Bolkvadze,,,,,389789,,,Ajla Tomljanovic,,,,,6-2 2-6 6-4,3,R128,,0,7,,,,,,,,1,6,,,,,,,,539,96,98,797
2026-wimbledon,Wimbledon,Grass,,G,20260629,56,261807,,,Alexandra Eala,,,,,988957,,,Renata Zarazua,,,,,6-1 6-2,3,R128,,0,0,,,,,,,,0,0,,,,,,,,30,1557,76,935
2026-wimbledon,Wimbledon,Grass,,G,20260629,57,600745,,,Sorana Cirstea,,,,,429517,,,Sara Bejlek,,,,,6-1 7-6,3,R128,,2,6,,,,,,,,1,1,,,,,,,,18,2415,45,1179
2026-wimbledon,Wimbledon,Grass,,G,20260629,58,701534,,,Ashlyn Krueger,,,,,975382,,,Donna Vekic,,,,,3-6 7-6 6-4,3,R128,,6,8,,,,,,,,6,6,,,,,,,,96,798,33,1431
2026-wimbledon,Wimbledon,Grass,,G,20260629,59,425446,,,Diana Shnaider,,,,,743463,,,Eva Lys,,,,,7-5 6-1,3,R128,,2,1,,,,,,,,0,2,,,,,,,,16,2458,77,931
2026-wimbledon,Wimbledon,Grass,,G,20260629,60,286370,,,Liudmila Samsonova,,,,,824108,,,Polina Kudermetova,,,,,6-3 6-3,3,R128,,5,1,,,,,,,,2,3,,,,,,,,42,1220,116,678
2026-wimbledon,Wimbledon,Grass,,G,20260629,61,187314,,,Linda Noskova,,,,,631483,,,Ella Seidel,,,,,6-4 6-3,3,R128,,8,1,,,,,,,,3,3,,,,,,,,10,3489,97,797
2026-wimbledon,Wimbledon,Grass,,G,20260629,62,756180,,,Marta Kostyuk,,,,,499387,,,Nadia Podoroska,,,,,6-1 6-2,3,R128,,6,3,,,,,,,,0,4,,,,,,,,13,3157,594,81
2026-wimbledon,Wimbledon,Grass,,G,20260629,63,690300,,,Maya Joint,,,,,329798,,,Serena Williams,,,,,6-3 6-7 6-3,3,R128,,10,5,,,,,,,,7,7,,,,,,,,53,1096,,
2026-wimbledon,Wimbledon,Grass,,G,20260629,64,769396,,,Camila Osorio,,,,,330724,,,Simona Waltert,,,,,6-2 6-1,3,R128,,1,1,,,,,,,,0,3,,,,,,,,69,988,88,836
2026-wimbledon,Wimbledon,Grass,,G,20260629,65,762485,,,Jelena Ostapenko,,,,,651454,,,Antonia Ruzic,,,,,6-2 6-0,3,R64,,8,5,,,,,,,,1,0,,,,,,,,35,1404,60,1041
2026-wimbledon,Wimbledon,Grass,,G,20260629,66,216676,,,Mananchaya Sawangkaew,,,,,663060,,,Alycia Parks,,,,,7-5 6-0,3,R64,,3,5,,,,,,,,5,6,,,,,,,,164,462,80,905
2026-wimbledon,Wimbledon,Grass,,G,20260629,67,714334,,,Naomi Osaka,,,,,243915,,,Anastasia Gasanova,,,,,6-3 6-2,3,R64,,8,2,,,,,,,,1,3,,,,,,,,15,2571,210,353
2026-wimbledon,Wimbledon,Grass,,G,20260629,68,626163,,,Daria Kasatkina,,,,,797291,,,Janice Tjen,,,,,6-7 6-1 6-4,3,R64,,4,9,,,,,,,,2,4,,,,,,,,68,1009,41,1247
2026-wimbledon,Wimbledon,Grass,,G,20260629,69,737156,,,Claire Liu,,,,,337480,,,Zeynep Sonmez,,,,,7-5 6-3,3,R64,,3,3,,,,,,,,0,2,,,,,,,,145,526,54,1077
2026-wimbledon,Wimbledon,Grass,,G,20260629,70,716715,,,Aryna Sabalenka,,,,,421789,,,Mccartney Kessler,,,,,6-1 7-6,3,R64,,7,2,,,,,,,,1,2,,,,,,,,1,9090,62,1038
2026-wimbledon,Wimbledon,Grass,,G,20260629,71,595819,,,Jessica Bouzas Maneiro,,,,,813190,,,Dayana Yastremska,,,,,6-3 6-7 6-2,3,R64,,4,2,,,,,,,,3,2,,,,,,,,48,1124,66,1017
2026-wimbledon,Wimbledon,Grass,,G,20260629,72,563551,,,Karolina Muchova,,,,,952597,,,Shuai Zhang,,,,,6-3 6-2,3,R64,,9,4,,,,,,,,3,2,,,,,,,,11,3438,67,1015
2026-wimbledon,Wimbledon,Grass,,G,20260629,73,393113,,,Anna Kalinskaya,,,,,671871,,,Diane Parry,,,,,6-4 3-6 7-6,3,R64,,6,8,,,,,,,,9,6,,,,,,,,20,2212,47,1128
2026-wimbledon,Wimbledon,Grass,,G,20260629,74,296713,,,Coco Gauff,,,,,519047,,,Solana Sierra,,,,,6-3 3-6 7-6,3,R64,,10,5,,,,,,,,0,9,,,,,,,,7,4879,56,1067
2026-wimbledon,Wimbledon,Grass,,G,20260629,75,515592,,,Nikola Bartunkova,,,,,344482,,,Katerina Siniakova,,,,,6-2 6-4,3,R64,,2,2,,,,,,,,2,6,,,,,,,,46,1140,34,1422
2026-wimbledon,Wimbledon,Grass,,G,20260629,76,358837,,,Barbora Krejcikova,,,,,727666,,,Mirra Andreeva,,,,,4-6 7-5 6-4,3,R64,,9,4,,,,,,,,5,4,,,,,,,,37,1373,5,5751
2026-wimbledon,Wimbledon,Grass,,G,20260629,77,814118,,,Jessica Pegula,,,,,355591,,,Sara Sorribes Tormo,,,,,7-6 6-1,3,R64,,5,0,,,,,,,,0,1,,,,,,,,4,6380,252,285
2026-wimbledon,Wimbledon,Grass,,G,20260629,78,388459,,,Iva Jovic,,,,,913730,,,Tatjana Maria,,,,,6-1 6-2,3,R64,,5,2,,,,,,,,3,3,,,,,,,,17,2436,112,695
2026-wimbledon,Wimbledon,Grass,,G,20260629,79,218416,,,Belinda Bencic,,,,,600494,,,Xinyu Wang,,,,,7-5 6-0,3,R64,,1,1,,,,,,,,6,2,,,,,,,,12,3385,52,1096
2026-wimbledon,Wimbledon,Grass,,G,20260629,80,558914,,,Ekaterina Alexandrova,,,,,780952,,,Lanlana Tararudee,,,,,7-5 7-5,3,R64,,7,1,,,,,,,,1,2,,,,,,,,19,2411,95,799
2026-wimbledon,Wimbledon,Grass,,G,20260629,81,369605,,,Marie Bouzkova,,,,,439600,,,Grant T. C.,,,,,7-5 6-3,3,R64,,1,4,,,,,,,,1,11,,,,,,,,22,1849,173,438
2026-wimbledon,Wimbledon,Grass,,G,20260629,82,804248,,,Emma Navarro,,,,,825397,,,Oksana Selekhmeteva,,,,,3-6 6-4 6-1,3,R64,,1,10,,,,,,,,1,12,,,,,,,,24,1784,89,835
2026-wimbledon,Wimbledon,Grass,,G,20260629,83,656660,,,Daria Snigur,,,,,344636,,,Leolia Jeanjean,,,,,6-4 6-3,3,R64,,3,1,,,,,,,,1,6,,,,,,,,78,928,133,577
2026-wimbledon,Wimbledon,Grass,,G,20260629,84,286370,,,Liudmila Samsonova,,,,,425446,,,Diana Shnaider,,,,,6-4 4-6 6-2,3,R64,,4,6,,,,,,,,1,6,,,,,,,,42,1220,16,2458
2026-wimbledon,Wimbledon,Grass,,G,20260629,85,701534,,,Ashlyn Krueger,,,,,434479,,,Mariam Bolkvadze,,,,,6-1 6-0,3,R64,,5,5,,,,,,,,0,5,,,,,,,,96,798,539,96
2026-wimbledon,Wimbledon,Grass,,G,20260629,86,731934,,,Madison Keys,,,,,952727,,,Katie Swan,,,,,6-1 6-4,3,R64,,3,2,,,,,,,,0,6,,,,,,,,27,1685,196,379
2026-wimbledon,Wimbledon,Grass,,G,20260629,87,261807,,,Alexandra Eala,,,,,690300,,,Maya Joint,,,,,3-6 6-2 6-0,3,R64,,4,2,,,,,,,,1,3,,,,,,,,30,1557,53,1096
2026-wimbledon,Wimbledon,Grass,,G,20260629,88,139227,,,Iga Swiatek,,,,,884844,,,Karolina Pliskova,,,,,6-1 6-3,3,R64,,0,5,,,,,,,,2,5,,,,,,,,3,6733,74,936
2026-wimbledon,Wimbledon,Grass,,G,20260629,89,756180,,,Marta Kostyuk,,,,,126226,,,Anna Blinkova,,,,,6-7 6-3 6-3,3,R64,,5,11,,,,,,,,0,8,,,,,,,,13,3157,107,716
2026-wimbledon,Wimbledon,Grass,,G,20260629,90,324536,,,Amanda Anisimova,,,,,549141,,,Sofia Kenin,,,,,6-2 4-6 7-6,3,R64,,20,6,,,,,,,,0,6,,,,,,,,6,5523,104,734
2026-wimbledon,Wimbledon,Grass,,G,20260629,91,710062,,,Maria Sakkari,,,,,568609,,,Kamilla Rakhimova,,,,,6-3 0-6 7-6,3,R64,,10,5,,,,,,,,1,6,,,,,,,,39,1299,65,1023
2026-wimbledon,Wimbledon,Grass,,G,20260629,92,809758,,,Elise Mertens,,,,,394732,,,Maria Timofeeva,,,,,2-6 6-3 6-0,3,R64,,2,5,,,,,,,,1,3,,,,,,,,26,1728,92,810
2026-wimbledon,Wimbledon,Grass,,G,20260629,93,324333,,,Jasmine Paolini,,,,,988932,,,Viktorija Golubic,,,,,7-6 6-4,3,R64,,0,3,,,,,,,,0,2,,,,,,,,14,2617,64,1028
2026-wimbledon,Wimbledon,Grass,,G,20260629,94,600745,,,Sorana Cirstea,,,,,851560,,,Kimberly Birrell,,,,,6-3 6-4,3,R64,,6,1,,,,,,,,2,6,,,,,,,,18,2415,73,939
2026-wimbledon,Wimbledon,Grass,,G,20260629,95,350535,,,Elena Rybakina,,,,,520895,,,Caty Mcnally,,,,,6-1 6-2,3,R64,,1,3,,,,,,,,1,4,,,,,,,,2,8143,50,1107
2026-wimbledon,Wimbledon,Grass,,G,20260629,96,187314,,,Linda Noskova,,,,,769396,,,Camila Osorio,,,,,6-3 4-6 6-2,3,R64,,9,5,,,,,,,,3,6,,,,,,,,10,3489,69,988
2026-wimbledon,Wimbledon,Grass,,G,20260629,97,218416,,,Belinda Bencic,,,,,393113,,,Anna Kalinskaya,,,,,6-4 4-6 7-6,3,R32,,6,8,,,,,,,,6,4,,,,,,,,12,3385,20,2212
2026-wimbledon,Wimbledon,Grass,,G,20260629,98,714334,,,Naomi Osaka,,,,,626163,,,Daria Kasatkina,,,,,6-1 6-3,3,R32,,5,0,,,,,,,,1,5,,,,,,,,15,2571,68,1009
2026-wimbledon,Wimbledon,Grass,,G,20260629,99,388459,,,Iva Jovic,,,,,558914,,,Ekaterina Alexandrova,,,,,6-3 3-6 6-4,3,R32,,2,2,,,,,,,,6,2,,,,,,,,17,2436,19,2411
2026-wimbledon,Wimbledon,Grass,,G,20260629,100,814118,,,Jessica Pegula,,,,,595819,,,Jessica Bouzas Maneiro,,,,,6-1 6-3,3,R32,,2,2,,,,,,,,0,3,,,,,,,,4,6380,48,1124
2026-wimbledon,Wimbledon,Grass,,G,20260629,101,358837,,,Barbora Krejcikova,,,,,515592,,,Nikola Bartunkova,,,,,6-3 7-5,3,R32,,2,7,,,,,,,,5,5,,,,,,,,37,1373,46,1140
2026-wimbledon,Wimbledon,Grass,,G,20260629,102,716715,,,Aryna Sabalenka,,,,,762485,,,Jelena Ostapenko,,,,,6-4 6-4,3,R32,,9,2,,,,,,,,4,3,,,,,,,,1,9090,35,1404
2026-wimbledon,Wimbledon,Grass,,G,20260629,103,296713,,,Coco Gauff,,,,,737156,,,Claire Liu,,,,,6-3 6-7 6-2,3,R32,,1,6,,,,,,,,0,4,,,,,,,,7,4879,145,526
2026-wimbledon,Wimbledon,Grass,,G,20260629,104,563551,,,Karolina Muchova,,,,,216676,,,Mananchaya Sawangkaew,,,,,6-2 7-6,3,R32,,1,0,,,,,,,,0,4,,,,,,,,11,3438,164,462
2026-wimbledon,Wimbledon,Grass,,G,20260629,105,756180,,,Marta Kostyuk,,,,,804248,,,Emma Navarro,,,,,6-2 4-6 6-1,3,R32,,2,2,,,,,,,,1,5,,,,,,,,13,3157,24,1784
2026-wimbledon,Wimbledon,Grass,,G,20260629,106,369605,,,Marie Bouzkova,,,,,286370,,,Liudmila Samsonova,,,,,4-6 7-6 6-4,3,R32,,2,4,,,,,,,,6,7,,,,,,,,22,1849,42,1220
2026-wimbledon,Wimbledon,Grass,,G,20260629,107,701534,,,Ashlyn Krueger,,,,,656660,,,Daria Snigur,,,,,6-3 6-2,3,R32,,5,8,,,,,,,,0,1,,,,,,,,96,798,78,928
2026-wimbledon,Wimbledon,Grass,,G,20260629,108,809758,,,Elise Mertens,,,,,350535,,,Elena Rybakina,,,,,7-6 6-1,3,R32,,4,10,,,,,,,,2,6,,,,,,,,26,1728,2,8143
2026-wimbledon,Wimbledon,Grass,,G,20260629,109,261807,,,Alexandra Eala,,,,,139227,,,Iga Swiatek,,,,,7-6 6-2,3,R32,,4,0,,,,,,,,1,5,,,,,,,,30,1557,3,6733
2026-wimbledon,Wimbledon,Grass,,G,20260629,110,324333,,,Jasmine Paolini,,,,,710062,,,Maria Sakkari,,,,,6-1 6-2,3,R32,,1,0,,,,,,,,1,4,,,,,,,,14,2617,39,1299
2026-wimbledon,Wimbledon,Grass,,G,20260629,111,187314,,,Linda Noskova,,,,,600745,,,Sorana Cirstea,,,,,2-6 6-3 7-6,3,R32,,4,6,,,,,,,,12,1,,,,,,,,10,3489,18,2415
2026-wimbledon,Wimbledon,Grass,,G,20260629,112,731934,,,Madison Keys,,,,,324536,,,Amanda Anisimova,,,,,3-6 6-2 6-3,3,R32,,4,2,,,,,,,,2,7,,,,,,,,27,1685,6,5523
2026-wimbledon,Wimbledon,Grass,,G,20260629,113,814118,,,Jessica Pegula,,,,,388459,,,Iva Jovic,,,,,4-6 6-3 6-1,3,R16,,2,0,,,,,,,,1,1,,,,,,,,4,6380,17,2436
2026-wimbledon,Wimbledon,Grass,,G,20260629,114,563551,,,Karolina Muchova,,,,,358837,,,Barbora Krejcikova,,,,,7-5 5-7 6-3,3,R16,,9,2,,,,,,,,4,2,,,,,,,,11,3438,37,1373
2026-wimbledon,Wimbledon,Grass,,G,20260629,115,714334,,,Naomi Osaka,,,,,716715,,,Aryna Sabalenka,,,,,6-2 7-6,3,R16,,8,1,,,,,,,,5,1,,,,,,,,15,2571,1,9090
2026-wimbledon,Wimbledon,Grass,,G,20260629,116,296713,,,Coco Gauff,,,,,218416,,,Belinda Bencic,,,,,4-6 6-3 6-4,3,R16,,4,9,,,,,,,,1,3,,,,,,,,7,4879,12,3385
2026-wimbledon,Wimbledon,Grass,,G,20260629,117,756180,,,Marta Kostyuk,,,,,701534,,,Ashlyn Krueger,,,,,6-4 6-4,3,R16,,2,1,,,,,,,,1,6,,,,,,,,13,3157,96,798
2026-wimbledon,Wimbledon,Grass,,G,20260629,118,809758,,,Elise Mertens,,,,,369605,,,Marie Bouzkova,,,,,6-4 6-4,3,R16,,2,4,,,,,,,,1,6,,,,,,,,26,1728,22,1849
2026-wimbledon,Wimbledon,Grass,,G,20260629,119,324333,,,Jasmine Paolini,,,,,261807,,,Alexandra Eala,,,,,6-4 4-6 6-3,3,R16,,2,1,,,,,,,,2,3,,,,,,,,14,2617,30,1557
2026-wimbledon,Wimbledon,Grass,,G,20260629,120,187314,,,Linda Noskova,,,,,731934,,,Madison Keys,,,,,6-4 7-6,3,R16,,4,5,,,,,,,,9,5,,,,,,,,10,3489,27,1685
2026-wimbledon,Wimbledon,Grass,,G,20260629,121,296713,,,Coco Gauff,,,,,814118,,,Jessica Pegula,,,,,4-6 6-3 6-3,3,QF,,7,7,,,,,,,,2,2,,,,,,,,7,4879,4,6380
2026-wimbledon,Wimbledon,Grass,,G,20260629,122,563551,,,Karolina Muchova,,,,,714334,,,Naomi Osaka,,,,,7-6 6-4,3,QF,,7,2,,,,,,,,9,4,,,,,,,,11,3438,15,2571
2026-wimbledon,Wimbledon,Grass,,G,20260629,123,187314,,,Linda Noskova,,,,,809758,,,Elise Mertens,,,,,6-3 7-5,3,QF,,7,3,,,,,,,,4,4,,,,,,,,10,3489,26,1728
2026-wimbledon,Wimbledon,Grass,,G,20260629,124,756180,,,Marta Kostyuk,,,,,324333,,,Jasmine Paolini,,,,,6-3 6-2,3,QF,,3,3,,,,,,,,0,1,,,,,,,,13,3157,14,2617
2026-wimbledon,Wimbledon,Grass,,G,20260629,125,563551,,,Karolina Muchova,,,,,296713,,,Coco Gauff,,,,,6-2 1-6 7-6,3,SF,,3,0,,,,,,,,3,2,,,,,,,,11,3438,7,4879
2026-wimbledon,Wimbledon,Grass,,G,20260629,126,187314,,,Linda Noskova,,,,,756180,,,Marta Kostyuk,,,,,6-4 6-4,3,SF,,1,2,,,,,,,,5,2,,,,,,,,10,3489,13,3157
2026-wimbledon,Wimbledon,Grass,,G,20260629,127,187314,,,Linda Noskova,,,,,563551,,,Karolina Muchova,,,,,6-2 5-7 6-3,3,F,,10,4,,,,,,,,6,1,,,,,,,,10,3489,11,3438
2026-athens,Athens,Hard,,I,20260713,1,252693,,,Mai Hontama,,,,,684064,,,Magda Linette,,,,,6-4 7-5,3,R32,,0,3,,,,,,,,3,0,,,,,,,,204,365,58,1051
2026-athens,Athens,Hard,,I,20260713,2,809492,,,Qinwen Zheng,,,,,595819,,,Jessica Bouzas Maneiro,,,,,7-5 6-1,3,R32,,7,3,,,,,,,,0,1,,,,,,,,153,496,48,1124
2026-athens,Athens,Hard,,I,20260713,3,287133,,,Lilli Tagger,,,,,166433,,,Argyrokastriti M.,,,,,6-1 6-1,3,R32,,1,2,,,,,,,,1,1,,,,,,,,83,866,792,43
2026-athens,Athens,Hard,,I,20260713,4,429517,,,Sara Bejlek,,,,,571591,,,Morvayova V.,,,,,6-0 7-5,3,R32,,1,4,,,,,,,,0,5,,,,,,,,45,1179,302,228
2026-athens,Athens,Hard,,I,20260713,5,805782,,,Harriet Dart,,,,,357159,,,Hodzic M.,,,,,6-3 3-6 7-6,3,R32,,0,3,,,,,,,,0,3,,,,,,,,151,512,350,181
2026-athens,Athens,Hard,,I,20260713,6,710062,,,Maria Sakkari,,,,,824108,,,Polina Kudermetova,,,,,6-0 7-6,3,R32,,3,1,,,,,,,,3,5,,,,,,,,39,1299,116,678
2026-athens,Athens,Hard,,I,20260713,7,678986,,,Micic E.,,,,,260647,,,Martha Matoula,,,,,7-5 6-3,3,R32,,2,6,,,,,,,,0,9,,,,,,,,334,193,303,228
2026-athens,Athens,Hard,,I,20260713,8,663060,,,Alycia Parks,,,,,908654,,,Valentini Grammatikopoulou,,,,,7-6 6-4,3,R32,,5,13,,,,,,,,0,7,,,,,,,,80,905,495,114
2026-athens,Athens,Hard,,I,20260713,9,358837,,,Barbora Krejcikova,,,,,897792,,,Viktoriya Tomova,,,,,6-3 6-3,3,R32,,3,7,,,,,,,,0,5,,,,,,,,37,1373,174,435
2026-athens,Athens,Hard,,I,20260713,10,914707,,,Alina Korneeva,,,,,604616,,,Aoi Ito,,,,,6-2 6-1,3,R32,,1,1,,,,,,,,0,4,,,,,,,,94,806,228,328
2026-athens,Athens,Hard,,I,20260713,11,203674,,,Carole Monnet,,,,,149280,,,Rebeka Masarova,,,,,4-6 6-2 7-6,3,R32,,1,8,,,,,,,,4,8,,,,,,,,192,389,156,490
2026-athens,Athens,Hard,,I,20260713,12,748140,,,Tona M.,,,,,912483,,,Sakellaridi S.,,,,,7-6 5-7 6-2,3,R32,,5,5,,,,,,,,10,1,,,,,,,,383,162,441,133
2026-athens,Athens,Hard,,I,20260713,13,359411,,,Clara Tauson,,,,,615524,,,Nao Hibino,,,,,7-5 6-4,3,R32,,6,5,,,,,,,,2,3,,,,,,,,25,1756,247,292
2026-athens,Athens,Hard,,I,20260713,14,114904,,,Aliaksandra Sasnovich,,,,,126226,,,Anna Blinkova,,,,,3-6 6-2 6-2,3,R32,,2,4,,,,,,,,1,4,,,,,,,,124,626,107,716
2026-athens,Athens,Hard,,I,20260713,15,619460,,,Ann Li,,,,,394732,,,Maria Timofeeva,,,,,6-2 6-1,3,R32,,3,1,,,,,,,,0,4,,,,,,,,29,1625,92,810
2026-athens,Athens,Hard,,I,20260713,16,922335,,,Tereza Valentova,,,,,652440,,,Sofia Costoulas,,,,,6-1 6-2,3,R32,,4,3,,,,,,,,0,5,,,,,,,,61,1041,157,489
2026-athens,Athens,Hard,,I,20260713,17,809492,,,Qinwen Zheng,,,,,678986,,,Micic E.,,,,,6-4 6-1,3,R16,,13,1,,,,,,,,1,2,,,,,,,,153,496,334,193
2026-athens,Athens,Hard,,I,20260713,18,710062,,,Maria Sakkari,,,,,805782,,,Harriet Dart,,,,,6-1 6-2,3,R16,,1,1,,,,,,,,0,4,,,,,,,,39,1299,151,512
2026-athens,Athens,Hard,,I,20260713,19,663060,,,Alycia Parks,,,,,252693,,,Mai Hontama,,,,,6-7 6-2 7-5,3,R16,,10,14,,,,,,,,1,7,,,,,,,,80,905,204,365
2026-athens,Athens,Hard,,I,20260713,20,429517,,,Sara Bejlek,,,,,287133,,,Lilli Tagger,,,,,6-2 6-2,3,R16,,1,1,,,,,,,,0,4,,,,,,,,45,1179,83,866
2026-athens,Athens,Hard,,I,20260713,21,914707,,,Alina Korneeva,,,,,619460,,,Ann Li,,,,,6-2 6-2,3,R16,,2,2,,,,,,,,0,2,,,,,,,,94,806,29,1625
2026-athens,Athens,Hard,,I,20260713,22,922335,,,Tereza Valentova,,,,,114904,,,Aliaksandra Sasnovich,,,,,6-3 6-2,3,R16,,0,5,,,,,,,,1,5,,,,,,,,61,1041,124,626
2026-athens,Athens,Hard,,I,20260713,23,358837,,,Barbora Krejcikova,,,,,203674,,,Carole Monnet,,,,,6-0 6-2,3,R16,,1,4,,,,,,,,1,7,,,,,,,,37,1373,192,389
2026-athens,Athens,Hard,,I,20260713,24,359411,,,Clara Tauson,,,,,748140,,,Tona M.,,,,,6-4 6-0,3,R16,,5,2,,,,,,,,1,2,,,,,,,,25,1756,383,162
2026-athens,Athens,Hard,,I,20260713,25,914707,,,Alina Korneeva,,,,,922335,,,Tereza Valentova,,,,,7-5 6-3,3,QF,,1,4,,,,,,,,0,5,,,,,,,,94,806,61,1041
2026-athens,Athens,Hard,,I,20260713,26,358837,,,Barbora Krejcikova,,,,,809492,,,Qinwen Zheng,,,,,6-4 6-4,3,QF,,3,6,,,,,,,,6,7,,,,,,,,37,1373,153,496
2026-athens,Athens,Hard,,I,20260713,27,710062,,,Maria Sakkari,,,,,663060,,,Alycia Parks,,,,,6-4 6-3,3,QF,,3,1,,,,,,,,2,6,,,,,,,,39,1299,80,905
2026-athens,Athens,Hard,,I,20260713,28,359411,,,Clara Tauson,,,,,429517,,,Sara Bejlek,,,,,6-2 6-3,3,QF,,0,2,,,,,,,,1,4,,,,,,,,25,1756,45,1179
2026-athens,Athens,Hard,,I,20260713,29,710062,,,Maria Sakkari,,,,,914707,,,Alina Korneeva,,,,,6-1 7-5,3,SF,,2,0,,,,,,,,1,4,,,,,,,,39,1299,94,806
2026-athens,Athens,Hard,,I,20260713,30,358837,,,Barbora Krejcikova,,,,,359411,,,Clara Tauson,,,,,6-1 4-6 6-3,3,SF,,4,9,,,,,,,,3,7,,,,,,,,37,1373,25,1756
2026-athens,Athens,Hard,,I,20260713,31,358837,,,Barbora Krejcikova,,,,,710062,,,Maria Sakkari,,,,,7-6 6-3,3,F,,2,2,,,,,,,,5,2,,,,,,,,37,1373,39,1299
2026-iasi,Iasi,Clay,,I,20260713,1,461549,,,Alina Charaeva,,,,,199960,,,Victoria Jimenez Kasintseva,,,,,6-0 6-1,3,R32,,2,2,,,,,,,,0,3,,,,,,,,120,636,111,698
2026-iasi,Iasi,Clay,,I,20260713,2,610520,,,Anna Bondar,,,,,355591,,,Sara Sorribes Tormo,,,,,7-5 6-4,3,R32,,0,0,,,,,,,,1,2,,,,,,,,75,936,252,285
2026-iasi,Iasi,Clay,,I,20260713,3,302110,,,Petra Marcinko,,,,,499387,,,Nadia Podoroska,,,,,6-2 3-6 6-4,3,R32,,0,8,,,,,,,,3,8,,,,,,,,51,1101,594,81
2026-iasi,Iasi,Clay,,I,20260713,4,289001,,,Clara Burel,,,,,958557,,,Varvara Lepchenko,,,,,2-6 7-5 6-3,3,R32,,1,3,,,,,,,,2,1,,,,,,,,700,57,175,435
2026-iasi,Iasi,Clay,,I,20260713,5,688936,,,Tamara Zidansek,,,,,741705,,,Emiliana Arango,,,,,5-7 6-2 6-3,3,R32,,1,5,,,,,,,,0,3,,,,,,,,132,579,101,773
2026-iasi,Iasi,Clay,,I,20260713,6,937862,,,Kaitlin Quevedo,,,,,275310,,,Elena-Gabriela Ruse,,,,,6-3 6-1,3,R32,,1,4,,,,,,,,2,5,,,,,,,,106,718,105,731
2026-iasi,Iasi,Clay,,I,20260713,7,272544,,,Elina Avanesyan,,,,,482165,,,Moyuka Uchijima,,,,,6-2 6-4,3,R32,,0,5,,,,,,,,0,4,,,,,,,,212,351,108,707
2026-iasi,Iasi,Clay,,I,20260713,8,729721,,,Mayar Sherif,,,,,425404,,,Dalma Galfi,,,,,6-2 6-0,3,R32,,1,1,,,,,,,,1,3,,,,,,,,110,706,115,681
2026-iasi,Iasi,Clay,,I,20260713,9,133650,,,Yulia Putintseva,,,,,737156,,,Claire Liu,,,,,7-5 6-2,3,R32,,1,3,,,,,,,,0,4,,,,,,,,85,855,145,526
2026-iasi,Iasi,Clay,,I,20260713,10,282059,,,Ibragimova A.,,,,,125061,,,Dominika Salkova,,,,,6-2 7-5,3,R32,,4,5,,,,,,,,2,3,,,,,,,,270,265,128,597
2026-iasi,Iasi,Clay,,I,20260713,11,571895,,,Oleksandra Oliynykova,,,,,142829,,,Ipek Oz,,,,,7-6 7-6,3,R32,,0,5,,,,,,,,2,0,,,,,,,,49,1114,375,166
2026-iasi,Iasi,Clay,,I,20260713,12,164893,,,Elena Pridankina,,,,,104163,,,Miriam Bianca Bulgaru,,,,,7-5 6-1,3,R32,,0,1,,,,,,,,2,3,,,,,,,,206,355,248,291
2026-iasi,Iasi,Clay,,I,20260713,13,416641,,,Panna Udvardy,,,,,275150,,,Leyre Romero Gormaz,,,,,6-3 4-6 6-3,3,R32,,2,2,,,,,,,,5,1,,,,,,,,71,967,142,535
2026-iasi,Iasi,Clay,,I,20260713,14,695399,,,Paula Badosa,,,,,561744,,,Anhelina Kalinina,,,,,6-3 6-1,3,R32,,1,4,,,,,,,,2,8,,,,,,,,140,546,70,978
2026-iasi,Iasi,Clay,,I,20260713,15,973113,,,Elsa Jacquemot,,,,,505128,,,Amariei I. D.,,,,,6-4 7-6,3,R32,,2,4,,,,,,,,0,0,,,,,,,,82,897,529,99
2026-iasi,Iasi,Clay,,I,20260713,16,866608,,,Katarzyna Kawa,,,,,330724,,,Simona Waltert,,,,,6-1 6-4,3,R32,,2,4,,,,,,,,1,4,,,,,,,,121,635,88,836
2026-iasi,Iasi,Clay,,I,20260713,17,133650,,,Yulia Putintseva,,,,,461549,,,Alina Charaeva,,,,,6-3 6-3,3,R16,,3,1,,,,,,,,1,7,,,,,,,,85,855,120,636
2026-iasi,Iasi,Clay,,I,20260713,18,688936,,,Tamara Zidansek,,,,,610520,,,Anna Bondar,,,,,7-6 6-7 7-5,3,R16,,7,6,,,,,,,,2,4,,,,,,,,132,579,75,936
2026-iasi,Iasi,Clay,,I,20260713,19,289001,,,Clara Burel,,,,,973113,,,Elsa Jacquemot,,,,,6-1 6-1,3,R16,,0,3,,,,,,,,0,5,,,,,,,,700,57,82,897
2026-iasi,Iasi,Clay,,I,20260713,20,302110,,,Petra Marcinko,,,,,272544,,,Elina Avanesyan,,,,,7-6 7-6,3,R16,,0,10,,,,,,,,0,7,,,,,,,,51,1101,212,351
2026-iasi,Iasi,Clay,,I,20260713,21,729721,,,Mayar Sherif,,,,,937862,,,Kaitlin Quevedo,,,,,6-3 7-6,3,R16,,0,1,,,,,,,,0,4,,,,,,,,110,706,106,718
2026-iasi,Iasi,Clay,,I,20260713,22,571895,,,Oleksandra Oliynykova,,,,,164893,,,Elena Pridankina,,,,,6-1 6-2,3,R16,,1,1,,,,,,,,0,6,,,,,,,,49,1114,206,355
2026-iasi,Iasi,Clay,,I,20260713,23,695399,,,Paula Badosa,,,,,282059,,,Ibragimova A.,,,,,7-6 1-6 6-4,3,R16,,6,9,,,,,,,,4,6,,,,,,,,140,546,270,265
2026-iasi,Iasi,Clay,,I,20260713,24,416641,,,Panna Udvardy,,,,,866608,,,Katarzyna Kawa,,,,,1-6 7-5 6-2,3,R16,,0,6,,,,,,,,4,5,,,,,,,,71,967,121,635
2026-iasi,Iasi,Clay,,I,20260713,25,729721,,,Mayar Sherif,,,,,133650,,,Yulia Putintseva,,,,,6-2 3-6 7-6,3,QF,,0,3,,,,,,,,1,1,,,,,,,,110,706,85,855
2026-iasi,Iasi,Clay,,I,20260713,26,571895,,,Oleksandra Oliynykova,,,,,289001,,,Clara Burel,,,,,6-4 7-5,3,QF,,0,4,,,,,,,,0,2,,,,,,,,49,1114,700,57
2026-iasi,Iasi,Clay,,I,20260713,27,695399,,,Paula Badosa,,,,,416641,,,Panna Udvardy,,,,,6-4 7-6,3,QF,,5,7,,,,,,,,1,2,,,,,,,,140,546,71,967
2026-iasi,Iasi,Clay,,I,20260713,28,688936,,,Tamara Zidansek,,,,,302110,,,Petra Marcinko,,,,,6-3 7-5,3,QF,,1,7,,,,,,,,1,6,,,,,,,,132,579,51,1101
2026-iasi,Iasi,Clay,,I,20260713,29,729721,,,Mayar Sherif,,,,,571895,,,Oleksandra Oliynykova,,,,,6-3 6-1,3,SF,,0,0,,,,,,,,0,2,,,,,,,,110,706,49,1114
2026-iasi,Iasi,Clay,,I,20260713,30,695399,,,Paula Badosa,,,,,688936,,,Tamara Zidansek,,,,,3-6 7-5 7-6,3,SF,,3,10,,,,,,,,0,7,,,,,,,,140,546,132,579
2026-iasi,Iasi,Clay,,I,20260713,31,729721,,,Mayar Sherif,,,,,695399,,,Paula Badosa,,,,,6-4 4-0,3,F,,0,0,,,,,,,,0,1,,,,,,,,110,706,140,546
2026-hamburg,Hamburg,Clay,,I,20260720,1,561744,,,Anhelina Kalinina,,,,,937862,,,Kaitlin Quevedo,,,,,7-5 6-4,3,R32,,0,9,,,,,,,,1,3,,,,,,,,70,978,106,718
2026-hamburg,Hamburg,Clay,,I,20260720,2,609972,,,Julia Stusek,,,,,499387,,,Nadia Podoroska,,,,,4-6 6-3 6-4,3,R32,,1,7,,,,,,,,2,3,,,,,,,,525,101,594,81
2026-hamburg,Hamburg,Clay,,I,20260720,3,610520,,,Anna Bondar,,,,,482165,,,Moyuka Uchijima,,,,,7-5 6-4,3,R32,,3,2,,,,,,,,0,7,,,,,,,,75,936,108,707
2026-hamburg,Hamburg,Clay,,I,20260720,4,416641,,,Panna Udvardy,,,,,164893,,,Elena Pridankina,,,,,6-4 6-2,3,R32,,4,1,,,,,,,,2,4,,,,,,,,71,967,206,355
2026-hamburg,Hamburg,Clay,,I,20260720,5,879393,,,Sinja Kraus,,,,,762933,,,Darja Semenistaja,,,,,3-6 6-3 6-2,3,R32,,1,1,,,,,,,,1,2,,,,,,,,93,808,102,755
2026-hamburg,Hamburg,Clay,,I,20260720,6,275150,,,Leyre Romero Gormaz,,,,,890144,,,Veronika Erjavec,,,,,6-2 6-2,3,R32,,3,4,,,,,,,,1,3,,,,,,,,142,535,87,841
2026-hamburg,Hamburg,Clay,,I,20260720,7,133650,,,Yulia Putintseva,,,,,531454,,,Mona Barthel,,,,,6-2 7-6,3,R32,,2,4,,,,,,,,1,12,,,,,,,,85,855,208,354
2026-hamburg,Hamburg,Clay,,I,20260720,8,302517,,,Noma Noha Akugue,,,,,480882,,,Steiner V.,,,,,6-3 2-6 6-2,3,R32,,2,3,,,,,,,,0,4,,,,,,,,152,506,540,96
2026-hamburg,Hamburg,Clay,,I,20260720,9,957435,,,Maria Lourdes Carle,,,,,534672,,,Jule Niemeier,,,,,7-5 6-2,3,R32,,0,7,,,,,,,,0,12,,,,,,,,234,320,503,109
2026-hamburg,Hamburg,Clay,,I,20260720,10,461549,,,Alina Charaeva,,,,,355591,,,Sara Sorribes Tormo,,,,,3-6 7-5 6-1,3,R32,,0,8,,,,,,,,2,3,,,,,,,,120,636,252,285
2026-hamburg,Hamburg,Clay,,I,20260720,11,293685,,,Tamara Korpatsch,,,,,199960,,,Victoria Jimenez Kasintseva,,,,,4-6 7-5 1-0,3,R32,,1,1,,,,,,,,0,9,,,,,,,,79,919,111,698
2026-hamburg,Hamburg,Clay,,I,20260720,12,272544,,,Elina Avanesyan,,,,,342785,,,Arantxa Rus,,,,,6-2 6-1,3,R32,,0,4,,,,,,,,0,2,,,,,,,,212,351,178,428
2026-hamburg,Hamburg,Clay,,I,20260720,13,571895,,,Oleksandra Oliynykova,,,,,939749,,,Nastasja Schunk,,,,,6-2 3-6 7-5,3,R32,,2,5,,,,,,,,1,6,,,,,,,,49,1114,408,150
2026-hamburg,Hamburg,Clay,,I,20260720,14,561744,,,Anhelina Kalinina,,,,,957435,,,Maria Lourdes Carle,,,,,6-1 6-3,3,R16,,0,1,,,,,,,,0,2,,,,,,,,70,978,234,320
2026-hamburg,Hamburg,Clay,,I,20260720,15,729721,,,Mayar Sherif,,,,,330724,,,Simona Waltert,,,,,5-7 6-4 7-6,3,R32,,0,0,,,,,,,,2,3,,,,,,,,110,706,88,836
2026-hamburg,Hamburg,Clay,,I,20260720,16,973113,,,Elsa Jacquemot,,,,,132386,,,Brockmann T. J.,,,,,7-5 6-1,3,R32,,2,4,,,,,,,,1,2,,,,,,,,82,897,277,259
2026-hamburg,Hamburg,Clay,,I,20260720,17,695399,,,Paula Badosa,,,,,866608,,,Katarzyna Kawa,,,,,7-5 6-4,3,R32,,3,4,,,,,,,,1,4,,,,,,,,140,546,121,635
2026-hamburg,Hamburg,Clay,,I,20260720,18,461549,,,Alina Charaeva,,,,,879393,,,Sinja Kraus,,,,,5-7 7-5 7-5,3,R16,,8,4,,,,,,,,1,0,,,,,,,,120,636,93,808
2026-hamburg,Hamburg,Clay,,I,20260720,19,293685,,,Tamara Korpatsch,,,,,609972,,,Julia Stusek,,,,,6-0 3-6 6-3,3,R16,,0,3,,,,,,,,0,2,,,,,,,,79,919,525,101
2026-hamburg,Hamburg,Clay,,I,20260720,20,610520,,,Anna Bondar,,,,,302517,,,Noma Noha Akugue,,,,,6-1 3-6 7-5,3,R16,,0,1,,,,,,,,0,1,,,,,,,,75,936,152,506
2026-hamburg,Hamburg,Clay,,I,20260720,21,729721,,,Mayar Sherif,,,,,973113,,,Elsa Jacquemot,,,,,6-2 6-3,3,R16,,0,0,,,,,,,,3,4,,,,,,,,110,706,82,897
2026-hamburg,Hamburg,Clay,,I,20260720,22,571895,,,Oleksandra Oliynykova,,,,,275150,,,Leyre Romero Gormaz,,,,,7-6 3-6 6-2,3,R16,,0,4,,,,,,,,1,4,,,,,,,,49,1114,142,535
2026-hamburg,Hamburg,Clay,,I,20260720,23,695399,,,Paula Badosa,,,,,416641,,,Panna Udvardy,,,,,6-4 6-1,3,R16,,3,6,,,,,,,,1,2,,,,,,,,140,546,71,967
2026-hamburg,Hamburg,Clay,,I,20260720,24,272544,,,Elina Avanesyan,,,,,133650,,,Yulia Putintseva,,,,,6-3 2-6 6-2,3,R16,,0,4,,,,,,,,2,3,,,,,,,,212,351,85,855
2026-hamburg,Hamburg,Clay,,I,20260720,25,610520,,,Anna Bondar,,,,,461549,,,Alina Charaeva,,,,,6-1 7-6,3,QF,,2,0,,,,,,,,0,2,,,,,,,,75,936,120,636
2026-hamburg,Hamburg,Clay,,I,20260720,26,729721,,,Mayar Sherif,,,,,695399,,,Paula Badosa,,,,,7-6 6-7 6-4,3,QF,,1,3,,,,,,,,2,12,,,,,,,,73,935,93,832
2026-hamburg,Hamburg,Clay,,I,20260720,27,272544,,,Elina Avanesyan,,,,,571895,,,Oleksandra Oliynykova,,,,,,3,QF,,,,,,,,,,,,,,,,,,,,208,360,45,1132
2026-hamburg,Hamburg,Clay,,I,20260720,28,293685,,,Tamara Korpatsch,,,,,561744,,,Anhelina Kalinina,,,,,6-3 1-6 6-1,3,QF,,2,3,,,,,,,,0,4,,,,,,,,79,919,70,978
2026-hamburg,Hamburg,Clay,,I,20260720,29,610520,,,Anna Bondar,,,,,272544,,,Elina Avanesyan,,,,,7-6 4-6 7-6,3,SF,,5,4,,,,,,,,0,2,,,,,,,,97,803,208,360
2026-hamburg,Hamburg,Clay,,I,20260720,30,293685,,,Tamara Korpatsch,,,,,729721,,,Mayar Sherif,,,,,6-1 2-0,3,SF,,0,1,,,,,,,,1,2,,,,,,,,81,899,73,935
2026-livesport-prague-open,Livesport Prague Open,Hard,,I,20260720,1,192862,,,Oceane Dodin,,,,,984443,,,Oktiabreva A.,,,,,6-3 6-3,3,R32,,2,5,,,,,,,,4,2,,,,,,,,473,122,310,219
2026-livesport-prague-open,Livesport Prague Open,Hard,,I,20260720,2,656660,,,Daria Snigur,,,,,631483,,,Ella Seidel,,,,,7-5 3-6 6-3,3,R32,,12,4,,,,,,,,6,9,,,,,,,,78,928,97,797
2026-livesport-prague-open,Livesport Prague Open,Hard,,I,20260720,3,369605,,,Marie Bouzkova,,,,,595819,,,Jessica Bouzas Maneiro,,,,,7-5 7-5,3,R32,,2,3,,,,,,,,2,9,,,,,,,,22,1849,48,1124
2026-livesport-prague-open,Livesport Prague Open,Hard,,I,20260720,4,118256,,,Carol Young Suh Lee,,,,,305997,,,Podrez V.,,,,,6-1 5-7 6-2,3,R32,,1,5,,,,,,,,2,4,,,,,,,,203,366,144,530
2026-livesport-prague-open,Livesport Prague Open,Hard,,I,20260720,5,930140,,,Lucie Havlickova,,,,,663060,,,Alycia Parks,,,,,6-2 6-4,3,R32,,3,6,,,,,,,,3,5,,,,,,,,209,354,80,905
2026-livesport-prague-open,Livesport Prague Open,Hard,,I,20260720,6,692785,,,Ayla Aksu,,,,,652440,,,Sofia Costoulas,,,,,2-6 6-3 6-4,3,R32,,3,4,,,,,,,,2,2,,,,,,,,221,335,157,489
2026-livesport-prague-open,Livesport Prague Open,Hard,,I,20260720,7,125061,,,Dominika Salkova,,,,,651454,,,Antonia Ruzic,,,,,7-6 6-4,3,R32,,3,2,,,,,,,,0,2,,,,,,,,128,597,60,1041
2026-livesport-prague-open,Livesport Prague Open,Hard,,I,20260720,8,394732,,,Maria Timofeeva,,,,,114904,,,Aliaksandra Sasnovich,,,,,6-3 6-4,3,R32,,5,2,,,,,,,,1,1,,,,,,,,92,810,124,626
2026-livesport-prague-open,Livesport Prague Open,Hard,,I,20260720,9,515592,,,Nikola Bartunkova,,,,,803486,,,Yue Yuan,,,,,3-6 6-4 6-1,3,R32,,9,1,,,,,,,,2,3,,,,,,,,46,1140,123,629
2026-livesport-prague-open,Livesport Prague Open,Hard,,I,20260720,10,252693,,,Mai Hontama,,,,,671871,,,Diane Parry,,,,,6-4 6-0,3,R32,,0,2,,,,,,,,2,3,,,,,,,,204,365,47,1128
2026-livesport-prague-open,Livesport Prague Open,Hard,,I,20260720,11,690300,,,Maya Joint,,,,,475062,,,Laura Samson,,,,,6-4 3-6 6-2,3,R32,,1,4,,,,,,,,4,9,,,,,,,,53,1096,146,521
2026-livesport-prague-open,Livesport Prague Open,Hard,,I,20260720,12,287133,,,Lilli Tagger,,,,,233286,,,Xinyu Gao,,,,,6-2 6-4,3,R32,,3,1,,,,,,,,2,0,,,,,,,,83,866,259,279
2026-livesport-prague-open,Livesport Prague Open,Hard,,I,20260720,13,922335,,,Tereza Valentova,,,,,861465,,,Priscilla Hon,,,,,6-3 6-1,3,R32,,2,2,,,,,,,,2,3,,,,,,,,61,1041,149,515
2026-livesport-prague-open,Livesport Prague Open,Hard,,I,20260720,14,780952,,,Lanlana Tararudee,,,,,331974,,,Kovackova J.,,,,,6-3 5-7 6-2,3,R32,,2,5,,,,,,,,2,5,,,,,,,,95,799,553,92
2026-livesport-prague-open,Livesport Prague Open,Hard,,I,20260720,15,429517,,,Sara Bejlek,,,,,126226,,,Anna Blinkova,,,,,7-6 3-6 6-1,3,R32,,1,0,,,,,,,,1,2,,,,,,,,45,1179,107,716
2026-livesport-prague-open,Livesport Prague Open,Hard,,I,20260720,16,358837,,,Barbora Krejcikova,,,,,334255,,,Linda Fruhvirtova,,,,,6-2 6-4,3,R32,,2,2,,,,,,,,2,2,,,,,,,,37,1373,162,464
2026-livesport-prague-open,Livesport Prague Open,Hard,,I,20260720,17,656660,,,Daria Snigur,,,,,692785,,,Ayla Aksu,,,,,6-3 6-2,3,R16,,3,1,,,,,,,,2,1,,,,,,,,78,928,221,335
2026-livesport-prague-open,Livesport Prague Open,Hard,,I,20260720,18,369605,,,Marie Bouzkova,,,,,118256,,,Carol Young Suh Lee,,,,,7-5 6-4,3,R16,,3,2,,,,,,,,1,2,,,,,,,,22,1849,203,366
2026-livesport-prague-open,Livesport Prague Open,Hard,,I,20260720,19,922335,,,Tereza Valentova,,,,,690300,,,Maya Joint,,,,,1-6 6-0 6-3,3,R16,,4,6,,,,,,,,2,3,,,,,,,,61,1041,53,1096
2026-livesport-prague-open,Livesport Prague Open,Hard,,I,20260720,20,125061,,,Dominika Salkova,,,,,192862,,,Oceane Dodin,,,,,6-1 6-1,3,R16,,6,0,,,,,,,,1,10,,,,,,,,128,597,473,122
2026-livesport-prague-open,Livesport Prague Open,Hard,,I,20260720,21,780952,,,Lanlana Tararudee,,,,,515592,,,Nikola Bartunkova,,,,,7-6 3-6 7-6,3,R16,,8,6,,,,,,,,5,6,,,,,,,,95,799,46,1140
2026-livesport-prague-open,Livesport Prague Open,Hard,,I,20260720,22,287133,,,Lilli Tagger,,,,,252693,,,Mai Hontama,,,,,6-4 6-4,3,R16,,6,1,,,,,,,,0,1,,,,,,,,83,866,204,365
2026-livesport-prague-open,Livesport Prague Open,Hard,,I,20260720,23,429517,,,Sara Bejlek,,,,,394732,,,Maria Timofeeva,,,,,6-1 6-1,3,R16,,0,0,,,,,,,,0,2,,,,,,,,45,1179,92,810
2026-livesport-prague-open,Livesport Prague Open,Hard,,I,20260720,24,358837,,,Barbora Krejcikova,,,,,930140,,,Lucie Havlickova,,,,,6-4 6-2,3,R16,,5,2,,,,,,,,2,3,,,,,,,,37,1373,209,354
2026-livesport-prague-open,Livesport Prague Open,Hard,,I,20260720,25,656660,,,Daria Snigur,,,,,780952,,,Lanlana Tararudee,,,,,6-0 6-3,3,QF,,0,2,,,,,,,,3,1,,,,,,,,78,928,95,799
2026-livesport-prague-open,Livesport Prague Open,Hard,,I,20260720,26,922335,,,Tereza Valentova,,,,,369605,,,Marie Bouzkova,,,,,2-6 6-4 7-6,3,QF,,0,3,,,,,,,,4,6,,,,,,,,61,1041,22,1849
2026-livesport-prague-open,Livesport Prague Open,Hard,,I,20260720,27,287133,,,Lilli Tagger,,,,,429517,,,Sara Bejlek,,,,,6-3 6-4,3,QF,,1,3,,,,,,,,0,1,,,,,,,,74,922,40,1269
2026-livesport-prague-open,Livesport Prague Open,Hard,,I,20260720,28,358837,,,Barbora Krejcikova,,,,,125061,,,Dominika Salkova,,,,,6-3 6-3,3,QF,,3,0,,,,,,,,1,5,,,,,,,,26,1679,127,590
2026-livesport-prague-open,Livesport Prague Open,Hard,,I,20260720,29,656660,,,Daria Snigur,,,,,922335,,,Tereza Valentova,,,,,7-6 6-3,3,SF,,0,3,,,,,,,,2,6,,,,,,,,54,1027,63,1003
2026-livesport-prague-open,Livesport Prague Open,Hard,,I,20260720,30,287133,,,Lilli Tagger,,,,,358837,,,Barbora Krejcikova,,,,,6-7 6-3 7-6,3,SF,,12,2,,,,,,,,7,9,,,,,,,,74,922,26,1679
