fetched_at_utc,category_key,category_label,rank,player_name,player_id,profile_url,image_url,rating,metric_1_name,metric_1_value,metric_2_name,metric_2_value,metric_3_name,metric_3_value,metric_4_name,metric_4_value,metric_5_name,metric_5_value,metric_6_name,metric_6_value,metrics_json
2026-07-26T05:36:16.130591Z,return,Return,1,Katarzyna Kawa,315806,https://www.wtatennis.com/players/315806/katarzyna-kawa,https://photoresources.wtatennis.com/wta/photo/2025/05/08/56022279-acd1-46a9-8e97-f99062eddf33/Kawa-Torso_315806.png,95.5,1st Return Points Won %,45.6%,2nd Return Points Won %,58.1%,Break Points Converted %,70.3%,Return Games Won %,56.5%,Return Points Won %,51.3%,,,"{""category"": ""return"", ""player_rank"": 131, ""match_count"": 5, ""formula"": ""normalized_score = Σ(metric_norm × weight)"", ""metrics"": [{""key"": ""first_return_percent"", ""name"": ""1st Return Points Won %"", ""raw"": 45.6, ""raw_display"": ""45.6%"", ""normalized"": 100.0, ""weight"": 0.22, ""weight_pct"": 22.0, ""min"": 24.1, ""max"": 45.6, ""lower_is_better"": false, ""is_percent"": true}, {""key"": ""second_return_percent"", ""name"": ""2nd Return Points Won %"", ""raw"": 58.1, ""raw_display"": ""58.1%"", ""normalized"": 79.43, ""weight"": 0.22, ""weight_pct"": 22.0, ""min"": 44.2, ""max"": 61.7, ""lower_is_better"": false, ""is_percent"": true}, {""key"": ""breakpoint_converted_percent"", ""name"": ""Break Points Converted %"", ""raw"": 70.3, ""raw_display"": ""70.3%"", ""normalized"": 100.0, ""weight"": 0.2, ""weight_pct"": 20.0, ""min"": 20.7, ""max"": 70.3, ""lower_is_better"": false, ""is_percent"": true}, {""key"": ""return_games_won_percent"", ""name"": ""Return Games Won %"", ""raw"": 56.5, ""raw_display"": ""56.5%"", ""normalized"": 100.0, ""weight"": 0.16, ""weight_pct"": 16.0, ""min"": 10.3, ""max"": 56.5, ""lower_is_better"": false, ""is_percent"": true}, {""key"": ""return_points_won_percent"", ""name"": ""Return Points Won %"", ""raw"": 51.3, ""raw_display"": ""51.3%"", ""normalized"": 100.0, ""weight"": 0.2, ""weight_pct"": 20.0, ""min"": 33.2, ""max"": 51.3, ""lower_is_better"": false, ""is_percent"": true}]}"
2026-07-26T05:36:16.130591Z,return,Return,2,Iga Swiatek,326408,https://www.wtatennis.com/players/326408/iga-swiatek,https://photoresources.wtatennis.com/wta/photo/2025/04/14/86a49ba8-7183-44c4-afd1-a3cd35a9fa4f/Swiatek-Torso_326408.png,81.1,1st Return Points Won %,40.9%,2nd Return Points Won %,61.7%,Break Points Converted %,50.5%,Return Games Won %,47.3%,Return Points Won %,48.7%,,,"{""category"": ""return"", ""player_rank"": 8, ""match_count"": 35, ""formula"": ""normalized_score = Σ(metric_norm × weight)"", ""metrics"": [{""key"": ""first_return_percent"", ""name"": ""1st Return Points Won %"", ""raw"": 40.9, ""raw_display"": ""40.9%"", ""normalized"": 78.14, ""weight"": 0.22, ""weight_pct"": 22.0, ""min"": 24.1, ""max"": 45.6, ""lower_is_better"": false, ""is_percent"": true}, {""key"": ""second_return_percent"", ""name"": ""2nd Return Points Won %"", ""raw"": 61.7, ""raw_display"": ""61.7%"", ""normalized"": 100.0, ""weight"": 0.22, ""weight_pct"": 22.0, ""min"": 44.2, ""max"": 61.7, ""lower_is_better"": false, ""is_percent"": true}, {""key"": ""breakpoint_converted_percent"", ""name"": ""Break Points Converted %"", ""raw"": 50.5, ""raw_display"": ""50.5%"", ""normalized"": 60.08, ""weight"": 0.2, ""weight_pct"": 20.0, ""min"": 20.7, ""max"": 70.3, ""lower_is_better"": false, ""is_percent"": true}, {""key"": ""return_games_won_percent"", ""name"": ""Return Games Won %"", ""raw"": 47.3, ""raw_display"": ""47.3%"", ""normalized"": 80.09, ""weight"": 0.16, ""weight_pct"": 16.0, ""min"": 10.3, ""max"": 56.5, ""lower_is_better"": false, ""is_percent"": true}, {""key"": ""return_points_won_percent"", ""name"": ""Return Points Won %"", ""raw"": 48.7, ""raw_display"": ""48.7%"", ""normalized"": 85.64, ""weight"": 0.2, ""weight_pct"": 20.0, ""min"": 33.2, ""max"": 51.3, ""lower_is_better"": false, ""is_percent"": true}]}"
2026-07-26T05:36:16.130591Z,return,Return,3,Taylah Preston,330291,https://www.wtatennis.com/players/330291/taylah-preston,https://photoresources.wtatennis.com/wta/photo/2024/04/29/ac17c43c-e77f-4e87-bf5e-6c69de31a3c1/Preston-Torso_330291-WTA-Tennis.png,77.9,1st Return Points Won %,42.2%,2nd Return Points Won %,58.1%,Break Points Converted %,51.8%,Return Games Won %,46.3%,Return Points Won %,48.5%,,,"{""category"": ""return"", ""player_rank"": 118, ""match_count"": 8, ""formula"": ""normalized_score = Σ(metric_norm × weight)"", ""metrics"": [{""key"": ""first_return_percent"", ""name"": ""1st Return Points Won %"", ""raw"": 42.2, ""raw_display"": ""42.2%"", ""normalized"": 84.19, ""weight"": 0.22, ""weight_pct"": 22.0, ""min"": 24.1, ""max"": 45.6, ""lower_is_better"": false, ""is_percent"": true}, {""key"": ""second_return_percent"", ""name"": ""2nd Return Points Won %"", ""raw"": 58.1, ""raw_display"": ""58.1%"", ""normalized"": 79.43, ""weight"": 0.22, ""weight_pct"": 22.0, ""min"": 44.2, ""max"": 61.7, ""lower_is_better"": false, ""is_percent"": true}, {""key"": ""breakpoint_converted_percent"", ""name"": ""Break Points Converted %"", ""raw"": 51.8, ""raw_display"": ""51.8%"", ""normalized"": 62.7, ""weight"": 0.2, ""weight_pct"": 20.0, ""min"": 20.7, ""max"": 70.3, ""lower_is_better"": false, ""is_percent"": true}, {""key"": ""return_games_won_percent"", ""name"": ""Return Games Won %"", ""raw"": 46.3, ""raw_display"": ""46.3%"", ""normalized"": 77.92, ""weight"": 0.16, ""weight_pct"": 16.0, ""min"": 10.3, ""max"": 56.5, ""lower_is_better"": false, ""is_percent"": true}, {""key"": ""return_points_won_percent"", ""name"": ""Return Points Won %"", ""raw"": 48.5, ""raw_display"": ""48.5%"", ""normalized"": 84.53, ""weight"": 0.2, ""weight_pct"": 20.0, ""min"": 33.2, ""max"": 51.3, ""lower_is_better"": false, ""is_percent"": true}]}"
2026-07-26T05:36:16.130591Z,return,Return,4,Marta Kostyuk,326482,https://www.wtatennis.com/players/326482/marta-kostyuk,https://photoresources.wtatennis.com/wta/photo/2025/03/10/bec7a585-227e-4d63-871b-bee318d3464d/Kostyuk-Torso_326482.png,76.9,1st Return Points Won %,40.3%,2nd Return Points Won %,61.1%,Break Points Converted %,46.8%,Return Games Won %,45.8%,Return Points Won %,47.9%,,,"{""category"": ""return"", ""player_rank"": 11, ""match_count"": 33, ""formula"": ""normalized_score = Σ(metric_norm × weight)"", ""metrics"": [{""key"": ""first_return_percent"", ""name"": ""1st Return Points Won %"", ""raw"": 40.3, ""raw_display"": ""40.3%"", ""normalized"": 75.35, ""weight"": 0.22, ""weight_pct"": 22.0, ""min"": 24.1, ""max"": 45.6, ""lower_is_better"": false, ""is_percent"": true}, {""key"": ""second_return_percent"", ""name"": ""2nd Return Points Won %"", ""raw"": 61.1, ""raw_display"": ""61.1%"", ""normalized"": 96.57, ""weight"": 0.22, ""weight_pct"": 22.0, ""min"": 44.2, ""max"": 61.7, ""lower_is_better"": false, ""is_percent"": true}, {""key"": ""breakpoint_converted_percent"", ""name"": ""Break Points Converted %"", ""raw"": 46.8, ""raw_display"": ""46.8%"", ""normalized"": 52.62, ""weight"": 0.2, ""weight_pct"": 20.0, ""min"": 20.7, ""max"": 70.3, ""lower_is_better"": false, ""is_percent"": true}, {""key"": ""return_games_won_percent"", ""name"": ""Return Games Won %"", ""raw"": 45.8, ""raw_display"": ""45.8%"", ""normalized"": 76.84, ""weight"": 0.16, ""weight_pct"": 16.0, ""min"": 10.3, ""max"": 56.5, ""lower_is_better"": false, ""is_percent"": true}, {""key"": ""return_points_won_percent"", ""name"": ""Return Points Won %"", ""raw"": 47.9, ""raw_display"": ""47.9%"", ""normalized"": 81.22, ""weight"": 0.2, ""weight_pct"": 20.0, ""min"": 33.2, ""max"": 51.3, ""lower_is_better"": false, ""is_percent"": true}]}"
2026-07-26T05:36:16.130591Z,return,Return,5,Maja Chwalinska,325639,https://www.wtatennis.com/players/325639/maja-chwalinska,https://photoresources.wtatennis.com/wta/photo/2025/05/08/38adcba7-11a0-4e63-9ead-34042a0a69aa/Chwalinska-Torso_325639.png,75.8,1st Return Points Won %,42.9%,2nd Return Points Won %,56.1%,Break Points Converted %,57.3%,Return Games Won %,43.9%,Return Points Won %,47.0%,,,"{""category"": ""return"", ""player_rank"": 22, ""match_count"": 11, ""formula"": ""normalized_score = Σ(metric_norm × weight)"", ""metrics"": [{""key"": ""first_return_percent"", ""name"": ""1st Return Points Won %"", ""raw"": 42.9, ""raw_display"": ""42.9%"", ""normalized"": 87.44, ""weight"": 0.22, ""weight_pct"": 22.0, ""min"": 24.1, ""max"": 45.6, ""lower_is_better"": false, ""is_percent"": true}, {""key"": ""second_return_percent"", ""name"": ""2nd Return Points Won %"", ""raw"": 56.1, ""raw_display"": ""56.1%"", ""normalized"": 68.0, ""weight"": 0.22, ""weight_pct"": 22.0, ""min"": 44.2, ""max"": 61.7, ""lower_is_better"": false, ""is_percent"": true}, {""key"": ""breakpoint_converted_percent"", ""name"": ""Break Points Converted %"", ""raw"": 57.3, ""raw_display"": ""57.3%"", ""normalized"": 73.79, ""weight"": 0.2, ""weight_pct"": 20.0, ""min"": 20.7, ""max"": 70.3, ""lower_is_better"": false, ""is_percent"": true}, {""key"": ""return_games_won_percent"", ""name"": ""Return Games Won %"", ""raw"": 43.9, ""raw_display"": ""43.9%"", ""normalized"": 72.73, ""weight"": 0.16, ""weight_pct"": 16.0, ""min"": 10.3, ""max"": 56.5, ""lower_is_better"": false, ""is_percent"": true}, {""key"": ""return_points_won_percent"", ""name"": ""Return Points Won %"", ""raw"": 47.0, ""raw_display"": ""47.0%"", ""normalized"": 76.24, ""weight"": 0.2, ""weight_pct"": 20.0, ""min"": 33.2, ""max"": 51.3, ""lower_is_better"": false, ""is_percent"": true}]}"
2026-07-26T05:36:16.130591Z,return,Return,6,Alina Korneeva,331330,https://www.wtatennis.com/players/331330/alina-korneeva,,74.9,1st Return Points Won %,43.6%,2nd Return Points Won %,53.4%,Break Points Converted %,56.9%,Return Games Won %,47.4%,Return Points Won %,47.6%,,,"{""category"": ""return"", ""player_rank"": 75, ""match_count"": 8, ""formula"": ""normalized_score = Σ(metric_norm × weight)"", ""metrics"": [{""key"": ""first_return_percent"", ""name"": ""1st Return Points Won %"", ""raw"": 43.6, ""raw_display"": ""43.6%"", ""normalized"": 90.7, ""weight"": 0.22, ""weight_pct"": 22.0, ""min"": 24.1, ""max"": 45.6, ""lower_is_better"": false, ""is_percent"": true}, {""key"": ""second_return_percent"", ""name"": ""2nd Return Points Won %"", ""raw"": 53.4, ""raw_display"": ""53.4%"", ""normalized"": 52.57, ""weight"": 0.22, ""weight_pct"": 22.0, ""min"": 44.2, ""max"": 61.7, ""lower_is_better"": false, ""is_percent"": true}, {""key"": ""breakpoint_converted_percent"", ""name"": ""Break Points Converted %"", ""raw"": 56.9, ""raw_display"": ""56.9%"", ""normalized"": 72.98, ""weight"": 0.2, ""weight_pct"": 20.0, ""min"": 20.7, ""max"": 70.3, ""lower_is_better"": false, ""is_percent"": true}, {""key"": ""return_games_won_percent"", ""name"": ""Return Games Won %"", ""raw"": 47.4, ""raw_display"": ""47.4%"", ""normalized"": 80.3, ""weight"": 0.16, ""weight_pct"": 16.0, ""min"": 10.3, ""max"": 56.5, ""lower_is_better"": false, ""is_percent"": true}, {""key"": ""return_points_won_percent"", ""name"": ""Return Points Won %"", ""raw"": 47.6, ""raw_display"": ""47.6%"", ""normalized"": 79.56, ""weight"": 0.2, ""weight_pct"": 20.0, ""min"": 33.2, ""max"": 51.3, ""lower_is_better"": false, ""is_percent"": true}]}"
2026-07-26T05:36:16.130591Z,return,Return,7,Daria Kasatkina,322082,https://www.wtatennis.com/players/322082/daria-kasatkina,https://photoresources.wtatennis.com/wta/photo/2025/03/10/f13278b9-1c1c-4484-9d06-5a997e4f4013/Kasatkina-Torso_322082.png,73.9,1st Return Points Won %,40.5%,2nd Return Points Won %,58.8%,Break Points Converted %,51.6%,Return Games Won %,42.4%,Return Points Won %,46.9%,,,"{""category"": ""return"", ""player_rank"": 62, ""match_count"": 23, ""formula"": ""normalized_score = Σ(metric_norm × weight)"", ""metrics"": [{""key"": ""first_return_percent"", ""name"": ""1st Return Points Won %"", ""raw"": 40.5, ""raw_display"": ""40.5%"", ""normalized"": 76.28, ""weight"": 0.22, ""weight_pct"": 22.0, ""min"": 24.1, ""max"": 45.6, ""lower_is_better"": false, ""is_percent"": true}, {""key"": ""second_return_percent"", ""name"": ""2nd Return Points Won %"", ""raw"": 58.8, ""raw_display"": ""58.8%"", ""normalized"": 83.43, ""weight"": 0.22, ""weight_pct"": 22.0, ""min"": 44.2, ""max"": 61.7, ""lower_is_better"": false, ""is_percent"": true}, {""key"": ""breakpoint_converted_percent"", ""name"": ""Break Points Converted %"", ""raw"": 51.6, ""raw_display"": ""51.6%"", ""normalized"": 62.3, ""weight"": 0.2, ""weight_pct"": 20.0, ""min"": 20.7, ""max"": 70.3, ""lower_is_better"": false, ""is_percent"": true}, {""key"": ""return_games_won_percent"", ""name"": ""Return Games Won %"", ""raw"": 42.4, ""raw_display"": ""42.4%"", ""normalized"": 69.48, ""weight"": 0.16, ""weight_pct"": 16.0, ""min"": 10.3, ""max"": 56.5, ""lower_is_better"": false, ""is_percent"": true}, {""key"": ""return_points_won_percent"", ""name"": ""Return Points Won %"", ""raw"": 46.9, ""raw_display"": ""46.9%"", ""normalized"": 75.69, ""weight"": 0.2, ""weight_pct"": 20.0, ""min"": 33.2, ""max"": 51.3, ""lower_is_better"": false, ""is_percent"": true}]}"
2026-07-26T05:36:16.130591Z,return,Return,8,Sara Sorribes Tormo,318872,https://www.wtatennis.com/players/318872,,73.7,1st Return Points Won %,43.9%,2nd Return Points Won %,54.1%,Break Points Converted %,52.7%,Return Games Won %,46.0%,Return Points Won %,47.4%,,,"{""category"": ""return"", ""player_rank"": 212, ""match_count"": 6, ""formula"": ""normalized_score = Σ(metric_norm × weight)"", ""metrics"": [{""key"": ""first_return_percent"", ""name"": ""1st Return Points Won %"", ""raw"": 43.9, ""raw_display"": ""43.9%"", ""normalized"": 92.09, ""weight"": 0.22, ""weight_pct"": 22.0, ""min"": 24.1, ""max"": 45.6, ""lower_is_better"": false, ""is_percent"": true}, {""key"": ""second_return_percent"", ""name"": ""2nd Return Points Won %"", ""raw"": 54.1, ""raw_display"": ""54.1%"", ""normalized"": 56.57, ""weight"": 0.22, ""weight_pct"": 22.0, ""min"": 44.2, ""max"": 61.7, ""lower_is_better"": false, ""is_percent"": true}, {""key"": ""breakpoint_converted_percent"", ""name"": ""Break Points Converted %"", ""raw"": 52.7, ""raw_display"": ""52.7%"", ""normalized"": 64.52, ""weight"": 0.2, ""weight_pct"": 20.0, ""min"": 20.7, ""max"": 70.3, ""lower_is_better"": false, ""is_percent"": true}, {""key"": ""return_games_won_percent"", ""name"": ""Return Games Won %"", ""raw"": 46.0, ""raw_display"": ""46.0%"", ""normalized"": 77.27, ""weight"": 0.16, ""weight_pct"": 16.0, ""min"": 10.3, ""max"": 56.5, ""lower_is_better"": false, ""is_percent"": true}, {""key"": ""return_points_won_percent"", ""name"": ""Return Points Won %"", ""raw"": 47.4, ""raw_display"": ""47.4%"", ""normalized"": 78.45, ""weight"": 0.2, ""weight_pct"": 20.0, ""min"": 33.2, ""max"": 51.3, ""lower_is_better"": false, ""is_percent"": true}]}"
2026-07-26T05:36:16.130591Z,return,Return,9,Belinda Bencic,319001,https://www.wtatennis.com/players/319001/belinda-bencic,https://photoresources.wtatennis.com/wta/photo/2025/03/10/5148518c-34b9-45d0-a2bb-47a57c41f84e/Bencic-Torso_319001.png,72.8,1st Return Points Won %,37.4%,2nd Return Points Won %,61.1%,Break Points Converted %,51.3%,Return Games Won %,41.2%,Return Points Won %,46.7%,,,"{""category"": ""return"", ""player_rank"": 14, ""match_count"": 32, ""formula"": ""normalized_score = Σ(metric_norm × weight)"", ""metrics"": [{""key"": ""first_return_percent"", ""name"": ""1st Return Points Won %"", ""raw"": 37.4, ""raw_display"": ""37.4%"", ""normalized"": 61.86, ""weight"": 0.22, ""weight_pct"": 22.0, ""min"": 24.1, ""max"": 45.6, ""lower_is_better"": false, ""is_percent"": true}, {""key"": ""second_return_percent"", ""name"": ""2nd Return Points Won %"", ""raw"": 61.1, ""raw_display"": ""61.1%"", ""normalized"": 96.57, ""weight"": 0.22, ""weight_pct"": 22.0, ""min"": 44.2, ""max"": 61.7, ""lower_is_better"": false, ""is_percent"": true}, {""key"": ""breakpoint_converted_percent"", ""name"": ""Break Points Converted %"", ""raw"": 51.3, ""raw_display"": ""51.3%"", ""normalized"": 61.69, ""weight"": 0.2, ""weight_pct"": 20.0, ""min"": 20.7, ""max"": 70.3, ""lower_is_better"": false, ""is_percent"": true}, {""key"": ""return_games_won_percent"", ""name"": ""Return Games Won %"", ""raw"": 41.2, ""raw_display"": ""41.2%"", ""normalized"": 66.88, ""weight"": 0.16, ""weight_pct"": 16.0, ""min"": 10.3, ""max"": 56.5, ""lower_is_better"": false, ""is_percent"": true}, {""key"": ""return_points_won_percent"", ""name"": ""Return Points Won %"", ""raw"": 46.7, ""raw_display"": ""46.7%"", ""normalized"": 74.59, ""weight"": 0.2, ""weight_pct"": 20.0, ""min"": 33.2, ""max"": 51.3, ""lower_is_better"": false, ""is_percent"": true}]}"
2026-07-26T05:36:16.130591Z,return,Return,10,Mirra Andreeva,331809,https://www.wtatennis.com/players/331809/mirra-andreeva,https://photoresources.wtatennis.com/wta/photo/2025/03/10/dcaa6b5a-844c-4994-9e38-980977898290/Andreeva-Torso_331809.png,72.6,1st Return Points Won %,41.4%,2nd Return Points Won %,57.4%,Break Points Converted %,48.9%,Return Games Won %,43.5%,Return Points Won %,47.2%,,,"{""category"": ""return"", ""player_rank"": 5, ""match_count"": 48, ""formula"": ""normalized_score = Σ(metric_norm × weight)"", ""metrics"": [{""key"": ""first_return_percent"", ""name"": ""1st Return Points Won %"", ""raw"": 41.4, ""raw_display"": ""41.4%"", ""normalized"": 80.47, ""weight"": 0.22, ""weight_pct"": 22.0, ""min"": 24.1, ""max"": 45.6, ""lower_is_better"": false, ""is_percent"": true}, {""key"": ""second_return_percent"", ""name"": ""2nd Return Points Won %"", ""raw"": 57.4, ""raw_display"": ""57.4%"", ""normalized"": 75.43, ""weight"": 0.22, ""weight_pct"": 22.0, ""min"": 44.2, ""max"": 61.7, ""lower_is_better"": false, ""is_percent"": true}, {""key"": ""breakpoint_converted_percent"", ""name"": ""Break Points Converted %"", ""raw"": 48.9, ""raw_display"": ""48.9%"", ""normalized"": 56.85, ""weight"": 0.2, ""weight_pct"": 20.0, ""min"": 20.7, ""max"": 70.3, ""lower_is_better"": false, ""is_percent"": true}, {""key"": ""return_games_won_percent"", ""name"": ""Return Games Won %"", ""raw"": 43.5, ""raw_display"": ""43.5%"", ""normalized"": 71.86, ""weight"": 0.16, ""weight_pct"": 16.0, ""min"": 10.3, ""max"": 56.5, ""lower_is_better"": false, ""is_percent"": true}, {""key"": ""return_points_won_percent"", ""name"": ""Return Points Won %"", ""raw"": 47.2, ""raw_display"": ""47.2%"", ""normalized"": 77.35, ""weight"": 0.2, ""weight_pct"": 20.0, ""min"": 33.2, ""max"": 51.3, ""lower_is_better"": false, ""is_percent"": true}]}"
2026-07-26T05:36:16.130591Z,return,Return,11,Tamara Zidansek,323079,https://www.wtatennis.com/players/323079/tamara-zidansek,https://photoresources.wtatennis.com/wta/photo/2023/02/09/e2863c5d-c2ab-496e-969b-38fbdd18e693/323079.jpg,71.5,1st Return Points Won %,40.2%,2nd Return Points Won %,56.5%,Break Points Converted %,56.1%,Return Games Won %,43.2%,Return Points Won %,45.8%,,,"{""category"": ""return"", ""player_rank"": 134, ""match_count"": 6, ""formula"": ""normalized_score = Σ(metric_norm × weight)"", ""metrics"": [{""key"": ""first_return_percent"", ""name"": ""1st Return Points Won %"", ""raw"": 40.2, ""raw_display"": ""40.2%"", ""normalized"": 74.88, ""weight"": 0.22, ""weight_pct"": 22.0, ""min"": 24.1, ""max"": 45.6, ""lower_is_better"": false, ""is_percent"": true}, {""key"": ""second_return_percent"", ""name"": ""2nd Return Points Won %"", ""raw"": 56.5, ""raw_display"": ""56.5%"", ""normalized"": 70.29, ""weight"": 0.22, ""weight_pct"": 22.0, ""min"": 44.2, ""max"": 61.7, ""lower_is_better"": false, ""is_percent"": true}, {""key"": ""breakpoint_converted_percent"", ""name"": ""Break Points Converted %"", ""raw"": 56.1, ""raw_display"": ""56.1%"", ""normalized"": 71.37, ""weight"": 0.2, ""weight_pct"": 20.0, ""min"": 20.7, ""max"": 70.3, ""lower_is_better"": false, ""is_percent"": true}, {""key"": ""return_games_won_percent"", ""name"": ""Return Games Won %"", ""raw"": 43.2, ""raw_display"": ""43.2%"", ""normalized"": 71.21, ""weight"": 0.16, ""weight_pct"": 16.0, ""min"": 10.3, ""max"": 56.5, ""lower_is_better"": false, ""is_percent"": true}, {""key"": ""return_points_won_percent"", ""name"": ""Return Points Won %"", ""raw"": 45.8, ""raw_display"": ""45.8%"", ""normalized"": 69.61, ""weight"": 0.2, ""weight_pct"": 20.0, ""min"": 33.2, ""max"": 51.3, ""lower_is_better"": false, ""is_percent"": true}]}"
2026-07-26T05:36:16.130591Z,return,Return,12,Emma Raducanu,328366,https://www.wtatennis.com/players/328366/emma-raducanu,https://photoresources.wtatennis.com/wta/photo/2024/05/01/e55c6095-bd04-4904-98be-a7911f3bc918/Raducanu-Torso_328366-WTA-Tennis.png,71.1,1st Return Points Won %,39.6%,2nd Return Points Won %,58.1%,Break Points Converted %,52.5%,Return Games Won %,41.5%,Return Points Won %,46.0%,,,"{""category"": ""return"", ""player_rank"": 37, ""match_count"": 22, ""formula"": ""normalized_score = Σ(metric_norm × weight)"", ""metrics"": [{""key"": ""first_return_percent"", ""name"": ""1st Return Points Won %"", ""raw"": 39.6, ""raw_display"": ""39.6%"", ""normalized"": 72.09, ""weight"": 0.22, ""weight_pct"": 22.0, ""min"": 24.1, ""max"": 45.6, ""lower_is_better"": false, ""is_percent"": true}, {""key"": ""second_return_percent"", ""name"": ""2nd Return Points Won %"", ""raw"": 58.1, ""raw_display"": ""58.1%"", ""normalized"": 79.43, ""weight"": 0.22, ""weight_pct"": 22.0, ""min"": 44.2, ""max"": 61.7, ""lower_is_better"": false, ""is_percent"": true}, {""key"": ""breakpoint_converted_percent"", ""name"": ""Break Points Converted %"", ""raw"": 52.5, ""raw_display"": ""52.5%"", ""normalized"": 64.11, ""weight"": 0.2, ""weight_pct"": 20.0, ""min"": 20.7, ""max"": 70.3, ""lower_is_better"": false, ""is_percent"": true}, {""key"": ""return_games_won_percent"", ""name"": ""Return Games Won %"", ""raw"": 41.5, ""raw_display"": ""41.5%"", ""normalized"": 67.53, ""weight"": 0.16, ""weight_pct"": 16.0, ""min"": 10.3, ""max"": 56.5, ""lower_is_better"": false, ""is_percent"": true}, {""key"": ""return_points_won_percent"", ""name"": ""Return Points Won %"", ""raw"": 46.0, ""raw_display"": ""46.0%"", ""normalized"": 70.72, ""weight"": 0.2, ""weight_pct"": 20.0, ""min"": 33.2, ""max"": 51.3, ""lower_is_better"": false, ""is_percent"": true}]}"
2026-07-26T05:36:16.130591Z,return,Return,13,Amanda Anisimova,326384,https://www.wtatennis.com/players/326384/amanda-anisimova,https://photoresources.wtatennis.com/wta/photo/2025/10/02/3992d32f-a1f8-465d-a1f5-e3620d72d00e/Anisimova-Torso_326384.png,70.6,1st Return Points Won %,37.1%,2nd Return Points Won %,60.7%,Break Points Converted %,51.8%,Return Games Won %,40.1%,Return Points Won %,45.6%,,,"{""category"": ""return"", ""player_rank"": 9, ""match_count"": 25, ""formula"": ""normalized_score = Σ(metric_norm × weight)"", ""metrics"": [{""key"": ""first_return_percent"", ""name"": ""1st Return Points Won %"", ""raw"": 37.1, ""raw_display"": ""37.1%"", ""normalized"": 60.47, ""weight"": 0.22, ""weight_pct"": 22.0, ""min"": 24.1, ""max"": 45.6, ""lower_is_better"": false, ""is_percent"": true}, {""key"": ""second_return_percent"", ""name"": ""2nd Return Points Won %"", ""raw"": 60.7, ""raw_display"": ""60.7%"", ""normalized"": 94.29, ""weight"": 0.22, ""weight_pct"": 22.0, ""min"": 44.2, ""max"": 61.7, ""lower_is_better"": false, ""is_percent"": true}, {""key"": ""breakpoint_converted_percent"", ""name"": ""Break Points Converted %"", ""raw"": 51.8, ""raw_display"": ""51.8%"", ""normalized"": 62.7, ""weight"": 0.2, ""weight_pct"": 20.0, ""min"": 20.7, ""max"": 70.3, ""lower_is_better"": false, ""is_percent"": true}, {""key"": ""return_games_won_percent"", ""name"": ""Return Games Won %"", ""raw"": 40.1, ""raw_display"": ""40.1%"", ""normalized"": 64.5, ""weight"": 0.16, ""weight_pct"": 16.0, ""min"": 10.3, ""max"": 56.5, ""lower_is_better"": false, ""is_percent"": true}, {""key"": ""return_points_won_percent"", ""name"": ""Return Points Won %"", ""raw"": 45.6, ""raw_display"": ""45.6%"", ""normalized"": 68.51, ""weight"": 0.2, ""weight_pct"": 20.0, ""min"": 33.2, ""max"": 51.3, ""lower_is_better"": false, ""is_percent"": true}]}"
2026-07-26T05:36:16.130591Z,return,Return,14,Coco Gauff,328560,https://www.wtatennis.com/players/328560/coco-gauff,https://photoresources.wtatennis.com/wta/photo/2025/03/10/58f4a6e9-de5a-491c-895a-439921f56534/Gauff-Torso_328560.png,70.4,1st Return Points Won %,42.2%,2nd Return Points Won %,55.8%,Break Points Converted %,45.2%,Return Games Won %,44.1%,Return Points Won %,47.4%,,,"{""category"": ""return"", ""player_rank"": 4, ""match_count"": 43, ""formula"": ""normalized_score = Σ(metric_norm × weight)"", ""metrics"": [{""key"": ""first_return_percent"", ""name"": ""1st Return Points Won %"", ""raw"": 42.2, ""raw_display"": ""42.2%"", ""normalized"": 84.19, ""weight"": 0.22, ""weight_pct"": 22.0, ""min"": 24.1, ""max"": 45.6, ""lower_is_better"": false, ""is_percent"": true}, {""key"": ""second_return_percent"", ""name"": ""2nd Return Points Won %"", ""raw"": 55.8, ""raw_display"": ""55.8%"", ""normalized"": 66.29, ""weight"": 0.22, ""weight_pct"": 22.0, ""min"": 44.2, ""max"": 61.7, ""lower_is_better"": false, ""is_percent"": true}, {""key"": ""breakpoint_converted_percent"", ""name"": ""Break Points Converted %"", ""raw"": 45.2, ""raw_display"": ""45.2%"", ""normalized"": 49.4, ""weight"": 0.2, ""weight_pct"": 20.0, ""min"": 20.7, ""max"": 70.3, ""lower_is_better"": false, ""is_percent"": true}, {""key"": ""return_games_won_percent"", ""name"": ""Return Games Won %"", ""raw"": 44.1, ""raw_display"": ""44.1%"", ""normalized"": 73.16, ""weight"": 0.16, ""weight_pct"": 16.0, ""min"": 10.3, ""max"": 56.5, ""lower_is_better"": false, ""is_percent"": true}, {""key"": ""return_points_won_percent"", ""name"": ""Return Points Won %"", ""raw"": 47.4, ""raw_display"": ""47.4%"", ""normalized"": 78.45, ""weight"": 0.2, ""weight_pct"": 20.0, ""min"": 33.2, ""max"": 51.3, ""lower_is_better"": false, ""is_percent"": true}]}"
2026-07-26T05:36:16.130591Z,return,Return,15,Fiona Ferro,319969,https://www.wtatennis.com/players/319969,,70.4,1st Return Points Won %,37.2%,2nd Return Points Won %,60.2%,Break Points Converted %,49.2%,Return Games Won %,44.3%,Return Points Won %,45.5%,,,"{""category"": ""return"", ""player_rank"": 191, ""match_count"": 6, ""formula"": ""normalized_score = Σ(metric_norm × weight)"", ""metrics"": [{""key"": ""first_return_percent"", ""name"": ""1st Return Points Won %"", ""raw"": 37.2, ""raw_display"": ""37.2%"", ""normalized"": 60.93, ""weight"": 0.22, ""weight_pct"": 22.0, ""min"": 24.1, ""max"": 45.6, ""lower_is_better"": false, ""is_percent"": true}, {""key"": ""second_return_percent"", ""name"": ""2nd Return Points Won %"", ""raw"": 60.2, ""raw_display"": ""60.2%"", ""normalized"": 91.43, ""weight"": 0.22, ""weight_pct"": 22.0, ""min"": 44.2, ""max"": 61.7, ""lower_is_better"": false, ""is_percent"": true}, {""key"": ""breakpoint_converted_percent"", ""name"": ""Break Points Converted %"", ""raw"": 49.2, ""raw_display"": ""49.2%"", ""normalized"": 57.46, ""weight"": 0.2, ""weight_pct"": 20.0, ""min"": 20.7, ""max"": 70.3, ""lower_is_better"": false, ""is_percent"": true}, {""key"": ""return_games_won_percent"", ""name"": ""Return Games Won %"", ""raw"": 44.3, ""raw_display"": ""44.3%"", ""normalized"": 73.59, ""weight"": 0.16, ""weight_pct"": 16.0, ""min"": 10.3, ""max"": 56.5, ""lower_is_better"": false, ""is_percent"": true}, {""key"": ""return_points_won_percent"", ""name"": ""Return Points Won %"", ""raw"": 45.5, ""raw_display"": ""45.5%"", ""normalized"": 67.96, ""weight"": 0.2, ""weight_pct"": 20.0, ""min"": 33.2, ""max"": 51.3, ""lower_is_better"": false, ""is_percent"": true}]}"
2026-07-26T05:36:16.130591Z,return,Return,16,Elina Svitolina,316738,https://www.wtatennis.com/players/316738/elina-svitolina,https://photoresources.wtatennis.com/wta/photo/2025/03/10/b58d38b6-ab58-4061-b189-19cbcdd4e53e/Svitolina-Torso_316738.png,69.8,1st Return Points Won %,38.3%,2nd Return Points Won %,58.5%,Break Points Converted %,51.5%,Return Games Won %,41.3%,Return Points Won %,46.0%,,,"{""category"": ""return"", ""player_rank"": 10, ""match_count"": 45, ""formula"": ""normalized_score = Σ(metric_norm × weight)"", ""metrics"": [{""key"": ""first_return_percent"", ""name"": ""1st Return Points Won %"", ""raw"": 38.3, ""raw_display"": ""38.3%"", ""normalized"": 66.05, ""weight"": 0.22, ""weight_pct"": 22.0, ""min"": 24.1, ""max"": 45.6, ""lower_is_better"": false, ""is_percent"": true}, {""key"": ""second_return_percent"", ""name"": ""2nd Return Points Won %"", ""raw"": 58.5, ""raw_display"": ""58.5%"", ""normalized"": 81.71, ""weight"": 0.22, ""weight_pct"": 22.0, ""min"": 44.2, ""max"": 61.7, ""lower_is_better"": false, ""is_percent"": true}, {""key"": ""breakpoint_converted_percent"", ""name"": ""Break Points Converted %"", ""raw"": 51.5, ""raw_display"": ""51.5%"", ""normalized"": 62.1, ""weight"": 0.2, ""weight_pct"": 20.0, ""min"": 20.7, ""max"": 70.3, ""lower_is_better"": false, ""is_percent"": true}, {""key"": ""return_games_won_percent"", ""name"": ""Return Games Won %"", ""raw"": 41.3, ""raw_display"": ""41.3%"", ""normalized"": 67.1, ""weight"": 0.16, ""weight_pct"": 16.0, ""min"": 10.3, ""max"": 56.5, ""lower_is_better"": false, ""is_percent"": true}, {""key"": ""return_points_won_percent"", ""name"": ""Return Points Won %"", ""raw"": 46.0, ""raw_display"": ""46.0%"", ""normalized"": 70.72, ""weight"": 0.2, ""weight_pct"": 20.0, ""min"": 33.2, ""max"": 51.3, ""lower_is_better"": false, ""is_percent"": true}]}"
2026-07-26T05:36:16.130591Z,return,Return,17,Camila Osorio,325898,https://www.wtatennis.com/players/325898/camila-osorio,https://photoresources.wtatennis.com/wta/photo/2024/05/01/382e5e4e-0095-458c-bd81-3d103caa1c5f/Osorio-Torso_325898-WTA-Tennis.png,69.2,1st Return Points Won %,37.9%,2nd Return Points Won %,58.6%,Break Points Converted %,53.4%,Return Games Won %,39.7%,Return Points Won %,45.5%,,,"{""category"": ""return"", ""player_rank"": 52, ""match_count"": 25, ""formula"": ""normalized_score = Σ(metric_norm × weight)"", ""metrics"": [{""key"": ""first_return_percent"", ""name"": ""1st Return Points Won %"", ""raw"": 37.9, ""raw_display"": ""37.9%"", ""normalized"": 64.19, ""weight"": 0.22, ""weight_pct"": 22.0, ""min"": 24.1, ""max"": 45.6, ""lower_is_better"": false, ""is_percent"": true}, {""key"": ""second_return_percent"", ""name"": ""2nd Return Points Won %"", ""raw"": 58.6, ""raw_display"": ""58.6%"", ""normalized"": 82.29, ""weight"": 0.22, ""weight_pct"": 22.0, ""min"": 44.2, ""max"": 61.7, ""lower_is_better"": false, ""is_percent"": true}, {""key"": ""breakpoint_converted_percent"", ""name"": ""Break Points Converted %"", ""raw"": 53.4, ""raw_display"": ""53.4%"", ""normalized"": 65.93, ""weight"": 0.2, ""weight_pct"": 20.0, ""min"": 20.7, ""max"": 70.3, ""lower_is_better"": false, ""is_percent"": true}, {""key"": ""return_games_won_percent"", ""name"": ""Return Games Won %"", ""raw"": 39.7, ""raw_display"": ""39.7%"", ""normalized"": 63.64, ""weight"": 0.16, ""weight_pct"": 16.0, ""min"": 10.3, ""max"": 56.5, ""lower_is_better"": false, ""is_percent"": true}, {""key"": ""return_points_won_percent"", ""name"": ""Return Points Won %"", ""raw"": 45.5, ""raw_display"": ""45.5%"", ""normalized"": 67.96, ""weight"": 0.2, ""weight_pct"": 20.0, ""min"": 33.2, ""max"": 51.3, ""lower_is_better"": false, ""is_percent"": true}]}"
2026-07-26T05:36:16.130591Z,return,Return,18,Iva Jovic,332285,https://www.wtatennis.com/players/332285/iva-jovic,https://photoresources.wtatennis.com/wta/photo/2025/03/10/c5a7395c-c1eb-4a45-80fe-5539aa27c10e/Jovic-Torso_332285.png,69.1,1st Return Points Won %,39.0%,2nd Return Points Won %,57.8%,Break Points Converted %,50.6%,Return Games Won %,40.5%,Return Points Won %,46.1%,,,"{""category"": ""return"", ""player_rank"": 16, ""match_count"": 43, ""formula"": ""normalized_score = Σ(metric_norm × weight)"", ""metrics"": [{""key"": ""first_return_percent"", ""name"": ""1st Return Points Won %"", ""raw"": 39.0, ""raw_display"": ""39.0%"", ""normalized"": 69.3, ""weight"": 0.22, ""weight_pct"": 22.0, ""min"": 24.1, ""max"": 45.6, ""lower_is_better"": false, ""is_percent"": true}, {""key"": ""second_return_percent"", ""name"": ""2nd Return Points Won %"", ""raw"": 57.8, ""raw_display"": ""57.8%"", ""normalized"": 77.71, ""weight"": 0.22, ""weight_pct"": 22.0, ""min"": 44.2, ""max"": 61.7, ""lower_is_better"": false, ""is_percent"": true}, {""key"": ""breakpoint_converted_percent"", ""name"": ""Break Points Converted %"", ""raw"": 50.6, ""raw_display"": ""50.6%"", ""normalized"": 60.28, ""weight"": 0.2, ""weight_pct"": 20.0, ""min"": 20.7, ""max"": 70.3, ""lower_is_better"": false, ""is_percent"": true}, {""key"": ""return_games_won_percent"", ""name"": ""Return Games Won %"", ""raw"": 40.5, ""raw_display"": ""40.5%"", ""normalized"": 65.37, ""weight"": 0.16, ""weight_pct"": 16.0, ""min"": 10.3, ""max"": 56.5, ""lower_is_better"": false, ""is_percent"": true}, {""key"": ""return_points_won_percent"", ""name"": ""Return Points Won %"", ""raw"": 46.1, ""raw_display"": ""46.1%"", ""normalized"": 71.27, ""weight"": 0.2, ""weight_pct"": 20.0, ""min"": 33.2, ""max"": 51.3, ""lower_is_better"": false, ""is_percent"": true}]}"
2026-07-26T05:36:16.130591Z,return,Return,19,Sara Bejlek,330375,https://www.wtatennis.com/players/330375/sara-bejlek,https://photoresources.wtatennis.com/wta/photo/2022/10/11/db08cf6d-e28a-497d-a601-1d6abb8245ff/Bejlek_Crop.jpg,69.0,1st Return Points Won %,41.4%,2nd Return Points Won %,55.9%,Break Points Converted %,47.9%,Return Games Won %,41.6%,Return Points Won %,46.6%,,,"{""category"": ""return"", ""player_rank"": 40, ""match_count"": 23, ""formula"": ""normalized_score = Σ(metric_norm × weight)"", ""metrics"": [{""key"": ""first_return_percent"", ""name"": ""1st Return Points Won %"", ""raw"": 41.4, ""raw_display"": ""41.4%"", ""normalized"": 80.47, ""weight"": 0.22, ""weight_pct"": 22.0, ""min"": 24.1, ""max"": 45.6, ""lower_is_better"": false, ""is_percent"": true}, {""key"": ""second_return_percent"", ""name"": ""2nd Return Points Won %"", ""raw"": 55.9, ""raw_display"": ""55.9%"", ""normalized"": 66.86, ""weight"": 0.22, ""weight_pct"": 22.0, ""min"": 44.2, ""max"": 61.7, ""lower_is_better"": false, ""is_percent"": true}, {""key"": ""breakpoint_converted_percent"", ""name"": ""Break Points Converted %"", ""raw"": 47.9, ""raw_display"": ""47.9%"", ""normalized"": 54.84, ""weight"": 0.2, ""weight_pct"": 20.0, ""min"": 20.7, ""max"": 70.3, ""lower_is_better"": false, ""is_percent"": true}, {""key"": ""return_games_won_percent"", ""name"": ""Return Games Won %"", ""raw"": 41.6, ""raw_display"": ""41.6%"", ""normalized"": 67.75, ""weight"": 0.16, ""weight_pct"": 16.0, ""min"": 10.3, ""max"": 56.5, ""lower_is_better"": false, ""is_percent"": true}, {""key"": ""return_points_won_percent"", ""name"": ""Return Points Won %"", ""raw"": 46.6, ""raw_display"": ""46.6%"", ""normalized"": 74.03, ""weight"": 0.2, ""weight_pct"": 20.0, ""min"": 33.2, ""max"": 51.3, ""lower_is_better"": false, ""is_percent"": true}]}"
2026-07-26T05:36:16.130591Z,return,Return,20,Jil Teichmann,320926,https://www.wtatennis.com/players/320926/jil-teichmann,https://photoresources.wtatennis.com/wta/photo/2023/06/05/15d87228-0729-4b2c-a0c9-f530c5daf836/Teichmann-Torso_320926.png,68.8,1st Return Points Won %,43.3%,2nd Return Points Won %,53.7%,Break Points Converted %,45.7%,Return Games Won %,44.0%,Return Points Won %,47.2%,,,"{""category"": ""return"", ""player_rank"": 159, ""match_count"": 8, ""formula"": ""normalized_score = Σ(metric_norm × weight)"", ""metrics"": [{""key"": ""first_return_percent"", ""name"": ""1st Return Points Won %"", ""raw"": 43.3, ""raw_display"": ""43.3%"", ""normalized"": 89.3, ""weight"": 0.22, ""weight_pct"": 22.0, ""min"": 24.1, ""max"": 45.6, ""lower_is_better"": false, ""is_percent"": true}, {""key"": ""second_return_percent"", ""name"": ""2nd Return Points Won %"", ""raw"": 53.7, ""raw_display"": ""53.7%"", ""normalized"": 54.29, ""weight"": 0.22, ""weight_pct"": 22.0, ""min"": 44.2, ""max"": 61.7, ""lower_is_better"": false, ""is_percent"": true}, {""key"": ""breakpoint_converted_percent"", ""name"": ""Break Points Converted %"", ""raw"": 45.7, ""raw_display"": ""45.7%"", ""normalized"": 50.4, ""weight"": 0.2, ""weight_pct"": 20.0, ""min"": 20.7, ""max"": 70.3, ""lower_is_better"": false, ""is_percent"": true}, {""key"": ""return_games_won_percent"", ""name"": ""Return Games Won %"", ""raw"": 44.0, ""raw_display"": ""44.0%"", ""normalized"": 72.94, ""weight"": 0.16, ""weight_pct"": 16.0, ""min"": 10.3, ""max"": 56.5, ""lower_is_better"": false, ""is_percent"": true}, {""key"": ""return_points_won_percent"", ""name"": ""Return Points Won %"", ""raw"": 47.2, ""raw_display"": ""47.2%"", ""normalized"": 77.35, ""weight"": 0.2, ""weight_pct"": 20.0, ""min"": 33.2, ""max"": 51.3, ""lower_is_better"": false, ""is_percent"": true}]}"
2026-07-26T05:36:16.130591Z,return,Return,21,Yuliia Starodubtseva,325338,https://www.wtatennis.com/players/325338/yuliia-starodubtseva,https://photoresources.wtatennis.com/wta/photo/2025/03/10/a2ca507a-90cb-4248-ad05-9d83e16ac3aa/Starodubtseva-Torso_325338.png,67.6,1st Return Points Won %,39.8%,2nd Return Points Won %,57.1%,Break Points Converted %,48.1%,Return Games Won %,39.8%,Return Points Won %,45.9%,,,"{""category"": ""return"", ""player_rank"": 59, ""match_count"": 23, ""formula"": ""normalized_score = Σ(metric_norm × weight)"", ""metrics"": [{""key"": ""first_return_percent"", ""name"": ""1st Return Points Won %"", ""raw"": 39.8, ""raw_display"": ""39.8%"", ""normalized"": 73.02, ""weight"": 0.22, ""weight_pct"": 22.0, ""min"": 24.1, ""max"": 45.6, ""lower_is_better"": false, ""is_percent"": true}, {""key"": ""second_return_percent"", ""name"": ""2nd Return Points Won %"", ""raw"": 57.1, ""raw_display"": ""57.1%"", ""normalized"": 73.71, ""weight"": 0.22, ""weight_pct"": 22.0, ""min"": 44.2, ""max"": 61.7, ""lower_is_better"": false, ""is_percent"": true}, {""key"": ""breakpoint_converted_percent"", ""name"": ""Break Points Converted %"", ""raw"": 48.1, ""raw_display"": ""48.1%"", ""normalized"": 55.24, ""weight"": 0.2, ""weight_pct"": 20.0, ""min"": 20.7, ""max"": 70.3, ""lower_is_better"": false, ""is_percent"": true}, {""key"": ""return_games_won_percent"", ""name"": ""Return Games Won %"", ""raw"": 39.8, ""raw_display"": ""39.8%"", ""normalized"": 63.85, ""weight"": 0.16, ""weight_pct"": 16.0, ""min"": 10.3, ""max"": 56.5, ""lower_is_better"": false, ""is_percent"": true}, {""key"": ""return_points_won_percent"", ""name"": ""Return Points Won %"", ""raw"": 45.9, ""raw_display"": ""45.9%"", ""normalized"": 70.17, ""weight"": 0.2, ""weight_pct"": 20.0, ""min"": 33.2, ""max"": 51.3, ""lower_is_better"": false, ""is_percent"": true}]}"
2026-07-26T05:36:16.130591Z,return,Return,22,Anastasia Potapova,325601,https://www.wtatennis.com/players/325601/anastasia-potapova,https://photoresources.wtatennis.com/wta/photo/2025/03/10/cc3f5e00-ec55-4a07-9bbc-2a8b379a2436/Potapova-Torso_325601.png,67.5,1st Return Points Won %,40.7%,2nd Return Points Won %,55.2%,Break Points Converted %,49.4%,Return Games Won %,41.7%,Return Points Won %,46.1%,,,"{""category"": ""return"", ""player_rank"": 28, ""match_count"": 34, ""formula"": ""normalized_score = Σ(metric_norm × weight)"", ""metrics"": [{""key"": ""first_return_percent"", ""name"": ""1st Return Points Won %"", ""raw"": 40.7, ""raw_display"": ""40.7%"", ""normalized"": 77.21, ""weight"": 0.22, ""weight_pct"": 22.0, ""min"": 24.1, ""max"": 45.6, ""lower_is_better"": false, ""is_percent"": true}, {""key"": ""second_return_percent"", ""name"": ""2nd Return Points Won %"", ""raw"": 55.2, ""raw_display"": ""55.2%"", ""normalized"": 62.86, ""weight"": 0.22, ""weight_pct"": 22.0, ""min"": 44.2, ""max"": 61.7, ""lower_is_better"": false, ""is_percent"": true}, {""key"": ""breakpoint_converted_percent"", ""name"": ""Break Points Converted %"", ""raw"": 49.4, ""raw_display"": ""49.4%"", ""normalized"": 57.86, ""weight"": 0.2, ""weight_pct"": 20.0, ""min"": 20.7, ""max"": 70.3, ""lower_is_better"": false, ""is_percent"": true}, {""key"": ""return_games_won_percent"", ""name"": ""Return Games Won %"", ""raw"": 41.7, ""raw_display"": ""41.7%"", ""normalized"": 67.97, ""weight"": 0.16, ""weight_pct"": 16.0, ""min"": 10.3, ""max"": 56.5, ""lower_is_better"": false, ""is_percent"": true}, {""key"": ""return_points_won_percent"", ""name"": ""Return Points Won %"", ""raw"": 46.1, ""raw_display"": ""46.1%"", ""normalized"": 71.27, ""weight"": 0.2, ""weight_pct"": 20.0, ""min"": 33.2, ""max"": 51.3, ""lower_is_better"": false, ""is_percent"": true}]}"
2026-07-26T05:36:16.130591Z,return,Return,23,Mayar Sherif,318711,https://www.wtatennis.com/players/318711/mayar-sherif,https://photoresources.wtatennis.com/wta/photo/2024/04/29/dd992aa4-5ad3-4e4f-b21f-0b511cdd1b5c/Sherif-Torso_318711-WTA-Tennis.png,67.2,1st Return Points Won %,41.3%,2nd Return Points Won %,55.3%,Break Points Converted %,48.8%,Return Games Won %,41.4%,Return Points Won %,45.5%,,,"{""category"": ""return"", ""player_rank"": 55, ""match_count"": 9, ""formula"": ""normalized_score = Σ(metric_norm × weight)"", ""metrics"": [{""key"": ""first_return_percent"", ""name"": ""1st Return Points Won %"", ""raw"": 41.3, ""raw_display"": ""41.3%"", ""normalized"": 80.0, ""weight"": 0.22, ""weight_pct"": 22.0, ""min"": 24.1, ""max"": 45.6, ""lower_is_better"": false, ""is_percent"": true}, {""key"": ""second_return_percent"", ""name"": ""2nd Return Points Won %"", ""raw"": 55.3, ""raw_display"": ""55.3%"", ""normalized"": 63.43, ""weight"": 0.22, ""weight_pct"": 22.0, ""min"": 44.2, ""max"": 61.7, ""lower_is_better"": false, ""is_percent"": true}, {""key"": ""breakpoint_converted_percent"", ""name"": ""Break Points Converted %"", ""raw"": 48.8, ""raw_display"": ""48.8%"", ""normalized"": 56.65, ""weight"": 0.2, ""weight_pct"": 20.0, ""min"": 20.7, ""max"": 70.3, ""lower_is_better"": false, ""is_percent"": true}, {""key"": ""return_games_won_percent"", ""name"": ""Return Games Won %"", ""raw"": 41.4, ""raw_display"": ""41.4%"", ""normalized"": 67.32, ""weight"": 0.16, ""weight_pct"": 16.0, ""min"": 10.3, ""max"": 56.5, ""lower_is_better"": false, ""is_percent"": true}, {""key"": ""return_points_won_percent"", ""name"": ""Return Points Won %"", ""raw"": 45.5, ""raw_display"": ""45.5%"", ""normalized"": 67.96, ""weight"": 0.2, ""weight_pct"": 20.0, ""min"": 33.2, ""max"": 51.3, ""lower_is_better"": false, ""is_percent"": true}]}"
2026-07-26T05:36:16.130591Z,return,Return,24,Ajla Tomljanovic,315232,https://www.wtatennis.com/players/315232/ajla-tomljanovic,https://photoresources.wtatennis.com/wta/photo/2025/03/10/8b2b0ba9-8572-4e87-bf34-723e7de9d134/Tomljanovic-Torso_315232.png,66.8,1st Return Points Won %,37.9%,2nd Return Points Won %,57.8%,Break Points Converted %,51.9%,Return Games Won %,37.2%,Return Points Won %,45.6%,,,"{""category"": ""return"", ""player_rank"": 94, ""match_count"": 26, ""formula"": ""normalized_score = Σ(metric_norm × weight)"", ""metrics"": [{""key"": ""first_return_percent"", ""name"": ""1st Return Points Won %"", ""raw"": 37.9, ""raw_display"": ""37.9%"", ""normalized"": 64.19, ""weight"": 0.22, ""weight_pct"": 22.0, ""min"": 24.1, ""max"": 45.6, ""lower_is_better"": false, ""is_percent"": true}, {""key"": ""second_return_percent"", ""name"": ""2nd Return Points Won %"", ""raw"": 57.8, ""raw_display"": ""57.8%"", ""normalized"": 77.71, ""weight"": 0.22, ""weight_pct"": 22.0, ""min"": 44.2, ""max"": 61.7, ""lower_is_better"": false, ""is_percent"": true}, {""key"": ""breakpoint_converted_percent"", ""name"": ""Break Points Converted %"", ""raw"": 51.9, ""raw_display"": ""51.9%"", ""normalized"": 62.9, ""weight"": 0.2, ""weight_pct"": 20.0, ""min"": 20.7, ""max"": 70.3, ""lower_is_better"": false, ""is_percent"": true}, {""key"": ""return_games_won_percent"", ""name"": ""Return Games Won %"", ""raw"": 37.2, ""raw_display"": ""37.2%"", ""normalized"": 58.23, ""weight"": 0.16, ""weight_pct"": 16.0, ""min"": 10.3, ""max"": 56.5, ""lower_is_better"": false, ""is_percent"": true}, {""key"": ""return_points_won_percent"", ""name"": ""Return Points Won %"", ""raw"": 45.6, ""raw_display"": ""45.6%"", ""normalized"": 68.51, ""weight"": 0.2, ""weight_pct"": 20.0, ""min"": 33.2, ""max"": 51.3, ""lower_is_better"": false, ""is_percent"": true}]}"
2026-07-26T05:36:16.130591Z,return,Return,25,Jelena Ostapenko,319939,https://www.wtatennis.com/players/319939/jelena-ostapenko,https://photoresources.wtatennis.com/wta/photo/2024/04/29/c593550a-fb16-4250-8910-60a9d233f67d/Ostapenko-Torso_319939-WTA-Tennis.png,66.5,1st Return Points Won %,38.4%,2nd Return Points Won %,57.0%,Break Points Converted %,50.0%,Return Games Won %,40.0%,Return Points Won %,45.6%,,,"{""category"": ""return"", ""player_rank"": 31, ""match_count"": 36, ""formula"": ""normalized_score = Σ(metric_norm × weight)"", ""metrics"": [{""key"": ""first_return_percent"", ""name"": ""1st Return Points Won %"", ""raw"": 38.4, ""raw_display"": ""38.4%"", ""normalized"": 66.51, ""weight"": 0.22, ""weight_pct"": 22.0, ""min"": 24.1, ""max"": 45.6, ""lower_is_better"": false, ""is_percent"": true}, {""key"": ""second_return_percent"", ""name"": ""2nd Return Points Won %"", ""raw"": 57.0, ""raw_display"": ""57.0%"", ""normalized"": 73.14, ""weight"": 0.22, ""weight_pct"": 22.0, ""min"": 44.2, ""max"": 61.7, ""lower_is_better"": false, ""is_percent"": true}, {""key"": ""breakpoint_converted_percent"", ""name"": ""Break Points Converted %"", ""raw"": 50.0, ""raw_display"": ""50.0%"", ""normalized"": 59.07, ""weight"": 0.2, ""weight_pct"": 20.0, ""min"": 20.7, ""max"": 70.3, ""lower_is_better"": false, ""is_percent"": true}, {""key"": ""return_games_won_percent"", ""name"": ""Return Games Won %"", ""raw"": 40.0, ""raw_display"": ""40.0%"", ""normalized"": 64.29, ""weight"": 0.16, ""weight_pct"": 16.0, ""min"": 10.3, ""max"": 56.5, ""lower_is_better"": false, ""is_percent"": true}, {""key"": ""return_points_won_percent"", ""name"": ""Return Points Won %"", ""raw"": 45.6, ""raw_display"": ""45.6%"", ""normalized"": 68.51, ""weight"": 0.2, ""weight_pct"": 20.0, ""min"": 33.2, ""max"": 51.3, ""lower_is_better"": false, ""is_percent"": true}]}"
2026-07-26T05:36:16.130591Z,return,Return,26,Anhelina Kalinina,320567,https://www.wtatennis.com/players/320567/anhelina-kalinina,https://photoresources.wtatennis.com/wta/photo/2023/06/02/8d5c917e-f585-4db3-bfb8-c0e3c2258adc/Kalinina-Torso_320567.png,66.5,1st Return Points Won %,41.3%,2nd Return Points Won %,55.2%,Break Points Converted %,45.8%,Return Games Won %,39.9%,Return Points Won %,46.5%,,,"{""category"": ""return"", ""player_rank"": 57, ""match_count"": 16, ""formula"": ""normalized_score = Σ(metric_norm × weight)"", ""metrics"": [{""key"": ""first_return_percent"", ""name"": ""1st Return Points Won %"", ""raw"": 41.3, ""raw_display"": ""41.3%"", ""normalized"": 80.0, ""weight"": 0.22, ""weight_pct"": 22.0, ""min"": 24.1, ""max"": 45.6, ""lower_is_better"": false, ""is_percent"": true}, {""key"": ""second_return_percent"", ""name"": ""2nd Return Points Won %"", ""raw"": 55.2, ""raw_display"": ""55.2%"", ""normalized"": 62.86, ""weight"": 0.22, ""weight_pct"": 22.0, ""min"": 44.2, ""max"": 61.7, ""lower_is_better"": false, ""is_percent"": true}, {""key"": ""breakpoint_converted_percent"", ""name"": ""Break Points Converted %"", ""raw"": 45.8, ""raw_display"": ""45.8%"", ""normalized"": 50.6, ""weight"": 0.2, ""weight_pct"": 20.0, ""min"": 20.7, ""max"": 70.3, ""lower_is_better"": false, ""is_percent"": true}, {""key"": ""return_games_won_percent"", ""name"": ""Return Games Won %"", ""raw"": 39.9, ""raw_display"": ""39.9%"", ""normalized"": 64.07, ""weight"": 0.16, ""weight_pct"": 16.0, ""min"": 10.3, ""max"": 56.5, ""lower_is_better"": false, ""is_percent"": true}, {""key"": ""return_points_won_percent"", ""name"": ""Return Points Won %"", ""raw"": 46.5, ""raw_display"": ""46.5%"", ""normalized"": 73.48, ""weight"": 0.2, ""weight_pct"": 20.0, ""min"": 33.2, ""max"": 51.3, ""lower_is_better"": false, ""is_percent"": true}]}"
2026-07-26T05:36:16.130591Z,return,Return,27,Viktorija Golubic,316296,https://www.wtatennis.com/players/316296/viktorija-golubic,https://photoresources.wtatennis.com/wta/photo/2025/05/08/1129c55b-1dc2-49bc-a941-bcbeecb6d907/Golubic-Torso_316296.png,66.4,1st Return Points Won %,38.5%,2nd Return Points Won %,58.1%,Break Points Converted %,43.5%,Return Games Won %,42.3%,Return Points Won %,45.8%,,,"{""category"": ""return"", ""player_rank"": 47, ""match_count"": 17, ""formula"": ""normalized_score = Σ(metric_norm × weight)"", ""metrics"": [{""key"": ""first_return_percent"", ""name"": ""1st Return Points Won %"", ""raw"": 38.5, ""raw_display"": ""38.5%"", ""normalized"": 66.98, ""weight"": 0.22, ""weight_pct"": 22.0, ""min"": 24.1, ""max"": 45.6, ""lower_is_better"": false, ""is_percent"": true}, {""key"": ""second_return_percent"", ""name"": ""2nd Return Points Won %"", ""raw"": 58.1, ""raw_display"": ""58.1%"", ""normalized"": 79.43, ""weight"": 0.22, ""weight_pct"": 22.0, ""min"": 44.2, ""max"": 61.7, ""lower_is_better"": false, ""is_percent"": true}, {""key"": ""breakpoint_converted_percent"", ""name"": ""Break Points Converted %"", ""raw"": 43.5, ""raw_display"": ""43.5%"", ""normalized"": 45.97, ""weight"": 0.2, ""weight_pct"": 20.0, ""min"": 20.7, ""max"": 70.3, ""lower_is_better"": false, ""is_percent"": true}, {""key"": ""return_games_won_percent"", ""name"": ""Return Games Won %"", ""raw"": 42.3, ""raw_display"": ""42.3%"", ""normalized"": 69.26, ""weight"": 0.16, ""weight_pct"": 16.0, ""min"": 10.3, ""max"": 56.5, ""lower_is_better"": false, ""is_percent"": true}, {""key"": ""return_points_won_percent"", ""name"": ""Return Points Won %"", ""raw"": 45.8, ""raw_display"": ""45.8%"", ""normalized"": 69.61, ""weight"": 0.2, ""weight_pct"": 20.0, ""min"": 33.2, ""max"": 51.3, ""lower_is_better"": false, ""is_percent"": true}]}"
2026-07-26T05:36:16.130591Z,return,Return,28,Sofia Costoulas,330451,https://www.wtatennis.com/players/330451/sofia-costoulas,,66.3,1st Return Points Won %,38.0%,2nd Return Points Won %,60.6%,Break Points Converted %,39.2%,Return Games Won %,40.0%,Return Points Won %,45.6%,,,"{""category"": ""return"", ""player_rank"": 155, ""match_count"": 5, ""formula"": ""normalized_score = Σ(metric_norm × weight)"", ""metrics"": [{""key"": ""first_return_percent"", ""name"": ""1st Return Points Won %"", ""raw"": 38.0, ""raw_display"": ""38.0%"", ""normalized"": 64.65, ""weight"": 0.22, ""weight_pct"": 22.0, ""min"": 24.1, ""max"": 45.6, ""lower_is_better"": false, ""is_percent"": true}, {""key"": ""second_return_percent"", ""name"": ""2nd Return Points Won %"", ""raw"": 60.6, ""raw_display"": ""60.6%"", ""normalized"": 93.71, ""weight"": 0.22, ""weight_pct"": 22.0, ""min"": 44.2, ""max"": 61.7, ""lower_is_better"": false, ""is_percent"": true}, {""key"": ""breakpoint_converted_percent"", ""name"": ""Break Points Converted %"", ""raw"": 39.2, ""raw_display"": ""39.2%"", ""normalized"": 37.3, ""weight"": 0.2, ""weight_pct"": 20.0, ""min"": 20.7, ""max"": 70.3, ""lower_is_better"": false, ""is_percent"": true}, {""key"": ""return_games_won_percent"", ""name"": ""Return Games Won %"", ""raw"": 40.0, ""raw_display"": ""40.0%"", ""normalized"": 64.29, ""weight"": 0.16, ""weight_pct"": 16.0, ""min"": 10.3, ""max"": 56.5, ""lower_is_better"": false, ""is_percent"": true}, {""key"": ""return_points_won_percent"", ""name"": ""Return Points Won %"", ""raw"": 45.6, ""raw_display"": ""45.6%"", ""normalized"": 68.51, ""weight"": 0.2, ""weight_pct"": 20.0, ""min"": 33.2, ""max"": 51.3, ""lower_is_better"": false, ""is_percent"": true}]}"
2026-07-26T05:36:16.130591Z,return,Return,29,Daria Snigur,327845,https://www.wtatennis.com/players/327845/daria-snigur,https://photoresources.wtatennis.com/wta/photo/2022/10/11/b4842f7a-e73b-4f6a-b22e-79c11c6b558c/Snigur_Crop.jpg,64.7,1st Return Points Won %,35.6%,2nd Return Points Won %,60.1%,Break Points Converted %,46.2%,Return Games Won %,37.5%,Return Points Won %,45.2%,,,"{""category"": ""return"", ""player_rank"": 54, ""match_count"": 15, ""formula"": ""normalized_score = Σ(metric_norm × weight)"", ""metrics"": [{""key"": ""first_return_percent"", ""name"": ""1st Return Points Won %"", ""raw"": 35.6, ""raw_display"": ""35.6%"", ""normalized"": 53.49, ""weight"": 0.22, ""weight_pct"": 22.0, ""min"": 24.1, ""max"": 45.6, ""lower_is_better"": false, ""is_percent"": true}, {""key"": ""second_return_percent"", ""name"": ""2nd Return Points Won %"", ""raw"": 60.1, ""raw_display"": ""60.1%"", ""normalized"": 90.86, ""weight"": 0.22, ""weight_pct"": 22.0, ""min"": 44.2, ""max"": 61.7, ""lower_is_better"": false, ""is_percent"": true}, {""key"": ""breakpoint_converted_percent"", ""name"": ""Break Points Converted %"", ""raw"": 46.2, ""raw_display"": ""46.2%"", ""normalized"": 51.41, ""weight"": 0.2, ""weight_pct"": 20.0, ""min"": 20.7, ""max"": 70.3, ""lower_is_better"": false, ""is_percent"": true}, {""key"": ""return_games_won_percent"", ""name"": ""Return Games Won %"", ""raw"": 37.5, ""raw_display"": ""37.5%"", ""normalized"": 58.87, ""weight"": 0.16, ""weight_pct"": 16.0, ""min"": 10.3, ""max"": 56.5, ""lower_is_better"": false, ""is_percent"": true}, {""key"": ""return_points_won_percent"", ""name"": ""Return Points Won %"", ""raw"": 45.2, ""raw_display"": ""45.2%"", ""normalized"": 66.3, ""weight"": 0.2, ""weight_pct"": 20.0, ""min"": 33.2, ""max"": 51.3, ""lower_is_better"": false, ""is_percent"": true}]}"
2026-07-26T05:36:16.130591Z,return,Return,30,Kamilla Rakhimova,325936,https://www.wtatennis.com/players/325936/kamilla-rakhimova,https://photoresources.wtatennis.com/wta/photo/2025/03/10/eaf11e2c-aad6-4589-a6b9-5a810ee21d9c/Rakhimova-Torso_325936.png,64.4,1st Return Points Won %,34.7%,2nd Return Points Won %,60.0%,Break Points Converted %,50.0%,Return Games Won %,37.0%,Return Points Won %,44.6%,,,"{""category"": ""return"", ""player_rank"": 78, ""match_count"": 19, ""formula"": ""normalized_score = Σ(metric_norm × weight)"", ""metrics"": [{""key"": ""first_return_percent"", ""name"": ""1st Return Points Won %"", ""raw"": 34.7, ""raw_display"": ""34.7%"", ""normalized"": 49.3, ""weight"": 0.22, ""weight_pct"": 22.0, ""min"": 24.1, ""max"": 45.6, ""lower_is_better"": false, ""is_percent"": true}, {""key"": ""second_return_percent"", ""name"": ""2nd Return Points Won %"", ""raw"": 60.0, ""raw_display"": ""60.0%"", ""normalized"": 90.29, ""weight"": 0.22, ""weight_pct"": 22.0, ""min"": 44.2, ""max"": 61.7, ""lower_is_better"": false, ""is_percent"": true}, {""key"": ""breakpoint_converted_percent"", ""name"": ""Break Points Converted %"", ""raw"": 50.0, ""raw_display"": ""50.0%"", ""normalized"": 59.07, ""weight"": 0.2, ""weight_pct"": 20.0, ""min"": 20.7, ""max"": 70.3, ""lower_is_better"": false, ""is_percent"": true}, {""key"": ""return_games_won_percent"", ""name"": ""Return Games Won %"", ""raw"": 37.0, ""raw_display"": ""37.0%"", ""normalized"": 57.79, ""weight"": 0.16, ""weight_pct"": 16.0, ""min"": 10.3, ""max"": 56.5, ""lower_is_better"": false, ""is_percent"": true}, {""key"": ""return_points_won_percent"", ""name"": ""Return Points Won %"", ""raw"": 44.6, ""raw_display"": ""44.6%"", ""normalized"": 62.98, ""weight"": 0.2, ""weight_pct"": 20.0, ""min"": 33.2, ""max"": 51.3, ""lower_is_better"": false, ""is_percent"": true}]}"
2026-07-26T05:36:16.130591Z,return,Return,31,Petra Marcinko,330799,https://www.wtatennis.com/players/330799/petra-marcinko,https://photoresources.wtatennis.com/wta/photo/2023/12/06/f0cede4c-d52e-4772-8e55-4627d1ac4c82/Petra-Marcinko.png,64.3,1st Return Points Won %,38.2%,2nd Return Points Won %,58.5%,Break Points Converted %,43.9%,Return Games Won %,36.7%,Return Points Won %,45.3%,,,"{""category"": ""return"", ""player_rank"": 49, ""match_count"": 25, ""formula"": ""normalized_score = Σ(metric_norm × weight)"", ""metrics"": [{""key"": ""first_return_percent"", ""name"": ""1st Return Points Won %"", ""raw"": 38.2, ""raw_display"": ""38.2%"", ""normalized"": 65.58, ""weight"": 0.22, ""weight_pct"": 22.0, ""min"": 24.1, ""max"": 45.6, ""lower_is_better"": false, ""is_percent"": true}, {""key"": ""second_return_percent"", ""name"": ""2nd Return Points Won %"", ""raw"": 58.5, ""raw_display"": ""58.5%"", ""normalized"": 81.71, ""weight"": 0.22, ""weight_pct"": 22.0, ""min"": 44.2, ""max"": 61.7, ""lower_is_better"": false, ""is_percent"": true}, {""key"": ""breakpoint_converted_percent"", ""name"": ""Break Points Converted %"", ""raw"": 43.9, ""raw_display"": ""43.9%"", ""normalized"": 46.77, ""weight"": 0.2, ""weight_pct"": 20.0, ""min"": 20.7, ""max"": 70.3, ""lower_is_better"": false, ""is_percent"": true}, {""key"": ""return_games_won_percent"", ""name"": ""Return Games Won %"", ""raw"": 36.7, ""raw_display"": ""36.7%"", ""normalized"": 57.14, ""weight"": 0.16, ""weight_pct"": 16.0, ""min"": 10.3, ""max"": 56.5, ""lower_is_better"": false, ""is_percent"": true}, {""key"": ""return_points_won_percent"", ""name"": ""Return Points Won %"", ""raw"": 45.3, ""raw_display"": ""45.3%"", ""normalized"": 66.85, ""weight"": 0.2, ""weight_pct"": 20.0, ""min"": 33.2, ""max"": 51.3, ""lower_is_better"": false, ""is_percent"": true}]}"
2026-07-26T05:36:16.130591Z,return,Return,32,Caty Mcnally,325725,https://www.wtatennis.com/players/325725/caty-mcnally,https://photoresources.wtatennis.com/wta/photo/2023/06/05/f0c8d870-3a55-4b93-961c-0b022eda6bf0/McNally-Torso_325725.png,64.2,1st Return Points Won %,39.8%,2nd Return Points Won %,55.4%,Break Points Converted %,47.0%,Return Games Won %,39.6%,Return Points Won %,45.2%,,,"{""category"": ""return"", ""player_rank"": 53, ""match_count"": 33, ""formula"": ""normalized_score = Σ(metric_norm × weight)"", ""metrics"": [{""key"": ""first_return_percent"", ""name"": ""1st Return Points Won %"", ""raw"": 39.8, ""raw_display"": ""39.8%"", ""normalized"": 73.02, ""weight"": 0.22, ""weight_pct"": 22.0, ""min"": 24.1, ""max"": 45.6, ""lower_is_better"": false, ""is_percent"": true}, {""key"": ""second_return_percent"", ""name"": ""2nd Return Points Won %"", ""raw"": 55.4, ""raw_display"": ""55.4%"", ""normalized"": 64.0, ""weight"": 0.22, ""weight_pct"": 22.0, ""min"": 44.2, ""max"": 61.7, ""lower_is_better"": false, ""is_percent"": true}, {""key"": ""breakpoint_converted_percent"", ""name"": ""Break Points Converted %"", ""raw"": 47.0, ""raw_display"": ""47.0%"", ""normalized"": 53.02, ""weight"": 0.2, ""weight_pct"": 20.0, ""min"": 20.7, ""max"": 70.3, ""lower_is_better"": false, ""is_percent"": true}, {""key"": ""return_games_won_percent"", ""name"": ""Return Games Won %"", ""raw"": 39.6, ""raw_display"": ""39.6%"", ""normalized"": 63.42, ""weight"": 0.16, ""weight_pct"": 16.0, ""min"": 10.3, ""max"": 56.5, ""lower_is_better"": false, ""is_percent"": true}, {""key"": ""return_points_won_percent"", ""name"": ""Return Points Won %"", ""raw"": 45.2, ""raw_display"": ""45.2%"", ""normalized"": 66.3, ""weight"": 0.2, ""weight_pct"": 20.0, ""min"": 33.2, ""max"": 51.3, ""lower_is_better"": false, ""is_percent"": true}]}"
2026-07-26T05:36:16.130591Z,return,Return,33,Harriet Dart,319489,https://www.wtatennis.com/players/319489,,63.8,1st Return Points Won %,37.0%,2nd Return Points Won %,56.2%,Break Points Converted %,53.0%,Return Games Won %,37.6%,Return Points Won %,45.0%,,,"{""category"": ""return"", ""player_rank"": 143, ""match_count"": 7, ""formula"": ""normalized_score = Σ(metric_norm × weight)"", ""metrics"": [{""key"": ""first_return_percent"", ""name"": ""1st Return Points Won %"", ""raw"": 37.0, ""raw_display"": ""37.0%"", ""normalized"": 60.0, ""weight"": 0.22, ""weight_pct"": 22.0, ""min"": 24.1, ""max"": 45.6, ""lower_is_better"": false, ""is_percent"": true}, {""key"": ""second_return_percent"", ""name"": ""2nd Return Points Won %"", ""raw"": 56.2, ""raw_display"": ""56.2%"", ""normalized"": 68.57, ""weight"": 0.22, ""weight_pct"": 22.0, ""min"": 44.2, ""max"": 61.7, ""lower_is_better"": false, ""is_percent"": true}, {""key"": ""breakpoint_converted_percent"", ""name"": ""Break Points Converted %"", ""raw"": 53.0, ""raw_display"": ""53.0%"", ""normalized"": 65.12, ""weight"": 0.2, ""weight_pct"": 20.0, ""min"": 20.7, ""max"": 70.3, ""lower_is_better"": false, ""is_percent"": true}, {""key"": ""return_games_won_percent"", ""name"": ""Return Games Won %"", ""raw"": 37.6, ""raw_display"": ""37.6%"", ""normalized"": 59.09, ""weight"": 0.16, ""weight_pct"": 16.0, ""min"": 10.3, ""max"": 56.5, ""lower_is_better"": false, ""is_percent"": true}, {""key"": ""return_points_won_percent"", ""name"": ""Return Points Won %"", ""raw"": 45.0, ""raw_display"": ""45.0%"", ""normalized"": 65.19, ""weight"": 0.2, ""weight_pct"": 20.0, ""min"": 33.2, ""max"": 51.3, ""lower_is_better"": false, ""is_percent"": true}]}"
2026-07-26T05:36:16.130591Z,return,Return,34,Linda Fruhvirtova,329627,https://www.wtatennis.com/players/329627/linda-fruhvirtova,https://photoresources.wtatennis.com/wta/photo/2024/05/01/096c664d-00f3-4f3c-9c87-835b22b9ba44/Fruhvirtova-Torso_329627-WTA-Tennis.png,63.3,1st Return Points Won %,37.6%,2nd Return Points Won %,57.1%,Break Points Converted %,45.9%,Return Games Won %,37.9%,Return Points Won %,45.5%,,,"{""category"": ""return"", ""player_rank"": 180, ""match_count"": 9, ""formula"": ""normalized_score = Σ(metric_norm × weight)"", ""metrics"": [{""key"": ""first_return_percent"", ""name"": ""1st Return Points Won %"", ""raw"": 37.6, ""raw_display"": ""37.6%"", ""normalized"": 62.79, ""weight"": 0.22, ""weight_pct"": 22.0, ""min"": 24.1, ""max"": 45.6, ""lower_is_better"": false, ""is_percent"": true}, {""key"": ""second_return_percent"", ""name"": ""2nd Return Points Won %"", ""raw"": 57.1, ""raw_display"": ""57.1%"", ""normalized"": 73.71, ""weight"": 0.22, ""weight_pct"": 22.0, ""min"": 44.2, ""max"": 61.7, ""lower_is_better"": false, ""is_percent"": true}, {""key"": ""breakpoint_converted_percent"", ""name"": ""Break Points Converted %"", ""raw"": 45.9, ""raw_display"": ""45.9%"", ""normalized"": 50.81, ""weight"": 0.2, ""weight_pct"": 20.0, ""min"": 20.7, ""max"": 70.3, ""lower_is_better"": false, ""is_percent"": true}, {""key"": ""return_games_won_percent"", ""name"": ""Return Games Won %"", ""raw"": 37.9, ""raw_display"": ""37.9%"", ""normalized"": 59.74, ""weight"": 0.16, ""weight_pct"": 16.0, ""min"": 10.3, ""max"": 56.5, ""lower_is_better"": false, ""is_percent"": true}, {""key"": ""return_points_won_percent"", ""name"": ""Return Points Won %"", ""raw"": 45.5, ""raw_display"": ""45.5%"", ""normalized"": 67.96, ""weight"": 0.2, ""weight_pct"": 20.0, ""min"": 33.2, ""max"": 51.3, ""lower_is_better"": false, ""is_percent"": true}]}"
2026-07-26T05:36:16.130591Z,return,Return,35,Sorana Cirstea,312469,https://www.wtatennis.com/players/312469/sorana-cirstea,https://photoresources.wtatennis.com/wta/photo/2025/03/10/3bee46ef-b6aa-4dbb-99d1-cd325119cfaa/Cirstea-Torso_312469.png,63.0,1st Return Points Won %,37.9%,2nd Return Points Won %,56.6%,Break Points Converted %,46.3%,Return Games Won %,39.1%,Return Points Won %,45.0%,,,"{""category"": ""return"", ""player_rank"": 17, ""match_count"": 43, ""formula"": ""normalized_score = Σ(metric_norm × weight)"", ""metrics"": [{""key"": ""first_return_percent"", ""name"": ""1st Return Points Won %"", ""raw"": 37.9, ""raw_display"": ""37.9%"", ""normalized"": 64.19, ""weight"": 0.22, ""weight_pct"": 22.0, ""min"": 24.1, ""max"": 45.6, ""lower_is_better"": false, ""is_percent"": true}, {""key"": ""second_return_percent"", ""name"": ""2nd Return Points Won %"", ""raw"": 56.6, ""raw_display"": ""56.6%"", ""normalized"": 70.86, ""weight"": 0.22, ""weight_pct"": 22.0, ""min"": 44.2, ""max"": 61.7, ""lower_is_better"": false, ""is_percent"": true}, {""key"": ""breakpoint_converted_percent"", ""name"": ""Break Points Converted %"", ""raw"": 46.3, ""raw_display"": ""46.3%"", ""normalized"": 51.61, ""weight"": 0.2, ""weight_pct"": 20.0, ""min"": 20.7, ""max"": 70.3, ""lower_is_better"": false, ""is_percent"": true}, {""key"": ""return_games_won_percent"", ""name"": ""Return Games Won %"", ""raw"": 39.1, ""raw_display"": ""39.1%"", ""normalized"": 62.34, ""weight"": 0.16, ""weight_pct"": 16.0, ""min"": 10.3, ""max"": 56.5, ""lower_is_better"": false, ""is_percent"": true}, {""key"": ""return_points_won_percent"", ""name"": ""Return Points Won %"", ""raw"": 45.0, ""raw_display"": ""45.0%"", ""normalized"": 65.19, ""weight"": 0.2, ""weight_pct"": 20.0, ""min"": 33.2, ""max"": 51.3, ""lower_is_better"": false, ""is_percent"": true}]}"
2026-07-26T05:36:16.130591Z,return,Return,36,Marie Bouzkova,320983,https://www.wtatennis.com/players/320983/marie-bouzkova,https://photoresources.wtatennis.com/wta/photo/2024/04/30/855a5cde-3d8b-4421-8a4d-8d45b189659a/Bouzkova-Torso_320983-WTA-Tennis.png,62.6,1st Return Points Won %,38.3%,2nd Return Points Won %,57.2%,Break Points Converted %,43.4%,Return Games Won %,37.1%,Return Points Won %,45.2%,,,"{""category"": ""return"", ""player_rank"": 21, ""match_count"": 37, ""formula"": ""normalized_score = Σ(metric_norm × weight)"", ""metrics"": [{""key"": ""first_return_percent"", ""name"": ""1st Return Points Won %"", ""raw"": 38.3, ""raw_display"": ""38.3%"", ""normalized"": 66.05, ""weight"": 0.22, ""weight_pct"": 22.0, ""min"": 24.1, ""max"": 45.6, ""lower_is_better"": false, ""is_percent"": true}, {""key"": ""second_return_percent"", ""name"": ""2nd Return Points Won %"", ""raw"": 57.2, ""raw_display"": ""57.2%"", ""normalized"": 74.29, ""weight"": 0.22, ""weight_pct"": 22.0, ""min"": 44.2, ""max"": 61.7, ""lower_is_better"": false, ""is_percent"": true}, {""key"": ""breakpoint_converted_percent"", ""name"": ""Break Points Converted %"", ""raw"": 43.4, ""raw_display"": ""43.4%"", ""normalized"": 45.77, ""weight"": 0.2, ""weight_pct"": 20.0, ""min"": 20.7, ""max"": 70.3, ""lower_is_better"": false, ""is_percent"": true}, {""key"": ""return_games_won_percent"", ""name"": ""Return Games Won %"", ""raw"": 37.1, ""raw_display"": ""37.1%"", ""normalized"": 58.01, ""weight"": 0.16, ""weight_pct"": 16.0, ""min"": 10.3, ""max"": 56.5, ""lower_is_better"": false, ""is_percent"": true}, {""key"": ""return_points_won_percent"", ""name"": ""Return Points Won %"", ""raw"": 45.2, ""raw_display"": ""45.2%"", ""normalized"": 66.3, ""weight"": 0.2, ""weight_pct"": 20.0, ""min"": 33.2, ""max"": 51.3, ""lower_is_better"": false, ""is_percent"": true}]}"
2026-07-26T05:36:16.130591Z,return,Return,37,Elise Mertens,317964,https://www.wtatennis.com/players/317964/elise-mertens,https://photoresources.wtatennis.com/wta/photo/2025/06/20/2f3e5e2d-297a-4467-983c-ff89c75af905/Mertens-Torso_317964.png,62.6,1st Return Points Won %,36.9%,2nd Return Points Won %,56.6%,Break Points Converted %,49.5%,Return Games Won %,38.1%,Return Points Won %,44.7%,,,"{""category"": ""return"", ""player_rank"": 24, ""match_count"": 37, ""formula"": ""normalized_score = Σ(metric_norm × weight)"", ""metrics"": [{""key"": ""first_return_percent"", ""name"": ""1st Return Points Won %"", ""raw"": 36.9, ""raw_display"": ""36.9%"", ""normalized"": 59.53, ""weight"": 0.22, ""weight_pct"": 22.0, ""min"": 24.1, ""max"": 45.6, ""lower_is_better"": false, ""is_percent"": true}, {""key"": ""second_return_percent"", ""name"": ""2nd Return Points Won %"", ""raw"": 56.6, ""raw_display"": ""56.6%"", ""normalized"": 70.86, ""weight"": 0.22, ""weight_pct"": 22.0, ""min"": 44.2, ""max"": 61.7, ""lower_is_better"": false, ""is_percent"": true}, {""key"": ""breakpoint_converted_percent"", ""name"": ""Break Points Converted %"", ""raw"": 49.5, ""raw_display"": ""49.5%"", ""normalized"": 58.06, ""weight"": 0.2, ""weight_pct"": 20.0, ""min"": 20.7, ""max"": 70.3, ""lower_is_better"": false, ""is_percent"": true}, {""key"": ""return_games_won_percent"", ""name"": ""Return Games Won %"", ""raw"": 38.1, ""raw_display"": ""38.1%"", ""normalized"": 60.17, ""weight"": 0.16, ""weight_pct"": 16.0, ""min"": 10.3, ""max"": 56.5, ""lower_is_better"": false, ""is_percent"": true}, {""key"": ""return_points_won_percent"", ""name"": ""Return Points Won %"", ""raw"": 44.7, ""raw_display"": ""44.7%"", ""normalized"": 63.54, ""weight"": 0.2, ""weight_pct"": 20.0, ""min"": 33.2, ""max"": 51.3, ""lower_is_better"": false, ""is_percent"": true}]}"
2026-07-26T05:36:16.130591Z,return,Return,38,Oleksandra Oliynykova,327182,https://www.wtatennis.com/players/327182/oleksandra-oliynykova,,62.6,1st Return Points Won %,40.5%,2nd Return Points Won %,54.0%,Break Points Converted %,46.6%,Return Games Won %,39.3%,Return Points Won %,45.0%,,,"{""category"": ""return"", ""player_rank"": 45, ""match_count"": 22, ""formula"": ""normalized_score = Σ(metric_norm × weight)"", ""metrics"": [{""key"": ""first_return_percent"", ""name"": ""1st Return Points Won %"", ""raw"": 40.5, ""raw_display"": ""40.5%"", ""normalized"": 76.28, ""weight"": 0.22, ""weight_pct"": 22.0, ""min"": 24.1, ""max"": 45.6, ""lower_is_better"": false, ""is_percent"": true}, {""key"": ""second_return_percent"", ""name"": ""2nd Return Points Won %"", ""raw"": 54.0, ""raw_display"": ""54.0%"", ""normalized"": 56.0, ""weight"": 0.22, ""weight_pct"": 22.0, ""min"": 44.2, ""max"": 61.7, ""lower_is_better"": false, ""is_percent"": true}, {""key"": ""breakpoint_converted_percent"", ""name"": ""Break Points Converted %"", ""raw"": 46.6, ""raw_display"": ""46.6%"", ""normalized"": 52.22, ""weight"": 0.2, ""weight_pct"": 20.0, ""min"": 20.7, ""max"": 70.3, ""lower_is_better"": false, ""is_percent"": true}, {""key"": ""return_games_won_percent"", ""name"": ""Return Games Won %"", ""raw"": 39.3, ""raw_display"": ""39.3%"", ""normalized"": 62.77, ""weight"": 0.16, ""weight_pct"": 16.0, ""min"": 10.3, ""max"": 56.5, ""lower_is_better"": false, ""is_percent"": true}, {""key"": ""return_points_won_percent"", ""name"": ""Return Points Won %"", ""raw"": 45.0, ""raw_display"": ""45.0%"", ""normalized"": 65.19, ""weight"": 0.2, ""weight_pct"": 20.0, ""min"": 33.2, ""max"": 51.3, ""lower_is_better"": false, ""is_percent"": true}]}"
2026-07-26T05:36:16.130591Z,return,Return,39,Tereza Valentova,330808,https://www.wtatennis.com/players/330808/tereza-valentova,https://photoresources.wtatennis.com/wta/photo/2026/01/12/8115f299-958b-48a1-ac0d-d080d256f936/Valentova-Torso_330808.png,62.6,1st Return Points Won %,36.5%,2nd Return Points Won %,58.3%,Break Points Converted %,45.6%,Return Games Won %,37.2%,Return Points Won %,44.8%,,,"{""category"": ""return"", ""player_rank"": 64, ""match_count"": 23, ""formula"": ""normalized_score = Σ(metric_norm × weight)"", ""metrics"": [{""key"": ""first_return_percent"", ""name"": ""1st Return Points Won %"", ""raw"": 36.5, ""raw_display"": ""36.5%"", ""normalized"": 57.67, ""weight"": 0.22, ""weight_pct"": 22.0, ""min"": 24.1, ""max"": 45.6, ""lower_is_better"": false, ""is_percent"": true}, {""key"": ""second_return_percent"", ""name"": ""2nd Return Points Won %"", ""raw"": 58.3, ""raw_display"": ""58.3%"", ""normalized"": 80.57, ""weight"": 0.22, ""weight_pct"": 22.0, ""min"": 44.2, ""max"": 61.7, ""lower_is_better"": false, ""is_percent"": true}, {""key"": ""breakpoint_converted_percent"", ""name"": ""Break Points Converted %"", ""raw"": 45.6, ""raw_display"": ""45.6%"", ""normalized"": 50.2, ""weight"": 0.2, ""weight_pct"": 20.0, ""min"": 20.7, ""max"": 70.3, ""lower_is_better"": false, ""is_percent"": true}, {""key"": ""return_games_won_percent"", ""name"": ""Return Games Won %"", ""raw"": 37.2, ""raw_display"": ""37.2%"", ""normalized"": 58.23, ""weight"": 0.16, ""weight_pct"": 16.0, ""min"": 10.3, ""max"": 56.5, ""lower_is_better"": false, ""is_percent"": true}, {""key"": ""return_points_won_percent"", ""name"": ""Return Points Won %"", ""raw"": 44.8, ""raw_display"": ""44.8%"", ""normalized"": 64.09, ""weight"": 0.2, ""weight_pct"": 20.0, ""min"": 33.2, ""max"": 51.3, ""lower_is_better"": false, ""is_percent"": true}]}"
2026-07-26T05:36:16.130591Z,return,Return,40,Jessica Bouzas Maneiro,328139,https://www.wtatennis.com/players/328139/jessica-bouzas-maneiro,https://photoresources.wtatennis.com/wta/photo/2024/04/30/5ede2ef0-2ded-4441-a20d-4ddd09910bf3/BouzasManeiro-Torso_328139-WTA-Tennis.png,62.2,1st Return Points Won %,37.5%,2nd Return Points Won %,56.3%,Break Points Converted %,47.9%,Return Games Won %,37.9%,Return Points Won %,44.7%,,,"{""category"": ""return"", ""player_rank"": 60, ""match_count"": 30, ""formula"": ""normalized_score = Σ(metric_norm × weight)"", ""metrics"": [{""key"": ""first_return_percent"", ""name"": ""1st Return Points Won %"", ""raw"": 37.5, ""raw_display"": ""37.5%"", ""normalized"": 62.33, ""weight"": 0.22, ""weight_pct"": 22.0, ""min"": 24.1, ""max"": 45.6, ""lower_is_better"": false, ""is_percent"": true}, {""key"": ""second_return_percent"", ""name"": ""2nd Return Points Won %"", ""raw"": 56.3, ""raw_display"": ""56.3%"", ""normalized"": 69.14, ""weight"": 0.22, ""weight_pct"": 22.0, ""min"": 44.2, ""max"": 61.7, ""lower_is_better"": false, ""is_percent"": true}, {""key"": ""breakpoint_converted_percent"", ""name"": ""Break Points Converted %"", ""raw"": 47.9, ""raw_display"": ""47.9%"", ""normalized"": 54.84, ""weight"": 0.2, ""weight_pct"": 20.0, ""min"": 20.7, ""max"": 70.3, ""lower_is_better"": false, ""is_percent"": true}, {""key"": ""return_games_won_percent"", ""name"": ""Return Games Won %"", ""raw"": 37.9, ""raw_display"": ""37.9%"", ""normalized"": 59.74, ""weight"": 0.16, ""weight_pct"": 16.0, ""min"": 10.3, ""max"": 56.5, ""lower_is_better"": false, ""is_percent"": true}, {""key"": ""return_points_won_percent"", ""name"": ""Return Points Won %"", ""raw"": 44.7, ""raw_display"": ""44.7%"", ""normalized"": 63.54, ""weight"": 0.2, ""weight_pct"": 20.0, ""min"": 33.2, ""max"": 51.3, ""lower_is_better"": false, ""is_percent"": true}]}"
2026-07-26T05:36:16.130591Z,return,Return,41,Anna Kalinskaya,323942,https://www.wtatennis.com/players/323942/anna-kalinskaya,https://photoresources.wtatennis.com/wta/photo/2025/03/10/d69936b0-5fc4-4979-8c38-d46b7f5b38f4/Kalinskaya-Torso_323942.png,62.0,1st Return Points Won %,37.0%,2nd Return Points Won %,56.0%,Break Points Converted %,50.4%,Return Games Won %,38.0%,Return Points Won %,44.4%,,,"{""category"": ""return"", ""player_rank"": 20, ""match_count"": 34, ""formula"": ""normalized_score = Σ(metric_norm × weight)"", ""metrics"": [{""key"": ""first_return_percent"", ""name"": ""1st Return Points Won %"", ""raw"": 37.0, ""raw_display"": ""37.0%"", ""normalized"": 60.0, ""weight"": 0.22, ""weight_pct"": 22.0, ""min"": 24.1, ""max"": 45.6, ""lower_is_better"": false, ""is_percent"": true}, {""key"": ""second_return_percent"", ""name"": ""2nd Return Points Won %"", ""raw"": 56.0, ""raw_display"": ""56.0%"", ""normalized"": 67.43, ""weight"": 0.22, ""weight_pct"": 22.0, ""min"": 44.2, ""max"": 61.7, ""lower_is_better"": false, ""is_percent"": true}, {""key"": ""breakpoint_converted_percent"", ""name"": ""Break Points Converted %"", ""raw"": 50.4, ""raw_display"": ""50.4%"", ""normalized"": 59.88, ""weight"": 0.2, ""weight_pct"": 20.0, ""min"": 20.7, ""max"": 70.3, ""lower_is_better"": false, ""is_percent"": true}, {""key"": ""return_games_won_percent"", ""name"": ""Return Games Won %"", ""raw"": 38.0, ""raw_display"": ""38.0%"", ""normalized"": 59.96, ""weight"": 0.16, ""weight_pct"": 16.0, ""min"": 10.3, ""max"": 56.5, ""lower_is_better"": false, ""is_percent"": true}, {""key"": ""return_points_won_percent"", ""name"": ""Return Points Won %"", ""raw"": 44.4, ""raw_display"": ""44.4%"", ""normalized"": 61.88, ""weight"": 0.2, ""weight_pct"": 20.0, ""min"": 33.2, ""max"": 51.3, ""lower_is_better"": false, ""is_percent"": true}]}"
2026-07-26T05:36:16.130591Z,return,Return,42,Zeynep Sonmez,326907,https://www.wtatennis.com/players/326907/zeynep-sonmez,https://photoresources.wtatennis.com/wta/photo/2025/03/10/90332a81-0da4-470f-b099-087be7b2be5d/Sonmez-Torso_326907.png,61.7,1st Return Points Won %,37.2%,2nd Return Points Won %,57.7%,Break Points Converted %,42.4%,Return Games Won %,38.1%,Return Points Won %,44.9%,,,"{""category"": ""return"", ""player_rank"": 48, ""match_count"": 30, ""formula"": ""normalized_score = Σ(metric_norm × weight)"", ""metrics"": [{""key"": ""first_return_percent"", ""name"": ""1st Return Points Won %"", ""raw"": 37.2, ""raw_display"": ""37.2%"", ""normalized"": 60.93, ""weight"": 0.22, ""weight_pct"": 22.0, ""min"": 24.1, ""max"": 45.6, ""lower_is_better"": false, ""is_percent"": true}, {""key"": ""second_return_percent"", ""name"": ""2nd Return Points Won %"", ""raw"": 57.7, ""raw_display"": ""57.7%"", ""normalized"": 77.14, ""weight"": 0.22, ""weight_pct"": 22.0, ""min"": 44.2, ""max"": 61.7, ""lower_is_better"": false, ""is_percent"": true}, {""key"": ""breakpoint_converted_percent"", ""name"": ""Break Points Converted %"", ""raw"": 42.4, ""raw_display"": ""42.4%"", ""normalized"": 43.75, ""weight"": 0.2, ""weight_pct"": 20.0, ""min"": 20.7, ""max"": 70.3, ""lower_is_better"": false, ""is_percent"": true}, {""key"": ""return_games_won_percent"", ""name"": ""Return Games Won %"", ""raw"": 38.1, ""raw_display"": ""38.1%"", ""normalized"": 60.17, ""weight"": 0.16, ""weight_pct"": 16.0, ""min"": 10.3, ""max"": 56.5, ""lower_is_better"": false, ""is_percent"": true}, {""key"": ""return_points_won_percent"", ""name"": ""Return Points Won %"", ""raw"": 44.9, ""raw_display"": ""44.9%"", ""normalized"": 64.64, ""weight"": 0.2, ""weight_pct"": 20.0, ""min"": 33.2, ""max"": 51.3, ""lower_is_better"": false, ""is_percent"": true}]}"
2026-07-26T05:36:16.130591Z,return,Return,43,Cristina Bucsa,321158,https://www.wtatennis.com/players/321158/cristina-bucsa,https://photoresources.wtatennis.com/wta/photo/2025/04/23/f5999bb3-fa93-4079-a712-2c4e05282dea/Bucsa-Torso_321158.png,61.1,1st Return Points Won %,40.0%,2nd Return Points Won %,53.7%,Break Points Converted %,46.0%,Return Games Won %,37.9%,Return Points Won %,45.1%,,,"{""category"": ""return"", ""player_rank"": 42, ""match_count"": 18, ""formula"": ""normalized_score = Σ(metric_norm × weight)"", ""metrics"": [{""key"": ""first_return_percent"", ""name"": ""1st Return Points Won %"", ""raw"": 40.0, ""raw_display"": ""40.0%"", ""normalized"": 73.95, ""weight"": 0.22, ""weight_pct"": 22.0, ""min"": 24.1, ""max"": 45.6, ""lower_is_better"": false, ""is_percent"": true}, {""key"": ""second_return_percent"", ""name"": ""2nd Return Points Won %"", ""raw"": 53.7, ""raw_display"": ""53.7%"", ""normalized"": 54.29, ""weight"": 0.22, ""weight_pct"": 22.0, ""min"": 44.2, ""max"": 61.7, ""lower_is_better"": false, ""is_percent"": true}, {""key"": ""breakpoint_converted_percent"", ""name"": ""Break Points Converted %"", ""raw"": 46.0, ""raw_display"": ""46.0%"", ""normalized"": 51.01, ""weight"": 0.2, ""weight_pct"": 20.0, ""min"": 20.7, ""max"": 70.3, ""lower_is_better"": false, ""is_percent"": true}, {""key"": ""return_games_won_percent"", ""name"": ""Return Games Won %"", ""raw"": 37.9, ""raw_display"": ""37.9%"", ""normalized"": 59.74, ""weight"": 0.16, ""weight_pct"": 16.0, ""min"": 10.3, ""max"": 56.5, ""lower_is_better"": false, ""is_percent"": true}, {""key"": ""return_points_won_percent"", ""name"": ""Return Points Won %"", ""raw"": 45.1, ""raw_display"": ""45.1%"", ""normalized"": 65.75, ""weight"": 0.2, ""weight_pct"": 20.0, ""min"": 33.2, ""max"": 51.3, ""lower_is_better"": false, ""is_percent"": true}]}"
2026-07-26T05:36:16.130591Z,return,Return,44,Katie Volynets,327391,https://www.wtatennis.com/players/327391/katie-volynets,https://photoresources.wtatennis.com/wta/photo/2025/03/10/a134d9aa-293e-48d1-8c33-f4d83e6291ed/Volynets-Torso_327391.png,61.0,1st Return Points Won %,36.1%,2nd Return Points Won %,56.6%,Break Points Converted %,50.0%,Return Games Won %,36.9%,Return Points Won %,44.2%,,,"{""category"": ""return"", ""player_rank"": 95, ""match_count"": 20, ""formula"": ""normalized_score = Σ(metric_norm × weight)"", ""metrics"": [{""key"": ""first_return_percent"", ""name"": ""1st Return Points Won %"", ""raw"": 36.1, ""raw_display"": ""36.1%"", ""normalized"": 55.81, ""weight"": 0.22, ""weight_pct"": 22.0, ""min"": 24.1, ""max"": 45.6, ""lower_is_better"": false, ""is_percent"": true}, {""key"": ""second_return_percent"", ""name"": ""2nd Return Points Won %"", ""raw"": 56.6, ""raw_display"": ""56.6%"", ""normalized"": 70.86, ""weight"": 0.22, ""weight_pct"": 22.0, ""min"": 44.2, ""max"": 61.7, ""lower_is_better"": false, ""is_percent"": true}, {""key"": ""breakpoint_converted_percent"", ""name"": ""Break Points Converted %"", ""raw"": 50.0, ""raw_display"": ""50.0%"", ""normalized"": 59.07, ""weight"": 0.2, ""weight_pct"": 20.0, ""min"": 20.7, ""max"": 70.3, ""lower_is_better"": false, ""is_percent"": true}, {""key"": ""return_games_won_percent"", ""name"": ""Return Games Won %"", ""raw"": 36.9, ""raw_display"": ""36.9%"", ""normalized"": 57.58, ""weight"": 0.16, ""weight_pct"": 16.0, ""min"": 10.3, ""max"": 56.5, ""lower_is_better"": false, ""is_percent"": true}, {""key"": ""return_points_won_percent"", ""name"": ""Return Points Won %"", ""raw"": 44.2, ""raw_display"": ""44.2%"", ""normalized"": 60.77, ""weight"": 0.2, ""weight_pct"": 20.0, ""min"": 33.2, ""max"": 51.3, ""lower_is_better"": false, ""is_percent"": true}]}"
2026-07-26T05:36:16.130591Z,return,Return,45,Jessica Pegula,316956,https://www.wtatennis.com/players/316956/jessica-pegula,https://photoresources.wtatennis.com/wta/photo/2024/04/24/a8ebbc95-1be0-4792-a0d0-79d6e8932122/Pegula-Torso_316956-1.png,60.8,1st Return Points Won %,38.9%,2nd Return Points Won %,55.7%,Break Points Converted %,41.4%,Return Games Won %,37.7%,Return Points Won %,45.3%,,,"{""category"": ""return"", ""player_rank"": 3, ""match_count"": 44, ""formula"": ""normalized_score = Σ(metric_norm × weight)"", ""metrics"": [{""key"": ""first_return_percent"", ""name"": ""1st Return Points Won %"", ""raw"": 38.9, ""raw_display"": ""38.9%"", ""normalized"": 68.84, ""weight"": 0.22, ""weight_pct"": 22.0, ""min"": 24.1, ""max"": 45.6, ""lower_is_better"": false, ""is_percent"": true}, {""key"": ""second_return_percent"", ""name"": ""2nd Return Points Won %"", ""raw"": 55.7, ""raw_display"": ""55.7%"", ""normalized"": 65.71, ""weight"": 0.22, ""weight_pct"": 22.0, ""min"": 44.2, ""max"": 61.7, ""lower_is_better"": false, ""is_percent"": true}, {""key"": ""breakpoint_converted_percent"", ""name"": ""Break Points Converted %"", ""raw"": 41.4, ""raw_display"": ""41.4%"", ""normalized"": 41.73, ""weight"": 0.2, ""weight_pct"": 20.0, ""min"": 20.7, ""max"": 70.3, ""lower_is_better"": false, ""is_percent"": true}, {""key"": ""return_games_won_percent"", ""name"": ""Return Games Won %"", ""raw"": 37.7, ""raw_display"": ""37.7%"", ""normalized"": 59.31, ""weight"": 0.16, ""weight_pct"": 16.0, ""min"": 10.3, ""max"": 56.5, ""lower_is_better"": false, ""is_percent"": true}, {""key"": ""return_points_won_percent"", ""name"": ""Return Points Won %"", ""raw"": 45.3, ""raw_display"": ""45.3%"", ""normalized"": 66.85, ""weight"": 0.2, ""weight_pct"": 20.0, ""min"": 33.2, ""max"": 51.3, ""lower_is_better"": false, ""is_percent"": true}]}"
2026-07-26T05:36:16.130591Z,return,Return,46,Eva Lys,325826,https://www.wtatennis.com/players/325826/eva-lys,https://photoresources.wtatennis.com/wta/photo/2025/03/10/9fed6133-35ab-4e3a-9243-90e6f1432fb5/Lys-Torso_325826.png,60.4,1st Return Points Won %,35.6%,2nd Return Points Won %,58.5%,Break Points Converted %,44.6%,Return Games Won %,36.5%,Return Points Won %,44.0%,,,"{""category"": ""return"", ""player_rank"": 86, ""match_count"": 16, ""formula"": ""normalized_score = Σ(metric_norm × weight)"", ""metrics"": [{""key"": ""first_return_percent"", ""name"": ""1st Return Points Won %"", ""raw"": 35.6, ""raw_display"": ""35.6%"", ""normalized"": 53.49, ""weight"": 0.22, ""weight_pct"": 22.0, ""min"": 24.1, ""max"": 45.6, ""lower_is_better"": false, ""is_percent"": true}, {""key"": ""second_return_percent"", ""name"": ""2nd Return Points Won %"", ""raw"": 58.5, ""raw_display"": ""58.5%"", ""normalized"": 81.71, ""weight"": 0.22, ""weight_pct"": 22.0, ""min"": 44.2, ""max"": 61.7, ""lower_is_better"": false, ""is_percent"": true}, {""key"": ""breakpoint_converted_percent"", ""name"": ""Break Points Converted %"", ""raw"": 44.6, ""raw_display"": ""44.6%"", ""normalized"": 48.19, ""weight"": 0.2, ""weight_pct"": 20.0, ""min"": 20.7, ""max"": 70.3, ""lower_is_better"": false, ""is_percent"": true}, {""key"": ""return_games_won_percent"", ""name"": ""Return Games Won %"", ""raw"": 36.5, ""raw_display"": ""36.5%"", ""normalized"": 56.71, ""weight"": 0.16, ""weight_pct"": 16.0, ""min"": 10.3, ""max"": 56.5, ""lower_is_better"": false, ""is_percent"": true}, {""key"": ""return_points_won_percent"", ""name"": ""Return Points Won %"", ""raw"": 44.0, ""raw_display"": ""44.0%"", ""normalized"": 59.67, ""weight"": 0.2, ""weight_pct"": 20.0, ""min"": 33.2, ""max"": 51.3, ""lower_is_better"": false, ""is_percent"": true}]}"
2026-07-26T05:36:16.130591Z,return,Return,47,Diana Shnaider,330482,https://www.wtatennis.com/players/330482/diana-shnaider,https://photoresources.wtatennis.com/wta/photo/2026/01/22/8dcada5f-938a-495f-8e7f-2f0c3cf442f5/Shnaider-Torso_330482.png,59.9,1st Return Points Won %,37.9%,2nd Return Points Won %,55.0%,Break Points Converted %,48.1%,Return Games Won %,36.2%,Return Points Won %,44.2%,,,"{""category"": ""return"", ""player_rank"": 18, ""match_count"": 34, ""formula"": ""normalized_score = Σ(metric_norm × weight)"", ""metrics"": [{""key"": ""first_return_percent"", ""name"": ""1st Return Points Won %"", ""raw"": 37.9, ""raw_display"": ""37.9%"", ""normalized"": 64.19, ""weight"": 0.22, ""weight_pct"": 22.0, ""min"": 24.1, ""max"": 45.6, ""lower_is_better"": false, ""is_percent"": true}, {""key"": ""second_return_percent"", ""name"": ""2nd Return Points Won %"", ""raw"": 55.0, ""raw_display"": ""55.0%"", ""normalized"": 61.71, ""weight"": 0.22, ""weight_pct"": 22.0, ""min"": 44.2, ""max"": 61.7, ""lower_is_better"": false, ""is_percent"": true}, {""key"": ""breakpoint_converted_percent"", ""name"": ""Break Points Converted %"", ""raw"": 48.1, ""raw_display"": ""48.1%"", ""normalized"": 55.24, ""weight"": 0.2, ""weight_pct"": 20.0, ""min"": 20.7, ""max"": 70.3, ""lower_is_better"": false, ""is_percent"": true}, {""key"": ""return_games_won_percent"", ""name"": ""Return Games Won %"", ""raw"": 36.2, ""raw_display"": ""36.2%"", ""normalized"": 56.06, ""weight"": 0.16, ""weight_pct"": 16.0, ""min"": 10.3, ""max"": 56.5, ""lower_is_better"": false, ""is_percent"": true}, {""key"": ""return_points_won_percent"", ""name"": ""Return Points Won %"", ""raw"": 44.2, ""raw_display"": ""44.2%"", ""normalized"": 60.77, ""weight"": 0.2, ""weight_pct"": 20.0, ""min"": 33.2, ""max"": 51.3, ""lower_is_better"": false, ""is_percent"": true}]}"
2026-07-26T05:36:16.130591Z,return,Return,48,Olga Danilovic,324934,https://www.wtatennis.com/players/324934/olga-danilovic,https://photoresources.wtatennis.com/wta/photo/2025/03/10/f4593bf2-9293-4e91-9fd6-696061c339da/Danilovic-Torso_324934.png,59.9,1st Return Points Won %,37.6%,2nd Return Points Won %,55.3%,Break Points Converted %,48.3%,Return Games Won %,36.4%,Return Points Won %,44.0%,,,"{""category"": ""return"", ""player_rank"": 263, ""match_count"": 7, ""formula"": ""normalized_score = Σ(metric_norm × weight)"", ""metrics"": [{""key"": ""first_return_percent"", ""name"": ""1st Return Points Won %"", ""raw"": 37.6, ""raw_display"": ""37.6%"", ""normalized"": 62.79, ""weight"": 0.22, ""weight_pct"": 22.0, ""min"": 24.1, ""max"": 45.6, ""lower_is_better"": false, ""is_percent"": true}, {""key"": ""second_return_percent"", ""name"": ""2nd Return Points Won %"", ""raw"": 55.3, ""raw_display"": ""55.3%"", ""normalized"": 63.43, ""weight"": 0.22, ""weight_pct"": 22.0, ""min"": 44.2, ""max"": 61.7, ""lower_is_better"": false, ""is_percent"": true}, {""key"": ""breakpoint_converted_percent"", ""name"": ""Break Points Converted %"", ""raw"": 48.3, ""raw_display"": ""48.3%"", ""normalized"": 55.65, ""weight"": 0.2, ""weight_pct"": 20.0, ""min"": 20.7, ""max"": 70.3, ""lower_is_better"": false, ""is_percent"": true}, {""key"": ""return_games_won_percent"", ""name"": ""Return Games Won %"", ""raw"": 36.4, ""raw_display"": ""36.4%"", ""normalized"": 56.49, ""weight"": 0.16, ""weight_pct"": 16.0, ""min"": 10.3, ""max"": 56.5, ""lower_is_better"": false, ""is_percent"": true}, {""key"": ""return_points_won_percent"", ""name"": ""Return Points Won %"", ""raw"": 44.0, ""raw_display"": ""44.0%"", ""normalized"": 59.67, ""weight"": 0.2, ""weight_pct"": 20.0, ""min"": 33.2, ""max"": 51.3, ""lower_is_better"": false, ""is_percent"": true}]}"
2026-07-26T05:36:16.130591Z,return,Return,49,Madison Keys,316959,https://www.wtatennis.com/players/316959/madison-keys,https://photoresources.wtatennis.com/wta/photo/2024/04/30/ef78460d-7d2f-46f1-9df1-9f0f37f15f48/Keys-Torso_316959-WTA-Tennis.png,59.7,1st Return Points Won %,38.0%,2nd Return Points Won %,55.4%,Break Points Converted %,47.3%,Return Games Won %,35.4%,Return Points Won %,44.0%,,,"{""category"": ""return"", ""player_rank"": 23, ""match_count"": 35, ""formula"": ""normalized_score = Σ(metric_norm × weight)"", ""metrics"": [{""key"": ""first_return_percent"", ""name"": ""1st Return Points Won %"", ""raw"": 38.0, ""raw_display"": ""38.0%"", ""normalized"": 64.65, ""weight"": 0.22, ""weight_pct"": 22.0, ""min"": 24.1, ""max"": 45.6, ""lower_is_better"": false, ""is_percent"": true}, {""key"": ""second_return_percent"", ""name"": ""2nd Return Points Won %"", ""raw"": 55.4, ""raw_display"": ""55.4%"", ""normalized"": 64.0, ""weight"": 0.22, ""weight_pct"": 22.0, ""min"": 44.2, ""max"": 61.7, ""lower_is_better"": false, ""is_percent"": true}, {""key"": ""breakpoint_converted_percent"", ""name"": ""Break Points Converted %"", ""raw"": 47.3, ""raw_display"": ""47.3%"", ""normalized"": 53.63, ""weight"": 0.2, ""weight_pct"": 20.0, ""min"": 20.7, ""max"": 70.3, ""lower_is_better"": false, ""is_percent"": true}, {""key"": ""return_games_won_percent"", ""name"": ""Return Games Won %"", ""raw"": 35.4, ""raw_display"": ""35.4%"", ""normalized"": 54.33, ""weight"": 0.16, ""weight_pct"": 16.0, ""min"": 10.3, ""max"": 56.5, ""lower_is_better"": false, ""is_percent"": true}, {""key"": ""return_points_won_percent"", ""name"": ""Return Points Won %"", ""raw"": 44.0, ""raw_display"": ""44.0%"", ""normalized"": 59.67, ""weight"": 0.2, ""weight_pct"": 20.0, ""min"": 33.2, ""max"": 51.3, ""lower_is_better"": false, ""is_percent"": true}]}"
2026-07-26T05:36:16.130591Z,return,Return,50,Robin Montgomery,329408,https://www.wtatennis.com/players/329408,,59.6,1st Return Points Won %,37.4%,2nd Return Points Won %,56.4%,Break Points Converted %,45.8%,Return Games Won %,35.1%,Return Points Won %,44.0%,,,"{""category"": ""return"", ""player_rank"": 194, ""match_count"": 7, ""formula"": ""normalized_score = Σ(metric_norm × weight)"", ""metrics"": [{""key"": ""first_return_percent"", ""name"": ""1st Return Points Won %"", ""raw"": 37.4, ""raw_display"": ""37.4%"", ""normalized"": 61.86, ""weight"": 0.22, ""weight_pct"": 22.0, ""min"": 24.1, ""max"": 45.6, ""lower_is_better"": false, ""is_percent"": true}, {""key"": ""second_return_percent"", ""name"": ""2nd Return Points Won %"", ""raw"": 56.4, ""raw_display"": ""56.4%"", ""normalized"": 69.71, ""weight"": 0.22, ""weight_pct"": 22.0, ""min"": 44.2, ""max"": 61.7, ""lower_is_better"": false, ""is_percent"": true}, {""key"": ""breakpoint_converted_percent"", ""name"": ""Break Points Converted %"", ""raw"": 45.8, ""raw_display"": ""45.8%"", ""normalized"": 50.6, ""weight"": 0.2, ""weight_pct"": 20.0, ""min"": 20.7, ""max"": 70.3, ""lower_is_better"": false, ""is_percent"": true}, {""key"": ""return_games_won_percent"", ""name"": ""Return Games Won %"", ""raw"": 35.1, ""raw_display"": ""35.1%"", ""normalized"": 53.68, ""weight"": 0.16, ""weight_pct"": 16.0, ""min"": 10.3, ""max"": 56.5, ""lower_is_better"": false, ""is_percent"": true}, {""key"": ""return_points_won_percent"", ""name"": ""Return Points Won %"", ""raw"": 44.0, ""raw_display"": ""44.0%"", ""normalized"": 59.67, ""weight"": 0.2, ""weight_pct"": 20.0, ""min"": 33.2, ""max"": 51.3, ""lower_is_better"": false, ""is_percent"": true}]}"
2026-07-26T05:36:16.130591Z,return,Return,51,Viktoriya Tomova,317584,https://www.wtatennis.com/players/317584/viktoriya-tomova,https://photoresources.wtatennis.com/wta/photo/2024/05/01/e5fcede5-c3e6-427d-ae1a-a194d4f364b0/Tomova-Torso_317584-WTA-Tennis.png,59.5,1st Return Points Won %,40.0%,2nd Return Points Won %,53.0%,Break Points Converted %,46.5%,Return Games Won %,37.7%,Return Points Won %,44.3%,,,"{""category"": ""return"", ""player_rank"": 232, ""match_count"": 5, ""formula"": ""normalized_score = Σ(metric_norm × weight)"", ""metrics"": [{""key"": ""first_return_percent"", ""name"": ""1st Return Points Won %"", ""raw"": 40.0, ""raw_display"": ""40.0%"", ""normalized"": 73.95, ""weight"": 0.22, ""weight_pct"": 22.0, ""min"": 24.1, ""max"": 45.6, ""lower_is_better"": false, ""is_percent"": true}, {""key"": ""second_return_percent"", ""name"": ""2nd Return Points Won %"", ""raw"": 53.0, ""raw_display"": ""53.0%"", ""normalized"": 50.29, ""weight"": 0.22, ""weight_pct"": 22.0, ""min"": 44.2, ""max"": 61.7, ""lower_is_better"": false, ""is_percent"": true}, {""key"": ""breakpoint_converted_percent"", ""name"": ""Break Points Converted %"", ""raw"": 46.5, ""raw_display"": ""46.5%"", ""normalized"": 52.02, ""weight"": 0.2, ""weight_pct"": 20.0, ""min"": 20.7, ""max"": 70.3, ""lower_is_better"": false, ""is_percent"": true}, {""key"": ""return_games_won_percent"", ""name"": ""Return Games Won %"", ""raw"": 37.7, ""raw_display"": ""37.7%"", ""normalized"": 59.31, ""weight"": 0.16, ""weight_pct"": 16.0, ""min"": 10.3, ""max"": 56.5, ""lower_is_better"": false, ""is_percent"": true}, {""key"": ""return_points_won_percent"", ""name"": ""Return Points Won %"", ""raw"": 44.3, ""raw_display"": ""44.3%"", ""normalized"": 61.33, ""weight"": 0.2, ""weight_pct"": 20.0, ""min"": 33.2, ""max"": 51.3, ""lower_is_better"": false, ""is_percent"": true}]}"
2026-07-26T05:36:16.130591Z,return,Return,52,Elisabetta Cocciaretto,327909,https://www.wtatennis.com/players/327909/elisabetta-cocciaretto,https://photoresources.wtatennis.com/wta/photo/2024/04/29/a85db770-1892-419b-bf18-3b7fc6f0be27/Cocciaretto-Torso_327909-WTA-Tennis.png,59.3,1st Return Points Won %,35.9%,2nd Return Points Won %,56.5%,Break Points Converted %,47.7%,Return Games Won %,36.5%,Return Points Won %,43.9%,,,"{""category"": ""return"", ""player_rank"": 69, ""match_count"": 25, ""formula"": ""normalized_score = Σ(metric_norm × weight)"", ""metrics"": [{""key"": ""first_return_percent"", ""name"": ""1st Return Points Won %"", ""raw"": 35.9, ""raw_display"": ""35.9%"", ""normalized"": 54.88, ""weight"": 0.22, ""weight_pct"": 22.0, ""min"": 24.1, ""max"": 45.6, ""lower_is_better"": false, ""is_percent"": true}, {""key"": ""second_return_percent"", ""name"": ""2nd Return Points Won %"", ""raw"": 56.5, ""raw_display"": ""56.5%"", ""normalized"": 70.29, ""weight"": 0.22, ""weight_pct"": 22.0, ""min"": 44.2, ""max"": 61.7, ""lower_is_better"": false, ""is_percent"": true}, {""key"": ""breakpoint_converted_percent"", ""name"": ""Break Points Converted %"", ""raw"": 47.7, ""raw_display"": ""47.7%"", ""normalized"": 54.44, ""weight"": 0.2, ""weight_pct"": 20.0, ""min"": 20.7, ""max"": 70.3, ""lower_is_better"": false, ""is_percent"": true}, {""key"": ""return_games_won_percent"", ""name"": ""Return Games Won %"", ""raw"": 36.5, ""raw_display"": ""36.5%"", ""normalized"": 56.71, ""weight"": 0.16, ""weight_pct"": 16.0, ""min"": 10.3, ""max"": 56.5, ""lower_is_better"": false, ""is_percent"": true}, {""key"": ""return_points_won_percent"", ""name"": ""Return Points Won %"", ""raw"": 43.9, ""raw_display"": ""43.9%"", ""normalized"": 59.12, ""weight"": 0.2, ""weight_pct"": 20.0, ""min"": 33.2, ""max"": 51.3, ""lower_is_better"": false, ""is_percent"": true}]}"
2026-07-26T05:36:16.130591Z,return,Return,53,Aryna Sabalenka,320760,https://www.wtatennis.com/players/320760/aryna-sabalenka,https://photoresources.wtatennis.com/wta/photo/2024/04/22/46f655c7-32a6-4c66-9854-20df07b7de7b/Sabalenka-Torso_320760.png,59.1,1st Return Points Won %,36.3%,2nd Return Points Won %,56.8%,Break Points Converted %,43.1%,Return Games Won %,36.5%,Return Points Won %,44.7%,,,"{""category"": ""return"", ""player_rank"": 1, ""match_count"": 42, ""formula"": ""normalized_score = Σ(metric_norm × weight)"", ""metrics"": [{""key"": ""first_return_percent"", ""name"": ""1st Return Points Won %"", ""raw"": 36.3, ""raw_display"": ""36.3%"", ""normalized"": 56.74, ""weight"": 0.22, ""weight_pct"": 22.0, ""min"": 24.1, ""max"": 45.6, ""lower_is_better"": false, ""is_percent"": true}, {""key"": ""second_return_percent"", ""name"": ""2nd Return Points Won %"", ""raw"": 56.8, ""raw_display"": ""56.8%"", ""normalized"": 72.0, ""weight"": 0.22, ""weight_pct"": 22.0, ""min"": 44.2, ""max"": 61.7, ""lower_is_better"": false, ""is_percent"": true}, {""key"": ""breakpoint_converted_percent"", ""name"": ""Break Points Converted %"", ""raw"": 43.1, ""raw_display"": ""43.1%"", ""normalized"": 45.16, ""weight"": 0.2, ""weight_pct"": 20.0, ""min"": 20.7, ""max"": 70.3, ""lower_is_better"": false, ""is_percent"": true}, {""key"": ""return_games_won_percent"", ""name"": ""Return Games Won %"", ""raw"": 36.5, ""raw_display"": ""36.5%"", ""normalized"": 56.71, ""weight"": 0.16, ""weight_pct"": 16.0, ""min"": 10.3, ""max"": 56.5, ""lower_is_better"": false, ""is_percent"": true}, {""key"": ""return_points_won_percent"", ""name"": ""Return Points Won %"", ""raw"": 44.7, ""raw_display"": ""44.7%"", ""normalized"": 63.54, ""weight"": 0.2, ""weight_pct"": 20.0, ""min"": 33.2, ""max"": 51.3, ""lower_is_better"": false, ""is_percent"": true}]}"
2026-07-26T05:36:16.130591Z,return,Return,54,Maria Timofeeva,328896,https://www.wtatennis.com/players/328896/maria-timofeeva,https://photoresources.wtatennis.com/wta/photo/2024/04/30/f8820c5f-c10c-4804-9633-16baf2ea2f10/Timofeeva-Torso_328896-WTA-Tennis.png,58.8,1st Return Points Won %,37.2%,2nd Return Points Won %,53.6%,Break Points Converted %,51.6%,Return Games Won %,34.8%,Return Points Won %,44.6%,,,"{""category"": ""return"", ""player_rank"": 84, ""match_count"": 5, ""formula"": ""normalized_score = Σ(metric_norm × weight)"", ""metrics"": [{""key"": ""first_return_percent"", ""name"": ""1st Return Points Won %"", ""raw"": 37.2, ""raw_display"": ""37.2%"", ""normalized"": 60.93, ""weight"": 0.22, ""weight_pct"": 22.0, ""min"": 24.1, ""max"": 45.6, ""lower_is_better"": false, ""is_percent"": true}, {""key"": ""second_return_percent"", ""name"": ""2nd Return Points Won %"", ""raw"": 53.6, ""raw_display"": ""53.6%"", ""normalized"": 53.71, ""weight"": 0.22, ""weight_pct"": 22.0, ""min"": 44.2, ""max"": 61.7, ""lower_is_better"": false, ""is_percent"": true}, {""key"": ""breakpoint_converted_percent"", ""name"": ""Break Points Converted %"", ""raw"": 51.6, ""raw_display"": ""51.6%"", ""normalized"": 62.3, ""weight"": 0.2, ""weight_pct"": 20.0, ""min"": 20.7, ""max"": 70.3, ""lower_is_better"": false, ""is_percent"": true}, {""key"": ""return_games_won_percent"", ""name"": ""Return Games Won %"", ""raw"": 34.8, ""raw_display"": ""34.8%"", ""normalized"": 53.03, ""weight"": 0.16, ""weight_pct"": 16.0, ""min"": 10.3, ""max"": 56.5, ""lower_is_better"": false, ""is_percent"": true}, {""key"": ""return_points_won_percent"", ""name"": ""Return Points Won %"", ""raw"": 44.6, ""raw_display"": ""44.6%"", ""normalized"": 62.98, ""weight"": 0.2, ""weight_pct"": 20.0, ""min"": 33.2, ""max"": 51.3, ""lower_is_better"": false, ""is_percent"": true}]}"
2026-07-26T05:36:16.130591Z,return,Return,55,Emiliana Arango,324789,https://www.wtatennis.com/players/324789/emiliana-arango,https://photoresources.wtatennis.com/wta/photo/2024/05/01/549f2b70-163d-4be0-90ec-a25fb84e1e72/Arango-Torso_324789-WTA-Tennis.png,57.5,1st Return Points Won %,38.8%,2nd Return Points Won %,54.7%,Break Points Converted %,40.3%,Return Games Won %,35.5%,Return Points Won %,44.6%,,,"{""category"": ""return"", ""player_rank"": 96, ""match_count"": 22, ""formula"": ""normalized_score = Σ(metric_norm × weight)"", ""metrics"": [{""key"": ""first_return_percent"", ""name"": ""1st Return Points Won %"", ""raw"": 38.8, ""raw_display"": ""38.8%"", ""normalized"": 68.37, ""weight"": 0.22, ""weight_pct"": 22.0, ""min"": 24.1, ""max"": 45.6, ""lower_is_better"": false, ""is_percent"": true}, {""key"": ""second_return_percent"", ""name"": ""2nd Return Points Won %"", ""raw"": 54.7, ""raw_display"": ""54.7%"", ""normalized"": 60.0, ""weight"": 0.22, ""weight_pct"": 22.0, ""min"": 44.2, ""max"": 61.7, ""lower_is_better"": false, ""is_percent"": true}, {""key"": ""breakpoint_converted_percent"", ""name"": ""Break Points Converted %"", ""raw"": 40.3, ""raw_display"": ""40.3%"", ""normalized"": 39.52, ""weight"": 0.2, ""weight_pct"": 20.0, ""min"": 20.7, ""max"": 70.3, ""lower_is_better"": false, ""is_percent"": true}, {""key"": ""return_games_won_percent"", ""name"": ""Return Games Won %"", ""raw"": 35.5, ""raw_display"": ""35.5%"", ""normalized"": 54.55, ""weight"": 0.16, ""weight_pct"": 16.0, ""min"": 10.3, ""max"": 56.5, ""lower_is_better"": false, ""is_percent"": true}, {""key"": ""return_points_won_percent"", ""name"": ""Return Points Won %"", ""raw"": 44.6, ""raw_display"": ""44.6%"", ""normalized"": 62.98, ""weight"": 0.2, ""weight_pct"": 20.0, ""min"": 33.2, ""max"": 51.3, ""lower_is_better"": false, ""is_percent"": true}]}"
2026-07-26T05:36:16.130591Z,return,Return,56,Victoria Mboko,331006,https://www.wtatennis.com/players/331006/victoria-mboko,https://photoresources.wtatennis.com/wta/photo/2025/08/05/1d09b84e-0f3c-4413-b460-67f269a9cf35/Mboko-Torso_331006.png,57.4,1st Return Points Won %,37.6%,2nd Return Points Won %,54.6%,Break Points Converted %,46.5%,Return Games Won %,34.8%,Return Points Won %,43.7%,,,"{""category"": ""return"", ""player_rank"": 12, ""match_count"": 34, ""formula"": ""normalized_score = Σ(metric_norm × weight)"", ""metrics"": [{""key"": ""first_return_percent"", ""name"": ""1st Return Points Won %"", ""raw"": 37.6, ""raw_display"": ""37.6%"", ""normalized"": 62.79, ""weight"": 0.22, ""weight_pct"": 22.0, ""min"": 24.1, ""max"": 45.6, ""lower_is_better"": false, ""is_percent"": true}, {""key"": ""second_return_percent"", ""name"": ""2nd Return Points Won %"", ""raw"": 54.6, ""raw_display"": ""54.6%"", ""normalized"": 59.43, ""weight"": 0.22, ""weight_pct"": 22.0, ""min"": 44.2, ""max"": 61.7, ""lower_is_better"": false, ""is_percent"": true}, {""key"": ""breakpoint_converted_percent"", ""name"": ""Break Points Converted %"", ""raw"": 46.5, ""raw_display"": ""46.5%"", ""normalized"": 52.02, ""weight"": 0.2, ""weight_pct"": 20.0, ""min"": 20.7, ""max"": 70.3, ""lower_is_better"": false, ""is_percent"": true}, {""key"": ""return_games_won_percent"", ""name"": ""Return Games Won %"", ""raw"": 34.8, ""raw_display"": ""34.8%"", ""normalized"": 53.03, ""weight"": 0.16, ""weight_pct"": 16.0, ""min"": 10.3, ""max"": 56.5, ""lower_is_better"": false, ""is_percent"": true}, {""key"": ""return_points_won_percent"", ""name"": ""Return Points Won %"", ""raw"": 43.7, ""raw_display"": ""43.7%"", ""normalized"": 58.01, ""weight"": 0.2, ""weight_pct"": 20.0, ""min"": 33.2, ""max"": 51.3, ""lower_is_better"": false, ""is_percent"": true}]}"
2026-07-26T05:36:16.130591Z,return,Return,57,Naomi Osaka,319998,https://www.wtatennis.com/players/319998/naomi-osaka,https://photoresources.wtatennis.com/wta/photo/2025/03/10/ee7a0c61-80e6-4a94-893e-bfd14284fd10/Osaka-Torso_319998.png,56.8,1st Return Points Won %,36.8%,2nd Return Points Won %,55.1%,Break Points Converted %,47.1%,Return Games Won %,34.3%,Return Points Won %,43.3%,,,"{""category"": ""return"", ""player_rank"": 13, ""match_count"": 28, ""formula"": ""normalized_score = Σ(metric_norm × weight)"", ""metrics"": [{""key"": ""first_return_percent"", ""name"": ""1st Return Points Won %"", ""raw"": 36.8, ""raw_display"": ""36.8%"", ""normalized"": 59.07, ""weight"": 0.22, ""weight_pct"": 22.0, ""min"": 24.1, ""max"": 45.6, ""lower_is_better"": false, ""is_percent"": true}, {""key"": ""second_return_percent"", ""name"": ""2nd Return Points Won %"", ""raw"": 55.1, ""raw_display"": ""55.1%"", ""normalized"": 62.29, ""weight"": 0.22, ""weight_pct"": 22.0, ""min"": 44.2, ""max"": 61.7, ""lower_is_better"": false, ""is_percent"": true}, {""key"": ""breakpoint_converted_percent"", ""name"": ""Break Points Converted %"", ""raw"": 47.1, ""raw_display"": ""47.1%"", ""normalized"": 53.23, ""weight"": 0.2, ""weight_pct"": 20.0, ""min"": 20.7, ""max"": 70.3, ""lower_is_better"": false, ""is_percent"": true}, {""key"": ""return_games_won_percent"", ""name"": ""Return Games Won %"", ""raw"": 34.3, ""raw_display"": ""34.3%"", ""normalized"": 51.95, ""weight"": 0.16, ""weight_pct"": 16.0, ""min"": 10.3, ""max"": 56.5, ""lower_is_better"": false, ""is_percent"": true}, {""key"": ""return_points_won_percent"", ""name"": ""Return Points Won %"", ""raw"": 43.3, ""raw_display"": ""43.3%"", ""normalized"": 55.8, ""weight"": 0.2, ""weight_pct"": 20.0, ""min"": 33.2, ""max"": 51.3, ""lower_is_better"": false, ""is_percent"": true}]}"
2026-07-26T05:36:16.130591Z,return,Return,58,Katie Boulter,319125,https://www.wtatennis.com/players/319125/katie-boulter,https://photoresources.wtatennis.com/wta/photo/2025/03/10/946d19c1-7cd7-49ed-b06b-310ced76ac17/Boulter-Torso_319125.png,56.6,1st Return Points Won %,37.9%,2nd Return Points Won %,53.4%,Break Points Converted %,45.5%,Return Games Won %,36.6%,Return Points Won %,43.9%,,,"{""category"": ""return"", ""player_rank"": 68, ""match_count"": 29, ""formula"": ""normalized_score = Σ(metric_norm × weight)"", ""metrics"": [{""key"": ""first_return_percent"", ""name"": ""1st Return Points Won %"", ""raw"": 37.9, ""raw_display"": ""37.9%"", ""normalized"": 64.19, ""weight"": 0.22, ""weight_pct"": 22.0, ""min"": 24.1, ""max"": 45.6, ""lower_is_better"": false, ""is_percent"": true}, {""key"": ""second_return_percent"", ""name"": ""2nd Return Points Won %"", ""raw"": 53.4, ""raw_display"": ""53.4%"", ""normalized"": 52.57, ""weight"": 0.22, ""weight_pct"": 22.0, ""min"": 44.2, ""max"": 61.7, ""lower_is_better"": false, ""is_percent"": true}, {""key"": ""breakpoint_converted_percent"", ""name"": ""Break Points Converted %"", ""raw"": 45.5, ""raw_display"": ""45.5%"", ""normalized"": 50.0, ""weight"": 0.2, ""weight_pct"": 20.0, ""min"": 20.7, ""max"": 70.3, ""lower_is_better"": false, ""is_percent"": true}, {""key"": ""return_games_won_percent"", ""name"": ""Return Games Won %"", ""raw"": 36.6, ""raw_display"": ""36.6%"", ""normalized"": 56.93, ""weight"": 0.16, ""weight_pct"": 16.0, ""min"": 10.3, ""max"": 56.5, ""lower_is_better"": false, ""is_percent"": true}, {""key"": ""return_points_won_percent"", ""name"": ""Return Points Won %"", ""raw"": 43.9, ""raw_display"": ""43.9%"", ""normalized"": 59.12, ""weight"": 0.2, ""weight_pct"": 20.0, ""min"": 33.2, ""max"": 51.3, ""lower_is_better"": false, ""is_percent"": true}]}"
2026-07-26T05:36:16.130591Z,return,Return,59,Alexandra Eala,330332,https://www.wtatennis.com/players/330332/alexandra-eala,https://photoresources.wtatennis.com/wta/photo/2025/03/10/5d309c14-020e-4ac0-b3f2-09118f48fbc7/Eala-Torso_330332.png,56.5,1st Return Points Won %,36.1%,2nd Return Points Won %,56.7%,Break Points Converted %,40.9%,Return Games Won %,35.4%,Return Points Won %,43.8%,,,"{""category"": ""return"", ""player_rank"": 29, ""match_count"": 40, ""formula"": ""normalized_score = Σ(metric_norm × weight)"", ""metrics"": [{""key"": ""first_return_percent"", ""name"": ""1st Return Points Won %"", ""raw"": 36.1, ""raw_display"": ""36.1%"", ""normalized"": 55.81, ""weight"": 0.22, ""weight_pct"": 22.0, ""min"": 24.1, ""max"": 45.6, ""lower_is_better"": false, ""is_percent"": true}, {""key"": ""second_return_percent"", ""name"": ""2nd Return Points Won %"", ""raw"": 56.7, ""raw_display"": ""56.7%"", ""normalized"": 71.43, ""weight"": 0.22, ""weight_pct"": 22.0, ""min"": 44.2, ""max"": 61.7, ""lower_is_better"": false, ""is_percent"": true}, {""key"": ""breakpoint_converted_percent"", ""name"": ""Break Points Converted %"", ""raw"": 40.9, ""raw_display"": ""40.9%"", ""normalized"": 40.73, ""weight"": 0.2, ""weight_pct"": 20.0, ""min"": 20.7, ""max"": 70.3, ""lower_is_better"": false, ""is_percent"": true}, {""key"": ""return_games_won_percent"", ""name"": ""Return Games Won %"", ""raw"": 35.4, ""raw_display"": ""35.4%"", ""normalized"": 54.33, ""weight"": 0.16, ""weight_pct"": 16.0, ""min"": 10.3, ""max"": 56.5, ""lower_is_better"": false, ""is_percent"": true}, {""key"": ""return_points_won_percent"", ""name"": ""Return Points Won %"", ""raw"": 43.8, ""raw_display"": ""43.8%"", ""normalized"": 58.56, ""weight"": 0.2, ""weight_pct"": 20.0, ""min"": 33.2, ""max"": 51.3, ""lower_is_better"": false, ""is_percent"": true}]}"
2026-07-26T05:36:16.130591Z,return,Return,60,Yulia Putintseva,317683,https://www.wtatennis.com/players/317683/yulia-putintseva,https://photoresources.wtatennis.com/wta/photo/2023/06/02/3aef9023-00a9-4f48-956d-10564525ae5a/Putntseva-Torso_317683.png,56.4,1st Return Points Won %,37.0%,2nd Return Points Won %,55.8%,Break Points Converted %,41.1%,Return Games Won %,34.9%,Return Points Won %,43.9%,,,"{""category"": ""return"", ""player_rank"": 79, ""match_count"": 24, ""formula"": ""normalized_score = Σ(metric_norm × weight)"", ""metrics"": [{""key"": ""first_return_percent"", ""name"": ""1st Return Points Won %"", ""raw"": 37.0, ""raw_display"": ""37.0%"", ""normalized"": 60.0, ""weight"": 0.22, ""weight_pct"": 22.0, ""min"": 24.1, ""max"": 45.6, ""lower_is_better"": false, ""is_percent"": true}, {""key"": ""second_return_percent"", ""name"": ""2nd Return Points Won %"", ""raw"": 55.8, ""raw_display"": ""55.8%"", ""normalized"": 66.29, ""weight"": 0.22, ""weight_pct"": 22.0, ""min"": 44.2, ""max"": 61.7, ""lower_is_better"": false, ""is_percent"": true}, {""key"": ""breakpoint_converted_percent"", ""name"": ""Break Points Converted %"", ""raw"": 41.1, ""raw_display"": ""41.1%"", ""normalized"": 41.13, ""weight"": 0.2, ""weight_pct"": 20.0, ""min"": 20.7, ""max"": 70.3, ""lower_is_better"": false, ""is_percent"": true}, {""key"": ""return_games_won_percent"", ""name"": ""Return Games Won %"", ""raw"": 34.9, ""raw_display"": ""34.9%"", ""normalized"": 53.25, ""weight"": 0.16, ""weight_pct"": 16.0, ""min"": 10.3, ""max"": 56.5, ""lower_is_better"": false, ""is_percent"": true}, {""key"": ""return_points_won_percent"", ""name"": ""Return Points Won %"", ""raw"": 43.9, ""raw_display"": ""43.9%"", ""normalized"": 59.12, ""weight"": 0.2, ""weight_pct"": 20.0, ""min"": 33.2, ""max"": 51.3, ""lower_is_better"": false, ""is_percent"": true}]}"
2026-07-26T05:36:16.130591Z,return,Return,61,Oksana Selekhmeteva,329199,https://www.wtatennis.com/players/329199/oksana-selekhmeteva,https://photoresources.wtatennis.com/wta/photo/2026/02/05/867a819c-d195-48fe-aff0-d496691909a1/Selekhmeteva-Torso_329199.png,56.4,1st Return Points Won %,34.7%,2nd Return Points Won %,56.9%,Break Points Converted %,43.3%,Return Games Won %,35.6%,Return Points Won %,43.8%,,,"{""category"": ""return"", ""player_rank"": 98, ""match_count"": 16, ""formula"": ""normalized_score = Σ(metric_norm × weight)"", ""metrics"": [{""key"": ""first_return_percent"", ""name"": ""1st Return Points Won %"", ""raw"": 34.7, ""raw_display"": ""34.7%"", ""normalized"": 49.3, ""weight"": 0.22, ""weight_pct"": 22.0, ""min"": 24.1, ""max"": 45.6, ""lower_is_better"": false, ""is_percent"": true}, {""key"": ""second_return_percent"", ""name"": ""2nd Return Points Won %"", ""raw"": 56.9, ""raw_display"": ""56.9%"", ""normalized"": 72.57, ""weight"": 0.22, ""weight_pct"": 22.0, ""min"": 44.2, ""max"": 61.7, ""lower_is_better"": false, ""is_percent"": true}, {""key"": ""breakpoint_converted_percent"", ""name"": ""Break Points Converted %"", ""raw"": 43.3, ""raw_display"": ""43.3%"", ""normalized"": 45.56, ""weight"": 0.2, ""weight_pct"": 20.0, ""min"": 20.7, ""max"": 70.3, ""lower_is_better"": false, ""is_percent"": true}, {""key"": ""return_games_won_percent"", ""name"": ""Return Games Won %"", ""raw"": 35.6, ""raw_display"": ""35.6%"", ""normalized"": 54.76, ""weight"": 0.16, ""weight_pct"": 16.0, ""min"": 10.3, ""max"": 56.5, ""lower_is_better"": false, ""is_percent"": true}, {""key"": ""return_points_won_percent"", ""name"": ""Return Points Won %"", ""raw"": 43.8, ""raw_display"": ""43.8%"", ""normalized"": 58.56, ""weight"": 0.2, ""weight_pct"": 20.0, ""min"": 33.2, ""max"": 51.3, ""lower_is_better"": false, ""is_percent"": true}]}"
2026-07-26T05:36:16.130591Z,return,Return,62,Jasmine Paolini,319280,https://www.wtatennis.com/players/319280/jasmine-paolini,https://photoresources.wtatennis.com/wta/photo/2025/03/10/d1b8e1a1-8a44-47e2-baf6-f10b225b9374/Paolini-Torso_319280.png,56.1,1st Return Points Won %,37.4%,2nd Return Points Won %,54.3%,Break Points Converted %,44.0%,Return Games Won %,36.0%,Return Points Won %,43.6%,,,"{""category"": ""return"", ""player_rank"": 15, ""match_count"": 28, ""formula"": ""normalized_score = Σ(metric_norm × weight)"", ""metrics"": [{""key"": ""first_return_percent"", ""name"": ""1st Return Points Won %"", ""raw"": 37.4, ""raw_display"": ""37.4%"", ""normalized"": 61.86, ""weight"": 0.22, ""weight_pct"": 22.0, ""min"": 24.1, ""max"": 45.6, ""lower_is_better"": false, ""is_percent"": true}, {""key"": ""second_return_percent"", ""name"": ""2nd Return Points Won %"", ""raw"": 54.3, ""raw_display"": ""54.3%"", ""normalized"": 57.71, ""weight"": 0.22, ""weight_pct"": 22.0, ""min"": 44.2, ""max"": 61.7, ""lower_is_better"": false, ""is_percent"": true}, {""key"": ""breakpoint_converted_percent"", ""name"": ""Break Points Converted %"", ""raw"": 44.0, ""raw_display"": ""44.0%"", ""normalized"": 46.98, ""weight"": 0.2, ""weight_pct"": 20.0, ""min"": 20.7, ""max"": 70.3, ""lower_is_better"": false, ""is_percent"": true}, {""key"": ""return_games_won_percent"", ""name"": ""Return Games Won %"", ""raw"": 36.0, ""raw_display"": ""36.0%"", ""normalized"": 55.63, ""weight"": 0.16, ""weight_pct"": 16.0, ""min"": 10.3, ""max"": 56.5, ""lower_is_better"": false, ""is_percent"": true}, {""key"": ""return_points_won_percent"", ""name"": ""Return Points Won %"", ""raw"": 43.6, ""raw_display"": ""43.6%"", ""normalized"": 57.46, ""weight"": 0.2, ""weight_pct"": 20.0, ""min"": 33.2, ""max"": 51.3, ""lower_is_better"": false, ""is_percent"": true}]}"
2026-07-26T05:36:16.130591Z,return,Return,63,Nikola Bartunkova,330364,https://www.wtatennis.com/players/330364/nikola-bartunkova,https://photoresources.wtatennis.com/wta/photo/2026/01/29/4088dfc5-88af-4b6f-b61d-42245e39955f/Bartunkova-Torso_330364.png,56.1,1st Return Points Won %,35.0%,2nd Return Points Won %,57.1%,Break Points Converted %,47.0%,Return Games Won %,32.7%,Return Points Won %,42.6%,,,"{""category"": ""return"", ""player_rank"": 44, ""match_count"": 19, ""formula"": ""normalized_score = Σ(metric_norm × weight)"", ""metrics"": [{""key"": ""first_return_percent"", ""name"": ""1st Return Points Won %"", ""raw"": 35.0, ""raw_display"": ""35.0%"", ""normalized"": 50.7, ""weight"": 0.22, ""weight_pct"": 22.0, ""min"": 24.1, ""max"": 45.6, ""lower_is_better"": false, ""is_percent"": true}, {""key"": ""second_return_percent"", ""name"": ""2nd Return Points Won %"", ""raw"": 57.1, ""raw_display"": ""57.1%"", ""normalized"": 73.71, ""weight"": 0.22, ""weight_pct"": 22.0, ""min"": 44.2, ""max"": 61.7, ""lower_is_better"": false, ""is_percent"": true}, {""key"": ""breakpoint_converted_percent"", ""name"": ""Break Points Converted %"", ""raw"": 47.0, ""raw_display"": ""47.0%"", ""normalized"": 53.02, ""weight"": 0.2, ""weight_pct"": 20.0, ""min"": 20.7, ""max"": 70.3, ""lower_is_better"": false, ""is_percent"": true}, {""key"": ""return_games_won_percent"", ""name"": ""Return Games Won %"", ""raw"": 32.7, ""raw_display"": ""32.7%"", ""normalized"": 48.48, ""weight"": 0.16, ""weight_pct"": 16.0, ""min"": 10.3, ""max"": 56.5, ""lower_is_better"": false, ""is_percent"": true}, {""key"": ""return_points_won_percent"", ""name"": ""Return Points Won %"", ""raw"": 42.6, ""raw_display"": ""42.6%"", ""normalized"": 51.93, ""weight"": 0.2, ""weight_pct"": 20.0, ""min"": 33.2, ""max"": 51.3, ""lower_is_better"": false, ""is_percent"": true}]}"
2026-07-26T05:36:16.130591Z,return,Return,64,Aliaksandra Sasnovich,317790,https://www.wtatennis.com/players/317790/aliaksandra-sasnovich,https://photoresources.wtatennis.com/wta/photo/2023/06/05/4c9520ec-6944-4fbd-94cd-9bc2c579959d/Sasnovich-Torso_317790.png,55.9,1st Return Points Won %,36.6%,2nd Return Points Won %,53.8%,Break Points Converted %,50.6%,Return Games Won %,34.9%,Return Points Won %,42.7%,,,"{""category"": ""return"", ""player_rank"": 133, ""match_count"": 12, ""formula"": ""normalized_score = Σ(metric_norm × weight)"", ""metrics"": [{""key"": ""first_return_percent"", ""name"": ""1st Return Points Won %"", ""raw"": 36.6, ""raw_display"": ""36.6%"", ""normalized"": 58.14, ""weight"": 0.22, ""weight_pct"": 22.0, ""min"": 24.1, ""max"": 45.6, ""lower_is_better"": false, ""is_percent"": true}, {""key"": ""second_return_percent"", ""name"": ""2nd Return Points Won %"", ""raw"": 53.8, ""raw_display"": ""53.8%"", ""normalized"": 54.86, ""weight"": 0.22, ""weight_pct"": 22.0, ""min"": 44.2, ""max"": 61.7, ""lower_is_better"": false, ""is_percent"": true}, {""key"": ""breakpoint_converted_percent"", ""name"": ""Break Points Converted %"", ""raw"": 50.6, ""raw_display"": ""50.6%"", ""normalized"": 60.28, ""weight"": 0.2, ""weight_pct"": 20.0, ""min"": 20.7, ""max"": 70.3, ""lower_is_better"": false, ""is_percent"": true}, {""key"": ""return_games_won_percent"", ""name"": ""Return Games Won %"", ""raw"": 34.9, ""raw_display"": ""34.9%"", ""normalized"": 53.25, ""weight"": 0.16, ""weight_pct"": 16.0, ""min"": 10.3, ""max"": 56.5, ""lower_is_better"": false, ""is_percent"": true}, {""key"": ""return_points_won_percent"", ""name"": ""Return Points Won %"", ""raw"": 42.7, ""raw_display"": ""42.7%"", ""normalized"": 52.49, ""weight"": 0.2, ""weight_pct"": 20.0, ""min"": 33.2, ""max"": 51.3, ""lower_is_better"": false, ""is_percent"": true}]}"
2026-07-26T05:36:16.130591Z,return,Return,65,Barbora Krejcikova,318314,https://www.wtatennis.com/players/318314/barbora-krejcikova,https://photoresources.wtatennis.com/wta/photo/2025/04/14/424125a1-68db-4a69-a07a-4f0b6c2fb2ec/Krejcikova-Torso_318314.png,55.8,1st Return Points Won %,37.4%,2nd Return Points Won %,53.6%,Break Points Converted %,44.2%,Return Games Won %,36.7%,Return Points Won %,43.8%,,,"{""category"": ""return"", ""player_rank"": 26, ""match_count"": 23, ""formula"": ""normalized_score = Σ(metric_norm × weight)"", ""metrics"": [{""key"": ""first_return_percent"", ""name"": ""1st Return Points Won %"", ""raw"": 37.4, ""raw_display"": ""37.4%"", ""normalized"": 61.86, ""weight"": 0.22, ""weight_pct"": 22.0, ""min"": 24.1, ""max"": 45.6, ""lower_is_better"": false, ""is_percent"": true}, {""key"": ""second_return_percent"", ""name"": ""2nd Return Points Won %"", ""raw"": 53.6, ""raw_display"": ""53.6%"", ""normalized"": 53.71, ""weight"": 0.22, ""weight_pct"": 22.0, ""min"": 44.2, ""max"": 61.7, ""lower_is_better"": false, ""is_percent"": true}, {""key"": ""breakpoint_converted_percent"", ""name"": ""Break Points Converted %"", ""raw"": 44.2, ""raw_display"": ""44.2%"", ""normalized"": 47.38, ""weight"": 0.2, ""weight_pct"": 20.0, ""min"": 20.7, ""max"": 70.3, ""lower_is_better"": false, ""is_percent"": true}, {""key"": ""return_games_won_percent"", ""name"": ""Return Games Won %"", ""raw"": 36.7, ""raw_display"": ""36.7%"", ""normalized"": 57.14, ""weight"": 0.16, ""weight_pct"": 16.0, ""min"": 10.3, ""max"": 56.5, ""lower_is_better"": false, ""is_percent"": true}, {""key"": ""return_points_won_percent"", ""name"": ""Return Points Won %"", ""raw"": 43.8, ""raw_display"": ""43.8%"", ""normalized"": 58.56, ""weight"": 0.2, ""weight_pct"": 20.0, ""min"": 33.2, ""max"": 51.3, ""lower_is_better"": false, ""is_percent"": true}]}"
2026-07-26T05:36:16.130591Z,return,Return,66,Sonay Kartal,329918,https://www.wtatennis.com/players/329918/sonay-kartal,https://photoresources.wtatennis.com/wta/photo/2025/03/10/ac7b0888-e27b-4451-bf03-b07c293a1d58/Kartal-Torso_329918.png,55.7,1st Return Points Won %,35.8%,2nd Return Points Won %,55.5%,Break Points Converted %,48.9%,Return Games Won %,32.8%,Return Points Won %,42.6%,,,"{""category"": ""return"", ""player_rank"": 122, ""match_count"": 12, ""formula"": ""normalized_score = Σ(metric_norm × weight)"", ""metrics"": [{""key"": ""first_return_percent"", ""name"": ""1st Return Points Won %"", ""raw"": 35.8, ""raw_display"": ""35.8%"", ""normalized"": 54.42, ""weight"": 0.22, ""weight_pct"": 22.0, ""min"": 24.1, ""max"": 45.6, ""lower_is_better"": false, ""is_percent"": true}, {""key"": ""second_return_percent"", ""name"": ""2nd Return Points Won %"", ""raw"": 55.5, ""raw_display"": ""55.5%"", ""normalized"": 64.57, ""weight"": 0.22, ""weight_pct"": 22.0, ""min"": 44.2, ""max"": 61.7, ""lower_is_better"": false, ""is_percent"": true}, {""key"": ""breakpoint_converted_percent"", ""name"": ""Break Points Converted %"", ""raw"": 48.9, ""raw_display"": ""48.9%"", ""normalized"": 56.85, ""weight"": 0.2, ""weight_pct"": 20.0, ""min"": 20.7, ""max"": 70.3, ""lower_is_better"": false, ""is_percent"": true}, {""key"": ""return_games_won_percent"", ""name"": ""Return Games Won %"", ""raw"": 32.8, ""raw_display"": ""32.8%"", ""normalized"": 48.7, ""weight"": 0.16, ""weight_pct"": 16.0, ""min"": 10.3, ""max"": 56.5, ""lower_is_better"": false, ""is_percent"": true}, {""key"": ""return_points_won_percent"", ""name"": ""Return Points Won %"", ""raw"": 42.6, ""raw_display"": ""42.6%"", ""normalized"": 51.93, ""weight"": 0.2, ""weight_pct"": 20.0, ""min"": 33.2, ""max"": 51.3, ""lower_is_better"": false, ""is_percent"": true}]}"
2026-07-26T05:36:16.130591Z,return,Return,67,Darja Semenistaja,329457,https://www.wtatennis.com/players/329457,,55.3,1st Return Points Won %,32.8%,2nd Return Points Won %,60.4%,Break Points Converted %,46.2%,Return Games Won %,30.5%,Return Points Won %,41.1%,,,"{""category"": ""return"", ""player_rank"": 109, ""match_count"": 6, ""formula"": ""normalized_score = Σ(metric_norm × weight)"", ""metrics"": [{""key"": ""first_return_percent"", ""name"": ""1st Return Points Won %"", ""raw"": 32.8, ""raw_display"": ""32.8%"", ""normalized"": 40.47, ""weight"": 0.22, ""weight_pct"": 22.0, ""min"": 24.1, ""max"": 45.6, ""lower_is_better"": false, ""is_percent"": true}, {""key"": ""second_return_percent"", ""name"": ""2nd Return Points Won %"", ""raw"": 60.4, ""raw_display"": ""60.4%"", ""normalized"": 92.57, ""weight"": 0.22, ""weight_pct"": 22.0, ""min"": 44.2, ""max"": 61.7, ""lower_is_better"": false, ""is_percent"": true}, {""key"": ""breakpoint_converted_percent"", ""name"": ""Break Points Converted %"", ""raw"": 46.2, ""raw_display"": ""46.2%"", ""normalized"": 51.41, ""weight"": 0.2, ""weight_pct"": 20.0, ""min"": 20.7, ""max"": 70.3, ""lower_is_better"": false, ""is_percent"": true}, {""key"": ""return_games_won_percent"", ""name"": ""Return Games Won %"", ""raw"": 30.5, ""raw_display"": ""30.5%"", ""normalized"": 43.72, ""weight"": 0.16, ""weight_pct"": 16.0, ""min"": 10.3, ""max"": 56.5, ""lower_is_better"": false, ""is_percent"": true}, {""key"": ""return_points_won_percent"", ""name"": ""Return Points Won %"", ""raw"": 41.1, ""raw_display"": ""41.1%"", ""normalized"": 43.65, ""weight"": 0.2, ""weight_pct"": 20.0, ""min"": 33.2, ""max"": 51.3, ""lower_is_better"": false, ""is_percent"": true}]}"
2026-07-26T05:36:16.130591Z,return,Return,68,Peyton Stearns,327573,https://www.wtatennis.com/players/327573/peyton-stearns,https://photoresources.wtatennis.com/wta/photo/2024/04/29/736ed9c7-b271-48cd-a993-f4a2501f97ad/Stearns-Torso_327573-WTA-Tennis.png,55.2,1st Return Points Won %,33.5%,2nd Return Points Won %,57.9%,Break Points Converted %,45.1%,Return Games Won %,34.0%,Return Points Won %,42.5%,,,"{""category"": ""return"", ""player_rank"": 58, ""match_count"": 29, ""formula"": ""normalized_score = Σ(metric_norm × weight)"", ""metrics"": [{""key"": ""first_return_percent"", ""name"": ""1st Return Points Won %"", ""raw"": 33.5, ""raw_display"": ""33.5%"", ""normalized"": 43.72, ""weight"": 0.22, ""weight_pct"": 22.0, ""min"": 24.1, ""max"": 45.6, ""lower_is_better"": false, ""is_percent"": true}, {""key"": ""second_return_percent"", ""name"": ""2nd Return Points Won %"", ""raw"": 57.9, ""raw_display"": ""57.9%"", ""normalized"": 78.29, ""weight"": 0.22, ""weight_pct"": 22.0, ""min"": 44.2, ""max"": 61.7, ""lower_is_better"": false, ""is_percent"": true}, {""key"": ""breakpoint_converted_percent"", ""name"": ""Break Points Converted %"", ""raw"": 45.1, ""raw_display"": ""45.1%"", ""normalized"": 49.19, ""weight"": 0.2, ""weight_pct"": 20.0, ""min"": 20.7, ""max"": 70.3, ""lower_is_better"": false, ""is_percent"": true}, {""key"": ""return_games_won_percent"", ""name"": ""Return Games Won %"", ""raw"": 34.0, ""raw_display"": ""34.0%"", ""normalized"": 51.3, ""weight"": 0.16, ""weight_pct"": 16.0, ""min"": 10.3, ""max"": 56.5, ""lower_is_better"": false, ""is_percent"": true}, {""key"": ""return_points_won_percent"", ""name"": ""Return Points Won %"", ""raw"": 42.5, ""raw_display"": ""42.5%"", ""normalized"": 51.38, ""weight"": 0.2, ""weight_pct"": 20.0, ""min"": 33.2, ""max"": 51.3, ""lower_is_better"": false, ""is_percent"": true}]}"
2026-07-26T05:36:16.130591Z,return,Return,69,Tamara Korpatsch,319571,https://www.wtatennis.com/players/319571/tamara-korpatsch,https://photoresources.wtatennis.com/wta/photo/2019/10/08/ad9debe8-b736-4a6f-8b8a-ff924b809d63/FZVXRlZA.jpg,55.2,1st Return Points Won %,36.5%,2nd Return Points Won %,54.9%,Break Points Converted %,46.5%,Return Games Won %,34.1%,Return Points Won %,42.6%,,,"{""category"": ""return"", ""player_rank"": 81, ""match_count"": 14, ""formula"": ""normalized_score = Σ(metric_norm × weight)"", ""metrics"": [{""key"": ""first_return_percent"", ""name"": ""1st Return Points Won %"", ""raw"": 36.5, ""raw_display"": ""36.5%"", ""normalized"": 57.67, ""weight"": 0.22, ""weight_pct"": 22.0, ""min"": 24.1, ""max"": 45.6, ""lower_is_better"": false, ""is_percent"": true}, {""key"": ""second_return_percent"", ""name"": ""2nd Return Points Won %"", ""raw"": 54.9, ""raw_display"": ""54.9%"", ""normalized"": 61.14, ""weight"": 0.22, ""weight_pct"": 22.0, ""min"": 44.2, ""max"": 61.7, ""lower_is_better"": false, ""is_percent"": true}, {""key"": ""breakpoint_converted_percent"", ""name"": ""Break Points Converted %"", ""raw"": 46.5, ""raw_display"": ""46.5%"", ""normalized"": 52.02, ""weight"": 0.2, ""weight_pct"": 20.0, ""min"": 20.7, ""max"": 70.3, ""lower_is_better"": false, ""is_percent"": true}, {""key"": ""return_games_won_percent"", ""name"": ""Return Games Won %"", ""raw"": 34.1, ""raw_display"": ""34.1%"", ""normalized"": 51.52, ""weight"": 0.16, ""weight_pct"": 16.0, ""min"": 10.3, ""max"": 56.5, ""lower_is_better"": false, ""is_percent"": true}, {""key"": ""return_points_won_percent"", ""name"": ""Return Points Won %"", ""raw"": 42.6, ""raw_display"": ""42.6%"", ""normalized"": 51.93, ""weight"": 0.2, ""weight_pct"": 20.0, ""min"": 33.2, ""max"": 51.3, ""lower_is_better"": false, ""is_percent"": true}]}"
2026-07-26T05:36:16.130591Z,return,Return,70,Yue Yuan,324325,https://www.wtatennis.com/players/324325/yue-yuan,https://photoresources.wtatennis.com/wta/photo/2024/05/01/1b8d14a3-ee27-4daf-a8c1-f0b797f0d8de/Yuan-Torso_324325-WTA-Tennis.png,54.3,1st Return Points Won %,37.3%,2nd Return Points Won %,55.4%,Break Points Converted %,42.4%,Return Games Won %,32.1%,Return Points Won %,42.6%,,,"{""category"": ""return"", ""player_rank"": 121, ""match_count"": 9, ""formula"": ""normalized_score = Σ(metric_norm × weight)"", ""metrics"": [{""key"": ""first_return_percent"", ""name"": ""1st Return Points Won %"", ""raw"": 37.3, ""raw_display"": ""37.3%"", ""normalized"": 61.4, ""weight"": 0.22, ""weight_pct"": 22.0, ""min"": 24.1, ""max"": 45.6, ""lower_is_better"": false, ""is_percent"": true}, {""key"": ""second_return_percent"", ""name"": ""2nd Return Points Won %"", ""raw"": 55.4, ""raw_display"": ""55.4%"", ""normalized"": 64.0, ""weight"": 0.22, ""weight_pct"": 22.0, ""min"": 44.2, ""max"": 61.7, ""lower_is_better"": false, ""is_percent"": true}, {""key"": ""breakpoint_converted_percent"", ""name"": ""Break Points Converted %"", ""raw"": 42.4, ""raw_display"": ""42.4%"", ""normalized"": 43.75, ""weight"": 0.2, ""weight_pct"": 20.0, ""min"": 20.7, ""max"": 70.3, ""lower_is_better"": false, ""is_percent"": true}, {""key"": ""return_games_won_percent"", ""name"": ""Return Games Won %"", ""raw"": 32.1, ""raw_display"": ""32.1%"", ""normalized"": 47.19, ""weight"": 0.16, ""weight_pct"": 16.0, ""min"": 10.3, ""max"": 56.5, ""lower_is_better"": false, ""is_percent"": true}, {""key"": ""return_points_won_percent"", ""name"": ""Return Points Won %"", ""raw"": 42.6, ""raw_display"": ""42.6%"", ""normalized"": 51.93, ""weight"": 0.2, ""weight_pct"": 20.0, ""min"": 33.2, ""max"": 51.3, ""lower_is_better"": false, ""is_percent"": true}]}"
2026-07-26T05:36:16.130591Z,return,Return,71,Magdalena Frech,320277,https://www.wtatennis.com/players/320277/magdalena-frech,https://photoresources.wtatennis.com/wta/photo/2025/03/10/00dfd053-aa10-4522-a859-3b7f5ffa1aa5/Frech-Torso_320277.png,53.9,1st Return Points Won %,37.1%,2nd Return Points Won %,53.3%,Break Points Converted %,45.6%,Return Games Won %,32.9%,Return Points Won %,43.4%,,,"{""category"": ""return"", ""player_rank"": 43, ""match_count"": 25, ""formula"": ""normalized_score = Σ(metric_norm × weight)"", ""metrics"": [{""key"": ""first_return_percent"", ""name"": ""1st Return Points Won %"", ""raw"": 37.1, ""raw_display"": ""37.1%"", ""normalized"": 60.47, ""weight"": 0.22, ""weight_pct"": 22.0, ""min"": 24.1, ""max"": 45.6, ""lower_is_better"": false, ""is_percent"": true}, {""key"": ""second_return_percent"", ""name"": ""2nd Return Points Won %"", ""raw"": 53.3, ""raw_display"": ""53.3%"", ""normalized"": 52.0, ""weight"": 0.22, ""weight_pct"": 22.0, ""min"": 44.2, ""max"": 61.7, ""lower_is_better"": false, ""is_percent"": true}, {""key"": ""breakpoint_converted_percent"", ""name"": ""Break Points Converted %"", ""raw"": 45.6, ""raw_display"": ""45.6%"", ""normalized"": 50.2, ""weight"": 0.2, ""weight_pct"": 20.0, ""min"": 20.7, ""max"": 70.3, ""lower_is_better"": false, ""is_percent"": true}, {""key"": ""return_games_won_percent"", ""name"": ""Return Games Won %"", ""raw"": 32.9, ""raw_display"": ""32.9%"", ""normalized"": 48.92, ""weight"": 0.16, ""weight_pct"": 16.0, ""min"": 10.3, ""max"": 56.5, ""lower_is_better"": false, ""is_percent"": true}, {""key"": ""return_points_won_percent"", ""name"": ""Return Points Won %"", ""raw"": 43.4, ""raw_display"": ""43.4%"", ""normalized"": 56.35, ""weight"": 0.2, ""weight_pct"": 20.0, ""min"": 33.2, ""max"": 51.3, ""lower_is_better"": false, ""is_percent"": true}]}"
2026-07-26T05:36:16.130591Z,return,Return,72,Mccartney Kessler,326678,https://www.wtatennis.com/players/326678/mccartney-kessler,https://photoresources.wtatennis.com/wta/photo/2025/06/23/ca3c2f58-8ad8-40e0-9007-6db7707a1d7a/Kessler-Torso_326678.png,53.5,1st Return Points Won %,35.8%,2nd Return Points Won %,55.4%,Break Points Converted %,43.0%,Return Games Won %,32.4%,Return Points Won %,43.0%,,,"{""category"": ""return"", ""player_rank"": 46, ""match_count"": 27, ""formula"": ""normalized_score = Σ(metric_norm × weight)"", ""metrics"": [{""key"": ""first_return_percent"", ""name"": ""1st Return Points Won %"", ""raw"": 35.8, ""raw_display"": ""35.8%"", ""normalized"": 54.42, ""weight"": 0.22, ""weight_pct"": 22.0, ""min"": 24.1, ""max"": 45.6, ""lower_is_better"": false, ""is_percent"": true}, {""key"": ""second_return_percent"", ""name"": ""2nd Return Points Won %"", ""raw"": 55.4, ""raw_display"": ""55.4%"", ""normalized"": 64.0, ""weight"": 0.22, ""weight_pct"": 22.0, ""min"": 44.2, ""max"": 61.7, ""lower_is_better"": false, ""is_percent"": true}, {""key"": ""breakpoint_converted_percent"", ""name"": ""Break Points Converted %"", ""raw"": 43.0, ""raw_display"": ""43.0%"", ""normalized"": 44.96, ""weight"": 0.2, ""weight_pct"": 20.0, ""min"": 20.7, ""max"": 70.3, ""lower_is_better"": false, ""is_percent"": true}, {""key"": ""return_games_won_percent"", ""name"": ""Return Games Won %"", ""raw"": 32.4, ""raw_display"": ""32.4%"", ""normalized"": 47.84, ""weight"": 0.16, ""weight_pct"": 16.0, ""min"": 10.3, ""max"": 56.5, ""lower_is_better"": false, ""is_percent"": true}, {""key"": ""return_points_won_percent"", ""name"": ""Return Points Won %"", ""raw"": 43.0, ""raw_display"": ""43.0%"", ""normalized"": 54.14, ""weight"": 0.2, ""weight_pct"": 20.0, ""min"": 33.2, ""max"": 51.3, ""lower_is_better"": false, ""is_percent"": true}]}"
2026-07-26T05:36:16.130591Z,return,Return,73,Liudmila Samsonova,322222,https://www.wtatennis.com/players/322222/liudmila-samsonova,https://photoresources.wtatennis.com/wta/photo/2026/02/10/a0d00e27-6507-43c3-9ccd-85c2e0fbff8a/Samsonova-Torso_322222.png,53.5,1st Return Points Won %,36.3%,2nd Return Points Won %,54.0%,Break Points Converted %,45.5%,Return Games Won %,34.0%,Return Points Won %,42.7%,,,"{""category"": ""return"", ""player_rank"": 70, ""match_count"": 27, ""formula"": ""normalized_score = Σ(metric_norm × weight)"", ""metrics"": [{""key"": ""first_return_percent"", ""name"": ""1st Return Points Won %"", ""raw"": 36.3, ""raw_display"": ""36.3%"", ""normalized"": 56.74, ""weight"": 0.22, ""weight_pct"": 22.0, ""min"": 24.1, ""max"": 45.6, ""lower_is_better"": false, ""is_percent"": true}, {""key"": ""second_return_percent"", ""name"": ""2nd Return Points Won %"", ""raw"": 54.0, ""raw_display"": ""54.0%"", ""normalized"": 56.0, ""weight"": 0.22, ""weight_pct"": 22.0, ""min"": 44.2, ""max"": 61.7, ""lower_is_better"": false, ""is_percent"": true}, {""key"": ""breakpoint_converted_percent"", ""name"": ""Break Points Converted %"", ""raw"": 45.5, ""raw_display"": ""45.5%"", ""normalized"": 50.0, ""weight"": 0.2, ""weight_pct"": 20.0, ""min"": 20.7, ""max"": 70.3, ""lower_is_better"": false, ""is_percent"": true}, {""key"": ""return_games_won_percent"", ""name"": ""Return Games Won %"", ""raw"": 34.0, ""raw_display"": ""34.0%"", ""normalized"": 51.3, ""weight"": 0.16, ""weight_pct"": 16.0, ""min"": 10.3, ""max"": 56.5, ""lower_is_better"": false, ""is_percent"": true}, {""key"": ""return_points_won_percent"", ""name"": ""Return Points Won %"", ""raw"": 42.7, ""raw_display"": ""42.7%"", ""normalized"": 52.49, ""weight"": 0.2, ""weight_pct"": 20.0, ""min"": 33.2, ""max"": 51.3, ""lower_is_better"": false, ""is_percent"": true}]}"
2026-07-26T05:36:16.130591Z,return,Return,74,Karolina Muchova,322191,https://www.wtatennis.com/players/322191/karolina-muchova,https://photoresources.wtatennis.com/wta/photo/2025/03/10/b88e4433-b70d-47e2-8302-a1291124269f/Muchova-Torso_322191.png,52.4,1st Return Points Won %,36.9%,2nd Return Points Won %,53.4%,Break Points Converted %,42.5%,Return Games Won %,33.7%,Return Points Won %,43.0%,,,"{""category"": ""return"", ""player_rank"": 6, ""match_count"": 44, ""formula"": ""normalized_score = Σ(metric_norm × weight)"", ""metrics"": [{""key"": ""first_return_percent"", ""name"": ""1st Return Points Won %"", ""raw"": 36.9, ""raw_display"": ""36.9%"", ""normalized"": 59.53, ""weight"": 0.22, ""weight_pct"": 22.0, ""min"": 24.1, ""max"": 45.6, ""lower_is_better"": false, ""is_percent"": true}, {""key"": ""second_return_percent"", ""name"": ""2nd Return Points Won %"", ""raw"": 53.4, ""raw_display"": ""53.4%"", ""normalized"": 52.57, ""weight"": 0.22, ""weight_pct"": 22.0, ""min"": 44.2, ""max"": 61.7, ""lower_is_better"": false, ""is_percent"": true}, {""key"": ""breakpoint_converted_percent"", ""name"": ""Break Points Converted %"", ""raw"": 42.5, ""raw_display"": ""42.5%"", ""normalized"": 43.95, ""weight"": 0.2, ""weight_pct"": 20.0, ""min"": 20.7, ""max"": 70.3, ""lower_is_better"": false, ""is_percent"": true}, {""key"": ""return_games_won_percent"", ""name"": ""Return Games Won %"", ""raw"": 33.7, ""raw_display"": ""33.7%"", ""normalized"": 50.65, ""weight"": 0.16, ""weight_pct"": 16.0, ""min"": 10.3, ""max"": 56.5, ""lower_is_better"": false, ""is_percent"": true}, {""key"": ""return_points_won_percent"", ""name"": ""Return Points Won %"", ""raw"": 43.0, ""raw_display"": ""43.0%"", ""normalized"": 54.14, ""weight"": 0.2, ""weight_pct"": 20.0, ""min"": 33.2, ""max"": 51.3, ""lower_is_better"": false, ""is_percent"": true}]}"
2026-07-26T05:36:16.130591Z,return,Return,75,Paula Badosa,320124,https://www.wtatennis.com/players/320124/paula-badosa,https://photoresources.wtatennis.com/wta/photo/2025/03/10/c9e895e9-8b7d-4b56-897d-823e5268a241/Badosa-Torso_320124.png,52.3,1st Return Points Won %,37.1%,2nd Return Points Won %,54.8%,Break Points Converted %,36.5%,Return Games Won %,33.7%,Return Points Won %,43.3%,,,"{""category"": ""return"", ""player_rank"": 93, ""match_count"": 27, ""formula"": ""normalized_score = Σ(metric_norm × weight)"", ""metrics"": [{""key"": ""first_return_percent"", ""name"": ""1st Return Points Won %"", ""raw"": 37.1, ""raw_display"": ""37.1%"", ""normalized"": 60.47, ""weight"": 0.22, ""weight_pct"": 22.0, ""min"": 24.1, ""max"": 45.6, ""lower_is_better"": false, ""is_percent"": true}, {""key"": ""second_return_percent"", ""name"": ""2nd Return Points Won %"", ""raw"": 54.8, ""raw_display"": ""54.8%"", ""normalized"": 60.57, ""weight"": 0.22, ""weight_pct"": 22.0, ""min"": 44.2, ""max"": 61.7, ""lower_is_better"": false, ""is_percent"": true}, {""key"": ""breakpoint_converted_percent"", ""name"": ""Break Points Converted %"", ""raw"": 36.5, ""raw_display"": ""36.5%"", ""normalized"": 31.85, ""weight"": 0.2, ""weight_pct"": 20.0, ""min"": 20.7, ""max"": 70.3, ""lower_is_better"": false, ""is_percent"": true}, {""key"": ""return_games_won_percent"", ""name"": ""Return Games Won %"", ""raw"": 33.7, ""raw_display"": ""33.7%"", ""normalized"": 50.65, ""weight"": 0.16, ""weight_pct"": 16.0, ""min"": 10.3, ""max"": 56.5, ""lower_is_better"": false, ""is_percent"": true}, {""key"": ""return_points_won_percent"", ""name"": ""Return Points Won %"", ""raw"": 43.3, ""raw_display"": ""43.3%"", ""normalized"": 55.8, ""weight"": 0.2, ""weight_pct"": 20.0, ""min"": 33.2, ""max"": 51.3, ""lower_is_better"": false, ""is_percent"": true}]}"
2026-07-26T05:36:16.130591Z,return,Return,76,Antonia Ruzic,329505,https://www.wtatennis.com/players/329505/antonia-ruzic,https://photoresources.wtatennis.com/wta/photo/2025/09/26/0b986ba7-4f7a-4022-9cfc-6efbfdd0b2cf/Ruzic-Torso_329505.png,52.2,1st Return Points Won %,34.4%,2nd Return Points Won %,55.0%,Break Points Converted %,45.1%,Return Games Won %,33.3%,Return Points Won %,42.5%,,,"{""category"": ""return"", ""player_rank"": 50, ""match_count"": 26, ""formula"": ""normalized_score = Σ(metric_norm × weight)"", ""metrics"": [{""key"": ""first_return_percent"", ""name"": ""1st Return Points Won %"", ""raw"": 34.4, ""raw_display"": ""34.4%"", ""normalized"": 47.91, ""weight"": 0.22, ""weight_pct"": 22.0, ""min"": 24.1, ""max"": 45.6, ""lower_is_better"": false, ""is_percent"": true}, {""key"": ""second_return_percent"", ""name"": ""2nd Return Points Won %"", ""raw"": 55.0, ""raw_display"": ""55.0%"", ""normalized"": 61.71, ""weight"": 0.22, ""weight_pct"": 22.0, ""min"": 44.2, ""max"": 61.7, ""lower_is_better"": false, ""is_percent"": true}, {""key"": ""breakpoint_converted_percent"", ""name"": ""Break Points Converted %"", ""raw"": 45.1, ""raw_display"": ""45.1%"", ""normalized"": 49.19, ""weight"": 0.2, ""weight_pct"": 20.0, ""min"": 20.7, ""max"": 70.3, ""lower_is_better"": false, ""is_percent"": true}, {""key"": ""return_games_won_percent"", ""name"": ""Return Games Won %"", ""raw"": 33.3, ""raw_display"": ""33.3%"", ""normalized"": 49.78, ""weight"": 0.16, ""weight_pct"": 16.0, ""min"": 10.3, ""max"": 56.5, ""lower_is_better"": false, ""is_percent"": true}, {""key"": ""return_points_won_percent"", ""name"": ""Return Points Won %"", ""raw"": 42.5, ""raw_display"": ""42.5%"", ""normalized"": 51.38, ""weight"": 0.2, ""weight_pct"": 20.0, ""min"": 33.2, ""max"": 51.3, ""lower_is_better"": false, ""is_percent"": true}]}"
2026-07-26T05:36:16.130591Z,return,Return,77,Storm Hunter,317810,https://www.wtatennis.com/players/317810,,52.1,1st Return Points Won %,34.4%,2nd Return Points Won %,55.6%,Break Points Converted %,44.4%,Return Games Won %,31.4%,Return Points Won %,42.6%,,,"{""category"": ""return"", ""player_rank"": 174, ""match_count"": 5, ""formula"": ""normalized_score = Σ(metric_norm × weight)"", ""metrics"": [{""key"": ""first_return_percent"", ""name"": ""1st Return Points Won %"", ""raw"": 34.4, ""raw_display"": ""34.4%"", ""normalized"": 47.91, ""weight"": 0.22, ""weight_pct"": 22.0, ""min"": 24.1, ""max"": 45.6, ""lower_is_better"": false, ""is_percent"": true}, {""key"": ""second_return_percent"", ""name"": ""2nd Return Points Won %"", ""raw"": 55.6, ""raw_display"": ""55.6%"", ""normalized"": 65.14, ""weight"": 0.22, ""weight_pct"": 22.0, ""min"": 44.2, ""max"": 61.7, ""lower_is_better"": false, ""is_percent"": true}, {""key"": ""breakpoint_converted_percent"", ""name"": ""Break Points Converted %"", ""raw"": 44.4, ""raw_display"": ""44.4%"", ""normalized"": 47.78, ""weight"": 0.2, ""weight_pct"": 20.0, ""min"": 20.7, ""max"": 70.3, ""lower_is_better"": false, ""is_percent"": true}, {""key"": ""return_games_won_percent"", ""name"": ""Return Games Won %"", ""raw"": 31.4, ""raw_display"": ""31.4%"", ""normalized"": 45.67, ""weight"": 0.16, ""weight_pct"": 16.0, ""min"": 10.3, ""max"": 56.5, ""lower_is_better"": false, ""is_percent"": true}, {""key"": ""return_points_won_percent"", ""name"": ""Return Points Won %"", ""raw"": 42.6, ""raw_display"": ""42.6%"", ""normalized"": 51.93, ""weight"": 0.2, ""weight_pct"": 20.0, ""min"": 33.2, ""max"": 51.3, ""lower_is_better"": false, ""is_percent"": true}]}"
2026-07-26T05:36:16.130591Z,return,Return,78,Elena Rybakina,324166,https://www.wtatennis.com/players/324166/elena-rybakina,https://photoresources.wtatennis.com/wta/photo/2025/03/10/1269f000-ca40-45c6-97ed-7febfec4d15f/Rybakina-Torso_324166.png,52.0,1st Return Points Won %,34.4%,2nd Return Points Won %,54.6%,Break Points Converted %,46.3%,Return Games Won %,33.4%,Return Points Won %,42.3%,,,"{""category"": ""return"", ""player_rank"": 2, ""match_count"": 45, ""formula"": ""normalized_score = Σ(metric_norm × weight)"", ""metrics"": [{""key"": ""first_return_percent"", ""name"": ""1st Return Points Won %"", ""raw"": 34.4, ""raw_display"": ""34.4%"", ""normalized"": 47.91, ""weight"": 0.22, ""weight_pct"": 22.0, ""min"": 24.1, ""max"": 45.6, ""lower_is_better"": false, ""is_percent"": true}, {""key"": ""second_return_percent"", ""name"": ""2nd Return Points Won %"", ""raw"": 54.6, ""raw_display"": ""54.6%"", ""normalized"": 59.43, ""weight"": 0.22, ""weight_pct"": 22.0, ""min"": 44.2, ""max"": 61.7, ""lower_is_better"": false, ""is_percent"": true}, {""key"": ""breakpoint_converted_percent"", ""name"": ""Break Points Converted %"", ""raw"": 46.3, ""raw_display"": ""46.3%"", ""normalized"": 51.61, ""weight"": 0.2, ""weight_pct"": 20.0, ""min"": 20.7, ""max"": 70.3, ""lower_is_better"": false, ""is_percent"": true}, {""key"": ""return_games_won_percent"", ""name"": ""Return Games Won %"", ""raw"": 33.4, ""raw_display"": ""33.4%"", ""normalized"": 50.0, ""weight"": 0.16, ""weight_pct"": 16.0, ""min"": 10.3, ""max"": 56.5, ""lower_is_better"": false, ""is_percent"": true}, {""key"": ""return_points_won_percent"", ""name"": ""Return Points Won %"", ""raw"": 42.3, ""raw_display"": ""42.3%"", ""normalized"": 50.28, ""weight"": 0.2, ""weight_pct"": 20.0, ""min"": 33.2, ""max"": 51.3, ""lower_is_better"": false, ""is_percent"": true}]}"
2026-07-26T05:36:16.130591Z,return,Return,79,Katerina Siniakova,320301,https://www.wtatennis.com/players/320301/katerina-siniakova,https://photoresources.wtatennis.com/wta/photo/2025/03/10/2a395126-ece4-4da5-85b8-8bc0d295b6c0/Siniakova-Torso_320301.png,51.9,1st Return Points Won %,37.3%,2nd Return Points Won %,53.4%,Break Points Converted %,39.5%,Return Games Won %,33.2%,Return Points Won %,43.4%,,,"{""category"": ""return"", ""player_rank"": 35, ""match_count"": 25, ""formula"": ""normalized_score = Σ(metric_norm × weight)"", ""metrics"": [{""key"": ""first_return_percent"", ""name"": ""1st Return Points Won %"", ""raw"": 37.3, ""raw_display"": ""37.3%"", ""normalized"": 61.4, ""weight"": 0.22, ""weight_pct"": 22.0, ""min"": 24.1, ""max"": 45.6, ""lower_is_better"": false, ""is_percent"": true}, {""key"": ""second_return_percent"", ""name"": ""2nd Return Points Won %"", ""raw"": 53.4, ""raw_display"": ""53.4%"", ""normalized"": 52.57, ""weight"": 0.22, ""weight_pct"": 22.0, ""min"": 44.2, ""max"": 61.7, ""lower_is_better"": false, ""is_percent"": true}, {""key"": ""breakpoint_converted_percent"", ""name"": ""Break Points Converted %"", ""raw"": 39.5, ""raw_display"": ""39.5%"", ""normalized"": 37.9, ""weight"": 0.2, ""weight_pct"": 20.0, ""min"": 20.7, ""max"": 70.3, ""lower_is_better"": false, ""is_percent"": true}, {""key"": ""return_games_won_percent"", ""name"": ""Return Games Won %"", ""raw"": 33.2, ""raw_display"": ""33.2%"", ""normalized"": 49.57, ""weight"": 0.16, ""weight_pct"": 16.0, ""min"": 10.3, ""max"": 56.5, ""lower_is_better"": false, ""is_percent"": true}, {""key"": ""return_points_won_percent"", ""name"": ""Return Points Won %"", ""raw"": 43.4, ""raw_display"": ""43.4%"", ""normalized"": 56.35, ""weight"": 0.2, ""weight_pct"": 20.0, ""min"": 33.2, ""max"": 51.3, ""lower_is_better"": false, ""is_percent"": true}]}"
2026-07-26T05:36:16.130591Z,return,Return,80,Maria Sakkari,318312,https://www.wtatennis.com/players/318312/maria-sakkari,https://photoresources.wtatennis.com/wta/photo/2025/03/10/15e6a0c2-8366-4c35-a12f-f6a37a3bde35/Sakkari-Torso_318312.png,51.7,1st Return Points Won %,34.9%,2nd Return Points Won %,53.5%,Break Points Converted %,49.8%,Return Games Won %,32.4%,Return Points Won %,41.9%,,,"{""category"": ""return"", ""player_rank"": 33, ""match_count"": 32, ""formula"": ""normalized_score = Σ(metric_norm × weight)"", ""metrics"": [{""key"": ""first_return_percent"", ""name"": ""1st Return Points Won %"", ""raw"": 34.9, ""raw_display"": ""34.9%"", ""normalized"": 50.23, ""weight"": 0.22, ""weight_pct"": 22.0, ""min"": 24.1, ""max"": 45.6, ""lower_is_better"": false, ""is_percent"": true}, {""key"": ""second_return_percent"", ""name"": ""2nd Return Points Won %"", ""raw"": 53.5, ""raw_display"": ""53.5%"", ""normalized"": 53.14, ""weight"": 0.22, ""weight_pct"": 22.0, ""min"": 44.2, ""max"": 61.7, ""lower_is_better"": false, ""is_percent"": true}, {""key"": ""breakpoint_converted_percent"", ""name"": ""Break Points Converted %"", ""raw"": 49.8, ""raw_display"": ""49.8%"", ""normalized"": 58.67, ""weight"": 0.2, ""weight_pct"": 20.0, ""min"": 20.7, ""max"": 70.3, ""lower_is_better"": false, ""is_percent"": true}, {""key"": ""return_games_won_percent"", ""name"": ""Return Games Won %"", ""raw"": 32.4, ""raw_display"": ""32.4%"", ""normalized"": 47.84, ""weight"": 0.16, ""weight_pct"": 16.0, ""min"": 10.3, ""max"": 56.5, ""lower_is_better"": false, ""is_percent"": true}, {""key"": ""return_points_won_percent"", ""name"": ""Return Points Won %"", ""raw"": 41.9, ""raw_display"": ""41.9%"", ""normalized"": 48.07, ""weight"": 0.2, ""weight_pct"": 20.0, ""min"": 33.2, ""max"": 51.3, ""lower_is_better"": false, ""is_percent"": true}]}"
2026-07-26T05:36:16.130591Z,return,Return,81,Dayana Yastremska,324261,https://www.wtatennis.com/players/324261/dayana-yastremska,https://photoresources.wtatennis.com/wta/photo/2024/05/01/f7f35218-86e5-4fdf-a800-3cceda728b38/Yastremska-Torso_324261-WTA-Tennis.png,51.6,1st Return Points Won %,36.8%,2nd Return Points Won %,52.9%,Break Points Converted %,44.8%,Return Games Won %,32.0%,Return Points Won %,42.6%,,,"{""category"": ""return"", ""player_rank"": 88, ""match_count"": 28, ""formula"": ""normalized_score = Σ(metric_norm × weight)"", ""metrics"": [{""key"": ""first_return_percent"", ""name"": ""1st Return Points Won %"", ""raw"": 36.8, ""raw_display"": ""36.8%"", ""normalized"": 59.07, ""weight"": 0.22, ""weight_pct"": 22.0, ""min"": 24.1, ""max"": 45.6, ""lower_is_better"": false, ""is_percent"": true}, {""key"": ""second_return_percent"", ""name"": ""2nd Return Points Won %"", ""raw"": 52.9, ""raw_display"": ""52.9%"", ""normalized"": 49.71, ""weight"": 0.22, ""weight_pct"": 22.0, ""min"": 44.2, ""max"": 61.7, ""lower_is_better"": false, ""is_percent"": true}, {""key"": ""breakpoint_converted_percent"", ""name"": ""Break Points Converted %"", ""raw"": 44.8, ""raw_display"": ""44.8%"", ""normalized"": 48.59, ""weight"": 0.2, ""weight_pct"": 20.0, ""min"": 20.7, ""max"": 70.3, ""lower_is_better"": false, ""is_percent"": true}, {""key"": ""return_games_won_percent"", ""name"": ""Return Games Won %"", ""raw"": 32.0, ""raw_display"": ""32.0%"", ""normalized"": 46.97, ""weight"": 0.16, ""weight_pct"": 16.0, ""min"": 10.3, ""max"": 56.5, ""lower_is_better"": false, ""is_percent"": true}, {""key"": ""return_points_won_percent"", ""name"": ""Return Points Won %"", ""raw"": 42.6, ""raw_display"": ""42.6%"", ""normalized"": 51.93, ""weight"": 0.2, ""weight_pct"": 20.0, ""min"": 33.2, ""max"": 51.3, ""lower_is_better"": false, ""is_percent"": true}]}"
2026-07-26T05:36:16.130591Z,return,Return,82,Moyuka Uchijima,327241,https://www.wtatennis.com/players/327241/moyuka-uchijima,https://photoresources.wtatennis.com/wta/photo/2025/03/10/75eb5993-e16f-4f7b-a1aa-a96f9f2515df/Uchijima-Torso_327241.png,51.1,1st Return Points Won %,39.3%,2nd Return Points Won %,50.8%,Break Points Converted %,40.0%,Return Games Won %,33.0%,Return Points Won %,43.7%,,,"{""category"": ""return"", ""player_rank"": 110, ""match_count"": 9, ""formula"": ""normalized_score = Σ(metric_norm × weight)"", ""metrics"": [{""key"": ""first_return_percent"", ""name"": ""1st Return Points Won %"", ""raw"": 39.3, ""raw_display"": ""39.3%"", ""normalized"": 70.7, ""weight"": 0.22, ""weight_pct"": 22.0, ""min"": 24.1, ""max"": 45.6, ""lower_is_better"": false, ""is_percent"": true}, {""key"": ""second_return_percent"", ""name"": ""2nd Return Points Won %"", ""raw"": 50.8, ""raw_display"": ""50.8%"", ""normalized"": 37.71, ""weight"": 0.22, ""weight_pct"": 22.0, ""min"": 44.2, ""max"": 61.7, ""lower_is_better"": false, ""is_percent"": true}, {""key"": ""breakpoint_converted_percent"", ""name"": ""Break Points Converted %"", ""raw"": 40.0, ""raw_display"": ""40.0%"", ""normalized"": 38.91, ""weight"": 0.2, ""weight_pct"": 20.0, ""min"": 20.7, ""max"": 70.3, ""lower_is_better"": false, ""is_percent"": true}, {""key"": ""return_games_won_percent"", ""name"": ""Return Games Won %"", ""raw"": 33.0, ""raw_display"": ""33.0%"", ""normalized"": 49.13, ""weight"": 0.16, ""weight_pct"": 16.0, ""min"": 10.3, ""max"": 56.5, ""lower_is_better"": false, ""is_percent"": true}, {""key"": ""return_points_won_percent"", ""name"": ""Return Points Won %"", ""raw"": 43.7, ""raw_display"": ""43.7%"", ""normalized"": 58.01, ""weight"": 0.2, ""weight_pct"": 20.0, ""min"": 33.2, ""max"": 51.3, ""lower_is_better"": false, ""is_percent"": true}]}"
2026-07-26T05:36:16.130591Z,return,Return,83,Laura Siegemund,310926,https://www.wtatennis.com/players/310926/laura-siegemund,https://photoresources.wtatennis.com/wta/photo/2019/10/08/5b6fdf6f-7b1c-4714-b577-61c8d8bf1339/TekQkMOQ.png,51.0,1st Return Points Won %,34.8%,2nd Return Points Won %,54.8%,Break Points Converted %,42.9%,Return Games Won %,32.2%,Return Points Won %,42.4%,,,"{""category"": ""return"", ""player_rank"": 89, ""match_count"": 20, ""formula"": ""normalized_score = Σ(metric_norm × weight)"", ""metrics"": [{""key"": ""first_return_percent"", ""name"": ""1st Return Points Won %"", ""raw"": 34.8, ""raw_display"": ""34.8%"", ""normalized"": 49.77, ""weight"": 0.22, ""weight_pct"": 22.0, ""min"": 24.1, ""max"": 45.6, ""lower_is_better"": false, ""is_percent"": true}, {""key"": ""second_return_percent"", ""name"": ""2nd Return Points Won %"", ""raw"": 54.8, ""raw_display"": ""54.8%"", ""normalized"": 60.57, ""weight"": 0.22, ""weight_pct"": 22.0, ""min"": 44.2, ""max"": 61.7, ""lower_is_better"": false, ""is_percent"": true}, {""key"": ""breakpoint_converted_percent"", ""name"": ""Break Points Converted %"", ""raw"": 42.9, ""raw_display"": ""42.9%"", ""normalized"": 44.76, ""weight"": 0.2, ""weight_pct"": 20.0, ""min"": 20.7, ""max"": 70.3, ""lower_is_better"": false, ""is_percent"": true}, {""key"": ""return_games_won_percent"", ""name"": ""Return Games Won %"", ""raw"": 32.2, ""raw_display"": ""32.2%"", ""normalized"": 47.4, ""weight"": 0.16, ""weight_pct"": 16.0, ""min"": 10.3, ""max"": 56.5, ""lower_is_better"": false, ""is_percent"": true}, {""key"": ""return_points_won_percent"", ""name"": ""Return Points Won %"", ""raw"": 42.4, ""raw_display"": ""42.4%"", ""normalized"": 50.83, ""weight"": 0.2, ""weight_pct"": 20.0, ""min"": 33.2, ""max"": 51.3, ""lower_is_better"": false, ""is_percent"": true}]}"
2026-07-26T05:36:16.130591Z,return,Return,84,Emma Navarro,325410,https://www.wtatennis.com/players/325410/emma-navarro,https://photoresources.wtatennis.com/wta/photo/2025/03/10/1b632c69-3141-4fca-a7bf-1cf3c6f62d65/Navarro-Torso_325410.png,50.8,1st Return Points Won %,36.0%,2nd Return Points Won %,53.4%,Break Points Converted %,42.4%,Return Games Won %,33.4%,Return Points Won %,42.5%,,,"{""category"": ""return"", ""player_rank"": 27, ""match_count"": 32, ""formula"": ""normalized_score = Σ(metric_norm × weight)"", ""metrics"": [{""key"": ""first_return_percent"", ""name"": ""1st Return Points Won %"", ""raw"": 36.0, ""raw_display"": ""36.0%"", ""normalized"": 55.35, ""weight"": 0.22, ""weight_pct"": 22.0, ""min"": 24.1, ""max"": 45.6, ""lower_is_better"": false, ""is_percent"": true}, {""key"": ""second_return_percent"", ""name"": ""2nd Return Points Won %"", ""raw"": 53.4, ""raw_display"": ""53.4%"", ""normalized"": 52.57, ""weight"": 0.22, ""weight_pct"": 22.0, ""min"": 44.2, ""max"": 61.7, ""lower_is_better"": false, ""is_percent"": true}, {""key"": ""breakpoint_converted_percent"", ""name"": ""Break Points Converted %"", ""raw"": 42.4, ""raw_display"": ""42.4%"", ""normalized"": 43.75, ""weight"": 0.2, ""weight_pct"": 20.0, ""min"": 20.7, ""max"": 70.3, ""lower_is_better"": false, ""is_percent"": true}, {""key"": ""return_games_won_percent"", ""name"": ""Return Games Won %"", ""raw"": 33.4, ""raw_display"": ""33.4%"", ""normalized"": 50.0, ""weight"": 0.16, ""weight_pct"": 16.0, ""min"": 10.3, ""max"": 56.5, ""lower_is_better"": false, ""is_percent"": true}, {""key"": ""return_points_won_percent"", ""name"": ""Return Points Won %"", ""raw"": 42.5, ""raw_display"": ""42.5%"", ""normalized"": 51.38, ""weight"": 0.2, ""weight_pct"": 20.0, ""min"": 33.2, ""max"": 51.3, ""lower_is_better"": false, ""is_percent"": true}]}"
2026-07-26T05:36:16.130591Z,return,Return,85,Donna Vekic,318516,https://www.wtatennis.com/players/318516/donna-vekic,https://photoresources.wtatennis.com/wta/photo/2026/01/13/6bea7977-d8f9-4a94-9662-8404468e2485/Vekic-Torso_318516.png,50.7,1st Return Points Won %,34.0%,2nd Return Points Won %,57.4%,Break Points Converted %,37.8%,Return Games Won %,30.7%,Return Points Won %,42.3%,,,"{""category"": ""return"", ""player_rank"": 36, ""match_count"": 19, ""formula"": ""normalized_score = Σ(metric_norm × weight)"", ""metrics"": [{""key"": ""first_return_percent"", ""name"": ""1st Return Points Won %"", ""raw"": 34.0, ""raw_display"": ""34.0%"", ""normalized"": 46.05, ""weight"": 0.22, ""weight_pct"": 22.0, ""min"": 24.1, ""max"": 45.6, ""lower_is_better"": false, ""is_percent"": true}, {""key"": ""second_return_percent"", ""name"": ""2nd Return Points Won %"", ""raw"": 57.4, ""raw_display"": ""57.4%"", ""normalized"": 75.43, ""weight"": 0.22, ""weight_pct"": 22.0, ""min"": 44.2, ""max"": 61.7, ""lower_is_better"": false, ""is_percent"": true}, {""key"": ""breakpoint_converted_percent"", ""name"": ""Break Points Converted %"", ""raw"": 37.8, ""raw_display"": ""37.8%"", ""normalized"": 34.48, ""weight"": 0.2, ""weight_pct"": 20.0, ""min"": 20.7, ""max"": 70.3, ""lower_is_better"": false, ""is_percent"": true}, {""key"": ""return_games_won_percent"", ""name"": ""Return Games Won %"", ""raw"": 30.7, ""raw_display"": ""30.7%"", ""normalized"": 44.16, ""weight"": 0.16, ""weight_pct"": 16.0, ""min"": 10.3, ""max"": 56.5, ""lower_is_better"": false, ""is_percent"": true}, {""key"": ""return_points_won_percent"", ""name"": ""Return Points Won %"", ""raw"": 42.3, ""raw_display"": ""42.3%"", ""normalized"": 50.28, ""weight"": 0.2, ""weight_pct"": 20.0, ""min"": 33.2, ""max"": 51.3, ""lower_is_better"": false, ""is_percent"": true}]}"
2026-07-26T05:36:16.130591Z,return,Return,86,Emerson Jones,333111,https://www.wtatennis.com/players/333111/emerson-jones,https://photoresources.wtatennis.com/wta/photo/2025/01/09/16dd2ea1-5604-4c4d-86dc-115a84d38487/333111.jpg,50.7,1st Return Points Won %,34.4%,2nd Return Points Won %,51.5%,Break Points Converted %,62.1%,Return Games Won %,26.5%,Return Points Won %,41.1%,,,"{""category"": ""return"", ""player_rank"": 139, ""match_count"": 7, ""formula"": ""normalized_score = Σ(metric_norm × weight)"", ""metrics"": [{""key"": ""first_return_percent"", ""name"": ""1st Return Points Won %"", ""raw"": 34.4, ""raw_display"": ""34.4%"", ""normalized"": 47.91, ""weight"": 0.22, ""weight_pct"": 22.0, ""min"": 24.1, ""max"": 45.6, ""lower_is_better"": false, ""is_percent"": true}, {""key"": ""second_return_percent"", ""name"": ""2nd Return Points Won %"", ""raw"": 51.5, ""raw_display"": ""51.5%"", ""normalized"": 41.71, ""weight"": 0.22, ""weight_pct"": 22.0, ""min"": 44.2, ""max"": 61.7, ""lower_is_better"": false, ""is_percent"": true}, {""key"": ""breakpoint_converted_percent"", ""name"": ""Break Points Converted %"", ""raw"": 62.1, ""raw_display"": ""62.1%"", ""normalized"": 83.47, ""weight"": 0.2, ""weight_pct"": 20.0, ""min"": 20.7, ""max"": 70.3, ""lower_is_better"": false, ""is_percent"": true}, {""key"": ""return_games_won_percent"", ""name"": ""Return Games Won %"", ""raw"": 26.5, ""raw_display"": ""26.5%"", ""normalized"": 35.06, ""weight"": 0.16, ""weight_pct"": 16.0, ""min"": 10.3, ""max"": 56.5, ""lower_is_better"": false, ""is_percent"": true}, {""key"": ""return_points_won_percent"", ""name"": ""Return Points Won %"", ""raw"": 41.1, ""raw_display"": ""41.1%"", ""normalized"": 43.65, ""weight"": 0.2, ""weight_pct"": 20.0, ""min"": 33.2, ""max"": 51.3, ""lower_is_better"": false, ""is_percent"": true}]}"
2026-07-26T05:36:16.130591Z,return,Return,87,Elena-Gabriela Ruse,320408,https://www.wtatennis.com/players/320408/elena-gabriela-ruse,https://photoresources.wtatennis.com/wta/photo/2025/03/10/27509f0b-bedb-4df9-8448-513cd42fd4ed/Ruse-Torso_320408.png,50.6,1st Return Points Won %,35.0%,2nd Return Points Won %,54.8%,Break Points Converted %,41.4%,Return Games Won %,31.4%,Return Points Won %,42.7%,,,"{""category"": ""return"", ""player_rank"": 73, ""match_count"": 27, ""formula"": ""normalized_score = Σ(metric_norm × weight)"", ""metrics"": [{""key"": ""first_return_percent"", ""name"": ""1st Return Points Won %"", ""raw"": 35.0, ""raw_display"": ""35.0%"", ""normalized"": 50.7, ""weight"": 0.22, ""weight_pct"": 22.0, ""min"": 24.1, ""max"": 45.6, ""lower_is_better"": false, ""is_percent"": true}, {""key"": ""second_return_percent"", ""name"": ""2nd Return Points Won %"", ""raw"": 54.8, ""raw_display"": ""54.8%"", ""normalized"": 60.57, ""weight"": 0.22, ""weight_pct"": 22.0, ""min"": 44.2, ""max"": 61.7, ""lower_is_better"": false, ""is_percent"": true}, {""key"": ""breakpoint_converted_percent"", ""name"": ""Break Points Converted %"", ""raw"": 41.4, ""raw_display"": ""41.4%"", ""normalized"": 41.73, ""weight"": 0.2, ""weight_pct"": 20.0, ""min"": 20.7, ""max"": 70.3, ""lower_is_better"": false, ""is_percent"": true}, {""key"": ""return_games_won_percent"", ""name"": ""Return Games Won %"", ""raw"": 31.4, ""raw_display"": ""31.4%"", ""normalized"": 45.67, ""weight"": 0.16, ""weight_pct"": 16.0, ""min"": 10.3, ""max"": 56.5, ""lower_is_better"": false, ""is_percent"": true}, {""key"": ""return_points_won_percent"", ""name"": ""Return Points Won %"", ""raw"": 42.7, ""raw_display"": ""42.7%"", ""normalized"": 52.49, ""weight"": 0.2, ""weight_pct"": 20.0, ""min"": 33.2, ""max"": 51.3, ""lower_is_better"": false, ""is_percent"": true}]}"
2026-07-26T05:36:16.130591Z,return,Return,88,Anna Bondar,322942,https://www.wtatennis.com/players/322942/anna-bondar,https://photoresources.wtatennis.com/wta/photo/2023/06/02/03c255e6-30af-4f7c-b20d-a4984ae8433f/Bondar-Torso_322942.png,50.4,1st Return Points Won %,34.5%,2nd Return Points Won %,55.3%,Break Points Converted %,43.5%,Return Games Won %,30.6%,Return Points Won %,41.9%,,,"{""category"": ""return"", ""player_rank"": 97, ""match_count"": 32, ""formula"": ""normalized_score = Σ(metric_norm × weight)"", ""metrics"": [{""key"": ""first_return_percent"", ""name"": ""1st Return Points Won %"", ""raw"": 34.5, ""raw_display"": ""34.5%"", ""normalized"": 48.37, ""weight"": 0.22, ""weight_pct"": 22.0, ""min"": 24.1, ""max"": 45.6, ""lower_is_better"": false, ""is_percent"": true}, {""key"": ""second_return_percent"", ""name"": ""2nd Return Points Won %"", ""raw"": 55.3, ""raw_display"": ""55.3%"", ""normalized"": 63.43, ""weight"": 0.22, ""weight_pct"": 22.0, ""min"": 44.2, ""max"": 61.7, ""lower_is_better"": false, ""is_percent"": true}, {""key"": ""breakpoint_converted_percent"", ""name"": ""Break Points Converted %"", ""raw"": 43.5, ""raw_display"": ""43.5%"", ""normalized"": 45.97, ""weight"": 0.2, ""weight_pct"": 20.0, ""min"": 20.7, ""max"": 70.3, ""lower_is_better"": false, ""is_percent"": true}, {""key"": ""return_games_won_percent"", ""name"": ""Return Games Won %"", ""raw"": 30.6, ""raw_display"": ""30.6%"", ""normalized"": 43.94, ""weight"": 0.16, ""weight_pct"": 16.0, ""min"": 10.3, ""max"": 56.5, ""lower_is_better"": false, ""is_percent"": true}, {""key"": ""return_points_won_percent"", ""name"": ""Return Points Won %"", ""raw"": 41.9, ""raw_display"": ""41.9%"", ""normalized"": 48.07, ""weight"": 0.2, ""weight_pct"": 20.0, ""min"": 33.2, ""max"": 51.3, ""lower_is_better"": false, ""is_percent"": true}]}"
2026-07-26T05:36:16.130591Z,return,Return,89,Kimberly Birrell,320728,https://www.wtatennis.com/players/320728/kimberly-birrell,https://photoresources.wtatennis.com/wta/photo/2025/05/14/ebc1fcc6-fe86-4df3-ab67-e884d093c63d/Birrell-Torso_320728.png,50.3,1st Return Points Won %,35.3%,2nd Return Points Won %,52.1%,Break Points Converted %,50.0%,Return Games Won %,33.0%,Return Points Won %,41.6%,,,"{""category"": ""return"", ""player_rank"": 65, ""match_count"": 24, ""formula"": ""normalized_score = Σ(metric_norm × weight)"", ""metrics"": [{""key"": ""first_return_percent"", ""name"": ""1st Return Points Won %"", ""raw"": 35.3, ""raw_display"": ""35.3%"", ""normalized"": 52.09, ""weight"": 0.22, ""weight_pct"": 22.0, ""min"": 24.1, ""max"": 45.6, ""lower_is_better"": false, ""is_percent"": true}, {""key"": ""second_return_percent"", ""name"": ""2nd Return Points Won %"", ""raw"": 52.1, ""raw_display"": ""52.1%"", ""normalized"": 45.14, ""weight"": 0.22, ""weight_pct"": 22.0, ""min"": 44.2, ""max"": 61.7, ""lower_is_better"": false, ""is_percent"": true}, {""key"": ""breakpoint_converted_percent"", ""name"": ""Break Points Converted %"", ""raw"": 50.0, ""raw_display"": ""50.0%"", ""normalized"": 59.07, ""weight"": 0.2, ""weight_pct"": 20.0, ""min"": 20.7, ""max"": 70.3, ""lower_is_better"": false, ""is_percent"": true}, {""key"": ""return_games_won_percent"", ""name"": ""Return Games Won %"", ""raw"": 33.0, ""raw_display"": ""33.0%"", ""normalized"": 49.13, ""weight"": 0.16, ""weight_pct"": 16.0, ""min"": 10.3, ""max"": 56.5, ""lower_is_better"": false, ""is_percent"": true}, {""key"": ""return_points_won_percent"", ""name"": ""Return Points Won %"", ""raw"": 41.6, ""raw_display"": ""41.6%"", ""normalized"": 46.41, ""weight"": 0.2, ""weight_pct"": 20.0, ""min"": 33.2, ""max"": 51.3, ""lower_is_better"": false, ""is_percent"": true}]}"
2026-07-26T05:36:16.130591Z,return,Return,90,Karolina Pliskova,313974,https://www.wtatennis.com/players/313974,,50.1,1st Return Points Won %,35.2%,2nd Return Points Won %,52.3%,Break Points Converted %,49.0%,Return Games Won %,32.5%,Return Points Won %,41.8%,,,"{""category"": ""return"", ""player_rank"": 63, ""match_count"": 28, ""formula"": ""normalized_score = Σ(metric_norm × weight)"", ""metrics"": [{""key"": ""first_return_percent"", ""name"": ""1st Return Points Won %"", ""raw"": 35.2, ""raw_display"": ""35.2%"", ""normalized"": 51.63, ""weight"": 0.22, ""weight_pct"": 22.0, ""min"": 24.1, ""max"": 45.6, ""lower_is_better"": false, ""is_percent"": true}, {""key"": ""second_return_percent"", ""name"": ""2nd Return Points Won %"", ""raw"": 52.3, ""raw_display"": ""52.3%"", ""normalized"": 46.29, ""weight"": 0.22, ""weight_pct"": 22.0, ""min"": 44.2, ""max"": 61.7, ""lower_is_better"": false, ""is_percent"": true}, {""key"": ""breakpoint_converted_percent"", ""name"": ""Break Points Converted %"", ""raw"": 49.0, ""raw_display"": ""49.0%"", ""normalized"": 57.06, ""weight"": 0.2, ""weight_pct"": 20.0, ""min"": 20.7, ""max"": 70.3, ""lower_is_better"": false, ""is_percent"": true}, {""key"": ""return_games_won_percent"", ""name"": ""Return Games Won %"", ""raw"": 32.5, ""raw_display"": ""32.5%"", ""normalized"": 48.05, ""weight"": 0.16, ""weight_pct"": 16.0, ""min"": 10.3, ""max"": 56.5, ""lower_is_better"": false, ""is_percent"": true}, {""key"": ""return_points_won_percent"", ""name"": ""Return Points Won %"", ""raw"": 41.8, ""raw_display"": ""41.8%"", ""normalized"": 47.51, ""weight"": 0.2, ""weight_pct"": 20.0, ""min"": 33.2, ""max"": 51.3, ""lower_is_better"": false, ""is_percent"": true}]}"
2026-07-26T05:36:16.130591Z,return,Return,91,Claire Liu,323966,https://www.wtatennis.com/players/323966,,50.0,1st Return Points Won %,34.5%,2nd Return Points Won %,54.1%,Break Points Converted %,47.3%,Return Games Won %,31.0%,Return Points Won %,41.4%,,,"{""category"": ""return"", ""player_rank"": 114, ""match_count"": 7, ""formula"": ""normalized_score = Σ(metric_norm × weight)"", ""metrics"": [{""key"": ""first_return_percent"", ""name"": ""1st Return Points Won %"", ""raw"": 34.5, ""raw_display"": ""34.5%"", ""normalized"": 48.37, ""weight"": 0.22, ""weight_pct"": 22.0, ""min"": 24.1, ""max"": 45.6, ""lower_is_better"": false, ""is_percent"": true}, {""key"": ""second_return_percent"", ""name"": ""2nd Return Points Won %"", ""raw"": 54.1, ""raw_display"": ""54.1%"", ""normalized"": 56.57, ""weight"": 0.22, ""weight_pct"": 22.0, ""min"": 44.2, ""max"": 61.7, ""lower_is_better"": false, ""is_percent"": true}, {""key"": ""breakpoint_converted_percent"", ""name"": ""Break Points Converted %"", ""raw"": 47.3, ""raw_display"": ""47.3%"", ""normalized"": 53.63, ""weight"": 0.2, ""weight_pct"": 20.0, ""min"": 20.7, ""max"": 70.3, ""lower_is_better"": false, ""is_percent"": true}, {""key"": ""return_games_won_percent"", ""name"": ""Return Games Won %"", ""raw"": 31.0, ""raw_display"": ""31.0%"", ""normalized"": 44.81, ""weight"": 0.16, ""weight_pct"": 16.0, ""min"": 10.3, ""max"": 56.5, ""lower_is_better"": false, ""is_percent"": true}, {""key"": ""return_points_won_percent"", ""name"": ""Return Points Won %"", ""raw"": 41.4, ""raw_display"": ""41.4%"", ""normalized"": 45.3, ""weight"": 0.2, ""weight_pct"": 20.0, ""min"": 33.2, ""max"": 51.3, ""lower_is_better"": false, ""is_percent"": true}]}"
2026-07-26T05:36:16.130591Z,return,Return,92,Rebecca Sramkova,320228,https://www.wtatennis.com/players/320228/rebecca-sramkova,https://photoresources.wtatennis.com/wta/photo/2025/03/10/b6a3bd6e-e91c-487f-88c3-7504b904c145/Sramkova-Torso_320228.png,49.9,1st Return Points Won %,35.6%,2nd Return Points Won %,54.9%,Break Points Converted %,38.8%,Return Games Won %,31.1%,Return Points Won %,42.4%,,,"{""category"": ""return"", ""player_rank"": 136, ""match_count"": 10, ""formula"": ""normalized_score = Σ(metric_norm × weight)"", ""metrics"": [{""key"": ""first_return_percent"", ""name"": ""1st Return Points Won %"", ""raw"": 35.6, ""raw_display"": ""35.6%"", ""normalized"": 53.49, ""weight"": 0.22, ""weight_pct"": 22.0, ""min"": 24.1, ""max"": 45.6, ""lower_is_better"": false, ""is_percent"": true}, {""key"": ""second_return_percent"", ""name"": ""2nd Return Points Won %"", ""raw"": 54.9, ""raw_display"": ""54.9%"", ""normalized"": 61.14, ""weight"": 0.22, ""weight_pct"": 22.0, ""min"": 44.2, ""max"": 61.7, ""lower_is_better"": false, ""is_percent"": true}, {""key"": ""breakpoint_converted_percent"", ""name"": ""Break Points Converted %"", ""raw"": 38.8, ""raw_display"": ""38.8%"", ""normalized"": 36.49, ""weight"": 0.2, ""weight_pct"": 20.0, ""min"": 20.7, ""max"": 70.3, ""lower_is_better"": false, ""is_percent"": true}, {""key"": ""return_games_won_percent"", ""name"": ""Return Games Won %"", ""raw"": 31.1, ""raw_display"": ""31.1%"", ""normalized"": 45.02, ""weight"": 0.16, ""weight_pct"": 16.0, ""min"": 10.3, ""max"": 56.5, ""lower_is_better"": false, ""is_percent"": true}, {""key"": ""return_points_won_percent"", ""name"": ""Return Points Won %"", ""raw"": 42.4, ""raw_display"": ""42.4%"", ""normalized"": 50.83, ""weight"": 0.2, ""weight_pct"": 20.0, ""min"": 33.2, ""max"": 51.3, ""lower_is_better"": false, ""is_percent"": true}]}"
2026-07-26T05:36:16.130591Z,return,Return,93,Jaqueline Cristian,320319,https://www.wtatennis.com/players/320319/jaqueline-cristian,https://photoresources.wtatennis.com/wta/photo/2025/04/16/46bc064d-4853-465a-8cd0-b0e3d6ee5c36/Cristian-Torso_320319.png,49.8,1st Return Points Won %,35.5%,2nd Return Points Won %,53.7%,Break Points Converted %,43.9%,Return Games Won %,31.5%,Return Points Won %,41.8%,,,"{""category"": ""return"", ""player_rank"": 41, ""match_count"": 31, ""formula"": ""normalized_score = Σ(metric_norm × weight)"", ""metrics"": [{""key"": ""first_return_percent"", ""name"": ""1st Return Points Won %"", ""raw"": 35.5, ""raw_display"": ""35.5%"", ""normalized"": 53.02, ""weight"": 0.22, ""weight_pct"": 22.0, ""min"": 24.1, ""max"": 45.6, ""lower_is_better"": false, ""is_percent"": true}, {""key"": ""second_return_percent"", ""name"": ""2nd Return Points Won %"", ""raw"": 53.7, ""raw_display"": ""53.7%"", ""normalized"": 54.29, ""weight"": 0.22, ""weight_pct"": 22.0, ""min"": 44.2, ""max"": 61.7, ""lower_is_better"": false, ""is_percent"": true}, {""key"": ""breakpoint_converted_percent"", ""name"": ""Break Points Converted %"", ""raw"": 43.9, ""raw_display"": ""43.9%"", ""normalized"": 46.77, ""weight"": 0.2, ""weight_pct"": 20.0, ""min"": 20.7, ""max"": 70.3, ""lower_is_better"": false, ""is_percent"": true}, {""key"": ""return_games_won_percent"", ""name"": ""Return Games Won %"", ""raw"": 31.5, ""raw_display"": ""31.5%"", ""normalized"": 45.89, ""weight"": 0.16, ""weight_pct"": 16.0, ""min"": 10.3, ""max"": 56.5, ""lower_is_better"": false, ""is_percent"": true}, {""key"": ""return_points_won_percent"", ""name"": ""Return Points Won %"", ""raw"": 41.8, ""raw_display"": ""41.8%"", ""normalized"": 47.51, ""weight"": 0.2, ""weight_pct"": 20.0, ""min"": 33.2, ""max"": 51.3, ""lower_is_better"": false, ""is_percent"": true}]}"
2026-07-26T05:36:16.130591Z,return,Return,94,Panna Udvardy,325956,https://www.wtatennis.com/players/325956/panna-udvardy,https://photoresources.wtatennis.com/wta/photo/2025/03/10/6b36d7a6-e084-4a35-a065-3f34cd11356c/Udvardy-Torso_325956.png,49.4,1st Return Points Won %,36.2%,2nd Return Points Won %,52.2%,Break Points Converted %,47.2%,Return Games Won %,30.1%,Return Points Won %,41.7%,,,"{""category"": ""return"", ""player_rank"": 72, ""match_count"": 27, ""formula"": ""normalized_score = Σ(metric_norm × weight)"", ""metrics"": [{""key"": ""first_return_percent"", ""name"": ""1st Return Points Won %"", ""raw"": 36.2, ""raw_display"": ""36.2%"", ""normalized"": 56.28, ""weight"": 0.22, ""weight_pct"": 22.0, ""min"": 24.1, ""max"": 45.6, ""lower_is_better"": false, ""is_percent"": true}, {""key"": ""second_return_percent"", ""name"": ""2nd Return Points Won %"", ""raw"": 52.2, ""raw_display"": ""52.2%"", ""normalized"": 45.71, ""weight"": 0.22, ""weight_pct"": 22.0, ""min"": 44.2, ""max"": 61.7, ""lower_is_better"": false, ""is_percent"": true}, {""key"": ""breakpoint_converted_percent"", ""name"": ""Break Points Converted %"", ""raw"": 47.2, ""raw_display"": ""47.2%"", ""normalized"": 53.43, ""weight"": 0.2, ""weight_pct"": 20.0, ""min"": 20.7, ""max"": 70.3, ""lower_is_better"": false, ""is_percent"": true}, {""key"": ""return_games_won_percent"", ""name"": ""Return Games Won %"", ""raw"": 30.1, ""raw_display"": ""30.1%"", ""normalized"": 42.86, ""weight"": 0.16, ""weight_pct"": 16.0, ""min"": 10.3, ""max"": 56.5, ""lower_is_better"": false, ""is_percent"": true}, {""key"": ""return_points_won_percent"", ""name"": ""Return Points Won %"", ""raw"": 41.7, ""raw_display"": ""41.7%"", ""normalized"": 46.96, ""weight"": 0.2, ""weight_pct"": 20.0, ""min"": 33.2, ""max"": 51.3, ""lower_is_better"": false, ""is_percent"": true}]}"
2026-07-26T05:36:16.130591Z,return,Return,95,Solana Sierra,329081,https://www.wtatennis.com/players/329081/solana-sierra,https://photoresources.wtatennis.com/wta/photo/2026/01/13/4c741cca-cce3-46d6-a7a2-8b398836bfd0/Sierra-Torso_329081.png,49.0,1st Return Points Won %,34.0%,2nd Return Points Won %,54.0%,Break Points Converted %,44.1%,Return Games Won %,32.2%,Return Points Won %,41.8%,,,"{""category"": ""return"", ""player_rank"": 87, ""match_count"": 26, ""formula"": ""normalized_score = Σ(metric_norm × weight)"", ""metrics"": [{""key"": ""first_return_percent"", ""name"": ""1st Return Points Won %"", ""raw"": 34.0, ""raw_display"": ""34.0%"", ""normalized"": 46.05, ""weight"": 0.22, ""weight_pct"": 22.0, ""min"": 24.1, ""max"": 45.6, ""lower_is_better"": false, ""is_percent"": true}, {""key"": ""second_return_percent"", ""name"": ""2nd Return Points Won %"", ""raw"": 54.0, ""raw_display"": ""54.0%"", ""normalized"": 56.0, ""weight"": 0.22, ""weight_pct"": 22.0, ""min"": 44.2, ""max"": 61.7, ""lower_is_better"": false, ""is_percent"": true}, {""key"": ""breakpoint_converted_percent"", ""name"": ""Break Points Converted %"", ""raw"": 44.1, ""raw_display"": ""44.1%"", ""normalized"": 47.18, ""weight"": 0.2, ""weight_pct"": 20.0, ""min"": 20.7, ""max"": 70.3, ""lower_is_better"": false, ""is_percent"": true}, {""key"": ""return_games_won_percent"", ""name"": ""Return Games Won %"", ""raw"": 32.2, ""raw_display"": ""32.2%"", ""normalized"": 47.4, ""weight"": 0.16, ""weight_pct"": 16.0, ""min"": 10.3, ""max"": 56.5, ""lower_is_better"": false, ""is_percent"": true}, {""key"": ""return_points_won_percent"", ""name"": ""Return Points Won %"", ""raw"": 41.8, ""raw_display"": ""41.8%"", ""normalized"": 47.51, ""weight"": 0.2, ""weight_pct"": 20.0, ""min"": 33.2, ""max"": 51.3, ""lower_is_better"": false, ""is_percent"": true}]}"
2026-07-26T05:36:16.130591Z,return,Return,96,Tyra Caterina Grant,333121,https://www.wtatennis.com/players/333121,,48.6,1st Return Points Won %,29.8%,2nd Return Points Won %,57.1%,Break Points Converted %,50.0%,Return Games Won %,29.7%,Return Points Won %,40.5%,,,"{""category"": ""return"", ""player_rank"": 148, ""match_count"": 6, ""formula"": ""normalized_score = Σ(metric_norm × weight)"", ""metrics"": [{""key"": ""first_return_percent"", ""name"": ""1st Return Points Won %"", ""raw"": 29.8, ""raw_display"": ""29.8%"", ""normalized"": 26.51, ""weight"": 0.22, ""weight_pct"": 22.0, ""min"": 24.1, ""max"": 45.6, ""lower_is_better"": false, ""is_percent"": true}, {""key"": ""second_return_percent"", ""name"": ""2nd Return Points Won %"", ""raw"": 57.1, ""raw_display"": ""57.1%"", ""normalized"": 73.71, ""weight"": 0.22, ""weight_pct"": 22.0, ""min"": 44.2, ""max"": 61.7, ""lower_is_better"": false, ""is_percent"": true}, {""key"": ""breakpoint_converted_percent"", ""name"": ""Break Points Converted %"", ""raw"": 50.0, ""raw_display"": ""50.0%"", ""normalized"": 59.07, ""weight"": 0.2, ""weight_pct"": 20.0, ""min"": 20.7, ""max"": 70.3, ""lower_is_better"": false, ""is_percent"": true}, {""key"": ""return_games_won_percent"", ""name"": ""Return Games Won %"", ""raw"": 29.7, ""raw_display"": ""29.7%"", ""normalized"": 41.99, ""weight"": 0.16, ""weight_pct"": 16.0, ""min"": 10.3, ""max"": 56.5, ""lower_is_better"": false, ""is_percent"": true}, {""key"": ""return_points_won_percent"", ""name"": ""Return Points Won %"", ""raw"": 40.5, ""raw_display"": ""40.5%"", ""normalized"": 40.33, ""weight"": 0.2, ""weight_pct"": 20.0, ""min"": 33.2, ""max"": 51.3, ""lower_is_better"": false, ""is_percent"": true}]}"
2026-07-26T05:36:16.130591Z,return,Return,97,Ann Li,326096,https://www.wtatennis.com/players/326096/ann-li,https://photoresources.wtatennis.com/wta/photo/2025/04/16/98b4db66-f66e-4853-9272-aa6eb159f8ea/Li-Torso_326096.png,47.9,1st Return Points Won %,35.8%,2nd Return Points Won %,51.9%,Break Points Converted %,45.3%,Return Games Won %,30.6%,Return Points Won %,41.6%,,,"{""category"": ""return"", ""player_rank"": 32, ""match_count"": 35, ""formula"": ""normalized_score = Σ(metric_norm × weight)"", ""metrics"": [{""key"": ""first_return_percent"", ""name"": ""1st Return Points Won %"", ""raw"": 35.8, ""raw_display"": ""35.8%"", ""normalized"": 54.42, ""weight"": 0.22, ""weight_pct"": 22.0, ""min"": 24.1, ""max"": 45.6, ""lower_is_better"": false, ""is_percent"": true}, {""key"": ""second_return_percent"", ""name"": ""2nd Return Points Won %"", ""raw"": 51.9, ""raw_display"": ""51.9%"", ""normalized"": 44.0, ""weight"": 0.22, ""weight_pct"": 22.0, ""min"": 44.2, ""max"": 61.7, ""lower_is_better"": false, ""is_percent"": true}, {""key"": ""breakpoint_converted_percent"", ""name"": ""Break Points Converted %"", ""raw"": 45.3, ""raw_display"": ""45.3%"", ""normalized"": 49.6, ""weight"": 0.2, ""weight_pct"": 20.0, ""min"": 20.7, ""max"": 70.3, ""lower_is_better"": false, ""is_percent"": true}, {""key"": ""return_games_won_percent"", ""name"": ""Return Games Won %"", ""raw"": 30.6, ""raw_display"": ""30.6%"", ""normalized"": 43.94, ""weight"": 0.16, ""weight_pct"": 16.0, ""min"": 10.3, ""max"": 56.5, ""lower_is_better"": false, ""is_percent"": true}, {""key"": ""return_points_won_percent"", ""name"": ""Return Points Won %"", ""raw"": 41.6, ""raw_display"": ""41.6%"", ""normalized"": 46.41, ""weight"": 0.2, ""weight_pct"": 20.0, ""min"": 33.2, ""max"": 51.3, ""lower_is_better"": false, ""is_percent"": true}]}"
2026-07-26T05:36:16.130591Z,return,Return,98,Tatjana Maria,310440,https://www.wtatennis.com/players/310440/tatjana-maria,https://photoresources.wtatennis.com/wta/photo/2024/05/01/c9c5fcb8-1bad-4cb6-a576-972f18edd165/Maria-Torso_310440-WTA-Tennis.png,47.9,1st Return Points Won %,34.3%,2nd Return Points Won %,53.1%,Break Points Converted %,46.6%,Return Games Won %,30.9%,Return Points Won %,41.1%,,,"{""category"": ""return"", ""player_rank"": 76, ""match_count"": 35, ""formula"": ""normalized_score = Σ(metric_norm × weight)"", ""metrics"": [{""key"": ""first_return_percent"", ""name"": ""1st Return Points Won %"", ""raw"": 34.3, ""raw_display"": ""34.3%"", ""normalized"": 47.44, ""weight"": 0.22, ""weight_pct"": 22.0, ""min"": 24.1, ""max"": 45.6, ""lower_is_better"": false, ""is_percent"": true}, {""key"": ""second_return_percent"", ""name"": ""2nd Return Points Won %"", ""raw"": 53.1, ""raw_display"": ""53.1%"", ""normalized"": 50.86, ""weight"": 0.22, ""weight_pct"": 22.0, ""min"": 44.2, ""max"": 61.7, ""lower_is_better"": false, ""is_percent"": true}, {""key"": ""breakpoint_converted_percent"", ""name"": ""Break Points Converted %"", ""raw"": 46.6, ""raw_display"": ""46.6%"", ""normalized"": 52.22, ""weight"": 0.2, ""weight_pct"": 20.0, ""min"": 20.7, ""max"": 70.3, ""lower_is_better"": false, ""is_percent"": true}, {""key"": ""return_games_won_percent"", ""name"": ""Return Games Won %"", ""raw"": 30.9, ""raw_display"": ""30.9%"", ""normalized"": 44.59, ""weight"": 0.16, ""weight_pct"": 16.0, ""min"": 10.3, ""max"": 56.5, ""lower_is_better"": false, ""is_percent"": true}, {""key"": ""return_points_won_percent"", ""name"": ""Return Points Won %"", ""raw"": 41.1, ""raw_display"": ""41.1%"", ""normalized"": 43.65, ""weight"": 0.2, ""weight_pct"": 20.0, ""min"": 33.2, ""max"": 51.3, ""lower_is_better"": false, ""is_percent"": true}]}"
2026-07-26T05:36:16.130591Z,return,Return,99,Kaitlin Quevedo,331742,https://www.wtatennis.com/players/331742/kaitlin-quevedo,,47.6,1st Return Points Won %,29.7%,2nd Return Points Won %,58.2%,Break Points Converted %,44.0%,Return Games Won %,27.5%,Return Points Won %,41.3%,,,"{""category"": ""return"", ""player_rank"": 101, ""match_count"": 9, ""formula"": ""normalized_score = Σ(metric_norm × weight)"", ""metrics"": [{""key"": ""first_return_percent"", ""name"": ""1st Return Points Won %"", ""raw"": 29.7, ""raw_display"": ""29.7%"", ""normalized"": 26.05, ""weight"": 0.22, ""weight_pct"": 22.0, ""min"": 24.1, ""max"": 45.6, ""lower_is_better"": false, ""is_percent"": true}, {""key"": ""second_return_percent"", ""name"": ""2nd Return Points Won %"", ""raw"": 58.2, ""raw_display"": ""58.2%"", ""normalized"": 80.0, ""weight"": 0.22, ""weight_pct"": 22.0, ""min"": 44.2, ""max"": 61.7, ""lower_is_better"": false, ""is_percent"": true}, {""key"": ""breakpoint_converted_percent"", ""name"": ""Break Points Converted %"", ""raw"": 44.0, ""raw_display"": ""44.0%"", ""normalized"": 46.98, ""weight"": 0.2, ""weight_pct"": 20.0, ""min"": 20.7, ""max"": 70.3, ""lower_is_better"": false, ""is_percent"": true}, {""key"": ""return_games_won_percent"", ""name"": ""Return Games Won %"", ""raw"": 27.5, ""raw_display"": ""27.5%"", ""normalized"": 37.23, ""weight"": 0.16, ""weight_pct"": 16.0, ""min"": 10.3, ""max"": 56.5, ""lower_is_better"": false, ""is_percent"": true}, {""key"": ""return_points_won_percent"", ""name"": ""Return Points Won %"", ""raw"": 41.3, ""raw_display"": ""41.3%"", ""normalized"": 44.75, ""weight"": 0.2, ""weight_pct"": 20.0, ""min"": 33.2, ""max"": 51.3, ""lower_is_better"": false, ""is_percent"": true}]}"
2026-07-26T05:36:16.130591Z,return,Return,100,Xinyu Wang,326376,https://www.wtatennis.com/players/326376/xinyu-wang,https://photoresources.wtatennis.com/wta/photo/2025/07/29/56be4ea4-f3f9-4cac-be02-7f040dd6710e/Wang-Torso_326376.png,47.4,1st Return Points Won %,34.3%,2nd Return Points Won %,54.6%,Break Points Converted %,40.2%,Return Games Won %,30.8%,Return Points Won %,41.3%,,,"{""category"": ""return"", ""player_rank"": 39, ""match_count"": 32, ""formula"": ""normalized_score = Σ(metric_norm × weight)"", ""metrics"": [{""key"": ""first_return_percent"", ""name"": ""1st Return Points Won %"", ""raw"": 34.3, ""raw_display"": ""34.3%"", ""normalized"": 47.44, ""weight"": 0.22, ""weight_pct"": 22.0, ""min"": 24.1, ""max"": 45.6, ""lower_is_better"": false, ""is_percent"": true}, {""key"": ""second_return_percent"", ""name"": ""2nd Return Points Won %"", ""raw"": 54.6, ""raw_display"": ""54.6%"", ""normalized"": 59.43, ""weight"": 0.22, ""weight_pct"": 22.0, ""min"": 44.2, ""max"": 61.7, ""lower_is_better"": false, ""is_percent"": true}, {""key"": ""breakpoint_converted_percent"", ""name"": ""Break Points Converted %"", ""raw"": 40.2, ""raw_display"": ""40.2%"", ""normalized"": 39.31, ""weight"": 0.2, ""weight_pct"": 20.0, ""min"": 20.7, ""max"": 70.3, ""lower_is_better"": false, ""is_percent"": true}, {""key"": ""return_games_won_percent"", ""name"": ""Return Games Won %"", ""raw"": 30.8, ""raw_display"": ""30.8%"", ""normalized"": 44.37, ""weight"": 0.16, ""weight_pct"": 16.0, ""min"": 10.3, ""max"": 56.5, ""lower_is_better"": false, ""is_percent"": true}, {""key"": ""return_points_won_percent"", ""name"": ""Return Points Won %"", ""raw"": 41.3, ""raw_display"": ""41.3%"", ""normalized"": 44.75, ""weight"": 0.2, ""weight_pct"": 20.0, ""min"": 33.2, ""max"": 51.3, ""lower_is_better"": false, ""is_percent"": true}]}"
2026-07-26T05:36:16.130591Z,return,Return,101,Simona Waltert,325771,https://www.wtatennis.com/players/325771/simona-waltert,,47.4,1st Return Points Won %,36.5%,2nd Return Points Won %,50.9%,Break Points Converted %,44.4%,Return Games Won %,30.8%,Return Points Won %,41.9%,,,"{""category"": ""return"", ""player_rank"": 91, ""match_count"": 12, ""formula"": ""normalized_score = Σ(metric_norm × weight)"", ""metrics"": [{""key"": ""first_return_percent"", ""name"": ""1st Return Points Won %"", ""raw"": 36.5, ""raw_display"": ""36.5%"", ""normalized"": 57.67, ""weight"": 0.22, ""weight_pct"": 22.0, ""min"": 24.1, ""max"": 45.6, ""lower_is_better"": false, ""is_percent"": true}, {""key"": ""second_return_percent"", ""name"": ""2nd Return Points Won %"", ""raw"": 50.9, ""raw_display"": ""50.9%"", ""normalized"": 38.29, ""weight"": 0.22, ""weight_pct"": 22.0, ""min"": 44.2, ""max"": 61.7, ""lower_is_better"": false, ""is_percent"": true}, {""key"": ""breakpoint_converted_percent"", ""name"": ""Break Points Converted %"", ""raw"": 44.4, ""raw_display"": ""44.4%"", ""normalized"": 47.78, ""weight"": 0.2, ""weight_pct"": 20.0, ""min"": 20.7, ""max"": 70.3, ""lower_is_better"": false, ""is_percent"": true}, {""key"": ""return_games_won_percent"", ""name"": ""Return Games Won %"", ""raw"": 30.8, ""raw_display"": ""30.8%"", ""normalized"": 44.37, ""weight"": 0.16, ""weight_pct"": 16.0, ""min"": 10.3, ""max"": 56.5, ""lower_is_better"": false, ""is_percent"": true}, {""key"": ""return_points_won_percent"", ""name"": ""Return Points Won %"", ""raw"": 41.9, ""raw_display"": ""41.9%"", ""normalized"": 48.07, ""weight"": 0.2, ""weight_pct"": 20.0, ""min"": 33.2, ""max"": 51.3, ""lower_is_better"": false, ""is_percent"": true}]}"
2026-07-26T05:36:16.130591Z,return,Return,102,Ashlyn Krueger,329409,https://www.wtatennis.com/players/329409/ashlyn-krueger,https://photoresources.wtatennis.com/wta/photo/2024/04/26/2b5353bc-e400-41fa-ae82-600b41135a86/Krueger-Torso_329409-WTA-Tennis.png,47.2,1st Return Points Won %,35.3%,2nd Return Points Won %,52.7%,Break Points Converted %,41.6%,Return Games Won %,30.9%,Return Points Won %,41.8%,,,"{""category"": ""return"", ""player_rank"": 66, ""match_count"": 20, ""formula"": ""normalized_score = Σ(metric_norm × weight)"", ""metrics"": [{""key"": ""first_return_percent"", ""name"": ""1st Return Points Won %"", ""raw"": 35.3, ""raw_display"": ""35.3%"", ""normalized"": 52.09, ""weight"": 0.22, ""weight_pct"": 22.0, ""min"": 24.1, ""max"": 45.6, ""lower_is_better"": false, ""is_percent"": true}, {""key"": ""second_return_percent"", ""name"": ""2nd Return Points Won %"", ""raw"": 52.7, ""raw_display"": ""52.7%"", ""normalized"": 48.57, ""weight"": 0.22, ""weight_pct"": 22.0, ""min"": 44.2, ""max"": 61.7, ""lower_is_better"": false, ""is_percent"": true}, {""key"": ""breakpoint_converted_percent"", ""name"": ""Break Points Converted %"", ""raw"": 41.6, ""raw_display"": ""41.6%"", ""normalized"": 42.14, ""weight"": 0.2, ""weight_pct"": 20.0, ""min"": 20.7, ""max"": 70.3, ""lower_is_better"": false, ""is_percent"": true}, {""key"": ""return_games_won_percent"", ""name"": ""Return Games Won %"", ""raw"": 30.9, ""raw_display"": ""30.9%"", ""normalized"": 44.59, ""weight"": 0.16, ""weight_pct"": 16.0, ""min"": 10.3, ""max"": 56.5, ""lower_is_better"": false, ""is_percent"": true}, {""key"": ""return_points_won_percent"", ""name"": ""Return Points Won %"", ""raw"": 41.8, ""raw_display"": ""41.8%"", ""normalized"": 47.51, ""weight"": 0.2, ""weight_pct"": 20.0, ""min"": 33.2, ""max"": 51.3, ""lower_is_better"": false, ""is_percent"": true}]}"
2026-07-26T05:36:16.130591Z,return,Return,103,Linda Noskova,329668,https://www.wtatennis.com/players/329668/linda-noskova,https://photoresources.wtatennis.com/wta/photo/2024/05/01/54485a31-3775-4c65-a62c-298a5e124a18/Noskova-Torso_329668-WTA-Tennis.png,47.0,1st Return Points Won %,33.7%,2nd Return Points Won %,53.6%,Break Points Converted %,43.3%,Return Games Won %,31.1%,Return Points Won %,41.4%,,,"{""category"": ""return"", ""player_rank"": 7, ""match_count"": 38, ""formula"": ""normalized_score = Σ(metric_norm × weight)"", ""metrics"": [{""key"": ""first_return_percent"", ""name"": ""1st Return Points Won %"", ""raw"": 33.7, ""raw_display"": ""33.7%"", ""normalized"": 44.65, ""weight"": 0.22, ""weight_pct"": 22.0, ""min"": 24.1, ""max"": 45.6, ""lower_is_better"": false, ""is_percent"": true}, {""key"": ""second_return_percent"", ""name"": ""2nd Return Points Won %"", ""raw"": 53.6, ""raw_display"": ""53.6%"", ""normalized"": 53.71, ""weight"": 0.22, ""weight_pct"": 22.0, ""min"": 44.2, ""max"": 61.7, ""lower_is_better"": false, ""is_percent"": true}, {""key"": ""breakpoint_converted_percent"", ""name"": ""Break Points Converted %"", ""raw"": 43.3, ""raw_display"": ""43.3%"", ""normalized"": 45.56, ""weight"": 0.2, ""weight_pct"": 20.0, ""min"": 20.7, ""max"": 70.3, ""lower_is_better"": false, ""is_percent"": true}, {""key"": ""return_games_won_percent"", ""name"": ""Return Games Won %"", ""raw"": 31.1, ""raw_display"": ""31.1%"", ""normalized"": 45.02, ""weight"": 0.16, ""weight_pct"": 16.0, ""min"": 10.3, ""max"": 56.5, ""lower_is_better"": false, ""is_percent"": true}, {""key"": ""return_points_won_percent"", ""name"": ""Return Points Won %"", ""raw"": 41.4, ""raw_display"": ""41.4%"", ""normalized"": 45.3, ""weight"": 0.2, ""weight_pct"": 20.0, ""min"": 33.2, ""max"": 51.3, ""lower_is_better"": false, ""is_percent"": true}]}"
2026-07-26T05:36:16.130591Z,return,Return,104,Varvara Gracheva,325836,https://www.wtatennis.com/players/325836/varvara-gracheva,https://photoresources.wtatennis.com/wta/photo/2024/05/01/0c60c309-8582-4e99-b8ea-614aebf333a2/Gracheva-Torso_325836-WTA-Tennis.png,47.0,1st Return Points Won %,35.3%,2nd Return Points Won %,52.9%,Break Points Converted %,42.0%,Return Games Won %,31.1%,Return Points Won %,41.2%,,,"{""category"": ""return"", ""player_rank"": 99, ""match_count"": 11, ""formula"": ""normalized_score = Σ(metric_norm × weight)"", ""metrics"": [{""key"": ""first_return_percent"", ""name"": ""1st Return Points Won %"", ""raw"": 35.3, ""raw_display"": ""35.3%"", ""normalized"": 52.09, ""weight"": 0.22, ""weight_pct"": 22.0, ""min"": 24.1, ""max"": 45.6, ""lower_is_better"": false, ""is_percent"": true}, {""key"": ""second_return_percent"", ""name"": ""2nd Return Points Won %"", ""raw"": 52.9, ""raw_display"": ""52.9%"", ""normalized"": 49.71, ""weight"": 0.22, ""weight_pct"": 22.0, ""min"": 44.2, ""max"": 61.7, ""lower_is_better"": false, ""is_percent"": true}, {""key"": ""breakpoint_converted_percent"", ""name"": ""Break Points Converted %"", ""raw"": 42.0, ""raw_display"": ""42.0%"", ""normalized"": 42.94, ""weight"": 0.2, ""weight_pct"": 20.0, ""min"": 20.7, ""max"": 70.3, ""lower_is_better"": false, ""is_percent"": true}, {""key"": ""return_games_won_percent"", ""name"": ""Return Games Won %"", ""raw"": 31.1, ""raw_display"": ""31.1%"", ""normalized"": 45.02, ""weight"": 0.16, ""weight_pct"": 16.0, ""min"": 10.3, ""max"": 56.5, ""lower_is_better"": false, ""is_percent"": true}, {""key"": ""return_points_won_percent"", ""name"": ""Return Points Won %"", ""raw"": 41.2, ""raw_display"": ""41.2%"", ""normalized"": 44.2, ""weight"": 0.2, ""weight_pct"": 20.0, ""min"": 33.2, ""max"": 51.3, ""lower_is_better"": false, ""is_percent"": true}]}"
2026-07-26T05:36:16.130591Z,return,Return,105,Clara Tauson,327793,https://www.wtatennis.com/players/327793/clara-tauson,https://photoresources.wtatennis.com/wta/photo/2025/03/10/ce8eb466-c007-471c-9943-0f62f924c994/Tauson-Torso_327793.png,46.5,1st Return Points Won %,33.0%,2nd Return Points Won %,54.5%,Break Points Converted %,42.6%,Return Games Won %,29.3%,Return Points Won %,41.4%,,,"{""category"": ""return"", ""player_rank"": 30, ""match_count"": 29, ""formula"": ""normalized_score = Σ(metric_norm × weight)"", ""metrics"": [{""key"": ""first_return_percent"", ""name"": ""1st Return Points Won %"", ""raw"": 33.0, ""raw_display"": ""33.0%"", ""normalized"": 41.4, ""weight"": 0.22, ""weight_pct"": 22.0, ""min"": 24.1, ""max"": 45.6, ""lower_is_better"": false, ""is_percent"": true}, {""key"": ""second_return_percent"", ""name"": ""2nd Return Points Won %"", ""raw"": 54.5, ""raw_display"": ""54.5%"", ""normalized"": 58.86, ""weight"": 0.22, ""weight_pct"": 22.0, ""min"": 44.2, ""max"": 61.7, ""lower_is_better"": false, ""is_percent"": true}, {""key"": ""breakpoint_converted_percent"", ""name"": ""Break Points Converted %"", ""raw"": 42.6, ""raw_display"": ""42.6%"", ""normalized"": 44.15, ""weight"": 0.2, ""weight_pct"": 20.0, ""min"": 20.7, ""max"": 70.3, ""lower_is_better"": false, ""is_percent"": true}, {""key"": ""return_games_won_percent"", ""name"": ""Return Games Won %"", ""raw"": 29.3, ""raw_display"": ""29.3%"", ""normalized"": 41.13, ""weight"": 0.16, ""weight_pct"": 16.0, ""min"": 10.3, ""max"": 56.5, ""lower_is_better"": false, ""is_percent"": true}, {""key"": ""return_points_won_percent"", ""name"": ""Return Points Won %"", ""raw"": 41.4, ""raw_display"": ""41.4%"", ""normalized"": 45.3, ""weight"": 0.2, ""weight_pct"": 20.0, ""min"": 33.2, ""max"": 51.3, ""lower_is_better"": false, ""is_percent"": true}]}"
2026-07-26T05:36:16.130591Z,return,Return,106,Lilli Tagger,332150,https://www.wtatennis.com/players/332150/lilli-tagger,,46.2,1st Return Points Won %,32.3%,2nd Return Points Won %,53.2%,Break Points Converted %,50.0%,Return Games Won %,29.5%,Return Points Won %,40.5%,,,"{""category"": ""return"", ""player_rank"": 74, ""match_count"": 13, ""formula"": ""normalized_score = Σ(metric_norm × weight)"", ""metrics"": [{""key"": ""first_return_percent"", ""name"": ""1st Return Points Won %"", ""raw"": 32.3, ""raw_display"": ""32.3%"", ""normalized"": 38.14, ""weight"": 0.22, ""weight_pct"": 22.0, ""min"": 24.1, ""max"": 45.6, ""lower_is_better"": false, ""is_percent"": true}, {""key"": ""second_return_percent"", ""name"": ""2nd Return Points Won %"", ""raw"": 53.2, ""raw_display"": ""53.2%"", ""normalized"": 51.43, ""weight"": 0.22, ""weight_pct"": 22.0, ""min"": 44.2, ""max"": 61.7, ""lower_is_better"": false, ""is_percent"": true}, {""key"": ""breakpoint_converted_percent"", ""name"": ""Break Points Converted %"", ""raw"": 50.0, ""raw_display"": ""50.0%"", ""normalized"": 59.07, ""weight"": 0.2, ""weight_pct"": 20.0, ""min"": 20.7, ""max"": 70.3, ""lower_is_better"": false, ""is_percent"": true}, {""key"": ""return_games_won_percent"", ""name"": ""Return Games Won %"", ""raw"": 29.5, ""raw_display"": ""29.5%"", ""normalized"": 41.56, ""weight"": 0.16, ""weight_pct"": 16.0, ""min"": 10.3, ""max"": 56.5, ""lower_is_better"": false, ""is_percent"": true}, {""key"": ""return_points_won_percent"", ""name"": ""Return Points Won %"", ""raw"": 40.5, ""raw_display"": ""40.5%"", ""normalized"": 40.33, ""weight"": 0.2, ""weight_pct"": 20.0, ""min"": 33.2, ""max"": 51.3, ""lower_is_better"": false, ""is_percent"": true}]}"
2026-07-26T05:36:16.130591Z,return,Return,107,Julia Grabher,320316,https://www.wtatennis.com/players/320316/julia-grabher,https://photoresources.wtatennis.com/wta/photo/2023/06/02/e6fda370-2187-4b27-912f-17ed63a46dab/Grabher-Torso_320316.png,45.7,1st Return Points Won %,32.7%,2nd Return Points Won %,53.9%,Break Points Converted %,44.1%,Return Games Won %,30.6%,Return Points Won %,40.7%,,,"{""category"": ""return"", ""player_rank"": 107, ""match_count"": 10, ""formula"": ""normalized_score = Σ(metric_norm × weight)"", ""metrics"": [{""key"": ""first_return_percent"", ""name"": ""1st Return Points Won %"", ""raw"": 32.7, ""raw_display"": ""32.7%"", ""normalized"": 40.0, ""weight"": 0.22, ""weight_pct"": 22.0, ""min"": 24.1, ""max"": 45.6, ""lower_is_better"": false, ""is_percent"": true}, {""key"": ""second_return_percent"", ""name"": ""2nd Return Points Won %"", ""raw"": 53.9, ""raw_display"": ""53.9%"", ""normalized"": 55.43, ""weight"": 0.22, ""weight_pct"": 22.0, ""min"": 44.2, ""max"": 61.7, ""lower_is_better"": false, ""is_percent"": true}, {""key"": ""breakpoint_converted_percent"", ""name"": ""Break Points Converted %"", ""raw"": 44.1, ""raw_display"": ""44.1%"", ""normalized"": 47.18, ""weight"": 0.2, ""weight_pct"": 20.0, ""min"": 20.7, ""max"": 70.3, ""lower_is_better"": false, ""is_percent"": true}, {""key"": ""return_games_won_percent"", ""name"": ""Return Games Won %"", ""raw"": 30.6, ""raw_display"": ""30.6%"", ""normalized"": 43.94, ""weight"": 0.16, ""weight_pct"": 16.0, ""min"": 10.3, ""max"": 56.5, ""lower_is_better"": false, ""is_percent"": true}, {""key"": ""return_points_won_percent"", ""name"": ""Return Points Won %"", ""raw"": 40.7, ""raw_display"": ""40.7%"", ""normalized"": 41.44, ""weight"": 0.2, ""weight_pct"": 20.0, ""min"": 33.2, ""max"": 51.3, ""lower_is_better"": false, ""is_percent"": true}]}"
2026-07-26T05:36:16.130591Z,return,Return,108,Taylor Townsend,318609,https://www.wtatennis.com/players/318609/taylor-townsend,https://photoresources.wtatennis.com/wta/photo/2025/04/16/f8ef509e-6e63-484e-b011-65517015933e/Townsend-Torso_318609.png,45.6,1st Return Points Won %,33.9%,2nd Return Points Won %,54.2%,Break Points Converted %,39.5%,Return Games Won %,28.3%,Return Points Won %,41.5%,,,"{""category"": ""return"", ""player_rank"": 83, ""match_count"": 16, ""formula"": ""normalized_score = Σ(metric_norm × weight)"", ""metrics"": [{""key"": ""first_return_percent"", ""name"": ""1st Return Points Won %"", ""raw"": 33.9, ""raw_display"": ""33.9%"", ""normalized"": 45.58, ""weight"": 0.22, ""weight_pct"": 22.0, ""min"": 24.1, ""max"": 45.6, ""lower_is_better"": false, ""is_percent"": true}, {""key"": ""second_return_percent"", ""name"": ""2nd Return Points Won %"", ""raw"": 54.2, ""raw_display"": ""54.2%"", ""normalized"": 57.14, ""weight"": 0.22, ""weight_pct"": 22.0, ""min"": 44.2, ""max"": 61.7, ""lower_is_better"": false, ""is_percent"": true}, {""key"": ""breakpoint_converted_percent"", ""name"": ""Break Points Converted %"", ""raw"": 39.5, ""raw_display"": ""39.5%"", ""normalized"": 37.9, ""weight"": 0.2, ""weight_pct"": 20.0, ""min"": 20.7, ""max"": 70.3, ""lower_is_better"": false, ""is_percent"": true}, {""key"": ""return_games_won_percent"", ""name"": ""Return Games Won %"", ""raw"": 28.3, ""raw_display"": ""28.3%"", ""normalized"": 38.96, ""weight"": 0.16, ""weight_pct"": 16.0, ""min"": 10.3, ""max"": 56.5, ""lower_is_better"": false, ""is_percent"": true}, {""key"": ""return_points_won_percent"", ""name"": ""Return Points Won %"", ""raw"": 41.5, ""raw_display"": ""41.5%"", ""normalized"": 45.86, ""weight"": 0.2, ""weight_pct"": 20.0, ""min"": 33.2, ""max"": 51.3, ""lower_is_better"": false, ""is_percent"": true}]}"
2026-07-26T05:36:16.130591Z,return,Return,109,Varvara Lepchenko,120420,https://www.wtatennis.com/players/120420/varvara-lepchenko,https://photoresources.wtatennis.com/wta/photo/2025/04/16/e28e3a0a-666a-4817-9d3d-be045c3c90d9/Lepchenko-Torso_120420.png,45.6,1st Return Points Won %,33.8%,2nd Return Points Won %,54.7%,Break Points Converted %,38.1%,Return Games Won %,27.6%,Return Points Won %,41.8%,,,"{""category"": ""return"", ""player_rank"": 175, ""match_count"": 5, ""formula"": ""normalized_score = Σ(metric_norm × weight)"", ""metrics"": [{""key"": ""first_return_percent"", ""name"": ""1st Return Points Won %"", ""raw"": 33.8, ""raw_display"": ""33.8%"", ""normalized"": 45.12, ""weight"": 0.22, ""weight_pct"": 22.0, ""min"": 24.1, ""max"": 45.6, ""lower_is_better"": false, ""is_percent"": true}, {""key"": ""second_return_percent"", ""name"": ""2nd Return Points Won %"", ""raw"": 54.7, ""raw_display"": ""54.7%"", ""normalized"": 60.0, ""weight"": 0.22, ""weight_pct"": 22.0, ""min"": 44.2, ""max"": 61.7, ""lower_is_better"": false, ""is_percent"": true}, {""key"": ""breakpoint_converted_percent"", ""name"": ""Break Points Converted %"", ""raw"": 38.1, ""raw_display"": ""38.1%"", ""normalized"": 35.08, ""weight"": 0.2, ""weight_pct"": 20.0, ""min"": 20.7, ""max"": 70.3, ""lower_is_better"": false, ""is_percent"": true}, {""key"": ""return_games_won_percent"", ""name"": ""Return Games Won %"", ""raw"": 27.6, ""raw_display"": ""27.6%"", ""normalized"": 37.45, ""weight"": 0.16, ""weight_pct"": 16.0, ""min"": 10.3, ""max"": 56.5, ""lower_is_better"": false, ""is_percent"": true}, {""key"": ""return_points_won_percent"", ""name"": ""Return Points Won %"", ""raw"": 41.8, ""raw_display"": ""41.8%"", ""normalized"": 47.51, ""weight"": 0.2, ""weight_pct"": 20.0, ""min"": 33.2, ""max"": 51.3, ""lower_is_better"": false, ""is_percent"": true}]}"
2026-07-26T05:36:16.130591Z,return,Return,110,Magda Linette,315130,https://www.wtatennis.com/players/315130/magda-linette,https://photoresources.wtatennis.com/wta/photo/2023/06/02/467a8c62-99f5-4b78-8d37-6c23c6768531/Linette-Torso_315130.png,45.4,1st Return Points Won %,34.8%,2nd Return Points Won %,52.0%,Break Points Converted %,42.4%,Return Games Won %,30.4%,Return Points Won %,41.3%,,,"{""category"": ""return"", ""player_rank"": 51, ""match_count"": 32, ""formula"": ""normalized_score = Σ(metric_norm × weight)"", ""metrics"": [{""key"": ""first_return_percent"", ""name"": ""1st Return Points Won %"", ""raw"": 34.8, ""raw_display"": ""34.8%"", ""normalized"": 49.77, ""weight"": 0.22, ""weight_pct"": 22.0, ""min"": 24.1, ""max"": 45.6, ""lower_is_better"": false, ""is_percent"": true}, {""key"": ""second_return_percent"", ""name"": ""2nd Return Points Won %"", ""raw"": 52.0, ""raw_display"": ""52.0%"", ""normalized"": 44.57, ""weight"": 0.22, ""weight_pct"": 22.0, ""min"": 44.2, ""max"": 61.7, ""lower_is_better"": false, ""is_percent"": true}, {""key"": ""breakpoint_converted_percent"", ""name"": ""Break Points Converted %"", ""raw"": 42.4, ""raw_display"": ""42.4%"", ""normalized"": 43.75, ""weight"": 0.2, ""weight_pct"": 20.0, ""min"": 20.7, ""max"": 70.3, ""lower_is_better"": false, ""is_percent"": true}, {""key"": ""return_games_won_percent"", ""name"": ""Return Games Won %"", ""raw"": 30.4, ""raw_display"": ""30.4%"", ""normalized"": 43.51, ""weight"": 0.16, ""weight_pct"": 16.0, ""min"": 10.3, ""max"": 56.5, ""lower_is_better"": false, ""is_percent"": true}, {""key"": ""return_points_won_percent"", ""name"": ""Return Points Won %"", ""raw"": 41.3, ""raw_display"": ""41.3%"", ""normalized"": 44.75, ""weight"": 0.2, ""weight_pct"": 20.0, ""min"": 33.2, ""max"": 51.3, ""lower_is_better"": false, ""is_percent"": true}]}"
2026-07-26T05:36:16.130591Z,return,Return,111,Hailey Baptiste,327101,https://www.wtatennis.com/players/327101/hailey-baptiste,https://photoresources.wtatennis.com/wta/photo/2025/05/08/bca4c48d-f90b-4827-a9ea-7fe931d64f95/Baptiste-Torso_327101.png,44.9,1st Return Points Won %,35.7%,2nd Return Points Won %,51.8%,Break Points Converted %,40.6%,Return Games Won %,29.3%,Return Points Won %,41.2%,,,"{""category"": ""return"", ""player_rank"": 34, ""match_count"": 29, ""formula"": ""normalized_score = Σ(metric_norm × weight)"", ""metrics"": [{""key"": ""first_return_percent"", ""name"": ""1st Return Points Won %"", ""raw"": 35.7, ""raw_display"": ""35.7%"", ""normalized"": 53.95, ""weight"": 0.22, ""weight_pct"": 22.0, ""min"": 24.1, ""max"": 45.6, ""lower_is_better"": false, ""is_percent"": true}, {""key"": ""second_return_percent"", ""name"": ""2nd Return Points Won %"", ""raw"": 51.8, ""raw_display"": ""51.8%"", ""normalized"": 43.43, ""weight"": 0.22, ""weight_pct"": 22.0, ""min"": 44.2, ""max"": 61.7, ""lower_is_better"": false, ""is_percent"": true}, {""key"": ""breakpoint_converted_percent"", ""name"": ""Break Points Converted %"", ""raw"": 40.6, ""raw_display"": ""40.6%"", ""normalized"": 40.12, ""weight"": 0.2, ""weight_pct"": 20.0, ""min"": 20.7, ""max"": 70.3, ""lower_is_better"": false, ""is_percent"": true}, {""key"": ""return_games_won_percent"", ""name"": ""Return Games Won %"", ""raw"": 29.3, ""raw_display"": ""29.3%"", ""normalized"": 41.13, ""weight"": 0.16, ""weight_pct"": 16.0, ""min"": 10.3, ""max"": 56.5, ""lower_is_better"": false, ""is_percent"": true}, {""key"": ""return_points_won_percent"", ""name"": ""Return Points Won %"", ""raw"": 41.2, ""raw_display"": ""41.2%"", ""normalized"": 44.2, ""weight"": 0.2, ""weight_pct"": 20.0, ""min"": 33.2, ""max"": 51.3, ""lower_is_better"": false, ""is_percent"": true}]}"
2026-07-26T05:36:16.130591Z,return,Return,112,Anna Blinkova,324267,https://www.wtatennis.com/players/324267/anna-blinkova,https://photoresources.wtatennis.com/wta/photo/2025/07/09/473820c6-3101-47f2-b275-f93f87b58bad/Blinkova-Torso_324267.png,44.8,1st Return Points Won %,35.2%,2nd Return Points Won %,52.0%,Break Points Converted %,38.8%,Return Games Won %,30.9%,Return Points Won %,41.5%,,,"{""category"": ""return"", ""player_rank"": 105, ""match_count"": 18, ""formula"": ""normalized_score = Σ(metric_norm × weight)"", ""metrics"": [{""key"": ""first_return_percent"", ""name"": ""1st Return Points Won %"", ""raw"": 35.2, ""raw_display"": ""35.2%"", ""normalized"": 51.63, ""weight"": 0.22, ""weight_pct"": 22.0, ""min"": 24.1, ""max"": 45.6, ""lower_is_better"": false, ""is_percent"": true}, {""key"": ""second_return_percent"", ""name"": ""2nd Return Points Won %"", ""raw"": 52.0, ""raw_display"": ""52.0%"", ""normalized"": 44.57, ""weight"": 0.22, ""weight_pct"": 22.0, ""min"": 44.2, ""max"": 61.7, ""lower_is_better"": false, ""is_percent"": true}, {""key"": ""breakpoint_converted_percent"", ""name"": ""Break Points Converted %"", ""raw"": 38.8, ""raw_display"": ""38.8%"", ""normalized"": 36.49, ""weight"": 0.2, ""weight_pct"": 20.0, ""min"": 20.7, ""max"": 70.3, ""lower_is_better"": false, ""is_percent"": true}, {""key"": ""return_games_won_percent"", ""name"": ""Return Games Won %"", ""raw"": 30.9, ""raw_display"": ""30.9%"", ""normalized"": 44.59, ""weight"": 0.16, ""weight_pct"": 16.0, ""min"": 10.3, ""max"": 56.5, ""lower_is_better"": false, ""is_percent"": true}, {""key"": ""return_points_won_percent"", ""name"": ""Return Points Won %"", ""raw"": 41.5, ""raw_display"": ""41.5%"", ""normalized"": 45.86, ""weight"": 0.2, ""weight_pct"": 20.0, ""min"": 33.2, ""max"": 51.3, ""lower_is_better"": false, ""is_percent"": true}]}"
2026-07-26T05:36:16.130591Z,return,Return,113,Alycia Parks,326007,https://www.wtatennis.com/players/326007/alycia-parks,https://photoresources.wtatennis.com/wta/photo/2025/03/10/8f5491fc-eb26-4a75-9534-df841a18f6a6/Parks-Torso_326007.png,44.4,1st Return Points Won %,33.5%,2nd Return Points Won %,53.6%,Break Points Converted %,40.5%,Return Games Won %,29.4%,Return Points Won %,40.8%,,,"{""category"": ""return"", ""player_rank"": 67, ""match_count"": 29, ""formula"": ""normalized_score = Σ(metric_norm × weight)"", ""metrics"": [{""key"": ""first_return_percent"", ""name"": ""1st Return Points Won %"", ""raw"": 33.5, ""raw_display"": ""33.5%"", ""normalized"": 43.72, ""weight"": 0.22, ""weight_pct"": 22.0, ""min"": 24.1, ""max"": 45.6, ""lower_is_better"": false, ""is_percent"": true}, {""key"": ""second_return_percent"", ""name"": ""2nd Return Points Won %"", ""raw"": 53.6, ""raw_display"": ""53.6%"", ""normalized"": 53.71, ""weight"": 0.22, ""weight_pct"": 22.0, ""min"": 44.2, ""max"": 61.7, ""lower_is_better"": false, ""is_percent"": true}, {""key"": ""breakpoint_converted_percent"", ""name"": ""Break Points Converted %"", ""raw"": 40.5, ""raw_display"": ""40.5%"", ""normalized"": 39.92, ""weight"": 0.2, ""weight_pct"": 20.0, ""min"": 20.7, ""max"": 70.3, ""lower_is_better"": false, ""is_percent"": true}, {""key"": ""return_games_won_percent"", ""name"": ""Return Games Won %"", ""raw"": 29.4, ""raw_display"": ""29.4%"", ""normalized"": 41.34, ""weight"": 0.16, ""weight_pct"": 16.0, ""min"": 10.3, ""max"": 56.5, ""lower_is_better"": false, ""is_percent"": true}, {""key"": ""return_points_won_percent"", ""name"": ""Return Points Won %"", ""raw"": 40.8, ""raw_display"": ""40.8%"", ""normalized"": 41.99, ""weight"": 0.2, ""weight_pct"": 20.0, ""min"": 33.2, ""max"": 51.3, ""lower_is_better"": false, ""is_percent"": true}]}"
2026-07-26T05:36:16.130591Z,return,Return,114,Ekaterina Alexandrova,319007,https://www.wtatennis.com/players/319007/ekaterina-alexandrova,https://photoresources.wtatennis.com/wta/photo/2026/02/10/55299bba-3d02-40a7-873f-9d8f008f904e/Alexandrova-Torso_319007.png,43.9,1st Return Points Won %,34.8%,2nd Return Points Won %,52.0%,Break Points Converted %,38.4%,Return Games Won %,29.3%,Return Points Won %,41.7%,,,"{""category"": ""return"", ""player_rank"": 19, ""match_count"": 28, ""formula"": ""normalized_score = Σ(metric_norm × weight)"", ""metrics"": [{""key"": ""first_return_percent"", ""name"": ""1st Return Points Won %"", ""raw"": 34.8, ""raw_display"": ""34.8%"", ""normalized"": 49.77, ""weight"": 0.22, ""weight_pct"": 22.0, ""min"": 24.1, ""max"": 45.6, ""lower_is_better"": false, ""is_percent"": true}, {""key"": ""second_return_percent"", ""name"": ""2nd Return Points Won %"", ""raw"": 52.0, ""raw_display"": ""52.0%"", ""normalized"": 44.57, ""weight"": 0.22, ""weight_pct"": 22.0, ""min"": 44.2, ""max"": 61.7, ""lower_is_better"": false, ""is_percent"": true}, {""key"": ""breakpoint_converted_percent"", ""name"": ""Break Points Converted %"", ""raw"": 38.4, ""raw_display"": ""38.4%"", ""normalized"": 35.69, ""weight"": 0.2, ""weight_pct"": 20.0, ""min"": 20.7, ""max"": 70.3, ""lower_is_better"": false, ""is_percent"": true}, {""key"": ""return_games_won_percent"", ""name"": ""Return Games Won %"", ""raw"": 29.3, ""raw_display"": ""29.3%"", ""normalized"": 41.13, ""weight"": 0.16, ""weight_pct"": 16.0, ""min"": 10.3, ""max"": 56.5, ""lower_is_better"": false, ""is_percent"": true}, {""key"": ""return_points_won_percent"", ""name"": ""Return Points Won %"", ""raw"": 41.7, ""raw_display"": ""41.7%"", ""normalized"": 46.96, ""weight"": 0.2, ""weight_pct"": 20.0, ""min"": 33.2, ""max"": 51.3, ""lower_is_better"": false, ""is_percent"": true}]}"
2026-07-26T05:36:16.130591Z,return,Return,115,Talia Gibson,329393,https://www.wtatennis.com/players/329393/talia-gibson,,43.9,1st Return Points Won %,33.0%,2nd Return Points Won %,53.1%,Break Points Converted %,44.1%,Return Games Won %,29.3%,Return Points Won %,40.1%,,,"{""category"": ""return"", ""player_rank"": 71, ""match_count"": 23, ""formula"": ""normalized_score = Σ(metric_norm × weight)"", ""metrics"": [{""key"": ""first_return_percent"", ""name"": ""1st Return Points Won %"", ""raw"": 33.0, ""raw_display"": ""33.0%"", ""normalized"": 41.4, ""weight"": 0.22, ""weight_pct"": 22.0, ""min"": 24.1, ""max"": 45.6, ""lower_is_better"": false, ""is_percent"": true}, {""key"": ""second_return_percent"", ""name"": ""2nd Return Points Won %"", ""raw"": 53.1, ""raw_display"": ""53.1%"", ""normalized"": 50.86, ""weight"": 0.22, ""weight_pct"": 22.0, ""min"": 44.2, ""max"": 61.7, ""lower_is_better"": false, ""is_percent"": true}, {""key"": ""breakpoint_converted_percent"", ""name"": ""Break Points Converted %"", ""raw"": 44.1, ""raw_display"": ""44.1%"", ""normalized"": 47.18, ""weight"": 0.2, ""weight_pct"": 20.0, ""min"": 20.7, ""max"": 70.3, ""lower_is_better"": false, ""is_percent"": true}, {""key"": ""return_games_won_percent"", ""name"": ""Return Games Won %"", ""raw"": 29.3, ""raw_display"": ""29.3%"", ""normalized"": 41.13, ""weight"": 0.16, ""weight_pct"": 16.0, ""min"": 10.3, ""max"": 56.5, ""lower_is_better"": false, ""is_percent"": true}, {""key"": ""return_points_won_percent"", ""name"": ""Return Points Won %"", ""raw"": 40.1, ""raw_display"": ""40.1%"", ""normalized"": 38.12, ""weight"": 0.2, ""weight_pct"": 20.0, ""min"": 33.2, ""max"": 51.3, ""lower_is_better"": false, ""is_percent"": true}]}"
2026-07-26T05:36:16.130591Z,return,Return,116,Anastasia Zakharova,327367,https://www.wtatennis.com/players/327367/anastasia-zakharova,https://photoresources.wtatennis.com/wta/photo/2022/09/12/b9bde676-db0a-46c5-97c6-9b0b8f86aae2/Zakharova_Crop.jpg,43.2,1st Return Points Won %,31.7%,2nd Return Points Won %,53.7%,Break Points Converted %,44.0%,Return Games Won %,28.0%,Return Points Won %,40.4%,,,"{""category"": ""return"", ""player_rank"": 102, ""match_count"": 21, ""formula"": ""normalized_score = Σ(metric_norm × weight)"", ""metrics"": [{""key"": ""first_return_percent"", ""name"": ""1st Return Points Won %"", ""raw"": 31.7, ""raw_display"": ""31.7%"", ""normalized"": 35.35, ""weight"": 0.22, ""weight_pct"": 22.0, ""min"": 24.1, ""max"": 45.6, ""lower_is_better"": false, ""is_percent"": true}, {""key"": ""second_return_percent"", ""name"": ""2nd Return Points Won %"", ""raw"": 53.7, ""raw_display"": ""53.7%"", ""normalized"": 54.29, ""weight"": 0.22, ""weight_pct"": 22.0, ""min"": 44.2, ""max"": 61.7, ""lower_is_better"": false, ""is_percent"": true}, {""key"": ""breakpoint_converted_percent"", ""name"": ""Break Points Converted %"", ""raw"": 44.0, ""raw_display"": ""44.0%"", ""normalized"": 46.98, ""weight"": 0.2, ""weight_pct"": 20.0, ""min"": 20.7, ""max"": 70.3, ""lower_is_better"": false, ""is_percent"": true}, {""key"": ""return_games_won_percent"", ""name"": ""Return Games Won %"", ""raw"": 28.0, ""raw_display"": ""28.0%"", ""normalized"": 38.31, ""weight"": 0.16, ""weight_pct"": 16.0, ""min"": 10.3, ""max"": 56.5, ""lower_is_better"": false, ""is_percent"": true}, {""key"": ""return_points_won_percent"", ""name"": ""Return Points Won %"", ""raw"": 40.4, ""raw_display"": ""40.4%"", ""normalized"": 39.78, ""weight"": 0.2, ""weight_pct"": 20.0, ""min"": 33.2, ""max"": 51.3, ""lower_is_better"": false, ""is_percent"": true}]}"
2026-07-26T05:36:16.130591Z,return,Return,117,Shuai Zhang,311779,https://www.wtatennis.com/players/311779/shuai-zhang,https://photoresources.wtatennis.com/wta/photo/2024/05/01/6a80e46a-1af3-4b9d-bc91-034064b40e39/Zhang-Torso_311779-WTA-Tennis.png,42.9,1st Return Points Won %,32.4%,2nd Return Points Won %,53.5%,Break Points Converted %,41.9%,Return Games Won %,28.1%,Return Points Won %,40.4%,,,"{""category"": ""return"", ""player_rank"": 56, ""match_count"": 23, ""formula"": ""normalized_score = Σ(metric_norm × weight)"", ""metrics"": [{""key"": ""first_return_percent"", ""name"": ""1st Return Points Won %"", ""raw"": 32.4, ""raw_display"": ""32.4%"", ""normalized"": 38.6, ""weight"": 0.22, ""weight_pct"": 22.0, ""min"": 24.1, ""max"": 45.6, ""lower_is_better"": false, ""is_percent"": true}, {""key"": ""second_return_percent"", ""name"": ""2nd Return Points Won %"", ""raw"": 53.5, ""raw_display"": ""53.5%"", ""normalized"": 53.14, ""weight"": 0.22, ""weight_pct"": 22.0, ""min"": 44.2, ""max"": 61.7, ""lower_is_better"": false, ""is_percent"": true}, {""key"": ""breakpoint_converted_percent"", ""name"": ""Break Points Converted %"", ""raw"": 41.9, ""raw_display"": ""41.9%"", ""normalized"": 42.74, ""weight"": 0.2, ""weight_pct"": 20.0, ""min"": 20.7, ""max"": 70.3, ""lower_is_better"": false, ""is_percent"": true}, {""key"": ""return_games_won_percent"", ""name"": ""Return Games Won %"", ""raw"": 28.1, ""raw_display"": ""28.1%"", ""normalized"": 38.53, ""weight"": 0.16, ""weight_pct"": 16.0, ""min"": 10.3, ""max"": 56.5, ""lower_is_better"": false, ""is_percent"": true}, {""key"": ""return_points_won_percent"", ""name"": ""Return Points Won %"", ""raw"": 40.4, ""raw_display"": ""40.4%"", ""normalized"": 39.78, ""weight"": 0.2, ""weight_pct"": 20.0, ""min"": 33.2, ""max"": 51.3, ""lower_is_better"": false, ""is_percent"": true}]}"
2026-07-26T05:36:16.130591Z,return,Return,118,Darja Vidmanova,329057,https://www.wtatennis.com/players/329057/darja-vidmanova,https://photoresources.wtatennis.com/wta/photo/2026/01/30/bb8556c0-dcf5-436e-9bc5-78ec9de9d8f3/Vidmanova-Torso_329057.png,41.5,1st Return Points Won %,33.3%,2nd Return Points Won %,53.6%,Break Points Converted %,34.8%,Return Games Won %,27.1%,Return Points Won %,41.1%,,,"{""category"": ""return"", ""player_rank"": 106, ""match_count"": 5, ""formula"": ""normalized_score = Σ(metric_norm × weight)"", ""metrics"": [{""key"": ""first_return_percent"", ""name"": ""1st Return Points Won %"", ""raw"": 33.3, ""raw_display"": ""33.3%"", ""normalized"": 42.79, ""weight"": 0.22, ""weight_pct"": 22.0, ""min"": 24.1, ""max"": 45.6, ""lower_is_better"": false, ""is_percent"": true}, {""key"": ""second_return_percent"", ""name"": ""2nd Return Points Won %"", ""raw"": 53.6, ""raw_display"": ""53.6%"", ""normalized"": 53.71, ""weight"": 0.22, ""weight_pct"": 22.0, ""min"": 44.2, ""max"": 61.7, ""lower_is_better"": false, ""is_percent"": true}, {""key"": ""breakpoint_converted_percent"", ""name"": ""Break Points Converted %"", ""raw"": 34.8, ""raw_display"": ""34.8%"", ""normalized"": 28.43, ""weight"": 0.2, ""weight_pct"": 20.0, ""min"": 20.7, ""max"": 70.3, ""lower_is_better"": false, ""is_percent"": true}, {""key"": ""return_games_won_percent"", ""name"": ""Return Games Won %"", ""raw"": 27.1, ""raw_display"": ""27.1%"", ""normalized"": 36.36, ""weight"": 0.16, ""weight_pct"": 16.0, ""min"": 10.3, ""max"": 56.5, ""lower_is_better"": false, ""is_percent"": true}, {""key"": ""return_points_won_percent"", ""name"": ""Return Points Won %"", ""raw"": 41.1, ""raw_display"": ""41.1%"", ""normalized"": 43.65, ""weight"": 0.2, ""weight_pct"": 20.0, ""min"": 33.2, ""max"": 51.3, ""lower_is_better"": false, ""is_percent"": true}]}"
2026-07-26T05:36:16.130591Z,return,Return,119,Polina Kudermetova,328897,https://www.wtatennis.com/players/328897/polina-kudermetova,https://photoresources.wtatennis.com/wta/photo/2025/06/12/ecfe8edd-9190-4c97-8d0b-506df5ada7a7/Kudermetova-P-Torso_328897-v2.png,41.4,1st Return Points Won %,33.9%,2nd Return Points Won %,49.4%,Break Points Converted %,48.8%,Return Games Won %,29.2%,Return Points Won %,39.5%,,,"{""category"": ""return"", ""player_rank"": 111, ""match_count"": 7, ""formula"": ""normalized_score = Σ(metric_norm × weight)"", ""metrics"": [{""key"": ""first_return_percent"", ""name"": ""1st Return Points Won %"", ""raw"": 33.9, ""raw_display"": ""33.9%"", ""normalized"": 45.58, ""weight"": 0.22, ""weight_pct"": 22.0, ""min"": 24.1, ""max"": 45.6, ""lower_is_better"": false, ""is_percent"": true}, {""key"": ""second_return_percent"", ""name"": ""2nd Return Points Won %"", ""raw"": 49.4, ""raw_display"": ""49.4%"", ""normalized"": 29.71, ""weight"": 0.22, ""weight_pct"": 22.0, ""min"": 44.2, ""max"": 61.7, ""lower_is_better"": false, ""is_percent"": true}, {""key"": ""breakpoint_converted_percent"", ""name"": ""Break Points Converted %"", ""raw"": 48.8, ""raw_display"": ""48.8%"", ""normalized"": 56.65, ""weight"": 0.2, ""weight_pct"": 20.0, ""min"": 20.7, ""max"": 70.3, ""lower_is_better"": false, ""is_percent"": true}, {""key"": ""return_games_won_percent"", ""name"": ""Return Games Won %"", ""raw"": 29.2, ""raw_display"": ""29.2%"", ""normalized"": 40.91, ""weight"": 0.16, ""weight_pct"": 16.0, ""min"": 10.3, ""max"": 56.5, ""lower_is_better"": false, ""is_percent"": true}, {""key"": ""return_points_won_percent"", ""name"": ""Return Points Won %"", ""raw"": 39.5, ""raw_display"": ""39.5%"", ""normalized"": 34.81, ""weight"": 0.2, ""weight_pct"": 20.0, ""min"": 33.2, ""max"": 51.3, ""lower_is_better"": false, ""is_percent"": true}]}"
2026-07-26T05:36:16.130591Z,return,Return,120,Victoria Jimenez Kasintseva,330352,https://www.wtatennis.com/players/330352/victoria-jimenez-kasintseva,https://photoresources.wtatennis.com/wta/photo/2023/03/23/026907d0-295c-41cf-be94-75395059097f/Kasintseva_crop-v2.jpg,39.9,1st Return Points Won %,37.2%,2nd Return Points Won %,47.6%,Break Points Converted %,38.2%,Return Games Won %,29.5%,Return Points Won %,40.9%,,,"{""category"": ""return"", ""player_rank"": 119, ""match_count"": 8, ""formula"": ""normalized_score = Σ(metric_norm × weight)"", ""metrics"": [{""key"": ""first_return_percent"", ""name"": ""1st Return Points Won %"", ""raw"": 37.2, ""raw_display"": ""37.2%"", ""normalized"": 60.93, ""weight"": 0.22, ""weight_pct"": 22.0, ""min"": 24.1, ""max"": 45.6, ""lower_is_better"": false, ""is_percent"": true}, {""key"": ""second_return_percent"", ""name"": ""2nd Return Points Won %"", ""raw"": 47.6, ""raw_display"": ""47.6%"", ""normalized"": 19.43, ""weight"": 0.22, ""weight_pct"": 22.0, ""min"": 44.2, ""max"": 61.7, ""lower_is_better"": false, ""is_percent"": true}, {""key"": ""breakpoint_converted_percent"", ""name"": ""Break Points Converted %"", ""raw"": 38.2, ""raw_display"": ""38.2%"", ""normalized"": 35.28, ""weight"": 0.2, ""weight_pct"": 20.0, ""min"": 20.7, ""max"": 70.3, ""lower_is_better"": false, ""is_percent"": true}, {""key"": ""return_games_won_percent"", ""name"": ""Return Games Won %"", ""raw"": 29.5, ""raw_display"": ""29.5%"", ""normalized"": 41.56, ""weight"": 0.16, ""weight_pct"": 16.0, ""min"": 10.3, ""max"": 56.5, ""lower_is_better"": false, ""is_percent"": true}, {""key"": ""return_points_won_percent"", ""name"": ""Return Points Won %"", ""raw"": 40.9, ""raw_display"": ""40.9%"", ""normalized"": 42.54, ""weight"": 0.2, ""weight_pct"": 20.0, ""min"": 33.2, ""max"": 51.3, ""lower_is_better"": false, ""is_percent"": true}]}"
2026-07-26T05:36:16.130591Z,return,Return,121,Beatriz Haddad Maia,318176,https://www.wtatennis.com/players/318176/beatriz-haddad-maia,https://photoresources.wtatennis.com/wta/photo/2024/04/29/6a86f217-d93c-4130-a18a-b833b2db2ab6/HaddadMaia-Torso_318176-WTA-Tennis.png,39.5,1st Return Points Won %,34.5%,2nd Return Points Won %,50.2%,Break Points Converted %,40.3%,Return Games Won %,26.1%,Return Points Won %,40.4%,,,"{""category"": ""return"", ""player_rank"": 149, ""match_count"": 11, ""formula"": ""normalized_score = Σ(metric_norm × weight)"", ""metrics"": [{""key"": ""first_return_percent"", ""name"": ""1st Return Points Won %"", ""raw"": 34.5, ""raw_display"": ""34.5%"", ""normalized"": 48.37, ""weight"": 0.22, ""weight_pct"": 22.0, ""min"": 24.1, ""max"": 45.6, ""lower_is_better"": false, ""is_percent"": true}, {""key"": ""second_return_percent"", ""name"": ""2nd Return Points Won %"", ""raw"": 50.2, ""raw_display"": ""50.2%"", ""normalized"": 34.29, ""weight"": 0.22, ""weight_pct"": 22.0, ""min"": 44.2, ""max"": 61.7, ""lower_is_better"": false, ""is_percent"": true}, {""key"": ""breakpoint_converted_percent"", ""name"": ""Break Points Converted %"", ""raw"": 40.3, ""raw_display"": ""40.3%"", ""normalized"": 39.52, ""weight"": 0.2, ""weight_pct"": 20.0, ""min"": 20.7, ""max"": 70.3, ""lower_is_better"": false, ""is_percent"": true}, {""key"": ""return_games_won_percent"", ""name"": ""Return Games Won %"", ""raw"": 26.1, ""raw_display"": ""26.1%"", ""normalized"": 34.2, ""weight"": 0.16, ""weight_pct"": 16.0, ""min"": 10.3, ""max"": 56.5, ""lower_is_better"": false, ""is_percent"": true}, {""key"": ""return_points_won_percent"", ""name"": ""Return Points Won %"", ""raw"": 40.4, ""raw_display"": ""40.4%"", ""normalized"": 39.78, ""weight"": 0.2, ""weight_pct"": 20.0, ""min"": 33.2, ""max"": 51.3, ""lower_is_better"": false, ""is_percent"": true}]}"
2026-07-26T05:36:16.130591Z,return,Return,122,Diane Parry,327077,https://www.wtatennis.com/players/327077/diane-parry,https://photoresources.wtatennis.com/wta/photo/2025/06/12/ce5bd1a4-00bf-4dd3-92f7-e6b2611ae585/Parry-Torso_327077.png,39.4,1st Return Points Won %,32.9%,2nd Return Points Won %,51.9%,Break Points Converted %,37.4%,Return Games Won %,28.3%,Return Points Won %,40.2%,,,"{""category"": ""return"", ""player_rank"": 61, ""match_count"": 17, ""formula"": ""normalized_score = Σ(metric_norm × weight)"", ""metrics"": [{""key"": ""first_return_percent"", ""name"": ""1st Return Points Won %"", ""raw"": 32.9, ""raw_display"": ""32.9%"", ""normalized"": 40.93, ""weight"": 0.22, ""weight_pct"": 22.0, ""min"": 24.1, ""max"": 45.6, ""lower_is_better"": false, ""is_percent"": true}, {""key"": ""second_return_percent"", ""name"": ""2nd Return Points Won %"", ""raw"": 51.9, ""raw_display"": ""51.9%"", ""normalized"": 44.0, ""weight"": 0.22, ""weight_pct"": 22.0, ""min"": 44.2, ""max"": 61.7, ""lower_is_better"": false, ""is_percent"": true}, {""key"": ""breakpoint_converted_percent"", ""name"": ""Break Points Converted %"", ""raw"": 37.4, ""raw_display"": ""37.4%"", ""normalized"": 33.67, ""weight"": 0.2, ""weight_pct"": 20.0, ""min"": 20.7, ""max"": 70.3, ""lower_is_better"": false, ""is_percent"": true}, {""key"": ""return_games_won_percent"", ""name"": ""Return Games Won %"", ""raw"": 28.3, ""raw_display"": ""28.3%"", ""normalized"": 38.96, ""weight"": 0.16, ""weight_pct"": 16.0, ""min"": 10.3, ""max"": 56.5, ""lower_is_better"": false, ""is_percent"": true}, {""key"": ""return_points_won_percent"", ""name"": ""Return Points Won %"", ""raw"": 40.2, ""raw_display"": ""40.2%"", ""normalized"": 38.67, ""weight"": 0.2, ""weight_pct"": 20.0, ""min"": 33.2, ""max"": 51.3, ""lower_is_better"": false, ""is_percent"": true}]}"
2026-07-26T05:36:16.130591Z,return,Return,123,Leylah Fernandez,326735,https://www.wtatennis.com/players/326735/leylah-fernandez,https://photoresources.wtatennis.com/wta/photo/2026/01/06/1babb510-6139-4f76-921d-95670c886202/Fernandez-Torso_326735-WTA-Tennis.png,38.9,1st Return Points Won %,31.3%,2nd Return Points Won %,52.4%,Break Points Converted %,41.6%,Return Games Won %,27.2%,Return Points Won %,39.5%,,,"{""category"": ""return"", ""player_rank"": 25, ""match_count"": 30, ""formula"": ""normalized_score = Σ(metric_norm × weight)"", ""metrics"": [{""key"": ""first_return_percent"", ""name"": ""1st Return Points Won %"", ""raw"": 31.3, ""raw_display"": ""31.3%"", ""normalized"": 33.49, ""weight"": 0.22, ""weight_pct"": 22.0, ""min"": 24.1, ""max"": 45.6, ""lower_is_better"": false, ""is_percent"": true}, {""key"": ""second_return_percent"", ""name"": ""2nd Return Points Won %"", ""raw"": 52.4, ""raw_display"": ""52.4%"", ""normalized"": 46.86, ""weight"": 0.22, ""weight_pct"": 22.0, ""min"": 44.2, ""max"": 61.7, ""lower_is_better"": false, ""is_percent"": true}, {""key"": ""breakpoint_converted_percent"", ""name"": ""Break Points Converted %"", ""raw"": 41.6, ""raw_display"": ""41.6%"", ""normalized"": 42.14, ""weight"": 0.2, ""weight_pct"": 20.0, ""min"": 20.7, ""max"": 70.3, ""lower_is_better"": false, ""is_percent"": true}, {""key"": ""return_games_won_percent"", ""name"": ""Return Games Won %"", ""raw"": 27.2, ""raw_display"": ""27.2%"", ""normalized"": 36.58, ""weight"": 0.16, ""weight_pct"": 16.0, ""min"": 10.3, ""max"": 56.5, ""lower_is_better"": false, ""is_percent"": true}, {""key"": ""return_points_won_percent"", ""name"": ""Return Points Won %"", ""raw"": 39.5, ""raw_display"": ""39.5%"", ""normalized"": 34.81, ""weight"": 0.2, ""weight_pct"": 20.0, ""min"": 33.2, ""max"": 51.3, ""lower_is_better"": false, ""is_percent"": true}]}"
2026-07-26T05:36:16.130591Z,return,Return,124,Francesca Jones,324479,https://www.wtatennis.com/players/324479/francesca-jones,https://photoresources.wtatennis.com/wta/photo/2025/06/09/a4ce2850-bad4-4320-a242-966d1ee5002e/Jones-Torso_324479.png,38.8,1st Return Points Won %,30.5%,2nd Return Points Won %,53.6%,Break Points Converted %,40.4%,Return Games Won %,27.5%,Return Points Won %,39.1%,,,"{""category"": ""return"", ""player_rank"": 113, ""match_count"": 16, ""formula"": ""normalized_score = Σ(metric_norm × weight)"", ""metrics"": [{""key"": ""first_return_percent"", ""name"": ""1st Return Points Won %"", ""raw"": 30.5, ""raw_display"": ""30.5%"", ""normalized"": 29.77, ""weight"": 0.22, ""weight_pct"": 22.0, ""min"": 24.1, ""max"": 45.6, ""lower_is_better"": false, ""is_percent"": true}, {""key"": ""second_return_percent"", ""name"": ""2nd Return Points Won %"", ""raw"": 53.6, ""raw_display"": ""53.6%"", ""normalized"": 53.71, ""weight"": 0.22, ""weight_pct"": 22.0, ""min"": 44.2, ""max"": 61.7, ""lower_is_better"": false, ""is_percent"": true}, {""key"": ""breakpoint_converted_percent"", ""name"": ""Break Points Converted %"", ""raw"": 40.4, ""raw_display"": ""40.4%"", ""normalized"": 39.72, ""weight"": 0.2, ""weight_pct"": 20.0, ""min"": 20.7, ""max"": 70.3, ""lower_is_better"": false, ""is_percent"": true}, {""key"": ""return_games_won_percent"", ""name"": ""Return Games Won %"", ""raw"": 27.5, ""raw_display"": ""27.5%"", ""normalized"": 37.23, ""weight"": 0.16, ""weight_pct"": 16.0, ""min"": 10.3, ""max"": 56.5, ""lower_is_better"": false, ""is_percent"": true}, {""key"": ""return_points_won_percent"", ""name"": ""Return Points Won %"", ""raw"": 39.1, ""raw_display"": ""39.1%"", ""normalized"": 32.6, ""weight"": 0.2, ""weight_pct"": 20.0, ""min"": 33.2, ""max"": 51.3, ""lower_is_better"": false, ""is_percent"": true}]}"
2026-07-26T05:36:16.130591Z,return,Return,125,Elsa Jacquemot,328142,https://www.wtatennis.com/players/328142/elsa-jacquemot,https://photoresources.wtatennis.com/wta/photo/2021/03/23/ef812294-9884-4cc2-94aa-e7a81360d770/Jacquemot_crop.jpg,38.5,1st Return Points Won %,32.3%,2nd Return Points Won %,54.0%,Break Points Converted %,34.2%,Return Games Won %,24.8%,Return Points Won %,39.8%,,,"{""category"": ""return"", ""player_rank"": 104, ""match_count"": 16, ""formula"": ""normalized_score = Σ(metric_norm × weight)"", ""metrics"": [{""key"": ""first_return_percent"", ""name"": ""1st Return Points Won %"", ""raw"": 32.3, ""raw_display"": ""32.3%"", ""normalized"": 38.14, ""weight"": 0.22, ""weight_pct"": 22.0, ""min"": 24.1, ""max"": 45.6, ""lower_is_better"": false, ""is_percent"": true}, {""key"": ""second_return_percent"", ""name"": ""2nd Return Points Won %"", ""raw"": 54.0, ""raw_display"": ""54.0%"", ""normalized"": 56.0, ""weight"": 0.22, ""weight_pct"": 22.0, ""min"": 44.2, ""max"": 61.7, ""lower_is_better"": false, ""is_percent"": true}, {""key"": ""breakpoint_converted_percent"", ""name"": ""Break Points Converted %"", ""raw"": 34.2, ""raw_display"": ""34.2%"", ""normalized"": 27.22, ""weight"": 0.2, ""weight_pct"": 20.0, ""min"": 20.7, ""max"": 70.3, ""lower_is_better"": false, ""is_percent"": true}, {""key"": ""return_games_won_percent"", ""name"": ""Return Games Won %"", ""raw"": 24.8, ""raw_display"": ""24.8%"", ""normalized"": 31.39, ""weight"": 0.16, ""weight_pct"": 16.0, ""min"": 10.3, ""max"": 56.5, ""lower_is_better"": false, ""is_percent"": true}, {""key"": ""return_points_won_percent"", ""name"": ""Return Points Won %"", ""raw"": 39.8, ""raw_display"": ""39.8%"", ""normalized"": 36.46, ""weight"": 0.2, ""weight_pct"": 20.0, ""min"": 33.2, ""max"": 51.3, ""lower_is_better"": false, ""is_percent"": true}]}"
2026-07-26T05:36:16.130591Z,return,Return,126,Ella Seidel,330548,https://www.wtatennis.com/players/330548/ella-seidel,https://photoresources.wtatennis.com/wta/photo/2025/05/08/db6256d4-64df-4e9d-9c8f-7bd2b462953e/Seidel-Torso_330548.png,37.6,1st Return Points Won %,30.2%,2nd Return Points Won %,51.9%,Break Points Converted %,51.7%,Return Games Won %,22.4%,Return Points Won %,37.7%,,,"{""category"": ""return"", ""player_rank"": 103, ""match_count"": 14, ""formula"": ""normalized_score = Σ(metric_norm × weight)"", ""metrics"": [{""key"": ""first_return_percent"", ""name"": ""1st Return Points Won %"", ""raw"": 30.2, ""raw_display"": ""30.2%"", ""normalized"": 28.37, ""weight"": 0.22, ""weight_pct"": 22.0, ""min"": 24.1, ""max"": 45.6, ""lower_is_better"": false, ""is_percent"": true}, {""key"": ""second_return_percent"", ""name"": ""2nd Return Points Won %"", ""raw"": 51.9, ""raw_display"": ""51.9%"", ""normalized"": 44.0, ""weight"": 0.22, ""weight_pct"": 22.0, ""min"": 44.2, ""max"": 61.7, ""lower_is_better"": false, ""is_percent"": true}, {""key"": ""breakpoint_converted_percent"", ""name"": ""Break Points Converted %"", ""raw"": 51.7, ""raw_display"": ""51.7%"", ""normalized"": 62.5, ""weight"": 0.2, ""weight_pct"": 20.0, ""min"": 20.7, ""max"": 70.3, ""lower_is_better"": false, ""is_percent"": true}, {""key"": ""return_games_won_percent"", ""name"": ""Return Games Won %"", ""raw"": 22.4, ""raw_display"": ""22.4%"", ""normalized"": 26.19, ""weight"": 0.16, ""weight_pct"": 16.0, ""min"": 10.3, ""max"": 56.5, ""lower_is_better"": false, ""is_percent"": true}, {""key"": ""return_points_won_percent"", ""name"": ""Return Points Won %"", ""raw"": 37.7, ""raw_display"": ""37.7%"", ""normalized"": 24.86, ""weight"": 0.2, ""weight_pct"": 20.0, ""min"": 33.2, ""max"": 51.3, ""lower_is_better"": false, ""is_percent"": true}]}"
2026-07-26T05:36:16.130591Z,return,Return,127,Dalma Galfi,321106,https://www.wtatennis.com/players/321106/dalma-galfi,https://photoresources.wtatennis.com/wta/photo/2023/06/02/9c1e9ea1-8de4-4969-ad65-ccf80085a1f3/Galfi-Torso_321106.png,36.5,1st Return Points Won %,33.2%,2nd Return Points Won %,50.8%,Break Points Converted %,39.4%,Return Games Won %,24.0%,Return Points Won %,39.2%,,,"{""category"": ""return"", ""player_rank"": 152, ""match_count"": 16, ""formula"": ""normalized_score = Σ(metric_norm × weight)"", ""metrics"": [{""key"": ""first_return_percent"", ""name"": ""1st Return Points Won %"", ""raw"": 33.2, ""raw_display"": ""33.2%"", ""normalized"": 42.33, ""weight"": 0.22, ""weight_pct"": 22.0, ""min"": 24.1, ""max"": 45.6, ""lower_is_better"": false, ""is_percent"": true}, {""key"": ""second_return_percent"", ""name"": ""2nd Return Points Won %"", ""raw"": 50.8, ""raw_display"": ""50.8%"", ""normalized"": 37.71, ""weight"": 0.22, ""weight_pct"": 22.0, ""min"": 44.2, ""max"": 61.7, ""lower_is_better"": false, ""is_percent"": true}, {""key"": ""breakpoint_converted_percent"", ""name"": ""Break Points Converted %"", ""raw"": 39.4, ""raw_display"": ""39.4%"", ""normalized"": 37.7, ""weight"": 0.2, ""weight_pct"": 20.0, ""min"": 20.7, ""max"": 70.3, ""lower_is_better"": false, ""is_percent"": true}, {""key"": ""return_games_won_percent"", ""name"": ""Return Games Won %"", ""raw"": 24.0, ""raw_display"": ""24.0%"", ""normalized"": 29.65, ""weight"": 0.16, ""weight_pct"": 16.0, ""min"": 10.3, ""max"": 56.5, ""lower_is_better"": false, ""is_percent"": true}, {""key"": ""return_points_won_percent"", ""name"": ""Return Points Won %"", ""raw"": 39.2, ""raw_display"": ""39.2%"", ""normalized"": 33.15, ""weight"": 0.2, ""weight_pct"": 20.0, ""min"": 33.2, ""max"": 51.3, ""lower_is_better"": false, ""is_percent"": true}]}"
2026-07-26T05:36:16.130591Z,return,Return,128,Suzan Lamens,324898,https://www.wtatennis.com/players/324898/suzan-lamens,https://photoresources.wtatennis.com/wta/photo/2025/03/10/bb2dfd5a-5f4d-4cbc-91a6-dd1ad1611ff5/Lamens-Torso_324898.png,36.4,1st Return Points Won %,31.7%,2nd Return Points Won %,51.2%,Break Points Converted %,42.1%,Return Games Won %,23.5%,Return Points Won %,39.2%,,,"{""category"": ""return"", ""player_rank"": 145, ""match_count"": 6, ""formula"": ""normalized_score = Σ(metric_norm × weight)"", ""metrics"": [{""key"": ""first_return_percent"", ""name"": ""1st Return Points Won %"", ""raw"": 31.7, ""raw_display"": ""31.7%"", ""normalized"": 35.35, ""weight"": 0.22, ""weight_pct"": 22.0, ""min"": 24.1, ""max"": 45.6, ""lower_is_better"": false, ""is_percent"": true}, {""key"": ""second_return_percent"", ""name"": ""2nd Return Points Won %"", ""raw"": 51.2, ""raw_display"": ""51.2%"", ""normalized"": 40.0, ""weight"": 0.22, ""weight_pct"": 22.0, ""min"": 44.2, ""max"": 61.7, ""lower_is_better"": false, ""is_percent"": true}, {""key"": ""breakpoint_converted_percent"", ""name"": ""Break Points Converted %"", ""raw"": 42.1, ""raw_display"": ""42.1%"", ""normalized"": 43.15, ""weight"": 0.2, ""weight_pct"": 20.0, ""min"": 20.7, ""max"": 70.3, ""lower_is_better"": false, ""is_percent"": true}, {""key"": ""return_games_won_percent"", ""name"": ""Return Games Won %"", ""raw"": 23.5, ""raw_display"": ""23.5%"", ""normalized"": 28.57, ""weight"": 0.16, ""weight_pct"": 16.0, ""min"": 10.3, ""max"": 56.5, ""lower_is_better"": false, ""is_percent"": true}, {""key"": ""return_points_won_percent"", ""name"": ""Return Points Won %"", ""raw"": 39.2, ""raw_display"": ""39.2%"", ""normalized"": 33.15, ""weight"": 0.2, ""weight_pct"": 20.0, ""min"": 33.2, ""max"": 51.3, ""lower_is_better"": false, ""is_percent"": true}]}"
2026-07-26T05:36:16.130591Z,return,Return,129,Rebeka Masarova,322087,https://www.wtatennis.com/players/322087/rebeka-masarova,https://photoresources.wtatennis.com/wta/photo/2025/03/10/c1a4435f-9f93-48e6-90e2-4794c72ecd55/Masarova-Torso_322087.png,35.4,1st Return Points Won %,31.3%,2nd Return Points Won %,51.0%,Break Points Converted %,41.9%,Return Games Won %,25.2%,Return Points Won %,38.4%,,,"{""category"": ""return"", ""player_rank"": 162, ""match_count"": 11, ""formula"": ""normalized_score = Σ(metric_norm × weight)"", ""metrics"": [{""key"": ""first_return_percent"", ""name"": ""1st Return Points Won %"", ""raw"": 31.3, ""raw_display"": ""31.3%"", ""normalized"": 33.49, ""weight"": 0.22, ""weight_pct"": 22.0, ""min"": 24.1, ""max"": 45.6, ""lower_is_better"": false, ""is_percent"": true}, {""key"": ""second_return_percent"", ""name"": ""2nd Return Points Won %"", ""raw"": 51.0, ""raw_display"": ""51.0%"", ""normalized"": 38.86, ""weight"": 0.22, ""weight_pct"": 22.0, ""min"": 44.2, ""max"": 61.7, ""lower_is_better"": false, ""is_percent"": true}, {""key"": ""breakpoint_converted_percent"", ""name"": ""Break Points Converted %"", ""raw"": 41.9, ""raw_display"": ""41.9%"", ""normalized"": 42.74, ""weight"": 0.2, ""weight_pct"": 20.0, ""min"": 20.7, ""max"": 70.3, ""lower_is_better"": false, ""is_percent"": true}, {""key"": ""return_games_won_percent"", ""name"": ""Return Games Won %"", ""raw"": 25.2, ""raw_display"": ""25.2%"", ""normalized"": 32.25, ""weight"": 0.16, ""weight_pct"": 16.0, ""min"": 10.3, ""max"": 56.5, ""lower_is_better"": false, ""is_percent"": true}, {""key"": ""return_points_won_percent"", ""name"": ""Return Points Won %"", ""raw"": 38.4, ""raw_display"": ""38.4%"", ""normalized"": 28.73, ""weight"": 0.2, ""weight_pct"": 20.0, ""min"": 33.2, ""max"": 51.3, ""lower_is_better"": false, ""is_percent"": true}]}"
2026-07-26T05:36:16.130591Z,return,Return,130,Janice Tjen,328818,https://www.wtatennis.com/players/328818/janice-tjen,https://photoresources.wtatennis.com/wta/photo/2025/09/12/7b10d944-24c0-4ec9-9020-8f001155ea4d/Tjen-Torso_328818.png,35.1,1st Return Points Won %,31.1%,2nd Return Points Won %,54.2%,Break Points Converted %,33.7%,Return Games Won %,22.0%,Return Points Won %,38.7%,,,"{""category"": ""return"", ""player_rank"": 38, ""match_count"": 26, ""formula"": ""normalized_score = Σ(metric_norm × weight)"", ""metrics"": [{""key"": ""first_return_percent"", ""name"": ""1st Return Points Won %"", ""raw"": 31.1, ""raw_display"": ""31.1%"", ""normalized"": 32.56, ""weight"": 0.22, ""weight_pct"": 22.0, ""min"": 24.1, ""max"": 45.6, ""lower_is_better"": false, ""is_percent"": true}, {""key"": ""second_return_percent"", ""name"": ""2nd Return Points Won %"", ""raw"": 54.2, ""raw_display"": ""54.2%"", ""normalized"": 57.14, ""weight"": 0.22, ""weight_pct"": 22.0, ""min"": 44.2, ""max"": 61.7, ""lower_is_better"": false, ""is_percent"": true}, {""key"": ""breakpoint_converted_percent"", ""name"": ""Break Points Converted %"", ""raw"": 33.7, ""raw_display"": ""33.7%"", ""normalized"": 26.21, ""weight"": 0.2, ""weight_pct"": 20.0, ""min"": 20.7, ""max"": 70.3, ""lower_is_better"": false, ""is_percent"": true}, {""key"": ""return_games_won_percent"", ""name"": ""Return Games Won %"", ""raw"": 22.0, ""raw_display"": ""22.0%"", ""normalized"": 25.32, ""weight"": 0.16, ""weight_pct"": 16.0, ""min"": 10.3, ""max"": 56.5, ""lower_is_better"": false, ""is_percent"": true}, {""key"": ""return_points_won_percent"", ""name"": ""Return Points Won %"", ""raw"": 38.7, ""raw_display"": ""38.7%"", ""normalized"": 30.39, ""weight"": 0.2, ""weight_pct"": 20.0, ""min"": 33.2, ""max"": 51.3, ""lower_is_better"": false, ""is_percent"": true}]}"
2026-07-26T05:36:16.130591Z,return,Return,131,Maya Joint,330544,https://www.wtatennis.com/players/330544/maya-joint,https://photoresources.wtatennis.com/wta/photo/2025/05/14/397ae3f7-0104-450f-9855-8912bded5a0f/Joint-Torso_330544.png,34.6,1st Return Points Won %,32.9%,2nd Return Points Won %,48.9%,Break Points Converted %,42.7%,Return Games Won %,22.6%,Return Points Won %,39.1%,,,"{""category"": ""return"", ""player_rank"": 77, ""match_count"": 17, ""formula"": ""normalized_score = Σ(metric_norm × weight)"", ""metrics"": [{""key"": ""first_return_percent"", ""name"": ""1st Return Points Won %"", ""raw"": 32.9, ""raw_display"": ""32.9%"", ""normalized"": 40.93, ""weight"": 0.22, ""weight_pct"": 22.0, ""min"": 24.1, ""max"": 45.6, ""lower_is_better"": false, ""is_percent"": true}, {""key"": ""second_return_percent"", ""name"": ""2nd Return Points Won %"", ""raw"": 48.9, ""raw_display"": ""48.9%"", ""normalized"": 26.86, ""weight"": 0.22, ""weight_pct"": 22.0, ""min"": 44.2, ""max"": 61.7, ""lower_is_better"": false, ""is_percent"": true}, {""key"": ""breakpoint_converted_percent"", ""name"": ""Break Points Converted %"", ""raw"": 42.7, ""raw_display"": ""42.7%"", ""normalized"": 44.35, ""weight"": 0.2, ""weight_pct"": 20.0, ""min"": 20.7, ""max"": 70.3, ""lower_is_better"": false, ""is_percent"": true}, {""key"": ""return_games_won_percent"", ""name"": ""Return Games Won %"", ""raw"": 22.6, ""raw_display"": ""22.6%"", ""normalized"": 26.62, ""weight"": 0.16, ""weight_pct"": 16.0, ""min"": 10.3, ""max"": 56.5, ""lower_is_better"": false, ""is_percent"": true}, {""key"": ""return_points_won_percent"", ""name"": ""Return Points Won %"", ""raw"": 39.1, ""raw_display"": ""39.1%"", ""normalized"": 32.6, ""weight"": 0.2, ""weight_pct"": 20.0, ""min"": 33.2, ""max"": 51.3, ""lower_is_better"": false, ""is_percent"": true}]}"
2026-07-26T05:36:16.130591Z,return,Return,132,Sofia Kenin,320942,https://www.wtatennis.com/players/320942/sofia-kenin,https://photoresources.wtatennis.com/wta/photo/2024/04/26/fe7c8705-7467-44ff-80c1-56b8690b2c22/Kenin-Torso_320942-WTA-Tennis.png,34.0,1st Return Points Won %,27.8%,2nd Return Points Won %,53.2%,Break Points Converted %,45.1%,Return Games Won %,22.3%,Return Points Won %,37.6%,,,"{""category"": ""return"", ""player_rank"": 108, ""match_count"": 18, ""formula"": ""normalized_score = Σ(metric_norm × weight)"", ""metrics"": [{""key"": ""first_return_percent"", ""name"": ""1st Return Points Won %"", ""raw"": 27.8, ""raw_display"": ""27.8%"", ""normalized"": 17.21, ""weight"": 0.22, ""weight_pct"": 22.0, ""min"": 24.1, ""max"": 45.6, ""lower_is_better"": false, ""is_percent"": true}, {""key"": ""second_return_percent"", ""name"": ""2nd Return Points Won %"", ""raw"": 53.2, ""raw_display"": ""53.2%"", ""normalized"": 51.43, ""weight"": 0.22, ""weight_pct"": 22.0, ""min"": 44.2, ""max"": 61.7, ""lower_is_better"": false, ""is_percent"": true}, {""key"": ""breakpoint_converted_percent"", ""name"": ""Break Points Converted %"", ""raw"": 45.1, ""raw_display"": ""45.1%"", ""normalized"": 49.19, ""weight"": 0.2, ""weight_pct"": 20.0, ""min"": 20.7, ""max"": 70.3, ""lower_is_better"": false, ""is_percent"": true}, {""key"": ""return_games_won_percent"", ""name"": ""Return Games Won %"", ""raw"": 22.3, ""raw_display"": ""22.3%"", ""normalized"": 25.97, ""weight"": 0.16, ""weight_pct"": 16.0, ""min"": 10.3, ""max"": 56.5, ""lower_is_better"": false, ""is_percent"": true}, {""key"": ""return_points_won_percent"", ""name"": ""Return Points Won %"", ""raw"": 37.6, ""raw_display"": ""37.6%"", ""normalized"": 24.31, ""weight"": 0.2, ""weight_pct"": 20.0, ""min"": 33.2, ""max"": 51.3, ""lower_is_better"": false, ""is_percent"": true}]}"
2026-07-26T05:36:16.130591Z,return,Return,133,Leolia Jeanjean,320313,https://www.wtatennis.com/players/320313/leolia-jeanjean,https://photoresources.wtatennis.com/wta/photo/2025/06/12/f048fc4c-43fa-436d-bb41-d961fb026d16/Jeanjean-Torso_320313.png,33.3,1st Return Points Won %,33.9%,2nd Return Points Won %,48.7%,Break Points Converted %,38.0%,Return Games Won %,23.9%,Return Points Won %,38.6%,,,"{""category"": ""return"", ""player_rank"": 112, ""match_count"": 11, ""formula"": ""normalized_score = Σ(metric_norm × weight)"", ""metrics"": [{""key"": ""first_return_percent"", ""name"": ""1st Return Points Won %"", ""raw"": 33.9, ""raw_display"": ""33.9%"", ""normalized"": 45.58, ""weight"": 0.22, ""weight_pct"": 22.0, ""min"": 24.1, ""max"": 45.6, ""lower_is_better"": false, ""is_percent"": true}, {""key"": ""second_return_percent"", ""name"": ""2nd Return Points Won %"", ""raw"": 48.7, ""raw_display"": ""48.7%"", ""normalized"": 25.71, ""weight"": 0.22, ""weight_pct"": 22.0, ""min"": 44.2, ""max"": 61.7, ""lower_is_better"": false, ""is_percent"": true}, {""key"": ""breakpoint_converted_percent"", ""name"": ""Break Points Converted %"", ""raw"": 38.0, ""raw_display"": ""38.0%"", ""normalized"": 34.88, ""weight"": 0.2, ""weight_pct"": 20.0, ""min"": 20.7, ""max"": 70.3, ""lower_is_better"": false, ""is_percent"": true}, {""key"": ""return_games_won_percent"", ""name"": ""Return Games Won %"", ""raw"": 23.9, ""raw_display"": ""23.9%"", ""normalized"": 29.44, ""weight"": 0.16, ""weight_pct"": 16.0, ""min"": 10.3, ""max"": 56.5, ""lower_is_better"": false, ""is_percent"": true}, {""key"": ""return_points_won_percent"", ""name"": ""Return Points Won %"", ""raw"": 38.6, ""raw_display"": ""38.6%"", ""normalized"": 29.83, ""weight"": 0.2, ""weight_pct"": 20.0, ""min"": 33.2, ""max"": 51.3, ""lower_is_better"": false, ""is_percent"": true}]}"
2026-07-26T05:36:16.130591Z,return,Return,134,Qinwen Zheng,328120,https://www.wtatennis.com/players/328120/qinwen-zheng,https://photoresources.wtatennis.com/wta/photo/2025/04/16/7e20d5ba-a08d-4070-a076-48270b903f4f/Zheng-Torso_328120.png,32.8,1st Return Points Won %,29.8%,2nd Return Points Won %,51.2%,Break Points Converted %,44.2%,Return Games Won %,21.5%,Return Points Won %,37.6%,,,"{""category"": ""return"", ""player_rank"": 123, ""match_count"": 22, ""formula"": ""normalized_score = Σ(metric_norm × weight)"", ""metrics"": [{""key"": ""first_return_percent"", ""name"": ""1st Return Points Won %"", ""raw"": 29.8, ""raw_display"": ""29.8%"", ""normalized"": 26.51, ""weight"": 0.22, ""weight_pct"": 22.0, ""min"": 24.1, ""max"": 45.6, ""lower_is_better"": false, ""is_percent"": true}, {""key"": ""second_return_percent"", ""name"": ""2nd Return Points Won %"", ""raw"": 51.2, ""raw_display"": ""51.2%"", ""normalized"": 40.0, ""weight"": 0.22, ""weight_pct"": 22.0, ""min"": 44.2, ""max"": 61.7, ""lower_is_better"": false, ""is_percent"": true}, {""key"": ""breakpoint_converted_percent"", ""name"": ""Break Points Converted %"", ""raw"": 44.2, ""raw_display"": ""44.2%"", ""normalized"": 47.38, ""weight"": 0.2, ""weight_pct"": 20.0, ""min"": 20.7, ""max"": 70.3, ""lower_is_better"": false, ""is_percent"": true}, {""key"": ""return_games_won_percent"", ""name"": ""Return Games Won %"", ""raw"": 21.5, ""raw_display"": ""21.5%"", ""normalized"": 24.24, ""weight"": 0.16, ""weight_pct"": 16.0, ""min"": 10.3, ""max"": 56.5, ""lower_is_better"": false, ""is_percent"": true}, {""key"": ""return_points_won_percent"", ""name"": ""Return Points Won %"", ""raw"": 37.6, ""raw_display"": ""37.6%"", ""normalized"": 24.31, ""weight"": 0.2, ""weight_pct"": 20.0, ""min"": 33.2, ""max"": 51.3, ""lower_is_better"": false, ""is_percent"": true}]}"
2026-07-26T05:36:16.130591Z,return,Return,135,Tiantsoa Rakotomanga Rajaonah,330970,https://www.wtatennis.com/players/330970/tiantsoa-rakotomanga-rajaonah,,32.4,1st Return Points Won %,31.7%,2nd Return Points Won %,48.6%,Break Points Converted %,44.4%,Return Games Won %,24.0%,Return Points Won %,37.5%,,,"{""category"": ""return"", ""player_rank"": 165, ""match_count"": 5, ""formula"": ""normalized_score = Σ(metric_norm × weight)"", ""metrics"": [{""key"": ""first_return_percent"", ""name"": ""1st Return Points Won %"", ""raw"": 31.7, ""raw_display"": ""31.7%"", ""normalized"": 35.35, ""weight"": 0.22, ""weight_pct"": 22.0, ""min"": 24.1, ""max"": 45.6, ""lower_is_better"": false, ""is_percent"": true}, {""key"": ""second_return_percent"", ""name"": ""2nd Return Points Won %"", ""raw"": 48.6, ""raw_display"": ""48.6%"", ""normalized"": 25.14, ""weight"": 0.22, ""weight_pct"": 22.0, ""min"": 44.2, ""max"": 61.7, ""lower_is_better"": false, ""is_percent"": true}, {""key"": ""breakpoint_converted_percent"", ""name"": ""Break Points Converted %"", ""raw"": 44.4, ""raw_display"": ""44.4%"", ""normalized"": 47.78, ""weight"": 0.2, ""weight_pct"": 20.0, ""min"": 20.7, ""max"": 70.3, ""lower_is_better"": false, ""is_percent"": true}, {""key"": ""return_games_won_percent"", ""name"": ""Return Games Won %"", ""raw"": 24.0, ""raw_display"": ""24.0%"", ""normalized"": 29.65, ""weight"": 0.16, ""weight_pct"": 16.0, ""min"": 10.3, ""max"": 56.5, ""lower_is_better"": false, ""is_percent"": true}, {""key"": ""return_points_won_percent"", ""name"": ""Return Points Won %"", ""raw"": 37.5, ""raw_display"": ""37.5%"", ""normalized"": 23.76, ""weight"": 0.2, ""weight_pct"": 20.0, ""min"": 33.2, ""max"": 51.3, ""lower_is_better"": false, ""is_percent"": true}]}"
2026-07-26T05:36:16.130591Z,return,Return,136,Renata Zarazua,320716,https://www.wtatennis.com/players/320716/renata-zarazua,https://photoresources.wtatennis.com/wta/photo/2024/01/02/aef0cf2d-949c-4894-8f8b-e770b5aa84c5/320716.jpg,32.3,1st Return Points Won %,32.7%,2nd Return Points Won %,48.8%,Break Points Converted %,38.5%,Return Games Won %,24.7%,Return Points Won %,38.2%,,,"{""category"": ""return"", ""player_rank"": 85, ""match_count"": 15, ""formula"": ""normalized_score = Σ(metric_norm × weight)"", ""metrics"": [{""key"": ""first_return_percent"", ""name"": ""1st Return Points Won %"", ""raw"": 32.7, ""raw_display"": ""32.7%"", ""normalized"": 40.0, ""weight"": 0.22, ""weight_pct"": 22.0, ""min"": 24.1, ""max"": 45.6, ""lower_is_better"": false, ""is_percent"": true}, {""key"": ""second_return_percent"", ""name"": ""2nd Return Points Won %"", ""raw"": 48.8, ""raw_display"": ""48.8%"", ""normalized"": 26.29, ""weight"": 0.22, ""weight_pct"": 22.0, ""min"": 44.2, ""max"": 61.7, ""lower_is_better"": false, ""is_percent"": true}, {""key"": ""breakpoint_converted_percent"", ""name"": ""Break Points Converted %"", ""raw"": 38.5, ""raw_display"": ""38.5%"", ""normalized"": 35.89, ""weight"": 0.2, ""weight_pct"": 20.0, ""min"": 20.7, ""max"": 70.3, ""lower_is_better"": false, ""is_percent"": true}, {""key"": ""return_games_won_percent"", ""name"": ""Return Games Won %"", ""raw"": 24.7, ""raw_display"": ""24.7%"", ""normalized"": 31.17, ""weight"": 0.16, ""weight_pct"": 16.0, ""min"": 10.3, ""max"": 56.5, ""lower_is_better"": false, ""is_percent"": true}, {""key"": ""return_points_won_percent"", ""name"": ""Return Points Won %"", ""raw"": 38.2, ""raw_display"": ""38.2%"", ""normalized"": 27.62, ""weight"": 0.2, ""weight_pct"": 20.0, ""min"": 33.2, ""max"": 51.3, ""lower_is_better"": false, ""is_percent"": true}]}"
2026-07-26T05:36:16.130591Z,return,Return,137,Kaja Juvan,324702,https://www.wtatennis.com/players/324702/kaja-juvan,https://photoresources.wtatennis.com/wta/photo/2021/01/12/54ec0422-97aa-40a8-82c5-ee5e212af993/Juvan_Hero-Smile.png,31.8,1st Return Points Won %,37.9%,2nd Return Points Won %,44.2%,Break Points Converted %,34.4%,Return Games Won %,23.4%,Return Points Won %,40.1%,,,"{""category"": ""return"", ""player_rank"": 164, ""match_count"": 5, ""formula"": ""normalized_score = Σ(metric_norm × weight)"", ""metrics"": [{""key"": ""first_return_percent"", ""name"": ""1st Return Points Won %"", ""raw"": 37.9, ""raw_display"": ""37.9%"", ""normalized"": 64.19, ""weight"": 0.22, ""weight_pct"": 22.0, ""min"": 24.1, ""max"": 45.6, ""lower_is_better"": false, ""is_percent"": true}, {""key"": ""second_return_percent"", ""name"": ""2nd Return Points Won %"", ""raw"": 44.2, ""raw_display"": ""44.2%"", ""normalized"": 0.0, ""weight"": 0.22, ""weight_pct"": 22.0, ""min"": 44.2, ""max"": 61.7, ""lower_is_better"": false, ""is_percent"": true}, {""key"": ""breakpoint_converted_percent"", ""name"": ""Break Points Converted %"", ""raw"": 34.4, ""raw_display"": ""34.4%"", ""normalized"": 27.62, ""weight"": 0.2, ""weight_pct"": 20.0, ""min"": 20.7, ""max"": 70.3, ""lower_is_better"": false, ""is_percent"": true}, {""key"": ""return_games_won_percent"", ""name"": ""Return Games Won %"", ""raw"": 23.4, ""raw_display"": ""23.4%"", ""normalized"": 28.35, ""weight"": 0.16, ""weight_pct"": 16.0, ""min"": 10.3, ""max"": 56.5, ""lower_is_better"": false, ""is_percent"": true}, {""key"": ""return_points_won_percent"", ""name"": ""Return Points Won %"", ""raw"": 40.1, ""raw_display"": ""40.1%"", ""normalized"": 38.12, ""weight"": 0.2, ""weight_pct"": 20.0, ""min"": 33.2, ""max"": 51.3, ""lower_is_better"": false, ""is_percent"": true}]}"
2026-07-26T05:36:16.130591Z,return,Return,138,Sinja Kraus,327061,https://www.wtatennis.com/players/327061/sinja-kraus,https://photoresources.wtatennis.com/wta/photo/2026/01/13/d462dddd-99bb-40b5-a261-41140247121e/Kraus-Torso_327061.png,31.5,1st Return Points Won %,31.7%,2nd Return Points Won %,49.2%,Break Points Converted %,35.7%,Return Games Won %,25.5%,Return Points Won %,38.7%,,,"{""category"": ""return"", ""player_rank"": 80, ""match_count"": 10, ""formula"": ""normalized_score = Σ(metric_norm × weight)"", ""metrics"": [{""key"": ""first_return_percent"", ""name"": ""1st Return Points Won %"", ""raw"": 31.7, ""raw_display"": ""31.7%"", ""normalized"": 35.35, ""weight"": 0.22, ""weight_pct"": 22.0, ""min"": 24.1, ""max"": 45.6, ""lower_is_better"": false, ""is_percent"": true}, {""key"": ""second_return_percent"", ""name"": ""2nd Return Points Won %"", ""raw"": 49.2, ""raw_display"": ""49.2%"", ""normalized"": 28.57, ""weight"": 0.22, ""weight_pct"": 22.0, ""min"": 44.2, ""max"": 61.7, ""lower_is_better"": false, ""is_percent"": true}, {""key"": ""breakpoint_converted_percent"", ""name"": ""Break Points Converted %"", ""raw"": 35.7, ""raw_display"": ""35.7%"", ""normalized"": 30.24, ""weight"": 0.2, ""weight_pct"": 20.0, ""min"": 20.7, ""max"": 70.3, ""lower_is_better"": false, ""is_percent"": true}, {""key"": ""return_games_won_percent"", ""name"": ""Return Games Won %"", ""raw"": 25.5, ""raw_display"": ""25.5%"", ""normalized"": 32.9, ""weight"": 0.16, ""weight_pct"": 16.0, ""min"": 10.3, ""max"": 56.5, ""lower_is_better"": false, ""is_percent"": true}, {""key"": ""return_points_won_percent"", ""name"": ""Return Points Won %"", ""raw"": 38.7, ""raw_display"": ""38.7%"", ""normalized"": 30.39, ""weight"": 0.2, ""weight_pct"": 20.0, ""min"": 33.2, ""max"": 51.3, ""lower_is_better"": false, ""is_percent"": true}]}"
2026-07-26T05:36:16.130591Z,return,Return,139,Venus Williams,230220,https://www.wtatennis.com/players/230220,,28.7,1st Return Points Won %,31.6%,2nd Return Points Won %,48.4%,Break Points Converted %,40.4%,Return Games Won %,19.2%,Return Points Won %,37.5%,,,"{""category"": ""return"", ""player_rank"": 469, ""match_count"": 8, ""formula"": ""normalized_score = Σ(metric_norm × weight)"", ""metrics"": [{""key"": ""first_return_percent"", ""name"": ""1st Return Points Won %"", ""raw"": 31.6, ""raw_display"": ""31.6%"", ""normalized"": 34.88, ""weight"": 0.22, ""weight_pct"": 22.0, ""min"": 24.1, ""max"": 45.6, ""lower_is_better"": false, ""is_percent"": true}, {""key"": ""second_return_percent"", ""name"": ""2nd Return Points Won %"", ""raw"": 48.4, ""raw_display"": ""48.4%"", ""normalized"": 24.0, ""weight"": 0.22, ""weight_pct"": 22.0, ""min"": 44.2, ""max"": 61.7, ""lower_is_better"": false, ""is_percent"": true}, {""key"": ""breakpoint_converted_percent"", ""name"": ""Break Points Converted %"", ""raw"": 40.4, ""raw_display"": ""40.4%"", ""normalized"": 39.72, ""weight"": 0.2, ""weight_pct"": 20.0, ""min"": 20.7, ""max"": 70.3, ""lower_is_better"": false, ""is_percent"": true}, {""key"": ""return_games_won_percent"", ""name"": ""Return Games Won %"", ""raw"": 19.2, ""raw_display"": ""19.2%"", ""normalized"": 19.26, ""weight"": 0.16, ""weight_pct"": 16.0, ""min"": 10.3, ""max"": 56.5, ""lower_is_better"": false, ""is_percent"": true}, {""key"": ""return_points_won_percent"", ""name"": ""Return Points Won %"", ""raw"": 37.5, ""raw_display"": ""37.5%"", ""normalized"": 23.76, ""weight"": 0.2, ""weight_pct"": 20.0, ""min"": 33.2, ""max"": 51.3, ""lower_is_better"": false, ""is_percent"": true}]}"
2026-07-26T05:36:16.130591Z,return,Return,140,Hanne Vandewinkel,331102,https://www.wtatennis.com/players/331102/hanne-vandewinkel,https://photoresources.wtatennis.com/wta/photo/2024/04/19/97fc72ae-e648-4cea-8333-efe47d0f7b69/331102.jpg,27.0,1st Return Points Won %,24.4%,2nd Return Points Won %,53.6%,Break Points Converted %,39.0%,Return Games Won %,21.1%,Return Points Won %,36.6%,,,"{""category"": ""return"", ""player_rank"": 92, ""match_count"": 7, ""formula"": ""normalized_score = Σ(metric_norm × weight)"", ""metrics"": [{""key"": ""first_return_percent"", ""name"": ""1st Return Points Won %"", ""raw"": 24.4, ""raw_display"": ""24.4%"", ""normalized"": 1.4, ""weight"": 0.22, ""weight_pct"": 22.0, ""min"": 24.1, ""max"": 45.6, ""lower_is_better"": false, ""is_percent"": true}, {""key"": ""second_return_percent"", ""name"": ""2nd Return Points Won %"", ""raw"": 53.6, ""raw_display"": ""53.6%"", ""normalized"": 53.71, ""weight"": 0.22, ""weight_pct"": 22.0, ""min"": 44.2, ""max"": 61.7, ""lower_is_better"": false, ""is_percent"": true}, {""key"": ""breakpoint_converted_percent"", ""name"": ""Break Points Converted %"", ""raw"": 39.0, ""raw_display"": ""39.0%"", ""normalized"": 36.9, ""weight"": 0.2, ""weight_pct"": 20.0, ""min"": 20.7, ""max"": 70.3, ""lower_is_better"": false, ""is_percent"": true}, {""key"": ""return_games_won_percent"", ""name"": ""Return Games Won %"", ""raw"": 21.1, ""raw_display"": ""21.1%"", ""normalized"": 23.38, ""weight"": 0.16, ""weight_pct"": 16.0, ""min"": 10.3, ""max"": 56.5, ""lower_is_better"": false, ""is_percent"": true}, {""key"": ""return_points_won_percent"", ""name"": ""Return Points Won %"", ""raw"": 36.6, ""raw_display"": ""36.6%"", ""normalized"": 18.78, ""weight"": 0.2, ""weight_pct"": 20.0, ""min"": 33.2, ""max"": 51.3, ""lower_is_better"": false, ""is_percent"": true}]}"
2026-07-26T05:36:16.130591Z,return,Return,141,Bianca Andreescu,325088,https://www.wtatennis.com/players/325088/bianca-andreescu,https://photoresources.wtatennis.com/wta/photo/2021/04/05/e2f0aecb-f7ed-4180-a2bf-db432ae41be5/Andreescu_crop.jpg,27.0,1st Return Points Won %,34.1%,2nd Return Points Won %,44.7%,Break Points Converted %,37.7%,Return Games Won %,22.5%,Return Points Won %,37.8%,,,"{""category"": ""return"", ""player_rank"": 170, ""match_count"": 8, ""formula"": ""normalized_score = Σ(metric_norm × weight)"", ""metrics"": [{""key"": ""first_return_percent"", ""name"": ""1st Return Points Won %"", ""raw"": 34.1, ""raw_display"": ""34.1%"", ""normalized"": 46.51, ""weight"": 0.22, ""weight_pct"": 22.0, ""min"": 24.1, ""max"": 45.6, ""lower_is_better"": false, ""is_percent"": true}, {""key"": ""second_return_percent"", ""name"": ""2nd Return Points Won %"", ""raw"": 44.7, ""raw_display"": ""44.7%"", ""normalized"": 2.86, ""weight"": 0.22, ""weight_pct"": 22.0, ""min"": 44.2, ""max"": 61.7, ""lower_is_better"": false, ""is_percent"": true}, {""key"": ""breakpoint_converted_percent"", ""name"": ""Break Points Converted %"", ""raw"": 37.7, ""raw_display"": ""37.7%"", ""normalized"": 34.27, ""weight"": 0.2, ""weight_pct"": 20.0, ""min"": 20.7, ""max"": 70.3, ""lower_is_better"": false, ""is_percent"": true}, {""key"": ""return_games_won_percent"", ""name"": ""Return Games Won %"", ""raw"": 22.5, ""raw_display"": ""22.5%"", ""normalized"": 26.41, ""weight"": 0.16, ""weight_pct"": 16.0, ""min"": 10.3, ""max"": 56.5, ""lower_is_better"": false, ""is_percent"": true}, {""key"": ""return_points_won_percent"", ""name"": ""Return Points Won %"", ""raw"": 37.8, ""raw_display"": ""37.8%"", ""normalized"": 25.41, ""weight"": 0.2, ""weight_pct"": 20.0, ""min"": 33.2, ""max"": 51.3, ""lower_is_better"": false, ""is_percent"": true}]}"
2026-07-26T05:36:16.130591Z,return,Return,142,Sloane Stephens,315683,https://www.wtatennis.com/players/315683,,24.5,1st Return Points Won %,29.9%,2nd Return Points Won %,46.8%,Break Points Converted %,42.2%,Return Games Won %,19.2%,Return Points Won %,36.4%,,,"{""category"": ""return"", ""player_rank"": 313, ""match_count"": 10, ""formula"": ""normalized_score = Σ(metric_norm × weight)"", ""metrics"": [{""key"": ""first_return_percent"", ""name"": ""1st Return Points Won %"", ""raw"": 29.9, ""raw_display"": ""29.9%"", ""normalized"": 26.98, ""weight"": 0.22, ""weight_pct"": 22.0, ""min"": 24.1, ""max"": 45.6, ""lower_is_better"": false, ""is_percent"": true}, {""key"": ""second_return_percent"", ""name"": ""2nd Return Points Won %"", ""raw"": 46.8, ""raw_display"": ""46.8%"", ""normalized"": 14.86, ""weight"": 0.22, ""weight_pct"": 22.0, ""min"": 44.2, ""max"": 61.7, ""lower_is_better"": false, ""is_percent"": true}, {""key"": ""breakpoint_converted_percent"", ""name"": ""Break Points Converted %"", ""raw"": 42.2, ""raw_display"": ""42.2%"", ""normalized"": 43.35, ""weight"": 0.2, ""weight_pct"": 20.0, ""min"": 20.7, ""max"": 70.3, ""lower_is_better"": false, ""is_percent"": true}, {""key"": ""return_games_won_percent"", ""name"": ""Return Games Won %"", ""raw"": 19.2, ""raw_display"": ""19.2%"", ""normalized"": 19.26, ""weight"": 0.16, ""weight_pct"": 16.0, ""min"": 10.3, ""max"": 56.5, ""lower_is_better"": false, ""is_percent"": true}, {""key"": ""return_points_won_percent"", ""name"": ""Return Points Won %"", ""raw"": 36.4, ""raw_display"": ""36.4%"", ""normalized"": 17.68, ""weight"": 0.2, ""weight_pct"": 20.0, ""min"": 33.2, ""max"": 51.3, ""lower_is_better"": false, ""is_percent"": true}]}"
2026-07-26T05:36:16.130591Z,return,Return,143,Elvina Kalieva,327834,https://www.wtatennis.com/players/327834/elvina-kalieva,,20.2,1st Return Points Won %,31.6%,2nd Return Points Won %,45.9%,Break Points Converted %,31.3%,Return Games Won %,17.2%,Return Points Won %,36.6%,,,"{""category"": ""return"", ""player_rank"": 138, ""match_count"": 5, ""formula"": ""normalized_score = Σ(metric_norm × weight)"", ""metrics"": [{""key"": ""first_return_percent"", ""name"": ""1st Return Points Won %"", ""raw"": 31.6, ""raw_display"": ""31.6%"", ""normalized"": 34.88, ""weight"": 0.22, ""weight_pct"": 22.0, ""min"": 24.1, ""max"": 45.6, ""lower_is_better"": false, ""is_percent"": true}, {""key"": ""second_return_percent"", ""name"": ""2nd Return Points Won %"", ""raw"": 45.9, ""raw_display"": ""45.9%"", ""normalized"": 9.71, ""weight"": 0.22, ""weight_pct"": 22.0, ""min"": 44.2, ""max"": 61.7, ""lower_is_better"": false, ""is_percent"": true}, {""key"": ""breakpoint_converted_percent"", ""name"": ""Break Points Converted %"", ""raw"": 31.3, ""raw_display"": ""31.3%"", ""normalized"": 21.37, ""weight"": 0.2, ""weight_pct"": 20.0, ""min"": 20.7, ""max"": 70.3, ""lower_is_better"": false, ""is_percent"": true}, {""key"": ""return_games_won_percent"", ""name"": ""Return Games Won %"", ""raw"": 17.2, ""raw_display"": ""17.2%"", ""normalized"": 14.94, ""weight"": 0.16, ""weight_pct"": 16.0, ""min"": 10.3, ""max"": 56.5, ""lower_is_better"": false, ""is_percent"": true}, {""key"": ""return_points_won_percent"", ""name"": ""Return Points Won %"", ""raw"": 36.6, ""raw_display"": ""36.6%"", ""normalized"": 18.78, ""weight"": 0.2, ""weight_pct"": 20.0, ""min"": 33.2, ""max"": 51.3, ""lower_is_better"": false, ""is_percent"": true}]}"
2026-07-26T05:36:16.130591Z,return,Return,144,Lois Boisson,328884,https://www.wtatennis.com/players/328884/lois-boisson,https://photoresources.wtatennis.com/wta/photo/2025/06/05/21340991-9a96-4571-80b9-9e5235c701e4/Boisson-Torso_328884.png,18.6,1st Return Points Won %,32.4%,2nd Return Points Won %,44.3%,Break Points Converted %,28.9%,Return Games Won %,18.3%,Return Points Won %,36.7%,,,"{""category"": ""return"", ""player_rank"": 294, ""match_count"": 7, ""formula"": ""normalized_score = Σ(metric_norm × weight)"", ""metrics"": [{""key"": ""first_return_percent"", ""name"": ""1st Return Points Won %"", ""raw"": 32.4, ""raw_display"": ""32.4%"", ""normalized"": 38.6, ""weight"": 0.22, ""weight_pct"": 22.0, ""min"": 24.1, ""max"": 45.6, ""lower_is_better"": false, ""is_percent"": true}, {""key"": ""second_return_percent"", ""name"": ""2nd Return Points Won %"", ""raw"": 44.3, ""raw_display"": ""44.3%"", ""normalized"": 0.57, ""weight"": 0.22, ""weight_pct"": 22.0, ""min"": 44.2, ""max"": 61.7, ""lower_is_better"": false, ""is_percent"": true}, {""key"": ""breakpoint_converted_percent"", ""name"": ""Break Points Converted %"", ""raw"": 28.9, ""raw_display"": ""28.9%"", ""normalized"": 16.53, ""weight"": 0.2, ""weight_pct"": 20.0, ""min"": 20.7, ""max"": 70.3, ""lower_is_better"": false, ""is_percent"": true}, {""key"": ""return_games_won_percent"", ""name"": ""Return Games Won %"", ""raw"": 18.3, ""raw_display"": ""18.3%"", ""normalized"": 17.32, ""weight"": 0.16, ""weight_pct"": 16.0, ""min"": 10.3, ""max"": 56.5, ""lower_is_better"": false, ""is_percent"": true}, {""key"": ""return_points_won_percent"", ""name"": ""Return Points Won %"", ""raw"": 36.7, ""raw_display"": ""36.7%"", ""normalized"": 19.34, ""weight"": 0.2, ""weight_pct"": 20.0, ""min"": 33.2, ""max"": 51.3, ""lower_is_better"": false, ""is_percent"": true}]}"
2026-07-26T05:36:16.130591Z,return,Return,145,Lulu Sun,324576,https://www.wtatennis.com/players/324576/lulu-sun,https://photoresources.wtatennis.com/wta/photo/2025/05/08/fa690b2f-d3cb-4e22-8046-d8efce5a97fd/Sun-Torso_324576.png,9.9,1st Return Points Won %,25.4%,2nd Return Points Won %,47.3%,Break Points Converted %,28.6%,Return Games Won %,14.5%,Return Points Won %,33.2%,,,"{""category"": ""return"", ""player_rank"": 115, ""match_count"": 5, ""formula"": ""normalized_score = Σ(metric_norm × weight)"", ""metrics"": [{""key"": ""first_return_percent"", ""name"": ""1st Return Points Won %"", ""raw"": 25.4, ""raw_display"": ""25.4%"", ""normalized"": 6.05, ""weight"": 0.22, ""weight_pct"": 22.0, ""min"": 24.1, ""max"": 45.6, ""lower_is_better"": false, ""is_percent"": true}, {""key"": ""second_return_percent"", ""name"": ""2nd Return Points Won %"", ""raw"": 47.3, ""raw_display"": ""47.3%"", ""normalized"": 17.71, ""weight"": 0.22, ""weight_pct"": 22.0, ""min"": 44.2, ""max"": 61.7, ""lower_is_better"": false, ""is_percent"": true}, {""key"": ""breakpoint_converted_percent"", ""name"": ""Break Points Converted %"", ""raw"": 28.6, ""raw_display"": ""28.6%"", ""normalized"": 15.93, ""weight"": 0.2, ""weight_pct"": 20.0, ""min"": 20.7, ""max"": 70.3, ""lower_is_better"": false, ""is_percent"": true}, {""key"": ""return_games_won_percent"", ""name"": ""Return Games Won %"", ""raw"": 14.5, ""raw_display"": ""14.5%"", ""normalized"": 9.09, ""weight"": 0.16, ""weight_pct"": 16.0, ""min"": 10.3, ""max"": 56.5, ""lower_is_better"": false, ""is_percent"": true}, {""key"": ""return_points_won_percent"", ""name"": ""Return Points Won %"", ""raw"": 33.2, ""raw_display"": ""33.2%"", ""normalized"": 0.0, ""weight"": 0.2, ""weight_pct"": 20.0, ""min"": 33.2, ""max"": 51.3, ""lower_is_better"": false, ""is_percent"": true}]}"
2026-07-26T05:36:16.130591Z,return,Return,146,Anastasia Pavlyuchenkova,313796,https://www.wtatennis.com/players/313796/anastasia-pavlyuchenkova,https://photoresources.wtatennis.com/wta/photo/2025/03/10/93074ba0-5e83-4520-9d49-4615a03b5b4e/Pavlyuchenkova-Torso_313796.png,8.9,1st Return Points Won %,24.1%,2nd Return Points Won %,50.7%,Break Points Converted %,20.7%,Return Games Won %,10.3%,Return Points Won %,33.9%,,,"{""category"": ""return"", ""player_rank"": 398, ""match_count"": 6, ""formula"": ""normalized_score = Σ(metric_norm × weight)"", ""metrics"": [{""key"": ""first_return_percent"", ""name"": ""1st Return Points Won %"", ""raw"": 24.1, ""raw_display"": ""24.1%"", ""normalized"": 0.0, ""weight"": 0.22, ""weight_pct"": 22.0, ""min"": 24.1, ""max"": 45.6, ""lower_is_better"": false, ""is_percent"": true}, {""key"": ""second_return_percent"", ""name"": ""2nd Return Points Won %"", ""raw"": 50.7, ""raw_display"": ""50.7%"", ""normalized"": 37.14, ""weight"": 0.22, ""weight_pct"": 22.0, ""min"": 44.2, ""max"": 61.7, ""lower_is_better"": false, ""is_percent"": true}, {""key"": ""breakpoint_converted_percent"", ""name"": ""Break Points Converted %"", ""raw"": 20.7, ""raw_display"": ""20.7%"", ""normalized"": 0.0, ""weight"": 0.2, ""weight_pct"": 20.0, ""min"": 20.7, ""max"": 70.3, ""lower_is_better"": false, ""is_percent"": true}, {""key"": ""return_games_won_percent"", ""name"": ""Return Games Won %"", ""raw"": 10.3, ""raw_display"": ""10.3%"", ""normalized"": 0.0, ""weight"": 0.16, ""weight_pct"": 16.0, ""min"": 10.3, ""max"": 56.5, ""lower_is_better"": false, ""is_percent"": true}, {""key"": ""return_points_won_percent"", ""name"": ""Return Points Won %"", ""raw"": 33.9, ""raw_display"": ""33.9%"", ""normalized"": 3.87, ""weight"": 0.2, ""weight_pct"": 20.0, ""min"": 33.2, ""max"": 51.3, ""lower_is_better"": false, ""is_percent"": true}]}"
2026-07-26T05:36:16.130591Z,serve,Serve,1,Elena Rybakina,324166,https://www.wtatennis.com/players/324166/elena-rybakina,https://photoresources.wtatennis.com/wta/photo/2025/03/10/1269f000-ca40-45c6-97ed-7febfec4d15f/Rybakina-Torso_324166.png,76.6,Aces,289,Double Faults,112,1st Serve %,58.4%,1st Serve Points Won %,73.1%,2nd Serve Points Won %,51.2%,Break Points Saved %,65.9%,"{""category"": ""serve"", ""player_rank"": 2, ""match_count"": 45, ""formula"": ""normalized_score = Σ(metric_norm × weight)"", ""metrics"": [{""key"": ""Aces"", ""name"": ""Aces"", ""raw"": 289.0, ""raw_display"": ""289"", ""normalized"": 100.0, ""weight"": 0.16, ""weight_pct"": 16.0, ""min"": 3.0, ""max"": 289.0, ""lower_is_better"": false, ""is_percent"": false}, {""key"": ""Double_Faults"", ""name"": ""Double Faults"", ""raw"": 112.0, ""raw_display"": ""112"", ""normalized"": 57.77, ""weight"": 0.12, ""weight_pct"": 12.0, ""min"": 6.0, ""max"": 257.0, ""lower_is_better"": true, ""is_percent"": false}, {""key"": ""first_serve_percent"", ""name"": ""1st Serve %"", ""raw"": 58.4, ""raw_display"": ""58.4%"", ""normalized"": 20.07, ""weight"": 0.14, ""weight_pct"": 14.0, ""min"": 52.9, ""max"": 80.3, ""lower_is_better"": false, ""is_percent"": true}, {""key"": ""first_serve_won_percent"", ""name"": ""1st Serve Points Won %"", ""raw"": 73.1, ""raw_display"": ""73.1%"", ""normalized"": 97.77, ""weight"": 0.2, ""weight_pct"": 20.0, ""min"": 51.2, ""max"": 73.6, ""lower_is_better"": false, ""is_percent"": true}, {""key"": ""second_serve_won_percent"", ""name"": ""2nd Serve Points Won %"", ""raw"": 51.2, ""raw_display"": ""51.2%"", ""normalized"": 66.67, ""weight"": 0.2, ""weight_pct"": 20.0, ""min"": 34.4, ""max"": 59.6, ""lower_is_better"": false, ""is_percent"": true}, {""key"": ""breakpoint_saved_percent"", ""name"": ""Break Points Saved %"", ""raw"": 65.9, ""raw_display"": ""65.9%"", ""normalized"": 100.0, ""weight"": 0.18, ""weight_pct"": 18.0, ""min"": 33.8, ""max"": 65.9, ""lower_is_better"": false, ""is_percent"": true}]}"
2026-07-26T05:36:16.130591Z,serve,Serve,2,Aryna Sabalenka,320760,https://www.wtatennis.com/players/320760/aryna-sabalenka,https://photoresources.wtatennis.com/wta/photo/2024/04/22/46f655c7-32a6-4c66-9854-20df07b7de7b/Sabalenka-Torso_320760.png,76.0,Aces,203,Double Faults,87,1st Serve %,65.2%,1st Serve Points Won %,71.2%,2nd Serve Points Won %,53.3%,Break Points Saved %,65.0%,"{""category"": ""serve"", ""player_rank"": 1, ""match_count"": 42, ""formula"": ""normalized_score = Σ(metric_norm × weight)"", ""metrics"": [{""key"": ""Aces"", ""name"": ""Aces"", ""raw"": 203.0, ""raw_display"": ""203"", ""normalized"": 69.93, ""weight"": 0.16, ""weight_pct"": 16.0, ""min"": 3.0, ""max"": 289.0, ""lower_is_better"": false, ""is_percent"": false}, {""key"": ""Double_Faults"", ""name"": ""Double Faults"", ""raw"": 87.0, ""raw_display"": ""87"", ""normalized"": 67.73, ""weight"": 0.12, ""weight_pct"": 12.0, ""min"": 6.0, ""max"": 257.0, ""lower_is_better"": true, ""is_percent"": false}, {""key"": ""first_serve_percent"", ""name"": ""1st Serve %"", ""raw"": 65.2, ""raw_display"": ""65.2%"", ""normalized"": 44.89, ""weight"": 0.14, ""weight_pct"": 14.0, ""min"": 52.9, ""max"": 80.3, ""lower_is_better"": false, ""is_percent"": true}, {""key"": ""first_serve_won_percent"", ""name"": ""1st Serve Points Won %"", ""raw"": 71.2, ""raw_display"": ""71.2%"", ""normalized"": 89.29, ""weight"": 0.2, ""weight_pct"": 20.0, ""min"": 51.2, ""max"": 73.6, ""lower_is_better"": false, ""is_percent"": true}, {""key"": ""second_serve_won_percent"", ""name"": ""2nd Serve Points Won %"", ""raw"": 53.3, ""raw_display"": ""53.3%"", ""normalized"": 75.0, ""weight"": 0.2, ""weight_pct"": 20.0, ""min"": 34.4, ""max"": 59.6, ""lower_is_better"": false, ""is_percent"": true}, {""key"": ""breakpoint_saved_percent"", ""name"": ""Break Points Saved %"", ""raw"": 65.0, ""raw_display"": ""65.0%"", ""normalized"": 97.2, ""weight"": 0.18, ""weight_pct"": 18.0, ""min"": 33.8, ""max"": 65.9, ""lower_is_better"": false, ""is_percent"": true}]}"
2026-07-26T05:36:16.130591Z,serve,Serve,3,Linda Noskova,329668,https://www.wtatennis.com/players/329668/linda-noskova,https://photoresources.wtatennis.com/wta/photo/2024/05/01/54485a31-3775-4c65-a62c-298a5e124a18/Noskova-Torso_329668-WTA-Tennis.png,70.6,Aces,259,Double Faults,181,1st Serve %,59.6%,1st Serve Points Won %,73.6%,2nd Serve Points Won %,48.8%,Break Points Saved %,65.6%,"{""category"": ""serve"", ""player_rank"": 7, ""match_count"": 38, ""formula"": ""normalized_score = Σ(metric_norm × weight)"", ""metrics"": [{""key"": ""Aces"", ""name"": ""Aces"", ""raw"": 259.0, ""raw_display"": ""259"", ""normalized"": 89.51, ""weight"": 0.16, ""weight_pct"": 16.0, ""min"": 3.0, ""max"": 289.0, ""lower_is_better"": false, ""is_percent"": false}, {""key"": ""Double_Faults"", ""name"": ""Double Faults"", ""raw"": 181.0, ""raw_display"": ""181"", ""normalized"": 30.28, ""weight"": 0.12, ""weight_pct"": 12.0, ""min"": 6.0, ""max"": 257.0, ""lower_is_better"": true, ""is_percent"": false}, {""key"": ""first_serve_percent"", ""name"": ""1st Serve %"", ""raw"": 59.6, ""raw_display"": ""59.6%"", ""normalized"": 24.45, ""weight"": 0.14, ""weight_pct"": 14.0, ""min"": 52.9, ""max"": 80.3, ""lower_is_better"": false, ""is_percent"": true}, {""key"": ""first_serve_won_percent"", ""name"": ""1st Serve Points Won %"", ""raw"": 73.6, ""raw_display"": ""73.6%"", ""normalized"": 100.0, ""weight"": 0.2, ""weight_pct"": 20.0, ""min"": 51.2, ""max"": 73.6, ""lower_is_better"": false, ""is_percent"": true}, {""key"": ""second_serve_won_percent"", ""name"": ""2nd Serve Points Won %"", ""raw"": 48.8, ""raw_display"": ""48.8%"", ""normalized"": 57.14, ""weight"": 0.2, ""weight_pct"": 20.0, ""min"": 34.4, ""max"": 59.6, ""lower_is_better"": false, ""is_percent"": true}, {""key"": ""breakpoint_saved_percent"", ""name"": ""Break Points Saved %"", ""raw"": 65.6, ""raw_display"": ""65.6%"", ""normalized"": 99.07, ""weight"": 0.18, ""weight_pct"": 18.0, ""min"": 33.8, ""max"": 65.9, ""lower_is_better"": false, ""is_percent"": true}]}"
2026-07-26T05:36:16.130591Z,serve,Serve,4,Jessica Pegula,316956,https://www.wtatennis.com/players/316956/jessica-pegula,https://photoresources.wtatennis.com/wta/photo/2024/04/24/a8ebbc95-1be0-4792-a0d0-79d6e8932122/Pegula-Torso_316956-1.png,70.0,Aces,191,Double Faults,65,1st Serve %,62.8%,1st Serve Points Won %,70.3%,2nd Serve Points Won %,51.3%,Break Points Saved %,60.2%,"{""category"": ""serve"", ""player_rank"": 3, ""match_count"": 44, ""formula"": ""normalized_score = Σ(metric_norm × weight)"", ""metrics"": [{""key"": ""Aces"", ""name"": ""Aces"", ""raw"": 191.0, ""raw_display"": ""191"", ""normalized"": 65.73, ""weight"": 0.16, ""weight_pct"": 16.0, ""min"": 3.0, ""max"": 289.0, ""lower_is_better"": false, ""is_percent"": false}, {""key"": ""Double_Faults"", ""name"": ""Double Faults"", ""raw"": 65.0, ""raw_display"": ""65"", ""normalized"": 76.49, ""weight"": 0.12, ""weight_pct"": 12.0, ""min"": 6.0, ""max"": 257.0, ""lower_is_better"": true, ""is_percent"": false}, {""key"": ""first_serve_percent"", ""name"": ""1st Serve %"", ""raw"": 62.8, ""raw_display"": ""62.8%"", ""normalized"": 36.13, ""weight"": 0.14, ""weight_pct"": 14.0, ""min"": 52.9, ""max"": 80.3, ""lower_is_better"": false, ""is_percent"": true}, {""key"": ""first_serve_won_percent"", ""name"": ""1st Serve Points Won %"", ""raw"": 70.3, ""raw_display"": ""70.3%"", ""normalized"": 85.27, ""weight"": 0.2, ""weight_pct"": 20.0, ""min"": 51.2, ""max"": 73.6, ""lower_is_better"": false, ""is_percent"": true}, {""key"": ""second_serve_won_percent"", ""name"": ""2nd Serve Points Won %"", ""raw"": 51.3, ""raw_display"": ""51.3%"", ""normalized"": 67.06, ""weight"": 0.2, ""weight_pct"": 20.0, ""min"": 34.4, ""max"": 59.6, ""lower_is_better"": false, ""is_percent"": true}, {""key"": ""breakpoint_saved_percent"", ""name"": ""Break Points Saved %"", ""raw"": 60.2, ""raw_display"": ""60.2%"", ""normalized"": 82.24, ""weight"": 0.18, ""weight_pct"": 18.0, ""min"": 33.8, ""max"": 65.9, ""lower_is_better"": false, ""is_percent"": true}]}"
2026-07-26T05:36:16.130591Z,serve,Serve,5,Karolina Muchova,322191,https://www.wtatennis.com/players/322191/karolina-muchova,https://photoresources.wtatennis.com/wta/photo/2025/03/10/b88e4433-b70d-47e2-8302-a1291124269f/Muchova-Torso_322191.png,69.2,Aces,156,Double Faults,68,1st Serve %,64.5%,1st Serve Points Won %,70.1%,2nd Serve Points Won %,50.8%,Break Points Saved %,62.0%,"{""category"": ""serve"", ""player_rank"": 6, ""match_count"": 44, ""formula"": ""normalized_score = Σ(metric_norm × weight)"", ""metrics"": [{""key"": ""Aces"", ""name"": ""Aces"", ""raw"": 156.0, ""raw_display"": ""156"", ""normalized"": 53.5, ""weight"": 0.16, ""weight_pct"": 16.0, ""min"": 3.0, ""max"": 289.0, ""lower_is_better"": false, ""is_percent"": false}, {""key"": ""Double_Faults"", ""name"": ""Double Faults"", ""raw"": 68.0, ""raw_display"": ""68"", ""normalized"": 75.3, ""weight"": 0.12, ""weight_pct"": 12.0, ""min"": 6.0, ""max"": 257.0, ""lower_is_better"": true, ""is_percent"": false}, {""key"": ""first_serve_percent"", ""name"": ""1st Serve %"", ""raw"": 64.5, ""raw_display"": ""64.5%"", ""normalized"": 42.34, ""weight"": 0.14, ""weight_pct"": 14.0, ""min"": 52.9, ""max"": 80.3, ""lower_is_better"": false, ""is_percent"": true}, {""key"": ""first_serve_won_percent"", ""name"": ""1st Serve Points Won %"", ""raw"": 70.1, ""raw_display"": ""70.1%"", ""normalized"": 84.37, ""weight"": 0.2, ""weight_pct"": 20.0, ""min"": 51.2, ""max"": 73.6, ""lower_is_better"": false, ""is_percent"": true}, {""key"": ""second_serve_won_percent"", ""name"": ""2nd Serve Points Won %"", ""raw"": 50.8, ""raw_display"": ""50.8%"", ""normalized"": 65.08, ""weight"": 0.2, ""weight_pct"": 20.0, ""min"": 34.4, ""max"": 59.6, ""lower_is_better"": false, ""is_percent"": true}, {""key"": ""breakpoint_saved_percent"", ""name"": ""Break Points Saved %"", ""raw"": 62.0, ""raw_display"": ""62.0%"", ""normalized"": 87.85, ""weight"": 0.18, ""weight_pct"": 18.0, ""min"": 33.8, ""max"": 65.9, ""lower_is_better"": false, ""is_percent"": true}]}"
2026-07-26T05:36:16.130591Z,serve,Serve,6,Qinwen Zheng,328120,https://www.wtatennis.com/players/328120/qinwen-zheng,https://photoresources.wtatennis.com/wta/photo/2025/04/16/7e20d5ba-a08d-4070-a076-48270b903f4f/Zheng-Torso_328120.png,68.9,Aces,207,Double Faults,107,1st Serve %,56.2%,1st Serve Points Won %,73.4%,2nd Serve Points Won %,49.4%,Break Points Saved %,64.0%,"{""category"": ""serve"", ""player_rank"": 123, ""match_count"": 22, ""formula"": ""normalized_score = Σ(metric_norm × weight)"", ""metrics"": [{""key"": ""Aces"", ""name"": ""Aces"", ""raw"": 207.0, ""raw_display"": ""207"", ""normalized"": 71.33, ""weight"": 0.16, ""weight_pct"": 16.0, ""min"": 3.0, ""max"": 289.0, ""lower_is_better"": false, ""is_percent"": false}, {""key"": ""Double_Faults"", ""name"": ""Double Faults"", ""raw"": 107.0, ""raw_display"": ""107"", ""normalized"": 59.76, ""weight"": 0.12, ""weight_pct"": 12.0, ""min"": 6.0, ""max"": 257.0, ""lower_is_better"": true, ""is_percent"": false}, {""key"": ""first_serve_percent"", ""name"": ""1st Serve %"", ""raw"": 56.2, ""raw_display"": ""56.2%"", ""normalized"": 12.04, ""weight"": 0.14, ""weight_pct"": 14.0, ""min"": 52.9, ""max"": 80.3, ""lower_is_better"": false, ""is_percent"": true}, {""key"": ""first_serve_won_percent"", ""name"": ""1st Serve Points Won %"", ""raw"": 73.4, ""raw_display"": ""73.4%"", ""normalized"": 99.11, ""weight"": 0.2, ""weight_pct"": 20.0, ""min"": 51.2, ""max"": 73.6, ""lower_is_better"": false, ""is_percent"": true}, {""key"": ""second_serve_won_percent"", ""name"": ""2nd Serve Points Won %"", ""raw"": 49.4, ""raw_display"": ""49.4%"", ""normalized"": 59.52, ""weight"": 0.2, ""weight_pct"": 20.0, ""min"": 34.4, ""max"": 59.6, ""lower_is_better"": false, ""is_percent"": true}, {""key"": ""breakpoint_saved_percent"", ""name"": ""Break Points Saved %"", ""raw"": 64.0, ""raw_display"": ""64.0%"", ""normalized"": 94.08, ""weight"": 0.18, ""weight_pct"": 18.0, ""min"": 33.8, ""max"": 65.9, ""lower_is_better"": false, ""is_percent"": true}]}"
2026-07-26T05:36:16.130591Z,serve,Serve,7,Mayar Sherif,318711,https://www.wtatennis.com/players/318711/mayar-sherif,https://photoresources.wtatennis.com/wta/photo/2024/04/29/dd992aa4-5ad3-4e4f-b21f-0b511cdd1b5c/Sherif-Torso_318711-WTA-Tennis.png,67.1,Aces,4,Double Faults,12,1st Serve %,80.3%,1st Serve Points Won %,58.6%,2nd Serve Points Won %,59.6%,Break Points Saved %,60.0%,"{""category"": ""serve"", ""player_rank"": 55, ""match_count"": 9, ""formula"": ""normalized_score = Σ(metric_norm × weight)"", ""metrics"": [{""key"": ""Aces"", ""name"": ""Aces"", ""raw"": 4.0, ""raw_display"": ""4"", ""normalized"": 0.35, ""weight"": 0.16, ""weight_pct"": 16.0, ""min"": 3.0, ""max"": 289.0, ""lower_is_better"": false, ""is_percent"": false}, {""key"": ""Double_Faults"", ""name"": ""Double Faults"", ""raw"": 12.0, ""raw_display"": ""12"", ""normalized"": 97.61, ""weight"": 0.12, ""weight_pct"": 12.0, ""min"": 6.0, ""max"": 257.0, ""lower_is_better"": true, ""is_percent"": false}, {""key"": ""first_serve_percent"", ""name"": ""1st Serve %"", ""raw"": 80.3, ""raw_display"": ""80.3%"", ""normalized"": 100.0, ""weight"": 0.14, ""weight_pct"": 14.0, ""min"": 52.9, ""max"": 80.3, ""lower_is_better"": false, ""is_percent"": true}, {""key"": ""first_serve_won_percent"", ""name"": ""1st Serve Points Won %"", ""raw"": 58.6, ""raw_display"": ""58.6%"", ""normalized"": 33.04, ""weight"": 0.2, ""weight_pct"": 20.0, ""min"": 51.2, ""max"": 73.6, ""lower_is_better"": false, ""is_percent"": true}, {""key"": ""second_serve_won_percent"", ""name"": ""2nd Serve Points Won %"", ""raw"": 59.6, ""raw_display"": ""59.6%"", ""normalized"": 100.0, ""weight"": 0.2, ""weight_pct"": 20.0, ""min"": 34.4, ""max"": 59.6, ""lower_is_better"": false, ""is_percent"": true}, {""key"": ""breakpoint_saved_percent"", ""name"": ""Break Points Saved %"", ""raw"": 60.0, ""raw_display"": ""60.0%"", ""normalized"": 81.62, ""weight"": 0.18, ""weight_pct"": 18.0, ""min"": 33.8, ""max"": 65.9, ""lower_is_better"": false, ""is_percent"": true}]}"
2026-07-26T05:36:16.130591Z,serve,Serve,8,Sorana Cirstea,312469,https://www.wtatennis.com/players/312469/sorana-cirstea,https://photoresources.wtatennis.com/wta/photo/2025/03/10/3bee46ef-b6aa-4dbb-99d1-cd325119cfaa/Cirstea-Torso_312469.png,64.8,Aces,197,Double Faults,72,1st Serve %,59.0%,1st Serve Points Won %,68.7%,2nd Serve Points Won %,51.7%,Break Points Saved %,56.3%,"{""category"": ""serve"", ""player_rank"": 17, ""match_count"": 43, ""formula"": ""normalized_score = Σ(metric_norm × weight)"", ""metrics"": [{""key"": ""Aces"", ""name"": ""Aces"", ""raw"": 197.0, ""raw_display"": ""197"", ""normalized"": 67.83, ""weight"": 0.16, ""weight_pct"": 16.0, ""min"": 3.0, ""max"": 289.0, ""lower_is_better"": false, ""is_percent"": false}, {""key"": ""Double_Faults"", ""name"": ""Double Faults"", ""raw"": 72.0, ""raw_display"": ""72"", ""normalized"": 73.71, ""weight"": 0.12, ""weight_pct"": 12.0, ""min"": 6.0, ""max"": 257.0, ""lower_is_better"": true, ""is_percent"": false}, {""key"": ""first_serve_percent"", ""name"": ""1st Serve %"", ""raw"": 59.0, ""raw_display"": ""59.0%"", ""normalized"": 22.26, ""weight"": 0.14, ""weight_pct"": 14.0, ""min"": 52.9, ""max"": 80.3, ""lower_is_better"": false, ""is_percent"": true}, {""key"": ""first_serve_won_percent"", ""name"": ""1st Serve Points Won %"", ""raw"": 68.7, ""raw_display"": ""68.7%"", ""normalized"": 78.13, ""weight"": 0.2, ""weight_pct"": 20.0, ""min"": 51.2, ""max"": 73.6, ""lower_is_better"": false, ""is_percent"": true}, {""key"": ""second_serve_won_percent"", ""name"": ""2nd Serve Points Won %"", ""raw"": 51.7, ""raw_display"": ""51.7%"", ""normalized"": 68.65, ""weight"": 0.2, ""weight_pct"": 20.0, ""min"": 34.4, ""max"": 59.6, ""lower_is_better"": false, ""is_percent"": true}, {""key"": ""breakpoint_saved_percent"", ""name"": ""Break Points Saved %"", ""raw"": 56.3, ""raw_display"": ""56.3%"", ""normalized"": 70.09, ""weight"": 0.18, ""weight_pct"": 18.0, ""min"": 33.8, ""max"": 65.9, ""lower_is_better"": false, ""is_percent"": true}]}"
2026-07-26T05:36:16.130591Z,serve,Serve,9,Naomi Osaka,319998,https://www.wtatennis.com/players/319998/naomi-osaka,https://photoresources.wtatennis.com/wta/photo/2025/03/10/ee7a0c61-80e6-4a94-893e-bfd14284fd10/Osaka-Torso_319998.png,64.2,Aces,159,Double Faults,59,1st Serve %,60.2%,1st Serve Points Won %,71.3%,2nd Serve Points Won %,48.8%,Break Points Saved %,56.8%,"{""category"": ""serve"", ""player_rank"": 13, ""match_count"": 28, ""formula"": ""normalized_score = Σ(metric_norm × weight)"", ""metrics"": [{""key"": ""Aces"", ""name"": ""Aces"", ""raw"": 159.0, ""raw_display"": ""159"", ""normalized"": 54.55, ""weight"": 0.16, ""weight_pct"": 16.0, ""min"": 3.0, ""max"": 289.0, ""lower_is_better"": false, ""is_percent"": false}, {""key"": ""Double_Faults"", ""name"": ""Double Faults"", ""raw"": 59.0, ""raw_display"": ""59"", ""normalized"": 78.88, ""weight"": 0.12, ""weight_pct"": 12.0, ""min"": 6.0, ""max"": 257.0, ""lower_is_better"": true, ""is_percent"": false}, {""key"": ""first_serve_percent"", ""name"": ""1st Serve %"", ""raw"": 60.2, ""raw_display"": ""60.2%"", ""normalized"": 26.64, ""weight"": 0.14, ""weight_pct"": 14.0, ""min"": 52.9, ""max"": 80.3, ""lower_is_better"": false, ""is_percent"": true}, {""key"": ""first_serve_won_percent"", ""name"": ""1st Serve Points Won %"", ""raw"": 71.3, ""raw_display"": ""71.3%"", ""normalized"": 89.73, ""weight"": 0.2, ""weight_pct"": 20.0, ""min"": 51.2, ""max"": 73.6, ""lower_is_better"": false, ""is_percent"": true}, {""key"": ""second_serve_won_percent"", ""name"": ""2nd Serve Points Won %"", ""raw"": 48.8, ""raw_display"": ""48.8%"", ""normalized"": 57.14, ""weight"": 0.2, ""weight_pct"": 20.0, ""min"": 34.4, ""max"": 59.6, ""lower_is_better"": false, ""is_percent"": true}, {""key"": ""breakpoint_saved_percent"", ""name"": ""Break Points Saved %"", ""raw"": 56.8, ""raw_display"": ""56.8%"", ""normalized"": 71.65, ""weight"": 0.18, ""weight_pct"": 18.0, ""min"": 33.8, ""max"": 65.9, ""lower_is_better"": false, ""is_percent"": true}]}"
2026-07-26T05:36:16.130591Z,serve,Serve,10,Madison Keys,316959,https://www.wtatennis.com/players/316959/madison-keys,https://photoresources.wtatennis.com/wta/photo/2024/04/30/ef78460d-7d2f-46f1-9df1-9f0f37f15f48/Keys-Torso_316959-WTA-Tennis.png,63.8,Aces,138,Double Faults,115,1st Serve %,64.4%,1st Serve Points Won %,70.9%,2nd Serve Points Won %,47.0%,Break Points Saved %,62.4%,"{""category"": ""serve"", ""player_rank"": 23, ""match_count"": 35, ""formula"": ""normalized_score = Σ(metric_norm × weight)"", ""metrics"": [{""key"": ""Aces"", ""name"": ""Aces"", ""raw"": 138.0, ""raw_display"": ""138"", ""normalized"": 47.2, ""weight"": 0.16, ""weight_pct"": 16.0, ""min"": 3.0, ""max"": 289.0, ""lower_is_better"": false, ""is_percent"": false}, {""key"": ""Double_Faults"", ""name"": ""Double Faults"", ""raw"": 115.0, ""raw_display"": ""115"", ""normalized"": 56.57, ""weight"": 0.12, ""weight_pct"": 12.0, ""min"": 6.0, ""max"": 257.0, ""lower_is_better"": true, ""is_percent"": false}, {""key"": ""first_serve_percent"", ""name"": ""1st Serve %"", ""raw"": 64.4, ""raw_display"": ""64.4%"", ""normalized"": 41.97, ""weight"": 0.14, ""weight_pct"": 14.0, ""min"": 52.9, ""max"": 80.3, ""lower_is_better"": false, ""is_percent"": true}, {""key"": ""first_serve_won_percent"", ""name"": ""1st Serve Points Won %"", ""raw"": 70.9, ""raw_display"": ""70.9%"", ""normalized"": 87.95, ""weight"": 0.2, ""weight_pct"": 20.0, ""min"": 51.2, ""max"": 73.6, ""lower_is_better"": false, ""is_percent"": true}, {""key"": ""second_serve_won_percent"", ""name"": ""2nd Serve Points Won %"", ""raw"": 47.0, ""raw_display"": ""47.0%"", ""normalized"": 50.0, ""weight"": 0.2, ""weight_pct"": 20.0, ""min"": 34.4, ""max"": 59.6, ""lower_is_better"": false, ""is_percent"": true}, {""key"": ""breakpoint_saved_percent"", ""name"": ""Break Points Saved %"", ""raw"": 62.4, ""raw_display"": ""62.4%"", ""normalized"": 89.1, ""weight"": 0.18, ""weight_pct"": 18.0, ""min"": 33.8, ""max"": 65.9, ""lower_is_better"": false, ""is_percent"": true}]}"
2026-07-26T05:36:16.130591Z,serve,Serve,11,Barbora Krejcikova,318314,https://www.wtatennis.com/players/318314/barbora-krejcikova,https://photoresources.wtatennis.com/wta/photo/2025/04/14/424125a1-68db-4a69-a07a-4f0b6c2fb2ec/Krejcikova-Torso_318314.png,61.8,Aces,106,Double Faults,111,1st Serve %,62.1%,1st Serve Points Won %,71.3%,2nd Serve Points Won %,45.8%,Break Points Saved %,64.8%,"{""category"": ""serve"", ""player_rank"": 26, ""match_count"": 23, ""formula"": ""normalized_score = Σ(metric_norm × weight)"", ""metrics"": [{""key"": ""Aces"", ""name"": ""Aces"", ""raw"": 106.0, ""raw_display"": ""106"", ""normalized"": 36.01, ""weight"": 0.16, ""weight_pct"": 16.0, ""min"": 3.0, ""max"": 289.0, ""lower_is_better"": false, ""is_percent"": false}, {""key"": ""Double_Faults"", ""name"": ""Double Faults"", ""raw"": 111.0, ""raw_display"": ""111"", ""normalized"": 58.17, ""weight"": 0.12, ""weight_pct"": 12.0, ""min"": 6.0, ""max"": 257.0, ""lower_is_better"": true, ""is_percent"": false}, {""key"": ""first_serve_percent"", ""name"": ""1st Serve %"", ""raw"": 62.1, ""raw_display"": ""62.1%"", ""normalized"": 33.58, ""weight"": 0.14, ""weight_pct"": 14.0, ""min"": 52.9, ""max"": 80.3, ""lower_is_better"": false, ""is_percent"": true}, {""key"": ""first_serve_won_percent"", ""name"": ""1st Serve Points Won %"", ""raw"": 71.3, ""raw_display"": ""71.3%"", ""normalized"": 89.73, ""weight"": 0.2, ""weight_pct"": 20.0, ""min"": 51.2, ""max"": 73.6, ""lower_is_better"": false, ""is_percent"": true}, {""key"": ""second_serve_won_percent"", ""name"": ""2nd Serve Points Won %"", ""raw"": 45.8, ""raw_display"": ""45.8%"", ""normalized"": 45.24, ""weight"": 0.2, ""weight_pct"": 20.0, ""min"": 34.4, ""max"": 59.6, ""lower_is_better"": false, ""is_percent"": true}, {""key"": ""breakpoint_saved_percent"", ""name"": ""Break Points Saved %"", ""raw"": 64.8, ""raw_display"": ""64.8%"", ""normalized"": 96.57, ""weight"": 0.18, ""weight_pct"": 18.0, ""min"": 33.8, ""max"": 65.9, ""lower_is_better"": false, ""is_percent"": true}]}"
2026-07-26T05:36:16.130591Z,serve,Serve,12,Diane Parry,327077,https://www.wtatennis.com/players/327077/diane-parry,https://photoresources.wtatennis.com/wta/photo/2025/06/12/ce5bd1a4-00bf-4dd3-92f7-e6b2611ae585/Parry-Torso_327077.png,60.8,Aces,74,Double Faults,43,1st Serve %,59.3%,1st Serve Points Won %,68.9%,2nd Serve Points Won %,48.2%,Break Points Saved %,63.4%,"{""category"": ""serve"", ""player_rank"": 61, ""match_count"": 17, ""formula"": ""normalized_score = Σ(metric_norm × weight)"", ""metrics"": [{""key"": ""Aces"", ""name"": ""Aces"", ""raw"": 74.0, ""raw_display"": ""74"", ""normalized"": 24.83, ""weight"": 0.16, ""weight_pct"": 16.0, ""min"": 3.0, ""max"": 289.0, ""lower_is_better"": false, ""is_percent"": false}, {""key"": ""Double_Faults"", ""name"": ""Double Faults"", ""raw"": 43.0, ""raw_display"": ""43"", ""normalized"": 85.26, ""weight"": 0.12, ""weight_pct"": 12.0, ""min"": 6.0, ""max"": 257.0, ""lower_is_better"": true, ""is_percent"": false}, {""key"": ""first_serve_percent"", ""name"": ""1st Serve %"", ""raw"": 59.3, ""raw_display"": ""59.3%"", ""normalized"": 23.36, ""weight"": 0.14, ""weight_pct"": 14.0, ""min"": 52.9, ""max"": 80.3, ""lower_is_better"": false, ""is_percent"": true}, {""key"": ""first_serve_won_percent"", ""name"": ""1st Serve Points Won %"", ""raw"": 68.9, ""raw_display"": ""68.9%"", ""normalized"": 79.02, ""weight"": 0.2, ""weight_pct"": 20.0, ""min"": 51.2, ""max"": 73.6, ""lower_is_better"": false, ""is_percent"": true}, {""key"": ""second_serve_won_percent"", ""name"": ""2nd Serve Points Won %"", ""raw"": 48.2, ""raw_display"": ""48.2%"", ""normalized"": 54.76, ""weight"": 0.2, ""weight_pct"": 20.0, ""min"": 34.4, ""max"": 59.6, ""lower_is_better"": false, ""is_percent"": true}, {""key"": ""breakpoint_saved_percent"", ""name"": ""Break Points Saved %"", ""raw"": 63.4, ""raw_display"": ""63.4%"", ""normalized"": 92.21, ""weight"": 0.18, ""weight_pct"": 18.0, ""min"": 33.8, ""max"": 65.9, ""lower_is_better"": false, ""is_percent"": true}]}"
2026-07-26T05:36:16.130591Z,serve,Serve,13,Taylor Townsend,318609,https://www.wtatennis.com/players/318609/taylor-townsend,https://photoresources.wtatennis.com/wta/photo/2025/04/16/f8ef509e-6e63-484e-b011-65517015933e/Townsend-Torso_318609.png,60.8,Aces,63,Double Faults,34,1st Serve %,67.1%,1st Serve Points Won %,65.9%,2nd Serve Points Won %,48.9%,Break Points Saved %,60.3%,"{""category"": ""serve"", ""player_rank"": 83, ""match_count"": 16, ""formula"": ""normalized_score = Σ(metric_norm × weight)"", ""metrics"": [{""key"": ""Aces"", ""name"": ""Aces"", ""raw"": 63.0, ""raw_display"": ""63"", ""normalized"": 20.98, ""weight"": 0.16, ""weight_pct"": 16.0, ""min"": 3.0, ""max"": 289.0, ""lower_is_better"": false, ""is_percent"": false}, {""key"": ""Double_Faults"", ""name"": ""Double Faults"", ""raw"": 34.0, ""raw_display"": ""34"", ""normalized"": 88.84, ""weight"": 0.12, ""weight_pct"": 12.0, ""min"": 6.0, ""max"": 257.0, ""lower_is_better"": true, ""is_percent"": false}, {""key"": ""first_serve_percent"", ""name"": ""1st Serve %"", ""raw"": 67.1, ""raw_display"": ""67.1%"", ""normalized"": 51.82, ""weight"": 0.14, ""weight_pct"": 14.0, ""min"": 52.9, ""max"": 80.3, ""lower_is_better"": false, ""is_percent"": true}, {""key"": ""first_serve_won_percent"", ""name"": ""1st Serve Points Won %"", ""raw"": 65.9, ""raw_display"": ""65.9%"", ""normalized"": 65.63, ""weight"": 0.2, ""weight_pct"": 20.0, ""min"": 51.2, ""max"": 73.6, ""lower_is_better"": false, ""is_percent"": true}, {""key"": ""second_serve_won_percent"", ""name"": ""2nd Serve Points Won %"", ""raw"": 48.9, ""raw_display"": ""48.9%"", ""normalized"": 57.54, ""weight"": 0.2, ""weight_pct"": 20.0, ""min"": 34.4, ""max"": 59.6, ""lower_is_better"": false, ""is_percent"": true}, {""key"": ""breakpoint_saved_percent"", ""name"": ""Break Points Saved %"", ""raw"": 60.3, ""raw_display"": ""60.3%"", ""normalized"": 82.55, ""weight"": 0.18, ""weight_pct"": 18.0, ""min"": 33.8, ""max"": 65.9, ""lower_is_better"": false, ""is_percent"": true}]}"
2026-07-26T05:36:16.130591Z,serve,Serve,14,Elina Svitolina,316738,https://www.wtatennis.com/players/316738/elina-svitolina,https://photoresources.wtatennis.com/wta/photo/2025/03/10/b58d38b6-ab58-4061-b189-19cbcdd4e53e/Svitolina-Torso_316738.png,60.4,Aces,160,Double Faults,133,1st Serve %,60.8%,1st Serve Points Won %,67.3%,2nd Serve Points Won %,47.8%,Break Points Saved %,63.5%,"{""category"": ""serve"", ""player_rank"": 10, ""match_count"": 45, ""formula"": ""normalized_score = Σ(metric_norm × weight)"", ""metrics"": [{""key"": ""Aces"", ""name"": ""Aces"", ""raw"": 160.0, ""raw_display"": ""160"", ""normalized"": 54.9, ""weight"": 0.16, ""weight_pct"": 16.0, ""min"": 3.0, ""max"": 289.0, ""lower_is_better"": false, ""is_percent"": false}, {""key"": ""Double_Faults"", ""name"": ""Double Faults"", ""raw"": 133.0, ""raw_display"": ""133"", ""normalized"": 49.4, ""weight"": 0.12, ""weight_pct"": 12.0, ""min"": 6.0, ""max"": 257.0, ""lower_is_better"": true, ""is_percent"": false}, {""key"": ""first_serve_percent"", ""name"": ""1st Serve %"", ""raw"": 60.8, ""raw_display"": ""60.8%"", ""normalized"": 28.83, ""weight"": 0.14, ""weight_pct"": 14.0, ""min"": 52.9, ""max"": 80.3, ""lower_is_better"": false, ""is_percent"": true}, {""key"": ""first_serve_won_percent"", ""name"": ""1st Serve Points Won %"", ""raw"": 67.3, ""raw_display"": ""67.3%"", ""normalized"": 71.88, ""weight"": 0.2, ""weight_pct"": 20.0, ""min"": 51.2, ""max"": 73.6, ""lower_is_better"": false, ""is_percent"": true}, {""key"": ""second_serve_won_percent"", ""name"": ""2nd Serve Points Won %"", ""raw"": 47.8, ""raw_display"": ""47.8%"", ""normalized"": 53.17, ""weight"": 0.2, ""weight_pct"": 20.0, ""min"": 34.4, ""max"": 59.6, ""lower_is_better"": false, ""is_percent"": true}, {""key"": ""breakpoint_saved_percent"", ""name"": ""Break Points Saved %"", ""raw"": 63.5, ""raw_display"": ""63.5%"", ""normalized"": 92.52, ""weight"": 0.18, ""weight_pct"": 18.0, ""min"": 33.8, ""max"": 65.9, ""lower_is_better"": false, ""is_percent"": true}]}"
2026-07-26T05:36:16.130591Z,serve,Serve,15,Hailey Baptiste,327101,https://www.wtatennis.com/players/327101/hailey-baptiste,https://photoresources.wtatennis.com/wta/photo/2025/05/08/bca4c48d-f90b-4827-a9ea-7fe931d64f95/Baptiste-Torso_327101.png,60.4,Aces,148,Double Faults,111,1st Serve %,58.1%,1st Serve Points Won %,67.9%,2nd Serve Points Won %,51.3%,Break Points Saved %,59.4%,"{""category"": ""serve"", ""player_rank"": 34, ""match_count"": 29, ""formula"": ""normalized_score = Σ(metric_norm × weight)"", ""metrics"": [{""key"": ""Aces"", ""name"": ""Aces"", ""raw"": 148.0, ""raw_display"": ""148"", ""normalized"": 50.7, ""weight"": 0.16, ""weight_pct"": 16.0, ""min"": 3.0, ""max"": 289.0, ""lower_is_better"": false, ""is_percent"": false}, {""key"": ""Double_Faults"", ""name"": ""Double Faults"", ""raw"": 111.0, ""raw_display"": ""111"", ""normalized"": 58.17, ""weight"": 0.12, ""weight_pct"": 12.0, ""min"": 6.0, ""max"": 257.0, ""lower_is_better"": true, ""is_percent"": false}, {""key"": ""first_serve_percent"", ""name"": ""1st Serve %"", ""raw"": 58.1, ""raw_display"": ""58.1%"", ""normalized"": 18.98, ""weight"": 0.14, ""weight_pct"": 14.0, ""min"": 52.9, ""max"": 80.3, ""lower_is_better"": false, ""is_percent"": true}, {""key"": ""first_serve_won_percent"", ""name"": ""1st Serve Points Won %"", ""raw"": 67.9, ""raw_display"": ""67.9%"", ""normalized"": 74.55, ""weight"": 0.2, ""weight_pct"": 20.0, ""min"": 51.2, ""max"": 73.6, ""lower_is_better"": false, ""is_percent"": true}, {""key"": ""second_serve_won_percent"", ""name"": ""2nd Serve Points Won %"", ""raw"": 51.3, ""raw_display"": ""51.3%"", ""normalized"": 67.06, ""weight"": 0.2, ""weight_pct"": 20.0, ""min"": 34.4, ""max"": 59.6, ""lower_is_better"": false, ""is_percent"": true}, {""key"": ""breakpoint_saved_percent"", ""name"": ""Break Points Saved %"", ""raw"": 59.4, ""raw_display"": ""59.4%"", ""normalized"": 79.75, ""weight"": 0.18, ""weight_pct"": 18.0, ""min"": 33.8, ""max"": 65.9, ""lower_is_better"": false, ""is_percent"": true}]}"
2026-07-26T05:36:16.130591Z,serve,Serve,16,Anna Bondar,322942,https://www.wtatennis.com/players/322942/anna-bondar,https://photoresources.wtatennis.com/wta/photo/2023/06/02/03c255e6-30af-4f7c-b20d-a4984ae8433f/Bondar-Torso_322942.png,59.1,Aces,133,Double Faults,69,1st Serve %,62.5%,1st Serve Points Won %,63.9%,2nd Serve Points Won %,48.3%,Break Points Saved %,61.6%,"{""category"": ""serve"", ""player_rank"": 97, ""match_count"": 32, ""formula"": ""normalized_score = Σ(metric_norm × weight)"", ""metrics"": [{""key"": ""Aces"", ""name"": ""Aces"", ""raw"": 133.0, ""raw_display"": ""133"", ""normalized"": 45.45, ""weight"": 0.16, ""weight_pct"": 16.0, ""min"": 3.0, ""max"": 289.0, ""lower_is_better"": false, ""is_percent"": false}, {""key"": ""Double_Faults"", ""name"": ""Double Faults"", ""raw"": 69.0, ""raw_display"": ""69"", ""normalized"": 74.9, ""weight"": 0.12, ""weight_pct"": 12.0, ""min"": 6.0, ""max"": 257.0, ""lower_is_better"": true, ""is_percent"": false}, {""key"": ""first_serve_percent"", ""name"": ""1st Serve %"", ""raw"": 62.5, ""raw_display"": ""62.5%"", ""normalized"": 35.04, ""weight"": 0.14, ""weight_pct"": 14.0, ""min"": 52.9, ""max"": 80.3, ""lower_is_better"": false, ""is_percent"": true}, {""key"": ""first_serve_won_percent"", ""name"": ""1st Serve Points Won %"", ""raw"": 63.9, ""raw_display"": ""63.9%"", ""normalized"": 56.7, ""weight"": 0.2, ""weight_pct"": 20.0, ""min"": 51.2, ""max"": 73.6, ""lower_is_better"": false, ""is_percent"": true}, {""key"": ""second_serve_won_percent"", ""name"": ""2nd Serve Points Won %"", ""raw"": 48.3, ""raw_display"": ""48.3%"", ""normalized"": 55.16, ""weight"": 0.2, ""weight_pct"": 20.0, ""min"": 34.4, ""max"": 59.6, ""lower_is_better"": false, ""is_percent"": true}, {""key"": ""breakpoint_saved_percent"", ""name"": ""Break Points Saved %"", ""raw"": 61.6, ""raw_display"": ""61.6%"", ""normalized"": 86.6, ""weight"": 0.18, ""weight_pct"": 18.0, ""min"": 33.8, ""max"": 65.9, ""lower_is_better"": false, ""is_percent"": true}]}"
2026-07-26T05:36:16.130591Z,serve,Serve,17,Marta Kostyuk,326482,https://www.wtatennis.com/players/326482/marta-kostyuk,https://photoresources.wtatennis.com/wta/photo/2025/03/10/bec7a585-227e-4d63-871b-bee318d3464d/Kostyuk-Torso_326482.png,59.0,Aces,114,Double Faults,132,1st Serve %,58.2%,1st Serve Points Won %,70.7%,2nd Serve Points Won %,48.5%,Break Points Saved %,61.5%,"{""category"": ""serve"", ""player_rank"": 11, ""match_count"": 33, ""formula"": ""normalized_score = Σ(metric_norm × weight)"", ""metrics"": [{""key"": ""Aces"", ""name"": ""Aces"", ""raw"": 114.0, ""raw_display"": ""114"", ""normalized"": 38.81, ""weight"": 0.16, ""weight_pct"": 16.0, ""min"": 3.0, ""max"": 289.0, ""lower_is_better"": false, ""is_percent"": false}, {""key"": ""Double_Faults"", ""name"": ""Double Faults"", ""raw"": 132.0, ""raw_display"": ""132"", ""normalized"": 49.8, ""weight"": 0.12, ""weight_pct"": 12.0, ""min"": 6.0, ""max"": 257.0, ""lower_is_better"": true, ""is_percent"": false}, {""key"": ""first_serve_percent"", ""name"": ""1st Serve %"", ""raw"": 58.2, ""raw_display"": ""58.2%"", ""normalized"": 19.34, ""weight"": 0.14, ""weight_pct"": 14.0, ""min"": 52.9, ""max"": 80.3, ""lower_is_better"": false, ""is_percent"": true}, {""key"": ""first_serve_won_percent"", ""name"": ""1st Serve Points Won %"", ""raw"": 70.7, ""raw_display"": ""70.7%"", ""normalized"": 87.05, ""weight"": 0.2, ""weight_pct"": 20.0, ""min"": 51.2, ""max"": 73.6, ""lower_is_better"": false, ""is_percent"": true}, {""key"": ""second_serve_won_percent"", ""name"": ""2nd Serve Points Won %"", ""raw"": 48.5, ""raw_display"": ""48.5%"", ""normalized"": 55.95, ""weight"": 0.2, ""weight_pct"": 20.0, ""min"": 34.4, ""max"": 59.6, ""lower_is_better"": false, ""is_percent"": true}, {""key"": ""breakpoint_saved_percent"", ""name"": ""Break Points Saved %"", ""raw"": 61.5, ""raw_display"": ""61.5%"", ""normalized"": 86.29, ""weight"": 0.18, ""weight_pct"": 18.0, ""min"": 33.8, ""max"": 65.9, ""lower_is_better"": false, ""is_percent"": true}]}"
2026-07-26T05:36:16.130591Z,serve,Serve,18,Mirra Andreeva,331809,https://www.wtatennis.com/players/331809/mirra-andreeva,https://photoresources.wtatennis.com/wta/photo/2025/03/10/dcaa6b5a-844c-4994-9e38-980977898290/Andreeva-Torso_331809.png,58.9,Aces,149,Double Faults,175,1st Serve %,64.1%,1st Serve Points Won %,67.5%,2nd Serve Points Won %,48.4%,Break Points Saved %,61.3%,"{""category"": ""serve"", ""player_rank"": 5, ""match_count"": 48, ""formula"": ""normalized_score = Σ(metric_norm × weight)"", ""metrics"": [{""key"": ""Aces"", ""name"": ""Aces"", ""raw"": 149.0, ""raw_display"": ""149"", ""normalized"": 51.05, ""weight"": 0.16, ""weight_pct"": 16.0, ""min"": 3.0, ""max"": 289.0, ""lower_is_better"": false, ""is_percent"": false}, {""key"": ""Double_Faults"", ""name"": ""Double Faults"", ""raw"": 175.0, ""raw_display"": ""175"", ""normalized"": 32.67, ""weight"": 0.12, ""weight_pct"": 12.0, ""min"": 6.0, ""max"": 257.0, ""lower_is_better"": true, ""is_percent"": false}, {""key"": ""first_serve_percent"", ""name"": ""1st Serve %"", ""raw"": 64.1, ""raw_display"": ""64.1%"", ""normalized"": 40.88, ""weight"": 0.14, ""weight_pct"": 14.0, ""min"": 52.9, ""max"": 80.3, ""lower_is_better"": false, ""is_percent"": true}, {""key"": ""first_serve_won_percent"", ""name"": ""1st Serve Points Won %"", ""raw"": 67.5, ""raw_display"": ""67.5%"", ""normalized"": 72.77, ""weight"": 0.2, ""weight_pct"": 20.0, ""min"": 51.2, ""max"": 73.6, ""lower_is_better"": false, ""is_percent"": true}, {""key"": ""second_serve_won_percent"", ""name"": ""2nd Serve Points Won %"", ""raw"": 48.4, ""raw_display"": ""48.4%"", ""normalized"": 55.56, ""weight"": 0.2, ""weight_pct"": 20.0, ""min"": 34.4, ""max"": 59.6, ""lower_is_better"": false, ""is_percent"": true}, {""key"": ""breakpoint_saved_percent"", ""name"": ""Break Points Saved %"", ""raw"": 61.3, ""raw_display"": ""61.3%"", ""normalized"": 85.67, ""weight"": 0.18, ""weight_pct"": 18.0, ""min"": 33.8, ""max"": 65.9, ""lower_is_better"": false, ""is_percent"": true}]}"
2026-07-26T05:36:16.130591Z,serve,Serve,19,Ann Li,326096,https://www.wtatennis.com/players/326096/ann-li,https://photoresources.wtatennis.com/wta/photo/2025/04/16/98b4db66-f66e-4853-9272-aa6eb159f8ea/Li-Torso_326096.png,58.9,Aces,185,Double Faults,84,1st Serve %,60.2%,1st Serve Points Won %,67.8%,2nd Serve Points Won %,44.3%,Break Points Saved %,58.9%,"{""category"": ""serve"", ""player_rank"": 32, ""match_count"": 35, ""formula"": ""normalized_score = Σ(metric_norm × weight)"", ""metrics"": [{""key"": ""Aces"", ""name"": ""Aces"", ""raw"": 185.0, ""raw_display"": ""185"", ""normalized"": 63.64, ""weight"": 0.16, ""weight_pct"": 16.0, ""min"": 3.0, ""max"": 289.0, ""lower_is_better"": false, ""is_percent"": false}, {""key"": ""Double_Faults"", ""name"": ""Double Faults"", ""raw"": 84.0, ""raw_display"": ""84"", ""normalized"": 68.92, ""weight"": 0.12, ""weight_pct"": 12.0, ""min"": 6.0, ""max"": 257.0, ""lower_is_better"": true, ""is_percent"": false}, {""key"": ""first_serve_percent"", ""name"": ""1st Serve %"", ""raw"": 60.2, ""raw_display"": ""60.2%"", ""normalized"": 26.64, ""weight"": 0.14, ""weight_pct"": 14.0, ""min"": 52.9, ""max"": 80.3, ""lower_is_better"": false, ""is_percent"": true}, {""key"": ""first_serve_won_percent"", ""name"": ""1st Serve Points Won %"", ""raw"": 67.8, ""raw_display"": ""67.8%"", ""normalized"": 74.11, ""weight"": 0.2, ""weight_pct"": 20.0, ""min"": 51.2, ""max"": 73.6, ""lower_is_better"": false, ""is_percent"": true}, {""key"": ""second_serve_won_percent"", ""name"": ""2nd Serve Points Won %"", ""raw"": 44.3, ""raw_display"": ""44.3%"", ""normalized"": 39.29, ""weight"": 0.2, ""weight_pct"": 20.0, ""min"": 34.4, ""max"": 59.6, ""lower_is_better"": false, ""is_percent"": true}, {""key"": ""breakpoint_saved_percent"", ""name"": ""Break Points Saved %"", ""raw"": 58.9, ""raw_display"": ""58.9%"", ""normalized"": 78.19, ""weight"": 0.18, ""weight_pct"": 18.0, ""min"": 33.8, ""max"": 65.9, ""lower_is_better"": false, ""is_percent"": true}]}"
2026-07-26T05:36:16.130591Z,serve,Serve,20,Sonay Kartal,329918,https://www.wtatennis.com/players/329918/sonay-kartal,https://photoresources.wtatennis.com/wta/photo/2025/03/10/ac7b0888-e27b-4451-bf03-b07c293a1d58/Kartal-Torso_329918.png,58.3,Aces,26,Double Faults,10,1st Serve %,65.8%,1st Serve Points Won %,65.5%,2nd Serve Points Won %,54.2%,Break Points Saved %,51.9%,"{""category"": ""serve"", ""player_rank"": 122, ""match_count"": 12, ""formula"": ""normalized_score = Σ(metric_norm × weight)"", ""metrics"": [{""key"": ""Aces"", ""name"": ""Aces"", ""raw"": 26.0, ""raw_display"": ""26"", ""normalized"": 8.04, ""weight"": 0.16, ""weight_pct"": 16.0, ""min"": 3.0, ""max"": 289.0, ""lower_is_better"": false, ""is_percent"": false}, {""key"": ""Double_Faults"", ""name"": ""Double Faults"", ""raw"": 10.0, ""raw_display"": ""10"", ""normalized"": 98.41, ""weight"": 0.12, ""weight_pct"": 12.0, ""min"": 6.0, ""max"": 257.0, ""lower_is_better"": true, ""is_percent"": false}, {""key"": ""first_serve_percent"", ""name"": ""1st Serve %"", ""raw"": 65.8, ""raw_display"": ""65.8%"", ""normalized"": 47.08, ""weight"": 0.14, ""weight_pct"": 14.0, ""min"": 52.9, ""max"": 80.3, ""lower_is_better"": false, ""is_percent"": true}, {""key"": ""first_serve_won_percent"", ""name"": ""1st Serve Points Won %"", ""raw"": 65.5, ""raw_display"": ""65.5%"", ""normalized"": 63.84, ""weight"": 0.2, ""weight_pct"": 20.0, ""min"": 51.2, ""max"": 73.6, ""lower_is_better"": false, ""is_percent"": true}, {""key"": ""second_serve_won_percent"", ""name"": ""2nd Serve Points Won %"", ""raw"": 54.2, ""raw_display"": ""54.2%"", ""normalized"": 78.57, ""weight"": 0.2, ""weight_pct"": 20.0, ""min"": 34.4, ""max"": 59.6, ""lower_is_better"": false, ""is_percent"": true}, {""key"": ""breakpoint_saved_percent"", ""name"": ""Break Points Saved %"", ""raw"": 51.9, ""raw_display"": ""51.9%"", ""normalized"": 56.39, ""weight"": 0.18, ""weight_pct"": 18.0, ""min"": 33.8, ""max"": 65.9, ""lower_is_better"": false, ""is_percent"": true}]}"
2026-07-26T05:36:16.130591Z,serve,Serve,21,Maria Sakkari,318312,https://www.wtatennis.com/players/318312/maria-sakkari,https://photoresources.wtatennis.com/wta/photo/2025/03/10/15e6a0c2-8366-4c35-a12f-f6a37a3bde35/Sakkari-Torso_318312.png,58.1,Aces,86,Double Faults,62,1st Serve %,64.1%,1st Serve Points Won %,64.4%,2nd Serve Points Won %,49.9%,Break Points Saved %,59.3%,"{""category"": ""serve"", ""player_rank"": 33, ""match_count"": 32, ""formula"": ""normalized_score = Σ(metric_norm × weight)"", ""metrics"": [{""key"": ""Aces"", ""name"": ""Aces"", ""raw"": 86.0, ""raw_display"": ""86"", ""normalized"": 29.02, ""weight"": 0.16, ""weight_pct"": 16.0, ""min"": 3.0, ""max"": 289.0, ""lower_is_better"": false, ""is_percent"": false}, {""key"": ""Double_Faults"", ""name"": ""Double Faults"", ""raw"": 62.0, ""raw_display"": ""62"", ""normalized"": 77.69, ""weight"": 0.12, ""weight_pct"": 12.0, ""min"": 6.0, ""max"": 257.0, ""lower_is_better"": true, ""is_percent"": false}, {""key"": ""first_serve_percent"", ""name"": ""1st Serve %"", ""raw"": 64.1, ""raw_display"": ""64.1%"", ""normalized"": 40.88, ""weight"": 0.14, ""weight_pct"": 14.0, ""min"": 52.9, ""max"": 80.3, ""lower_is_better"": false, ""is_percent"": true}, {""key"": ""first_serve_won_percent"", ""name"": ""1st Serve Points Won %"", ""raw"": 64.4, ""raw_display"": ""64.4%"", ""normalized"": 58.93, ""weight"": 0.2, ""weight_pct"": 20.0, ""min"": 51.2, ""max"": 73.6, ""lower_is_better"": false, ""is_percent"": true}, {""key"": ""second_serve_won_percent"", ""name"": ""2nd Serve Points Won %"", ""raw"": 49.9, ""raw_display"": ""49.9%"", ""normalized"": 61.51, ""weight"": 0.2, ""weight_pct"": 20.0, ""min"": 34.4, ""max"": 59.6, ""lower_is_better"": false, ""is_percent"": true}, {""key"": ""breakpoint_saved_percent"", ""name"": ""Break Points Saved %"", ""raw"": 59.3, ""raw_display"": ""59.3%"", ""normalized"": 79.44, ""weight"": 0.18, ""weight_pct"": 18.0, ""min"": 33.8, ""max"": 65.9, ""lower_is_better"": false, ""is_percent"": true}]}"
2026-07-26T05:36:16.130591Z,serve,Serve,22,Clara Tauson,327793,https://www.wtatennis.com/players/327793/clara-tauson,https://photoresources.wtatennis.com/wta/photo/2025/03/10/ce8eb466-c007-471c-9943-0f62f924c994/Tauson-Torso_327793.png,57.9,Aces,176,Double Faults,91,1st Serve %,62.6%,1st Serve Points Won %,69.1%,2nd Serve Points Won %,43.4%,Break Points Saved %,55.6%,"{""category"": ""serve"", ""player_rank"": 30, ""match_count"": 29, ""formula"": ""normalized_score = Σ(metric_norm × weight)"", ""metrics"": [{""key"": ""Aces"", ""name"": ""Aces"", ""raw"": 176.0, ""raw_display"": ""176"", ""normalized"": 60.49, ""weight"": 0.16, ""weight_pct"": 16.0, ""min"": 3.0, ""max"": 289.0, ""lower_is_better"": false, ""is_percent"": false}, {""key"": ""Double_Faults"", ""name"": ""Double Faults"", ""raw"": 91.0, ""raw_display"": ""91"", ""normalized"": 66.14, ""weight"": 0.12, ""weight_pct"": 12.0, ""min"": 6.0, ""max"": 257.0, ""lower_is_better"": true, ""is_percent"": false}, {""key"": ""first_serve_percent"", ""name"": ""1st Serve %"", ""raw"": 62.6, ""raw_display"": ""62.6%"", ""normalized"": 35.4, ""weight"": 0.14, ""weight_pct"": 14.0, ""min"": 52.9, ""max"": 80.3, ""lower_is_better"": false, ""is_percent"": true}, {""key"": ""first_serve_won_percent"", ""name"": ""1st Serve Points Won %"", ""raw"": 69.1, ""raw_display"": ""69.1%"", ""normalized"": 79.91, ""weight"": 0.2, ""weight_pct"": 20.0, ""min"": 51.2, ""max"": 73.6, ""lower_is_better"": false, ""is_percent"": true}, {""key"": ""second_serve_won_percent"", ""name"": ""2nd Serve Points Won %"", ""raw"": 43.4, ""raw_display"": ""43.4%"", ""normalized"": 35.71, ""weight"": 0.2, ""weight_pct"": 20.0, ""min"": 34.4, ""max"": 59.6, ""lower_is_better"": false, ""is_percent"": true}, {""key"": ""breakpoint_saved_percent"", ""name"": ""Break Points Saved %"", ""raw"": 55.6, ""raw_display"": ""55.6%"", ""normalized"": 67.91, ""weight"": 0.18, ""weight_pct"": 18.0, ""min"": 33.8, ""max"": 65.9, ""lower_is_better"": false, ""is_percent"": true}]}"
2026-07-26T05:36:16.130591Z,serve,Serve,23,Elise Mertens,317964,https://www.wtatennis.com/players/317964/elise-mertens,https://photoresources.wtatennis.com/wta/photo/2025/06/20/2f3e5e2d-297a-4467-983c-ff89c75af905/Mertens-Torso_317964.png,57.1,Aces,157,Double Faults,146,1st Serve %,59.0%,1st Serve Points Won %,70.5%,2nd Serve Points Won %,46.2%,Break Points Saved %,57.8%,"{""category"": ""serve"", ""player_rank"": 24, ""match_count"": 37, ""formula"": ""normalized_score = Σ(metric_norm × weight)"", ""metrics"": [{""key"": ""Aces"", ""name"": ""Aces"", ""raw"": 157.0, ""raw_display"": ""157"", ""normalized"": 53.85, ""weight"": 0.16, ""weight_pct"": 16.0, ""min"": 3.0, ""max"": 289.0, ""lower_is_better"": false, ""is_percent"": false}, {""key"": ""Double_Faults"", ""name"": ""Double Faults"", ""raw"": 146.0, ""raw_display"": ""146"", ""normalized"": 44.22, ""weight"": 0.12, ""weight_pct"": 12.0, ""min"": 6.0, ""max"": 257.0, ""lower_is_better"": true, ""is_percent"": false}, {""key"": ""first_serve_percent"", ""name"": ""1st Serve %"", ""raw"": 59.0, ""raw_display"": ""59.0%"", ""normalized"": 22.26, ""weight"": 0.14, ""weight_pct"": 14.0, ""min"": 52.9, ""max"": 80.3, ""lower_is_better"": false, ""is_percent"": true}, {""key"": ""first_serve_won_percent"", ""name"": ""1st Serve Points Won %"", ""raw"": 70.5, ""raw_display"": ""70.5%"", ""normalized"": 86.16, ""weight"": 0.2, ""weight_pct"": 20.0, ""min"": 51.2, ""max"": 73.6, ""lower_is_better"": false, ""is_percent"": true}, {""key"": ""second_serve_won_percent"", ""name"": ""2nd Serve Points Won %"", ""raw"": 46.2, ""raw_display"": ""46.2%"", ""normalized"": 46.83, ""weight"": 0.2, ""weight_pct"": 20.0, ""min"": 34.4, ""max"": 59.6, ""lower_is_better"": false, ""is_percent"": true}, {""key"": ""breakpoint_saved_percent"", ""name"": ""Break Points Saved %"", ""raw"": 57.8, ""raw_display"": ""57.8%"", ""normalized"": 74.77, ""weight"": 0.18, ""weight_pct"": 18.0, ""min"": 33.8, ""max"": 65.9, ""lower_is_better"": false, ""is_percent"": true}]}"
2026-07-26T05:36:16.130591Z,serve,Serve,24,Belinda Bencic,319001,https://www.wtatennis.com/players/319001/belinda-bencic,https://photoresources.wtatennis.com/wta/photo/2025/03/10/5148518c-34b9-45d0-a2bb-47a57c41f84e/Bencic-Torso_319001.png,56.7,Aces,58,Double Faults,96,1st Serve %,66.2%,1st Serve Points Won %,67.9%,2nd Serve Points Won %,47.8%,Break Points Saved %,58.0%,"{""category"": ""serve"", ""player_rank"": 14, ""match_count"": 32, ""formula"": ""normalized_score = Σ(metric_norm × weight)"", ""metrics"": [{""key"": ""Aces"", ""name"": ""Aces"", ""raw"": 58.0, ""raw_display"": ""58"", ""normalized"": 19.23, ""weight"": 0.16, ""weight_pct"": 16.0, ""min"": 3.0, ""max"": 289.0, ""lower_is_better"": false, ""is_percent"": false}, {""key"": ""Double_Faults"", ""name"": ""Double Faults"", ""raw"": 96.0, ""raw_display"": ""96"", ""normalized"": 64.14, ""weight"": 0.12, ""weight_pct"": 12.0, ""min"": 6.0, ""max"": 257.0, ""lower_is_better"": true, ""is_percent"": false}, {""key"": ""first_serve_percent"", ""name"": ""1st Serve %"", ""raw"": 66.2, ""raw_display"": ""66.2%"", ""normalized"": 48.54, ""weight"": 0.14, ""weight_pct"": 14.0, ""min"": 52.9, ""max"": 80.3, ""lower_is_better"": false, ""is_percent"": true}, {""key"": ""first_serve_won_percent"", ""name"": ""1st Serve Points Won %"", ""raw"": 67.9, ""raw_display"": ""67.9%"", ""normalized"": 74.55, ""weight"": 0.2, ""weight_pct"": 20.0, ""min"": 51.2, ""max"": 73.6, ""lower_is_better"": false, ""is_percent"": true}, {""key"": ""second_serve_won_percent"", ""name"": ""2nd Serve Points Won %"", ""raw"": 47.8, ""raw_display"": ""47.8%"", ""normalized"": 53.17, ""weight"": 0.2, ""weight_pct"": 20.0, ""min"": 34.4, ""max"": 59.6, ""lower_is_better"": false, ""is_percent"": true}, {""key"": ""breakpoint_saved_percent"", ""name"": ""Break Points Saved %"", ""raw"": 58.0, ""raw_display"": ""58.0%"", ""normalized"": 75.39, ""weight"": 0.18, ""weight_pct"": 18.0, ""min"": 33.8, ""max"": 65.9, ""lower_is_better"": false, ""is_percent"": true}]}"
2026-07-26T05:36:16.130591Z,serve,Serve,25,Victoria Mboko,331006,https://www.wtatennis.com/players/331006/victoria-mboko,https://photoresources.wtatennis.com/wta/photo/2025/08/05/1d09b84e-0f3c-4413-b460-67f269a9cf35/Mboko-Torso_331006.png,56.5,Aces,157,Double Faults,152,1st Serve %,65.7%,1st Serve Points Won %,66.7%,2nd Serve Points Won %,48.1%,Break Points Saved %,54.5%,"{""category"": ""serve"", ""player_rank"": 12, ""match_count"": 34, ""formula"": ""normalized_score = Σ(metric_norm × weight)"", ""metrics"": [{""key"": ""Aces"", ""name"": ""Aces"", ""raw"": 157.0, ""raw_display"": ""157"", ""normalized"": 53.85, ""weight"": 0.16, ""weight_pct"": 16.0, ""min"": 3.0, ""max"": 289.0, ""lower_is_better"": false, ""is_percent"": false}, {""key"": ""Double_Faults"", ""name"": ""Double Faults"", ""raw"": 152.0, ""raw_display"": ""152"", ""normalized"": 41.83, ""weight"": 0.12, ""weight_pct"": 12.0, ""min"": 6.0, ""max"": 257.0, ""lower_is_better"": true, ""is_percent"": false}, {""key"": ""first_serve_percent"", ""name"": ""1st Serve %"", ""raw"": 65.7, ""raw_display"": ""65.7%"", ""normalized"": 46.72, ""weight"": 0.14, ""weight_pct"": 14.0, ""min"": 52.9, ""max"": 80.3, ""lower_is_better"": false, ""is_percent"": true}, {""key"": ""first_serve_won_percent"", ""name"": ""1st Serve Points Won %"", ""raw"": 66.7, ""raw_display"": ""66.7%"", ""normalized"": 69.2, ""weight"": 0.2, ""weight_pct"": 20.0, ""min"": 51.2, ""max"": 73.6, ""lower_is_better"": false, ""is_percent"": true}, {""key"": ""second_serve_won_percent"", ""name"": ""2nd Serve Points Won %"", ""raw"": 48.1, ""raw_display"": ""48.1%"", ""normalized"": 54.37, ""weight"": 0.2, ""weight_pct"": 20.0, ""min"": 34.4, ""max"": 59.6, ""lower_is_better"": false, ""is_percent"": true}, {""key"": ""breakpoint_saved_percent"", ""name"": ""Break Points Saved %"", ""raw"": 54.5, ""raw_display"": ""54.5%"", ""normalized"": 64.49, ""weight"": 0.18, ""weight_pct"": 18.0, ""min"": 33.8, ""max"": 65.9, ""lower_is_better"": false, ""is_percent"": true}]}"
2026-07-26T05:36:16.130591Z,serve,Serve,26,Amanda Anisimova,326384,https://www.wtatennis.com/players/326384/amanda-anisimova,https://photoresources.wtatennis.com/wta/photo/2025/10/02/3992d32f-a1f8-465d-a1f5-e3620d72d00e/Anisimova-Torso_326384.png,54.7,Aces,90,Double Faults,102,1st Serve %,65.3%,1st Serve Points Won %,66.4%,2nd Serve Points Won %,47.5%,Break Points Saved %,55.5%,"{""category"": ""serve"", ""player_rank"": 9, ""match_count"": 25, ""formula"": ""normalized_score = Σ(metric_norm × weight)"", ""metrics"": [{""key"": ""Aces"", ""name"": ""Aces"", ""raw"": 90.0, ""raw_display"": ""90"", ""normalized"": 30.42, ""weight"": 0.16, ""weight_pct"": 16.0, ""min"": 3.0, ""max"": 289.0, ""lower_is_better"": false, ""is_percent"": false}, {""key"": ""Double_Faults"", ""name"": ""Double Faults"", ""raw"": 102.0, ""raw_display"": ""102"", ""normalized"": 61.75, ""weight"": 0.12, ""weight_pct"": 12.0, ""min"": 6.0, ""max"": 257.0, ""lower_is_better"": true, ""is_percent"": false}, {""key"": ""first_serve_percent"", ""name"": ""1st Serve %"", ""raw"": 65.3, ""raw_display"": ""65.3%"", ""normalized"": 45.26, ""weight"": 0.14, ""weight_pct"": 14.0, ""min"": 52.9, ""max"": 80.3, ""lower_is_better"": false, ""is_percent"": true}, {""key"": ""first_serve_won_percent"", ""name"": ""1st Serve Points Won %"", ""raw"": 66.4, ""raw_display"": ""66.4%"", ""normalized"": 67.86, ""weight"": 0.2, ""weight_pct"": 20.0, ""min"": 51.2, ""max"": 73.6, ""lower_is_better"": false, ""is_percent"": true}, {""key"": ""second_serve_won_percent"", ""name"": ""2nd Serve Points Won %"", ""raw"": 47.5, ""raw_display"": ""47.5%"", ""normalized"": 51.98, ""weight"": 0.2, ""weight_pct"": 20.0, ""min"": 34.4, ""max"": 59.6, ""lower_is_better"": false, ""is_percent"": true}, {""key"": ""breakpoint_saved_percent"", ""name"": ""Break Points Saved %"", ""raw"": 55.5, ""raw_display"": ""55.5%"", ""normalized"": 67.6, ""weight"": 0.18, ""weight_pct"": 18.0, ""min"": 33.8, ""max"": 65.9, ""lower_is_better"": false, ""is_percent"": true}]}"
2026-07-26T05:36:16.130591Z,serve,Serve,27,Iga Swiatek,326408,https://www.wtatennis.com/players/326408/iga-swiatek,https://photoresources.wtatennis.com/wta/photo/2025/04/14/86a49ba8-7183-44c4-afd1-a3cd35a9fa4f/Swiatek-Torso_326408.png,54.6,Aces,85,Double Faults,112,1st Serve %,63.4%,1st Serve Points Won %,66.8%,2nd Serve Points Won %,49.9%,Break Points Saved %,54.3%,"{""category"": ""serve"", ""player_rank"": 8, ""match_count"": 35, ""formula"": ""normalized_score = Σ(metric_norm × weight)"", ""metrics"": [{""key"": ""Aces"", ""name"": ""Aces"", ""raw"": 85.0, ""raw_display"": ""85"", ""normalized"": 28.67, ""weight"": 0.16, ""weight_pct"": 16.0, ""min"": 3.0, ""max"": 289.0, ""lower_is_better"": false, ""is_percent"": false}, {""key"": ""Double_Faults"", ""name"": ""Double Faults"", ""raw"": 112.0, ""raw_display"": ""112"", ""normalized"": 57.77, ""weight"": 0.12, ""weight_pct"": 12.0, ""min"": 6.0, ""max"": 257.0, ""lower_is_better"": true, ""is_percent"": false}, {""key"": ""first_serve_percent"", ""name"": ""1st Serve %"", ""raw"": 63.4, ""raw_display"": ""63.4%"", ""normalized"": 38.32, ""weight"": 0.14, ""weight_pct"": 14.0, ""min"": 52.9, ""max"": 80.3, ""lower_is_better"": false, ""is_percent"": true}, {""key"": ""first_serve_won_percent"", ""name"": ""1st Serve Points Won %"", ""raw"": 66.8, ""raw_display"": ""66.8%"", ""normalized"": 69.64, ""weight"": 0.2, ""weight_pct"": 20.0, ""min"": 51.2, ""max"": 73.6, ""lower_is_better"": false, ""is_percent"": true}, {""key"": ""second_serve_won_percent"", ""name"": ""2nd Serve Points Won %"", ""raw"": 49.9, ""raw_display"": ""49.9%"", ""normalized"": 61.51, ""weight"": 0.2, ""weight_pct"": 20.0, ""min"": 34.4, ""max"": 59.6, ""lower_is_better"": false, ""is_percent"": true}, {""key"": ""breakpoint_saved_percent"", ""name"": ""Break Points Saved %"", ""raw"": 54.3, ""raw_display"": ""54.3%"", ""normalized"": 63.86, ""weight"": 0.18, ""weight_pct"": 18.0, ""min"": 33.8, ""max"": 65.9, ""lower_is_better"": false, ""is_percent"": true}]}"
2026-07-26T05:36:16.130591Z,serve,Serve,28,Iva Jovic,332285,https://www.wtatennis.com/players/332285/iva-jovic,https://photoresources.wtatennis.com/wta/photo/2025/03/10/c5a7395c-c1eb-4a45-80fe-5539aa27c10e/Jovic-Torso_332285.png,54.2,Aces,94,Double Faults,101,1st Serve %,60.8%,1st Serve Points Won %,65.8%,2nd Serve Points Won %,49.6%,Break Points Saved %,56.1%,"{""category"": ""serve"", ""player_rank"": 16, ""match_count"": 43, ""formula"": ""normalized_score = Σ(metric_norm × weight)"", ""metrics"": [{""key"": ""Aces"", ""name"": ""Aces"", ""raw"": 94.0, ""raw_display"": ""94"", ""normalized"": 31.82, ""weight"": 0.16, ""weight_pct"": 16.0, ""min"": 3.0, ""max"": 289.0, ""lower_is_better"": false, ""is_percent"": false}, {""key"": ""Double_Faults"", ""name"": ""Double Faults"", ""raw"": 101.0, ""raw_display"": ""101"", ""normalized"": 62.15, ""weight"": 0.12, ""weight_pct"": 12.0, ""min"": 6.0, ""max"": 257.0, ""lower_is_better"": true, ""is_percent"": false}, {""key"": ""first_serve_percent"", ""name"": ""1st Serve %"", ""raw"": 60.8, ""raw_display"": ""60.8%"", ""normalized"": 28.83, ""weight"": 0.14, ""weight_pct"": 14.0, ""min"": 52.9, ""max"": 80.3, ""lower_is_better"": false, ""is_percent"": true}, {""key"": ""first_serve_won_percent"", ""name"": ""1st Serve Points Won %"", ""raw"": 65.8, ""raw_display"": ""65.8%"", ""normalized"": 65.18, ""weight"": 0.2, ""weight_pct"": 20.0, ""min"": 51.2, ""max"": 73.6, ""lower_is_better"": false, ""is_percent"": true}, {""key"": ""second_serve_won_percent"", ""name"": ""2nd Serve Points Won %"", ""raw"": 49.6, ""raw_display"": ""49.6%"", ""normalized"": 60.32, ""weight"": 0.2, ""weight_pct"": 20.0, ""min"": 34.4, ""max"": 59.6, ""lower_is_better"": false, ""is_percent"": true}, {""key"": ""breakpoint_saved_percent"", ""name"": ""Break Points Saved %"", ""raw"": 56.1, ""raw_display"": ""56.1%"", ""normalized"": 69.47, ""weight"": 0.18, ""weight_pct"": 18.0, ""min"": 33.8, ""max"": 65.9, ""lower_is_better"": false, ""is_percent"": true}]}"
2026-07-26T05:36:16.130591Z,serve,Serve,29,Leylah Fernandez,326735,https://www.wtatennis.com/players/326735/leylah-fernandez,https://photoresources.wtatennis.com/wta/photo/2026/01/06/1babb510-6139-4f76-921d-95670c886202/Fernandez-Torso_326735-WTA-Tennis.png,54.0,Aces,81,Double Faults,153,1st Serve %,61.7%,1st Serve Points Won %,65.2%,2nd Serve Points Won %,47.4%,Break Points Saved %,64.7%,"{""category"": ""serve"", ""player_rank"": 25, ""match_count"": 30, ""formula"": ""normalized_score = Σ(metric_norm × weight)"", ""metrics"": [{""key"": ""Aces"", ""name"": ""Aces"", ""raw"": 81.0, ""raw_display"": ""81"", ""normalized"": 27.27, ""weight"": 0.16, ""weight_pct"": 16.0, ""min"": 3.0, ""max"": 289.0, ""lower_is_better"": false, ""is_percent"": false}, {""key"": ""Double_Faults"", ""name"": ""Double Faults"", ""raw"": 153.0, ""raw_display"": ""153"", ""normalized"": 41.43, ""weight"": 0.12, ""weight_pct"": 12.0, ""min"": 6.0, ""max"": 257.0, ""lower_is_better"": true, ""is_percent"": false}, {""key"": ""first_serve_percent"", ""name"": ""1st Serve %"", ""raw"": 61.7, ""raw_display"": ""61.7%"", ""normalized"": 32.12, ""weight"": 0.14, ""weight_pct"": 14.0, ""min"": 52.9, ""max"": 80.3, ""lower_is_better"": false, ""is_percent"": true}, {""key"": ""first_serve_won_percent"", ""name"": ""1st Serve Points Won %"", ""raw"": 65.2, ""raw_display"": ""65.2%"", ""normalized"": 62.5, ""weight"": 0.2, ""weight_pct"": 20.0, ""min"": 51.2, ""max"": 73.6, ""lower_is_better"": false, ""is_percent"": true}, {""key"": ""second_serve_won_percent"", ""name"": ""2nd Serve Points Won %"", ""raw"": 47.4, ""raw_display"": ""47.4%"", ""normalized"": 51.59, ""weight"": 0.2, ""weight_pct"": 20.0, ""min"": 34.4, ""max"": 59.6, ""lower_is_better"": false, ""is_percent"": true}, {""key"": ""breakpoint_saved_percent"", ""name"": ""Break Points Saved %"", ""raw"": 64.7, ""raw_display"": ""64.7%"", ""normalized"": 96.26, ""weight"": 0.18, ""weight_pct"": 18.0, ""min"": 33.8, ""max"": 65.9, ""lower_is_better"": false, ""is_percent"": true}]}"
2026-07-26T05:36:16.130591Z,serve,Serve,30,Jasmine Paolini,319280,https://www.wtatennis.com/players/319280/jasmine-paolini,https://photoresources.wtatennis.com/wta/photo/2025/03/10/d1b8e1a1-8a44-47e2-baf6-f10b225b9374/Paolini-Torso_319280.png,53.7,Aces,49,Double Faults,52,1st Serve %,66.2%,1st Serve Points Won %,60.9%,2nd Serve Points Won %,48.2%,Break Points Saved %,60.4%,"{""category"": ""serve"", ""player_rank"": 15, ""match_count"": 28, ""formula"": ""normalized_score = Σ(metric_norm × weight)"", ""metrics"": [{""key"": ""Aces"", ""name"": ""Aces"", ""raw"": 49.0, ""raw_display"": ""49"", ""normalized"": 16.08, ""weight"": 0.16, ""weight_pct"": 16.0, ""min"": 3.0, ""max"": 289.0, ""lower_is_better"": false, ""is_percent"": false}, {""key"": ""Double_Faults"", ""name"": ""Double Faults"", ""raw"": 52.0, ""raw_display"": ""52"", ""normalized"": 81.67, ""weight"": 0.12, ""weight_pct"": 12.0, ""min"": 6.0, ""max"": 257.0, ""lower_is_better"": true, ""is_percent"": false}, {""key"": ""first_serve_percent"", ""name"": ""1st Serve %"", ""raw"": 66.2, ""raw_display"": ""66.2%"", ""normalized"": 48.54, ""weight"": 0.14, ""weight_pct"": 14.0, ""min"": 52.9, ""max"": 80.3, ""lower_is_better"": false, ""is_percent"": true}, {""key"": ""first_serve_won_percent"", ""name"": ""1st Serve Points Won %"", ""raw"": 60.9, ""raw_display"": ""60.9%"", ""normalized"": 43.3, ""weight"": 0.2, ""weight_pct"": 20.0, ""min"": 51.2, ""max"": 73.6, ""lower_is_better"": false, ""is_percent"": true}, {""key"": ""second_serve_won_percent"", ""name"": ""2nd Serve Points Won %"", ""raw"": 48.2, ""raw_display"": ""48.2%"", ""normalized"": 54.76, ""weight"": 0.2, ""weight_pct"": 20.0, ""min"": 34.4, ""max"": 59.6, ""lower_is_better"": false, ""is_percent"": true}, {""key"": ""breakpoint_saved_percent"", ""name"": ""Break Points Saved %"", ""raw"": 60.4, ""raw_display"": ""60.4%"", ""normalized"": 82.87, ""weight"": 0.18, ""weight_pct"": 18.0, ""min"": 33.8, ""max"": 65.9, ""lower_is_better"": false, ""is_percent"": true}]}"
2026-07-26T05:36:16.130591Z,serve,Serve,31,Ashlyn Krueger,329409,https://www.wtatennis.com/players/329409/ashlyn-krueger,https://photoresources.wtatennis.com/wta/photo/2024/04/26/2b5353bc-e400-41fa-ae82-600b41135a86/Krueger-Torso_329409-WTA-Tennis.png,53.4,Aces,100,Double Faults,101,1st Serve %,66.3%,1st Serve Points Won %,65.4%,2nd Serve Points Won %,44.0%,Break Points Saved %,57.6%,"{""category"": ""serve"", ""player_rank"": 66, ""match_count"": 20, ""formula"": ""normalized_score = Σ(metric_norm × weight)"", ""metrics"": [{""key"": ""Aces"", ""name"": ""Aces"", ""raw"": 100.0, ""raw_display"": ""100"", ""normalized"": 33.92, ""weight"": 0.16, ""weight_pct"": 16.0, ""min"": 3.0, ""max"": 289.0, ""lower_is_better"": false, ""is_percent"": false}, {""key"": ""Double_Faults"", ""name"": ""Double Faults"", ""raw"": 101.0, ""raw_display"": ""101"", ""normalized"": 62.15, ""weight"": 0.12, ""weight_pct"": 12.0, ""min"": 6.0, ""max"": 257.0, ""lower_is_better"": true, ""is_percent"": false}, {""key"": ""first_serve_percent"", ""name"": ""1st Serve %"", ""raw"": 66.3, ""raw_display"": ""66.3%"", ""normalized"": 48.91, ""weight"": 0.14, ""weight_pct"": 14.0, ""min"": 52.9, ""max"": 80.3, ""lower_is_better"": false, ""is_percent"": true}, {""key"": ""first_serve_won_percent"", ""name"": ""1st Serve Points Won %"", ""raw"": 65.4, ""raw_display"": ""65.4%"", ""normalized"": 63.39, ""weight"": 0.2, ""weight_pct"": 20.0, ""min"": 51.2, ""max"": 73.6, ""lower_is_better"": false, ""is_percent"": true}, {""key"": ""second_serve_won_percent"", ""name"": ""2nd Serve Points Won %"", ""raw"": 44.0, ""raw_display"": ""44.0%"", ""normalized"": 38.1, ""weight"": 0.2, ""weight_pct"": 20.0, ""min"": 34.4, ""max"": 59.6, ""lower_is_better"": false, ""is_percent"": true}, {""key"": ""breakpoint_saved_percent"", ""name"": ""Break Points Saved %"", ""raw"": 57.6, ""raw_display"": ""57.6%"", ""normalized"": 74.14, ""weight"": 0.18, ""weight_pct"": 18.0, ""min"": 33.8, ""max"": 65.9, ""lower_is_better"": false, ""is_percent"": true}]}"
2026-07-26T05:36:16.130591Z,serve,Serve,32,Emma Navarro,325410,https://www.wtatennis.com/players/325410/emma-navarro,https://photoresources.wtatennis.com/wta/photo/2025/03/10/1b632c69-3141-4fca-a7bf-1cf3c6f62d65/Navarro-Torso_325410.png,53.2,Aces,107,Double Faults,121,1st Serve %,59.3%,1st Serve Points Won %,67.2%,2nd Serve Points Won %,47.6%,Break Points Saved %,56.8%,"{""category"": ""serve"", ""player_rank"": 27, ""match_count"": 32, ""formula"": ""normalized_score = Σ(metric_norm × weight)"", ""metrics"": [{""key"": ""Aces"", ""name"": ""Aces"", ""raw"": 107.0, ""raw_display"": ""107"", ""normalized"": 36.36, ""weight"": 0.16, ""weight_pct"": 16.0, ""min"": 3.0, ""max"": 289.0, ""lower_is_better"": false, ""is_percent"": false}, {""key"": ""Double_Faults"", ""name"": ""Double Faults"", ""raw"": 121.0, ""raw_display"": ""121"", ""normalized"": 54.18, ""weight"": 0.12, ""weight_pct"": 12.0, ""min"": 6.0, ""max"": 257.0, ""lower_is_better"": true, ""is_percent"": false}, {""key"": ""first_serve_percent"", ""name"": ""1st Serve %"", ""raw"": 59.3, ""raw_display"": ""59.3%"", ""normalized"": 23.36, ""weight"": 0.14, ""weight_pct"": 14.0, ""min"": 52.9, ""max"": 80.3, ""lower_is_better"": false, ""is_percent"": true}, {""key"": ""first_serve_won_percent"", ""name"": ""1st Serve Points Won %"", ""raw"": 67.2, ""raw_display"": ""67.2%"", ""normalized"": 71.43, ""weight"": 0.2, ""weight_pct"": 20.0, ""min"": 51.2, ""max"": 73.6, ""lower_is_better"": false, ""is_percent"": true}, {""key"": ""second_serve_won_percent"", ""name"": ""2nd Serve Points Won %"", ""raw"": 47.6, ""raw_display"": ""47.6%"", ""normalized"": 52.38, ""weight"": 0.2, ""weight_pct"": 20.0, ""min"": 34.4, ""max"": 59.6, ""lower_is_better"": false, ""is_percent"": true}, {""key"": ""breakpoint_saved_percent"", ""name"": ""Break Points Saved %"", ""raw"": 56.8, ""raw_display"": ""56.8%"", ""normalized"": 71.65, ""weight"": 0.18, ""weight_pct"": 18.0, ""min"": 33.8, ""max"": 65.9, ""lower_is_better"": false, ""is_percent"": true}]}"
2026-07-26T05:36:16.130591Z,serve,Serve,33,Tatjana Maria,310440,https://www.wtatennis.com/players/310440/tatjana-maria,https://photoresources.wtatennis.com/wta/photo/2024/05/01/c9c5fcb8-1bad-4cb6-a576-972f18edd165/Maria-Torso_310440-WTA-Tennis.png,53.1,Aces,149,Double Faults,72,1st Serve %,59.7%,1st Serve Points Won %,66.3%,2nd Serve Points Won %,43.9%,Break Points Saved %,54.4%,"{""category"": ""serve"", ""player_rank"": 76, ""match_count"": 35, ""formula"": ""normalized_score = Σ(metric_norm × weight)"", ""metrics"": [{""key"": ""Aces"", ""name"": ""Aces"", ""raw"": 149.0, ""raw_display"": ""149"", ""normalized"": 51.05, ""weight"": 0.16, ""weight_pct"": 16.0, ""min"": 3.0, ""max"": 289.0, ""lower_is_better"": false, ""is_percent"": false}, {""key"": ""Double_Faults"", ""name"": ""Double Faults"", ""raw"": 72.0, ""raw_display"": ""72"", ""normalized"": 73.71, ""weight"": 0.12, ""weight_pct"": 12.0, ""min"": 6.0, ""max"": 257.0, ""lower_is_better"": true, ""is_percent"": false}, {""key"": ""first_serve_percent"", ""name"": ""1st Serve %"", ""raw"": 59.7, ""raw_display"": ""59.7%"", ""normalized"": 24.82, ""weight"": 0.14, ""weight_pct"": 14.0, ""min"": 52.9, ""max"": 80.3, ""lower_is_better"": false, ""is_percent"": true}, {""key"": ""first_serve_won_percent"", ""name"": ""1st Serve Points Won %"", ""raw"": 66.3, ""raw_display"": ""66.3%"", ""normalized"": 67.41, ""weight"": 0.2, ""weight_pct"": 20.0, ""min"": 51.2, ""max"": 73.6, ""lower_is_better"": false, ""is_percent"": true}, {""key"": ""second_serve_won_percent"", ""name"": ""2nd Serve Points Won %"", ""raw"": 43.9, ""raw_display"": ""43.9%"", ""normalized"": 37.7, ""weight"": 0.2, ""weight_pct"": 20.0, ""min"": 34.4, ""max"": 59.6, ""lower_is_better"": false, ""is_percent"": true}, {""key"": ""breakpoint_saved_percent"", ""name"": ""Break Points Saved %"", ""raw"": 54.4, ""raw_display"": ""54.4%"", ""normalized"": 64.17, ""weight"": 0.18, ""weight_pct"": 18.0, ""min"": 33.8, ""max"": 65.9, ""lower_is_better"": false, ""is_percent"": true}]}"
2026-07-26T05:36:16.130591Z,serve,Serve,34,Olga Danilovic,324934,https://www.wtatennis.com/players/324934/olga-danilovic,https://photoresources.wtatennis.com/wta/photo/2025/03/10/f4593bf2-9293-4e91-9fd6-696061c339da/Danilovic-Torso_324934.png,52.9,Aces,25,Double Faults,15,1st Serve %,66.0%,1st Serve Points Won %,59.2%,2nd Serve Points Won %,49.2%,Break Points Saved %,59.7%,"{""category"": ""serve"", ""player_rank"": 263, ""match_count"": 7, ""formula"": ""normalized_score = Σ(metric_norm × weight)"", ""metrics"": [{""key"": ""Aces"", ""name"": ""Aces"", ""raw"": 25.0, ""raw_display"": ""25"", ""normalized"": 7.69, ""weight"": 0.16, ""weight_pct"": 16.0, ""min"": 3.0, ""max"": 289.0, ""lower_is_better"": false, ""is_percent"": false}, {""key"": ""Double_Faults"", ""name"": ""Double Faults"", ""raw"": 15.0, ""raw_display"": ""15"", ""normalized"": 96.41, ""weight"": 0.12, ""weight_pct"": 12.0, ""min"": 6.0, ""max"": 257.0, ""lower_is_better"": true, ""is_percent"": false}, {""key"": ""first_serve_percent"", ""name"": ""1st Serve %"", ""raw"": 66.0, ""raw_display"": ""66.0%"", ""normalized"": 47.81, ""weight"": 0.14, ""weight_pct"": 14.0, ""min"": 52.9, ""max"": 80.3, ""lower_is_better"": false, ""is_percent"": true}, {""key"": ""first_serve_won_percent"", ""name"": ""1st Serve Points Won %"", ""raw"": 59.2, ""raw_display"": ""59.2%"", ""normalized"": 35.71, ""weight"": 0.2, ""weight_pct"": 20.0, ""min"": 51.2, ""max"": 73.6, ""lower_is_better"": false, ""is_percent"": true}, {""key"": ""second_serve_won_percent"", ""name"": ""2nd Serve Points Won %"", ""raw"": 49.2, ""raw_display"": ""49.2%"", ""normalized"": 58.73, ""weight"": 0.2, ""weight_pct"": 20.0, ""min"": 34.4, ""max"": 59.6, ""lower_is_better"": false, ""is_percent"": true}, {""key"": ""breakpoint_saved_percent"", ""name"": ""Break Points Saved %"", ""raw"": 59.7, ""raw_display"": ""59.7%"", ""normalized"": 80.69, ""weight"": 0.18, ""weight_pct"": 18.0, ""min"": 33.8, ""max"": 65.9, ""lower_is_better"": false, ""is_percent"": true}]}"
2026-07-26T05:36:16.130591Z,serve,Serve,35,Maja Chwalinska,325639,https://www.wtatennis.com/players/325639/maja-chwalinska,https://photoresources.wtatennis.com/wta/photo/2025/05/08/38adcba7-11a0-4e63-9ead-34042a0a69aa/Chwalinska-Torso_325639.png,52.8,Aces,12,Double Faults,22,1st Serve %,71.1%,1st Serve Points Won %,61.4%,2nd Serve Points Won %,48.8%,Break Points Saved %,53.8%,"{""category"": ""serve"", ""player_rank"": 22, ""match_count"": 11, ""formula"": ""normalized_score = Σ(metric_norm × weight)"", ""metrics"": [{""key"": ""Aces"", ""name"": ""Aces"", ""raw"": 12.0, ""raw_display"": ""12"", ""normalized"": 3.15, ""weight"": 0.16, ""weight_pct"": 16.0, ""min"": 3.0, ""max"": 289.0, ""lower_is_better"": false, ""is_percent"": false}, {""key"": ""Double_Faults"", ""name"": ""Double Faults"", ""raw"": 22.0, ""raw_display"": ""22"", ""normalized"": 93.63, ""weight"": 0.12, ""weight_pct"": 12.0, ""min"": 6.0, ""max"": 257.0, ""lower_is_better"": true, ""is_percent"": false}, {""key"": ""first_serve_percent"", ""name"": ""1st Serve %"", ""raw"": 71.1, ""raw_display"": ""71.1%"", ""normalized"": 66.42, ""weight"": 0.14, ""weight_pct"": 14.0, ""min"": 52.9, ""max"": 80.3, ""lower_is_better"": false, ""is_percent"": true}, {""key"": ""first_serve_won_percent"", ""name"": ""1st Serve Points Won %"", ""raw"": 61.4, ""raw_display"": ""61.4%"", ""normalized"": 45.54, ""weight"": 0.2, ""weight_pct"": 20.0, ""min"": 51.2, ""max"": 73.6, ""lower_is_better"": false, ""is_percent"": true}, {""key"": ""second_serve_won_percent"", ""name"": ""2nd Serve Points Won %"", ""raw"": 48.8, ""raw_display"": ""48.8%"", ""normalized"": 57.14, ""weight"": 0.2, ""weight_pct"": 20.0, ""min"": 34.4, ""max"": 59.6, ""lower_is_better"": false, ""is_percent"": true}, {""key"": ""breakpoint_saved_percent"", ""name"": ""Break Points Saved %"", ""raw"": 53.8, ""raw_display"": ""53.8%"", ""normalized"": 62.31, ""weight"": 0.18, ""weight_pct"": 18.0, ""min"": 33.8, ""max"": 65.9, ""lower_is_better"": false, ""is_percent"": true}]}"
2026-07-26T05:36:16.130591Z,serve,Serve,36,Magda Linette,315130,https://www.wtatennis.com/players/315130/magda-linette,https://photoresources.wtatennis.com/wta/photo/2023/06/02/467a8c62-99f5-4b78-8d37-6c23c6768531/Linette-Torso_315130.png,52.8,Aces,127,Double Faults,63,1st Serve %,59.4%,1st Serve Points Won %,65.0%,2nd Serve Points Won %,47.8%,Break Points Saved %,52.2%,"{""category"": ""serve"", ""player_rank"": 51, ""match_count"": 32, ""formula"": ""normalized_score = Σ(metric_norm × weight)"", ""metrics"": [{""key"": ""Aces"", ""name"": ""Aces"", ""raw"": 127.0, ""raw_display"": ""127"", ""normalized"": 43.36, ""weight"": 0.16, ""weight_pct"": 16.0, ""min"": 3.0, ""max"": 289.0, ""lower_is_better"": false, ""is_percent"": false}, {""key"": ""Double_Faults"", ""name"": ""Double Faults"", ""raw"": 63.0, ""raw_display"": ""63"", ""normalized"": 77.29, ""weight"": 0.12, ""weight_pct"": 12.0, ""min"": 6.0, ""max"": 257.0, ""lower_is_better"": true, ""is_percent"": false}, {""key"": ""first_serve_percent"", ""name"": ""1st Serve %"", ""raw"": 59.4, ""raw_display"": ""59.4%"", ""normalized"": 23.72, ""weight"": 0.14, ""weight_pct"": 14.0, ""min"": 52.9, ""max"": 80.3, ""lower_is_better"": false, ""is_percent"": true}, {""key"": ""first_serve_won_percent"", ""name"": ""1st Serve Points Won %"", ""raw"": 65.0, ""raw_display"": ""65.0%"", ""normalized"": 61.61, ""weight"": 0.2, ""weight_pct"": 20.0, ""min"": 51.2, ""max"": 73.6, ""lower_is_better"": false, ""is_percent"": true}, {""key"": ""second_serve_won_percent"", ""name"": ""2nd Serve Points Won %"", ""raw"": 47.8, ""raw_display"": ""47.8%"", ""normalized"": 53.17, ""weight"": 0.2, ""weight_pct"": 20.0, ""min"": 34.4, ""max"": 59.6, ""lower_is_better"": false, ""is_percent"": true}, {""key"": ""breakpoint_saved_percent"", ""name"": ""Break Points Saved %"", ""raw"": 52.2, ""raw_display"": ""52.2%"", ""normalized"": 57.32, ""weight"": 0.18, ""weight_pct"": 18.0, ""min"": 33.8, ""max"": 65.9, ""lower_is_better"": false, ""is_percent"": true}]}"
2026-07-26T05:36:16.130591Z,serve,Serve,37,Peyton Stearns,327573,https://www.wtatennis.com/players/327573/peyton-stearns,https://photoresources.wtatennis.com/wta/photo/2024/04/29/736ed9c7-b271-48cd-a993-f4a2501f97ad/Stearns-Torso_327573-WTA-Tennis.png,52.8,Aces,120,Double Faults,96,1st Serve %,59.9%,1st Serve Points Won %,66.6%,2nd Serve Points Won %,46.9%,Break Points Saved %,54.0%,"{""category"": ""serve"", ""player_rank"": 58, ""match_count"": 29, ""formula"": ""normalized_score = Σ(metric_norm × weight)"", ""metrics"": [{""key"": ""Aces"", ""name"": ""Aces"", ""raw"": 120.0, ""raw_display"": ""120"", ""normalized"": 40.91, ""weight"": 0.16, ""weight_pct"": 16.0, ""min"": 3.0, ""max"": 289.0, ""lower_is_better"": false, ""is_percent"": false}, {""key"": ""Double_Faults"", ""name"": ""Double Faults"", ""raw"": 96.0, ""raw_display"": ""96"", ""normalized"": 64.14, ""weight"": 0.12, ""weight_pct"": 12.0, ""min"": 6.0, ""max"": 257.0, ""lower_is_better"": true, ""is_percent"": false}, {""key"": ""first_serve_percent"", ""name"": ""1st Serve %"", ""raw"": 59.9, ""raw_display"": ""59.9%"", ""normalized"": 25.55, ""weight"": 0.14, ""weight_pct"": 14.0, ""min"": 52.9, ""max"": 80.3, ""lower_is_better"": false, ""is_percent"": true}, {""key"": ""first_serve_won_percent"", ""name"": ""1st Serve Points Won %"", ""raw"": 66.6, ""raw_display"": ""66.6%"", ""normalized"": 68.75, ""weight"": 0.2, ""weight_pct"": 20.0, ""min"": 51.2, ""max"": 73.6, ""lower_is_better"": false, ""is_percent"": true}, {""key"": ""second_serve_won_percent"", ""name"": ""2nd Serve Points Won %"", ""raw"": 46.9, ""raw_display"": ""46.9%"", ""normalized"": 49.6, ""weight"": 0.2, ""weight_pct"": 20.0, ""min"": 34.4, ""max"": 59.6, ""lower_is_better"": false, ""is_percent"": true}, {""key"": ""breakpoint_saved_percent"", ""name"": ""Break Points Saved %"", ""raw"": 54.0, ""raw_display"": ""54.0%"", ""normalized"": 62.93, ""weight"": 0.18, ""weight_pct"": 18.0, ""min"": 33.8, ""max"": 65.9, ""lower_is_better"": false, ""is_percent"": true}]}"
2026-07-26T05:36:16.130591Z,serve,Serve,38,Katerina Siniakova,320301,https://www.wtatennis.com/players/320301/katerina-siniakova,https://photoresources.wtatennis.com/wta/photo/2025/03/10/2a395126-ece4-4da5-85b8-8bc0d295b6c0/Siniakova-Torso_320301.png,52.5,Aces,45,Double Faults,106,1st Serve %,63.3%,1st Serve Points Won %,63.1%,2nd Serve Points Won %,46.6%,Break Points Saved %,64.6%,"{""category"": ""serve"", ""player_rank"": 35, ""match_count"": 25, ""formula"": ""normalized_score = Σ(metric_norm × weight)"", ""metrics"": [{""key"": ""Aces"", ""name"": ""Aces"", ""raw"": 45.0, ""raw_display"": ""45"", ""normalized"": 14.69, ""weight"": 0.16, ""weight_pct"": 16.0, ""min"": 3.0, ""max"": 289.0, ""lower_is_better"": false, ""is_percent"": false}, {""key"": ""Double_Faults"", ""name"": ""Double Faults"", ""raw"": 106.0, ""raw_display"": ""106"", ""normalized"": 60.16, ""weight"": 0.12, ""weight_pct"": 12.0, ""min"": 6.0, ""max"": 257.0, ""lower_is_better"": true, ""is_percent"": false}, {""key"": ""first_serve_percent"", ""name"": ""1st Serve %"", ""raw"": 63.3, ""raw_display"": ""63.3%"", ""normalized"": 37.96, ""weight"": 0.14, ""weight_pct"": 14.0, ""min"": 52.9, ""max"": 80.3, ""lower_is_better"": false, ""is_percent"": true}, {""key"": ""first_serve_won_percent"", ""name"": ""1st Serve Points Won %"", ""raw"": 63.1, ""raw_display"": ""63.1%"", ""normalized"": 53.13, ""weight"": 0.2, ""weight_pct"": 20.0, ""min"": 51.2, ""max"": 73.6, ""lower_is_better"": false, ""is_percent"": true}, {""key"": ""second_serve_won_percent"", ""name"": ""2nd Serve Points Won %"", ""raw"": 46.6, ""raw_display"": ""46.6%"", ""normalized"": 48.41, ""weight"": 0.2, ""weight_pct"": 20.0, ""min"": 34.4, ""max"": 59.6, ""lower_is_better"": false, ""is_percent"": true}, {""key"": ""breakpoint_saved_percent"", ""name"": ""Break Points Saved %"", ""raw"": 64.6, ""raw_display"": ""64.6%"", ""normalized"": 95.95, ""weight"": 0.18, ""weight_pct"": 18.0, ""min"": 33.8, ""max"": 65.9, ""lower_is_better"": false, ""is_percent"": true}]}"
2026-07-26T05:36:16.130591Z,serve,Serve,39,Xinyu Wang,326376,https://www.wtatennis.com/players/326376/xinyu-wang,https://photoresources.wtatennis.com/wta/photo/2025/07/29/56be4ea4-f3f9-4cac-be02-7f040dd6710e/Wang-Torso_326376.png,52.1,Aces,115,Double Faults,93,1st Serve %,65.8%,1st Serve Points Won %,65.0%,2nd Serve Points Won %,44.0%,Break Points Saved %,54.2%,"{""category"": ""serve"", ""player_rank"": 39, ""match_count"": 32, ""formula"": ""normalized_score = Σ(metric_norm × weight)"", ""metrics"": [{""key"": ""Aces"", ""name"": ""Aces"", ""raw"": 115.0, ""raw_display"": ""115"", ""normalized"": 39.16, ""weight"": 0.16, ""weight_pct"": 16.0, ""min"": 3.0, ""max"": 289.0, ""lower_is_better"": false, ""is_percent"": false}, {""key"": ""Double_Faults"", ""name"": ""Double Faults"", ""raw"": 93.0, ""raw_display"": ""93"", ""normalized"": 65.34, ""weight"": 0.12, ""weight_pct"": 12.0, ""min"": 6.0, ""max"": 257.0, ""lower_is_better"": true, ""is_percent"": false}, {""key"": ""first_serve_percent"", ""name"": ""1st Serve %"", ""raw"": 65.8, ""raw_display"": ""65.8%"", ""normalized"": 47.08, ""weight"": 0.14, ""weight_pct"": 14.0, ""min"": 52.9, ""max"": 80.3, ""lower_is_better"": false, ""is_percent"": true}, {""key"": ""first_serve_won_percent"", ""name"": ""1st Serve Points Won %"", ""raw"": 65.0, ""raw_display"": ""65.0%"", ""normalized"": 61.61, ""weight"": 0.2, ""weight_pct"": 20.0, ""min"": 51.2, ""max"": 73.6, ""lower_is_better"": false, ""is_percent"": true}, {""key"": ""second_serve_won_percent"", ""name"": ""2nd Serve Points Won %"", ""raw"": 44.0, ""raw_display"": ""44.0%"", ""normalized"": 38.1, ""weight"": 0.2, ""weight_pct"": 20.0, ""min"": 34.4, ""max"": 59.6, ""lower_is_better"": false, ""is_percent"": true}, {""key"": ""breakpoint_saved_percent"", ""name"": ""Break Points Saved %"", ""raw"": 54.2, ""raw_display"": ""54.2%"", ""normalized"": 63.55, ""weight"": 0.18, ""weight_pct"": 18.0, ""min"": 33.8, ""max"": 65.9, ""lower_is_better"": false, ""is_percent"": true}]}"
2026-07-26T05:36:16.130591Z,serve,Serve,40,Laura Siegemund,310926,https://www.wtatennis.com/players/310926/laura-siegemund,https://photoresources.wtatennis.com/wta/photo/2019/10/08/5b6fdf6f-7b1c-4714-b577-61c8d8bf1339/TekQkMOQ.png,52.0,Aces,29,Double Faults,57,1st Serve %,74.2%,1st Serve Points Won %,58.8%,2nd Serve Points Won %,48.2%,Break Points Saved %,55.9%,"{""category"": ""serve"", ""player_rank"": 89, ""match_count"": 20, ""formula"": ""normalized_score = Σ(metric_norm × weight)"", ""metrics"": [{""key"": ""Aces"", ""name"": ""Aces"", ""raw"": 29.0, ""raw_display"": ""29"", ""normalized"": 9.09, ""weight"": 0.16, ""weight_pct"": 16.0, ""min"": 3.0, ""max"": 289.0, ""lower_is_better"": false, ""is_percent"": false}, {""key"": ""Double_Faults"", ""name"": ""Double Faults"", ""raw"": 57.0, ""raw_display"": ""57"", ""normalized"": 79.68, ""weight"": 0.12, ""weight_pct"": 12.0, ""min"": 6.0, ""max"": 257.0, ""lower_is_better"": true, ""is_percent"": false}, {""key"": ""first_serve_percent"", ""name"": ""1st Serve %"", ""raw"": 74.2, ""raw_display"": ""74.2%"", ""normalized"": 77.74, ""weight"": 0.14, ""weight_pct"": 14.0, ""min"": 52.9, ""max"": 80.3, ""lower_is_better"": false, ""is_percent"": true}, {""key"": ""first_serve_won_percent"", ""name"": ""1st Serve Points Won %"", ""raw"": 58.8, ""raw_display"": ""58.8%"", ""normalized"": 33.93, ""weight"": 0.2, ""weight_pct"": 20.0, ""min"": 51.2, ""max"": 73.6, ""lower_is_better"": false, ""is_percent"": true}, {""key"": ""second_serve_won_percent"", ""name"": ""2nd Serve Points Won %"", ""raw"": 48.2, ""raw_display"": ""48.2%"", ""normalized"": 54.76, ""weight"": 0.2, ""weight_pct"": 20.0, ""min"": 34.4, ""max"": 59.6, ""lower_is_better"": false, ""is_percent"": true}, {""key"": ""breakpoint_saved_percent"", ""name"": ""Break Points Saved %"", ""raw"": 55.9, ""raw_display"": ""55.9%"", ""normalized"": 68.85, ""weight"": 0.18, ""weight_pct"": 18.0, ""min"": 33.8, ""max"": 65.9, ""lower_is_better"": false, ""is_percent"": true}]}"
2026-07-26T05:36:16.130591Z,serve,Serve,41,Yulia Putintseva,317683,https://www.wtatennis.com/players/317683/yulia-putintseva,https://photoresources.wtatennis.com/wta/photo/2023/06/02/3aef9023-00a9-4f48-956d-10564525ae5a/Putntseva-Torso_317683.png,51.6,Aces,34,Double Faults,42,1st Serve %,71.7%,1st Serve Points Won %,60.1%,2nd Serve Points Won %,45.6%,Break Points Saved %,57.3%,"{""category"": ""serve"", ""player_rank"": 79, ""match_count"": 24, ""formula"": ""normalized_score = Σ(metric_norm × weight)"", ""metrics"": [{""key"": ""Aces"", ""name"": ""Aces"", ""raw"": 34.0, ""raw_display"": ""34"", ""normalized"": 10.84, ""weight"": 0.16, ""weight_pct"": 16.0, ""min"": 3.0, ""max"": 289.0, ""lower_is_better"": false, ""is_percent"": false}, {""key"": ""Double_Faults"", ""name"": ""Double Faults"", ""raw"": 42.0, ""raw_display"": ""42"", ""normalized"": 85.66, ""weight"": 0.12, ""weight_pct"": 12.0, ""min"": 6.0, ""max"": 257.0, ""lower_is_better"": true, ""is_percent"": false}, {""key"": ""first_serve_percent"", ""name"": ""1st Serve %"", ""raw"": 71.7, ""raw_display"": ""71.7%"", ""normalized"": 68.61, ""weight"": 0.14, ""weight_pct"": 14.0, ""min"": 52.9, ""max"": 80.3, ""lower_is_better"": false, ""is_percent"": true}, {""key"": ""first_serve_won_percent"", ""name"": ""1st Serve Points Won %"", ""raw"": 60.1, ""raw_display"": ""60.1%"", ""normalized"": 39.73, ""weight"": 0.2, ""weight_pct"": 20.0, ""min"": 51.2, ""max"": 73.6, ""lower_is_better"": false, ""is_percent"": true}, {""key"": ""second_serve_won_percent"", ""name"": ""2nd Serve Points Won %"", ""raw"": 45.6, ""raw_display"": ""45.6%"", ""normalized"": 44.44, ""weight"": 0.2, ""weight_pct"": 20.0, ""min"": 34.4, ""max"": 59.6, ""lower_is_better"": false, ""is_percent"": true}, {""key"": ""breakpoint_saved_percent"", ""name"": ""Break Points Saved %"", ""raw"": 57.3, ""raw_display"": ""57.3%"", ""normalized"": 73.21, ""weight"": 0.18, ""weight_pct"": 18.0, ""min"": 33.8, ""max"": 65.9, ""lower_is_better"": false, ""is_percent"": true}]}"
2026-07-26T05:36:16.130591Z,serve,Serve,42,Karolina Pliskova,313974,https://www.wtatennis.com/players/313974,,51.1,Aces,107,Double Faults,154,1st Serve %,65.6%,1st Serve Points Won %,66.1%,2nd Serve Points Won %,44.1%,Break Points Saved %,56.8%,"{""category"": ""serve"", ""player_rank"": 63, ""match_count"": 28, ""formula"": ""normalized_score = Σ(metric_norm × weight)"", ""metrics"": [{""key"": ""Aces"", ""name"": ""Aces"", ""raw"": 107.0, ""raw_display"": ""107"", ""normalized"": 36.36, ""weight"": 0.16, ""weight_pct"": 16.0, ""min"": 3.0, ""max"": 289.0, ""lower_is_better"": false, ""is_percent"": false}, {""key"": ""Double_Faults"", ""name"": ""Double Faults"", ""raw"": 154.0, ""raw_display"": ""154"", ""normalized"": 41.04, ""weight"": 0.12, ""weight_pct"": 12.0, ""min"": 6.0, ""max"": 257.0, ""lower_is_better"": true, ""is_percent"": false}, {""key"": ""first_serve_percent"", ""name"": ""1st Serve %"", ""raw"": 65.6, ""raw_display"": ""65.6%"", ""normalized"": 46.35, ""weight"": 0.14, ""weight_pct"": 14.0, ""min"": 52.9, ""max"": 80.3, ""lower_is_better"": false, ""is_percent"": true}, {""key"": ""first_serve_won_percent"", ""name"": ""1st Serve Points Won %"", ""raw"": 66.1, ""raw_display"": ""66.1%"", ""normalized"": 66.52, ""weight"": 0.2, ""weight_pct"": 20.0, ""min"": 51.2, ""max"": 73.6, ""lower_is_better"": false, ""is_percent"": true}, {""key"": ""second_serve_won_percent"", ""name"": ""2nd Serve Points Won %"", ""raw"": 44.1, ""raw_display"": ""44.1%"", ""normalized"": 38.49, ""weight"": 0.2, ""weight_pct"": 20.0, ""min"": 34.4, ""max"": 59.6, ""lower_is_better"": false, ""is_percent"": true}, {""key"": ""breakpoint_saved_percent"", ""name"": ""Break Points Saved %"", ""raw"": 56.8, ""raw_display"": ""56.8%"", ""normalized"": 71.65, ""weight"": 0.18, ""weight_pct"": 18.0, ""min"": 33.8, ""max"": 65.9, ""lower_is_better"": false, ""is_percent"": true}]}"
2026-07-26T05:36:16.130591Z,serve,Serve,43,Shuai Zhang,311779,https://www.wtatennis.com/players/311779/shuai-zhang,https://photoresources.wtatennis.com/wta/photo/2024/05/01/6a80e46a-1af3-4b9d-bc91-034064b40e39/Zhang-Torso_311779-WTA-Tennis.png,50.8,Aces,44,Double Faults,54,1st Serve %,69.2%,1st Serve Points Won %,59.0%,2nd Serve Points Won %,45.6%,Break Points Saved %,59.9%,"{""category"": ""serve"", ""player_rank"": 56, ""match_count"": 23, ""formula"": ""normalized_score = Σ(metric_norm × weight)"", ""metrics"": [{""key"": ""Aces"", ""name"": ""Aces"", ""raw"": 44.0, ""raw_display"": ""44"", ""normalized"": 14.34, ""weight"": 0.16, ""weight_pct"": 16.0, ""min"": 3.0, ""max"": 289.0, ""lower_is_better"": false, ""is_percent"": false}, {""key"": ""Double_Faults"", ""name"": ""Double Faults"", ""raw"": 54.0, ""raw_display"": ""54"", ""normalized"": 80.88, ""weight"": 0.12, ""weight_pct"": 12.0, ""min"": 6.0, ""max"": 257.0, ""lower_is_better"": true, ""is_percent"": false}, {""key"": ""first_serve_percent"", ""name"": ""1st Serve %"", ""raw"": 69.2, ""raw_display"": ""69.2%"", ""normalized"": 59.49, ""weight"": 0.14, ""weight_pct"": 14.0, ""min"": 52.9, ""max"": 80.3, ""lower_is_better"": false, ""is_percent"": true}, {""key"": ""first_serve_won_percent"", ""name"": ""1st Serve Points Won %"", ""raw"": 59.0, ""raw_display"": ""59.0%"", ""normalized"": 34.82, ""weight"": 0.2, ""weight_pct"": 20.0, ""min"": 51.2, ""max"": 73.6, ""lower_is_better"": false, ""is_percent"": true}, {""key"": ""second_serve_won_percent"", ""name"": ""2nd Serve Points Won %"", ""raw"": 45.6, ""raw_display"": ""45.6%"", ""normalized"": 44.44, ""weight"": 0.2, ""weight_pct"": 20.0, ""min"": 34.4, ""max"": 59.6, ""lower_is_better"": false, ""is_percent"": true}, {""key"": ""breakpoint_saved_percent"", ""name"": ""Break Points Saved %"", ""raw"": 59.9, ""raw_display"": ""59.9%"", ""normalized"": 81.31, ""weight"": 0.18, ""weight_pct"": 18.0, ""min"": 33.8, ""max"": 65.9, ""lower_is_better"": false, ""is_percent"": true}]}"
2026-07-26T05:36:16.130591Z,serve,Serve,44,Alycia Parks,326007,https://www.wtatennis.com/players/326007/alycia-parks,https://photoresources.wtatennis.com/wta/photo/2025/03/10/8f5491fc-eb26-4a75-9534-df841a18f6a6/Parks-Torso_326007.png,50.8,Aces,168,Double Faults,169,1st Serve %,55.2%,1st Serve Points Won %,68.8%,2nd Serve Points Won %,43.1%,Break Points Saved %,58.0%,"{""category"": ""serve"", ""player_rank"": 67, ""match_count"": 29, ""formula"": ""normalized_score = Σ(metric_norm × weight)"", ""metrics"": [{""key"": ""Aces"", ""name"": ""Aces"", ""raw"": 168.0, ""raw_display"": ""168"", ""normalized"": 57.69, ""weight"": 0.16, ""weight_pct"": 16.0, ""min"": 3.0, ""max"": 289.0, ""lower_is_better"": false, ""is_percent"": false}, {""key"": ""Double_Faults"", ""name"": ""Double Faults"", ""raw"": 169.0, ""raw_display"": ""169"", ""normalized"": 35.06, ""weight"": 0.12, ""weight_pct"": 12.0, ""min"": 6.0, ""max"": 257.0, ""lower_is_better"": true, ""is_percent"": false}, {""key"": ""first_serve_percent"", ""name"": ""1st Serve %"", ""raw"": 55.2, ""raw_display"": ""55.2%"", ""normalized"": 8.39, ""weight"": 0.14, ""weight_pct"": 14.0, ""min"": 52.9, ""max"": 80.3, ""lower_is_better"": false, ""is_percent"": true}, {""key"": ""first_serve_won_percent"", ""name"": ""1st Serve Points Won %"", ""raw"": 68.8, ""raw_display"": ""68.8%"", ""normalized"": 78.57, ""weight"": 0.2, ""weight_pct"": 20.0, ""min"": 51.2, ""max"": 73.6, ""lower_is_better"": false, ""is_percent"": true}, {""key"": ""second_serve_won_percent"", ""name"": ""2nd Serve Points Won %"", ""raw"": 43.1, ""raw_display"": ""43.1%"", ""normalized"": 34.52, ""weight"": 0.2, ""weight_pct"": 20.0, ""min"": 34.4, ""max"": 59.6, ""lower_is_better"": false, ""is_percent"": true}, {""key"": ""breakpoint_saved_percent"", ""name"": ""Break Points Saved %"", ""raw"": 58.0, ""raw_display"": ""58.0%"", ""normalized"": 75.39, ""weight"": 0.18, ""weight_pct"": 18.0, ""min"": 33.8, ""max"": 65.9, ""lower_is_better"": false, ""is_percent"": true}]}"
2026-07-26T05:36:16.130591Z,serve,Serve,45,Marie Bouzkova,320983,https://www.wtatennis.com/players/320983/marie-bouzkova,https://photoresources.wtatennis.com/wta/photo/2024/04/30/855a5cde-3d8b-4421-8a4d-8d45b189659a/Bouzkova-Torso_320983-WTA-Tennis.png,50.7,Aces,51,Double Faults,122,1st Serve %,69.0%,1st Serve Points Won %,63.7%,2nd Serve Points Won %,45.1%,Break Points Saved %,58.2%,"{""category"": ""serve"", ""player_rank"": 21, ""match_count"": 37, ""formula"": ""normalized_score = Σ(metric_norm × weight)"", ""metrics"": [{""key"": ""Aces"", ""name"": ""Aces"", ""raw"": 51.0, ""raw_display"": ""51"", ""normalized"": 16.78, ""weight"": 0.16, ""weight_pct"": 16.0, ""min"": 3.0, ""max"": 289.0, ""lower_is_better"": false, ""is_percent"": false}, {""key"": ""Double_Faults"", ""name"": ""Double Faults"", ""raw"": 122.0, ""raw_display"": ""122"", ""normalized"": 53.78, ""weight"": 0.12, ""weight_pct"": 12.0, ""min"": 6.0, ""max"": 257.0, ""lower_is_better"": true, ""is_percent"": false}, {""key"": ""first_serve_percent"", ""name"": ""1st Serve %"", ""raw"": 69.0, ""raw_display"": ""69.0%"", ""normalized"": 58.76, ""weight"": 0.14, ""weight_pct"": 14.0, ""min"": 52.9, ""max"": 80.3, ""lower_is_better"": false, ""is_percent"": true}, {""key"": ""first_serve_won_percent"", ""name"": ""1st Serve Points Won %"", ""raw"": 63.7, ""raw_display"": ""63.7%"", ""normalized"": 55.8, ""weight"": 0.2, ""weight_pct"": 20.0, ""min"": 51.2, ""max"": 73.6, ""lower_is_better"": false, ""is_percent"": true}, {""key"": ""second_serve_won_percent"", ""name"": ""2nd Serve Points Won %"", ""raw"": 45.1, ""raw_display"": ""45.1%"", ""normalized"": 42.46, ""weight"": 0.2, ""weight_pct"": 20.0, ""min"": 34.4, ""max"": 59.6, ""lower_is_better"": false, ""is_percent"": true}, {""key"": ""breakpoint_saved_percent"", ""name"": ""Break Points Saved %"", ""raw"": 58.2, ""raw_display"": ""58.2%"", ""normalized"": 76.01, ""weight"": 0.18, ""weight_pct"": 18.0, ""min"": 33.8, ""max"": 65.9, ""lower_is_better"": false, ""is_percent"": true}]}"
2026-07-26T05:36:16.130591Z,serve,Serve,46,Robin Montgomery,329408,https://www.wtatennis.com/players/329408,,50.6,Aces,46,Double Faults,24,1st Serve %,63.6%,1st Serve Points Won %,70.3%,2nd Serve Points Won %,40.5%,Break Points Saved %,51.1%,"{""category"": ""serve"", ""player_rank"": 194, ""match_count"": 7, ""formula"": ""normalized_score = Σ(metric_norm × weight)"", ""metrics"": [{""key"": ""Aces"", ""name"": ""Aces"", ""raw"": 46.0, ""raw_display"": ""46"", ""normalized"": 15.03, ""weight"": 0.16, ""weight_pct"": 16.0, ""min"": 3.0, ""max"": 289.0, ""lower_is_better"": false, ""is_percent"": false}, {""key"": ""Double_Faults"", ""name"": ""Double Faults"", ""raw"": 24.0, ""raw_display"": ""24"", ""normalized"": 92.83, ""weight"": 0.12, ""weight_pct"": 12.0, ""min"": 6.0, ""max"": 257.0, ""lower_is_better"": true, ""is_percent"": false}, {""key"": ""first_serve_percent"", ""name"": ""1st Serve %"", ""raw"": 63.6, ""raw_display"": ""63.6%"", ""normalized"": 39.05, ""weight"": 0.14, ""weight_pct"": 14.0, ""min"": 52.9, ""max"": 80.3, ""lower_is_better"": false, ""is_percent"": true}, {""key"": ""first_serve_won_percent"", ""name"": ""1st Serve Points Won %"", ""raw"": 70.3, ""raw_display"": ""70.3%"", ""normalized"": 85.27, ""weight"": 0.2, ""weight_pct"": 20.0, ""min"": 51.2, ""max"": 73.6, ""lower_is_better"": false, ""is_percent"": true}, {""key"": ""second_serve_won_percent"", ""name"": ""2nd Serve Points Won %"", ""raw"": 40.5, ""raw_display"": ""40.5%"", ""normalized"": 24.21, ""weight"": 0.2, ""weight_pct"": 20.0, ""min"": 34.4, ""max"": 59.6, ""lower_is_better"": false, ""is_percent"": true}, {""key"": ""breakpoint_saved_percent"", ""name"": ""Break Points Saved %"", ""raw"": 51.1, ""raw_display"": ""51.1%"", ""normalized"": 53.89, ""weight"": 0.18, ""weight_pct"": 18.0, ""min"": 33.8, ""max"": 65.9, ""lower_is_better"": false, ""is_percent"": true}]}"
2026-07-26T05:36:16.130591Z,serve,Serve,47,Claire Liu,323966,https://www.wtatennis.com/players/323966,,50.3,Aces,5,Double Faults,22,1st Serve %,70.7%,1st Serve Points Won %,60.2%,2nd Serve Points Won %,46.4%,Break Points Saved %,55.7%,"{""category"": ""serve"", ""player_rank"": 114, ""match_count"": 7, ""formula"": ""normalized_score = Σ(metric_norm × weight)"", ""metrics"": [{""key"": ""Aces"", ""name"": ""Aces"", ""raw"": 5.0, ""raw_display"": ""5"", ""normalized"": 0.7, ""weight"": 0.16, ""weight_pct"": 16.0, ""min"": 3.0, ""max"": 289.0, ""lower_is_better"": false, ""is_percent"": false}, {""key"": ""Double_Faults"", ""name"": ""Double Faults"", ""raw"": 22.0, ""raw_display"": ""22"", ""normalized"": 93.63, ""weight"": 0.12, ""weight_pct"": 12.0, ""min"": 6.0, ""max"": 257.0, ""lower_is_better"": true, ""is_percent"": false}, {""key"": ""first_serve_percent"", ""name"": ""1st Serve %"", ""raw"": 70.7, ""raw_display"": ""70.7%"", ""normalized"": 64.96, ""weight"": 0.14, ""weight_pct"": 14.0, ""min"": 52.9, ""max"": 80.3, ""lower_is_better"": false, ""is_percent"": true}, {""key"": ""first_serve_won_percent"", ""name"": ""1st Serve Points Won %"", ""raw"": 60.2, ""raw_display"": ""60.2%"", ""normalized"": 40.18, ""weight"": 0.2, ""weight_pct"": 20.0, ""min"": 51.2, ""max"": 73.6, ""lower_is_better"": false, ""is_percent"": true}, {""key"": ""second_serve_won_percent"", ""name"": ""2nd Serve Points Won %"", ""raw"": 46.4, ""raw_display"": ""46.4%"", ""normalized"": 47.62, ""weight"": 0.2, ""weight_pct"": 20.0, ""min"": 34.4, ""max"": 59.6, ""lower_is_better"": false, ""is_percent"": true}, {""key"": ""breakpoint_saved_percent"", ""name"": ""Break Points Saved %"", ""raw"": 55.7, ""raw_display"": ""55.7%"", ""normalized"": 68.22, ""weight"": 0.18, ""weight_pct"": 18.0, ""min"": 33.8, ""max"": 65.9, ""lower_is_better"": false, ""is_percent"": true}]}"
2026-07-26T05:36:16.130591Z,serve,Serve,48,Talia Gibson,329393,https://www.wtatennis.com/players/329393/talia-gibson,,50.2,Aces,105,Double Faults,101,1st Serve %,60.0%,1st Serve Points Won %,66.0%,2nd Serve Points Won %,46.2%,Break Points Saved %,53.1%,"{""category"": ""serve"", ""player_rank"": 71, ""match_count"": 23, ""formula"": ""normalized_score = Σ(metric_norm × weight)"", ""metrics"": [{""key"": ""Aces"", ""name"": ""Aces"", ""raw"": 105.0, ""raw_display"": ""105"", ""normalized"": 35.66, ""weight"": 0.16, ""weight_pct"": 16.0, ""min"": 3.0, ""max"": 289.0, ""lower_is_better"": false, ""is_percent"": false}, {""key"": ""Double_Faults"", ""name"": ""Double Faults"", ""raw"": 101.0, ""raw_display"": ""101"", ""normalized"": 62.15, ""weight"": 0.12, ""weight_pct"": 12.0, ""min"": 6.0, ""max"": 257.0, ""lower_is_better"": true, ""is_percent"": false}, {""key"": ""first_serve_percent"", ""name"": ""1st Serve %"", ""raw"": 60.0, ""raw_display"": ""60.0%"", ""normalized"": 25.91, ""weight"": 0.14, ""weight_pct"": 14.0, ""min"": 52.9, ""max"": 80.3, ""lower_is_better"": false, ""is_percent"": true}, {""key"": ""first_serve_won_percent"", ""name"": ""1st Serve Points Won %"", ""raw"": 66.0, ""raw_display"": ""66.0%"", ""normalized"": 66.07, ""weight"": 0.2, ""weight_pct"": 20.0, ""min"": 51.2, ""max"": 73.6, ""lower_is_better"": false, ""is_percent"": true}, {""key"": ""second_serve_won_percent"", ""name"": ""2nd Serve Points Won %"", ""raw"": 46.2, ""raw_display"": ""46.2%"", ""normalized"": 46.83, ""weight"": 0.2, ""weight_pct"": 20.0, ""min"": 34.4, ""max"": 59.6, ""lower_is_better"": false, ""is_percent"": true}, {""key"": ""breakpoint_saved_percent"", ""name"": ""Break Points Saved %"", ""raw"": 53.1, ""raw_display"": ""53.1%"", ""normalized"": 60.12, ""weight"": 0.18, ""weight_pct"": 18.0, ""min"": 33.8, ""max"": 65.9, ""lower_is_better"": false, ""is_percent"": true}]}"
2026-07-26T05:36:16.130591Z,serve,Serve,49,Elisabetta Cocciaretto,327909,https://www.wtatennis.com/players/327909/elisabetta-cocciaretto,https://photoresources.wtatennis.com/wta/photo/2024/04/29/a85db770-1892-419b-bf18-3b7fc6f0be27/Cocciaretto-Torso_327909-WTA-Tennis.png,50.0,Aces,42,Double Faults,91,1st Serve %,63.2%,1st Serve Points Won %,65.6%,2nd Serve Points Won %,46.2%,Break Points Saved %,55.9%,"{""category"": ""serve"", ""player_rank"": 69, ""match_count"": 25, ""formula"": ""normalized_score = Σ(metric_norm × weight)"", ""metrics"": [{""key"": ""Aces"", ""name"": ""Aces"", ""raw"": 42.0, ""raw_display"": ""42"", ""normalized"": 13.64, ""weight"": 0.16, ""weight_pct"": 16.0, ""min"": 3.0, ""max"": 289.0, ""lower_is_better"": false, ""is_percent"": false}, {""key"": ""Double_Faults"", ""name"": ""Double Faults"", ""raw"": 91.0, ""raw_display"": ""91"", ""normalized"": 66.14, ""weight"": 0.12, ""weight_pct"": 12.0, ""min"": 6.0, ""max"": 257.0, ""lower_is_better"": true, ""is_percent"": false}, {""key"": ""first_serve_percent"", ""name"": ""1st Serve %"", ""raw"": 63.2, ""raw_display"": ""63.2%"", ""normalized"": 37.59, ""weight"": 0.14, ""weight_pct"": 14.0, ""min"": 52.9, ""max"": 80.3, ""lower_is_better"": false, ""is_percent"": true}, {""key"": ""first_serve_won_percent"", ""name"": ""1st Serve Points Won %"", ""raw"": 65.6, ""raw_display"": ""65.6%"", ""normalized"": 64.29, ""weight"": 0.2, ""weight_pct"": 20.0, ""min"": 51.2, ""max"": 73.6, ""lower_is_better"": false, ""is_percent"": true}, {""key"": ""second_serve_won_percent"", ""name"": ""2nd Serve Points Won %"", ""raw"": 46.2, ""raw_display"": ""46.2%"", ""normalized"": 46.83, ""weight"": 0.2, ""weight_pct"": 20.0, ""min"": 34.4, ""max"": 59.6, ""lower_is_better"": false, ""is_percent"": true}, {""key"": ""breakpoint_saved_percent"", ""name"": ""Break Points Saved %"", ""raw"": 55.9, ""raw_display"": ""55.9%"", ""normalized"": 68.85, ""weight"": 0.18, ""weight_pct"": 18.0, ""min"": 33.8, ""max"": 65.9, ""lower_is_better"": false, ""is_percent"": true}]}"
2026-07-26T05:36:16.130591Z,serve,Serve,50,Varvara Lepchenko,120420,https://www.wtatennis.com/players/120420/varvara-lepchenko,https://photoresources.wtatennis.com/wta/photo/2025/04/16/e28e3a0a-666a-4817-9d3d-be045c3c90d9/Lepchenko-Torso_120420.png,50.0,Aces,9,Double Faults,13,1st Serve %,62.1%,1st Serve Points Won %,66.9%,2nd Serve Points Won %,40.5%,Break Points Saved %,59.6%,"{""category"": ""serve"", ""player_rank"": 175, ""match_count"": 5, ""formula"": ""normalized_score = Σ(metric_norm × weight)"", ""metrics"": [{""key"": ""Aces"", ""name"": ""Aces"", ""raw"": 9.0, ""raw_display"": ""9"", ""normalized"": 2.1, ""weight"": 0.16, ""weight_pct"": 16.0, ""min"": 3.0, ""max"": 289.0, ""lower_is_better"": false, ""is_percent"": false}, {""key"": ""Double_Faults"", ""name"": ""Double Faults"", ""raw"": 13.0, ""raw_display"": ""13"", ""normalized"": 97.21, ""weight"": 0.12, ""weight_pct"": 12.0, ""min"": 6.0, ""max"": 257.0, ""lower_is_better"": true, ""is_percent"": false}, {""key"": ""first_serve_percent"", ""name"": ""1st Serve %"", ""raw"": 62.1, ""raw_display"": ""62.1%"", ""normalized"": 33.58, ""weight"": 0.14, ""weight_pct"": 14.0, ""min"": 52.9, ""max"": 80.3, ""lower_is_better"": false, ""is_percent"": true}, {""key"": ""first_serve_won_percent"", ""name"": ""1st Serve Points Won %"", ""raw"": 66.9, ""raw_display"": ""66.9%"", ""normalized"": 70.09, ""weight"": 0.2, ""weight_pct"": 20.0, ""min"": 51.2, ""max"": 73.6, ""lower_is_better"": false, ""is_percent"": true}, {""key"": ""second_serve_won_percent"", ""name"": ""2nd Serve Points Won %"", ""raw"": 40.5, ""raw_display"": ""40.5%"", ""normalized"": 24.21, ""weight"": 0.2, ""weight_pct"": 20.0, ""min"": 34.4, ""max"": 59.6, ""lower_is_better"": false, ""is_percent"": true}, {""key"": ""breakpoint_saved_percent"", ""name"": ""Break Points Saved %"", ""raw"": 59.6, ""raw_display"": ""59.6%"", ""normalized"": 80.37, ""weight"": 0.18, ""weight_pct"": 18.0, ""min"": 33.8, ""max"": 65.9, ""lower_is_better"": false, ""is_percent"": true}]}"
2026-07-26T05:36:16.130591Z,serve,Serve,51,Donna Vekic,318516,https://www.wtatennis.com/players/318516/donna-vekic,https://photoresources.wtatennis.com/wta/photo/2026/01/13/6bea7977-d8f9-4a94-9662-8404468e2485/Vekic-Torso_318516.png,49.8,Aces,69,Double Faults,75,1st Serve %,58.4%,1st Serve Points Won %,67.5%,2nd Serve Points Won %,44.1%,Break Points Saved %,55.9%,"{""category"": ""serve"", ""player_rank"": 36, ""match_count"": 19, ""formula"": ""normalized_score = Σ(metric_norm × weight)"", ""metrics"": [{""key"": ""Aces"", ""name"": ""Aces"", ""raw"": 69.0, ""raw_display"": ""69"", ""normalized"": 23.08, ""weight"": 0.16, ""weight_pct"": 16.0, ""min"": 3.0, ""max"": 289.0, ""lower_is_better"": false, ""is_percent"": false}, {""key"": ""Double_Faults"", ""name"": ""Double Faults"", ""raw"": 75.0, ""raw_display"": ""75"", ""normalized"": 72.51, ""weight"": 0.12, ""weight_pct"": 12.0, ""min"": 6.0, ""max"": 257.0, ""lower_is_better"": true, ""is_percent"": false}, {""key"": ""first_serve_percent"", ""name"": ""1st Serve %"", ""raw"": 58.4, ""raw_display"": ""58.4%"", ""normalized"": 20.07, ""weight"": 0.14, ""weight_pct"": 14.0, ""min"": 52.9, ""max"": 80.3, ""lower_is_better"": false, ""is_percent"": true}, {""key"": ""first_serve_won_percent"", ""name"": ""1st Serve Points Won %"", ""raw"": 67.5, ""raw_display"": ""67.5%"", ""normalized"": 72.77, ""weight"": 0.2, ""weight_pct"": 20.0, ""min"": 51.2, ""max"": 73.6, ""lower_is_better"": false, ""is_percent"": true}, {""key"": ""second_serve_won_percent"", ""name"": ""2nd Serve Points Won %"", ""raw"": 44.1, ""raw_display"": ""44.1%"", ""normalized"": 38.49, ""weight"": 0.2, ""weight_pct"": 20.0, ""min"": 34.4, ""max"": 59.6, ""lower_is_better"": false, ""is_percent"": true}, {""key"": ""breakpoint_saved_percent"", ""name"": ""Break Points Saved %"", ""raw"": 55.9, ""raw_display"": ""55.9%"", ""normalized"": 68.85, ""weight"": 0.18, ""weight_pct"": 18.0, ""min"": 33.8, ""max"": 65.9, ""lower_is_better"": false, ""is_percent"": true}]}"
2026-07-26T05:36:16.130591Z,serve,Serve,52,Lulu Sun,324576,https://www.wtatennis.com/players/324576/lulu-sun,https://photoresources.wtatennis.com/wta/photo/2025/05/08/fa690b2f-d3cb-4e22-8046-d8efce5a97fd/Sun-Torso_324576.png,49.5,Aces,18,Double Faults,17,1st Serve %,57.5%,1st Serve Points Won %,67.3%,2nd Serve Points Won %,42.3%,Break Points Saved %,59.1%,"{""category"": ""serve"", ""player_rank"": 115, ""match_count"": 5, ""formula"": ""normalized_score = Σ(metric_norm × weight)"", ""metrics"": [{""key"": ""Aces"", ""name"": ""Aces"", ""raw"": 18.0, ""raw_display"": ""18"", ""normalized"": 5.24, ""weight"": 0.16, ""weight_pct"": 16.0, ""min"": 3.0, ""max"": 289.0, ""lower_is_better"": false, ""is_percent"": false}, {""key"": ""Double_Faults"", ""name"": ""Double Faults"", ""raw"": 17.0, ""raw_display"": ""17"", ""normalized"": 95.62, ""weight"": 0.12, ""weight_pct"": 12.0, ""min"": 6.0, ""max"": 257.0, ""lower_is_better"": true, ""is_percent"": false}, {""key"": ""first_serve_percent"", ""name"": ""1st Serve %"", ""raw"": 57.5, ""raw_display"": ""57.5%"", ""normalized"": 16.79, ""weight"": 0.14, ""weight_pct"": 14.0, ""min"": 52.9, ""max"": 80.3, ""lower_is_better"": false, ""is_percent"": true}, {""key"": ""first_serve_won_percent"", ""name"": ""1st Serve Points Won %"", ""raw"": 67.3, ""raw_display"": ""67.3%"", ""normalized"": 71.88, ""weight"": 0.2, ""weight_pct"": 20.0, ""min"": 51.2, ""max"": 73.6, ""lower_is_better"": false, ""is_percent"": true}, {""key"": ""second_serve_won_percent"", ""name"": ""2nd Serve Points Won %"", ""raw"": 42.3, ""raw_display"": ""42.3%"", ""normalized"": 31.35, ""weight"": 0.2, ""weight_pct"": 20.0, ""min"": 34.4, ""max"": 59.6, ""lower_is_better"": false, ""is_percent"": true}, {""key"": ""breakpoint_saved_percent"", ""name"": ""Break Points Saved %"", ""raw"": 59.1, ""raw_display"": ""59.1%"", ""normalized"": 78.82, ""weight"": 0.18, ""weight_pct"": 18.0, ""min"": 33.8, ""max"": 65.9, ""lower_is_better"": false, ""is_percent"": true}]}"
2026-07-26T05:36:16.130591Z,serve,Serve,53,Jil Teichmann,320926,https://www.wtatennis.com/players/320926/jil-teichmann,https://photoresources.wtatennis.com/wta/photo/2023/06/05/15d87228-0729-4b2c-a0c9-f530c5daf836/Teichmann-Torso_320926.png,49.3,Aces,5,Double Faults,27,1st Serve %,67.6%,1st Serve Points Won %,58.9%,2nd Serve Points Won %,50.3%,Break Points Saved %,53.7%,"{""category"": ""serve"", ""player_rank"": 159, ""match_count"": 8, ""formula"": ""normalized_score = Σ(metric_norm × weight)"", ""metrics"": [{""key"": ""Aces"", ""name"": ""Aces"", ""raw"": 5.0, ""raw_display"": ""5"", ""normalized"": 0.7, ""weight"": 0.16, ""weight_pct"": 16.0, ""min"": 3.0, ""max"": 289.0, ""lower_is_better"": false, ""is_percent"": false}, {""key"": ""Double_Faults"", ""name"": ""Double Faults"", ""raw"": 27.0, ""raw_display"": ""27"", ""normalized"": 91.63, ""weight"": 0.12, ""weight_pct"": 12.0, ""min"": 6.0, ""max"": 257.0, ""lower_is_better"": true, ""is_percent"": false}, {""key"": ""first_serve_percent"", ""name"": ""1st Serve %"", ""raw"": 67.6, ""raw_display"": ""67.6%"", ""normalized"": 53.65, ""weight"": 0.14, ""weight_pct"": 14.0, ""min"": 52.9, ""max"": 80.3, ""lower_is_better"": false, ""is_percent"": true}, {""key"": ""first_serve_won_percent"", ""name"": ""1st Serve Points Won %"", ""raw"": 58.9, ""raw_display"": ""58.9%"", ""normalized"": 34.37, ""weight"": 0.2, ""weight_pct"": 20.0, ""min"": 51.2, ""max"": 73.6, ""lower_is_better"": false, ""is_percent"": true}, {""key"": ""second_serve_won_percent"", ""name"": ""2nd Serve Points Won %"", ""raw"": 50.3, ""raw_display"": ""50.3%"", ""normalized"": 63.1, ""weight"": 0.2, ""weight_pct"": 20.0, ""min"": 34.4, ""max"": 59.6, ""lower_is_better"": false, ""is_percent"": true}, {""key"": ""breakpoint_saved_percent"", ""name"": ""Break Points Saved %"", ""raw"": 53.7, ""raw_display"": ""53.7%"", ""normalized"": 61.99, ""weight"": 0.18, ""weight_pct"": 18.0, ""min"": 33.8, ""max"": 65.9, ""lower_is_better"": false, ""is_percent"": true}]}"
2026-07-26T05:36:16.130591Z,serve,Serve,54,Viktorija Golubic,316296,https://www.wtatennis.com/players/316296/viktorija-golubic,https://photoresources.wtatennis.com/wta/photo/2025/05/08/1129c55b-1dc2-49bc-a941-bcbeecb6d907/Golubic-Torso_316296.png,49.2,Aces,28,Double Faults,38,1st Serve %,69.4%,1st Serve Points Won %,58.3%,2nd Serve Points Won %,46.8%,Break Points Saved %,56.5%,"{""category"": ""serve"", ""player_rank"": 47, ""match_count"": 17, ""formula"": ""normalized_score = Σ(metric_norm × weight)"", ""metrics"": [{""key"": ""Aces"", ""name"": ""Aces"", ""raw"": 28.0, ""raw_display"": ""28"", ""normalized"": 8.74, ""weight"": 0.16, ""weight_pct"": 16.0, ""min"": 3.0, ""max"": 289.0, ""lower_is_better"": false, ""is_percent"": false}, {""key"": ""Double_Faults"", ""name"": ""Double Faults"", ""raw"": 38.0, ""raw_display"": ""38"", ""normalized"": 87.25, ""weight"": 0.12, ""weight_pct"": 12.0, ""min"": 6.0, ""max"": 257.0, ""lower_is_better"": true, ""is_percent"": false}, {""key"": ""first_serve_percent"", ""name"": ""1st Serve %"", ""raw"": 69.4, ""raw_display"": ""69.4%"", ""normalized"": 60.22, ""weight"": 0.14, ""weight_pct"": 14.0, ""min"": 52.9, ""max"": 80.3, ""lower_is_better"": false, ""is_percent"": true}, {""key"": ""first_serve_won_percent"", ""name"": ""1st Serve Points Won %"", ""raw"": 58.3, ""raw_display"": ""58.3%"", ""normalized"": 31.7, ""weight"": 0.2, ""weight_pct"": 20.0, ""min"": 51.2, ""max"": 73.6, ""lower_is_better"": false, ""is_percent"": true}, {""key"": ""second_serve_won_percent"", ""name"": ""2nd Serve Points Won %"", ""raw"": 46.8, ""raw_display"": ""46.8%"", ""normalized"": 49.21, ""weight"": 0.2, ""weight_pct"": 20.0, ""min"": 34.4, ""max"": 59.6, ""lower_is_better"": false, ""is_percent"": true}, {""key"": ""breakpoint_saved_percent"", ""name"": ""Break Points Saved %"", ""raw"": 56.5, ""raw_display"": ""56.5%"", ""normalized"": 70.72, ""weight"": 0.18, ""weight_pct"": 18.0, ""min"": 33.8, ""max"": 65.9, ""lower_is_better"": false, ""is_percent"": true}]}"
2026-07-26T05:36:16.130591Z,serve,Serve,55,Magdalena Frech,320277,https://www.wtatennis.com/players/320277/magdalena-frech,https://photoresources.wtatennis.com/wta/photo/2025/03/10/00dfd053-aa10-4522-a859-3b7f5ffa1aa5/Frech-Torso_320277.png,49.1,Aces,63,Double Faults,64,1st Serve %,62.0%,1st Serve Points Won %,64.4%,2nd Serve Points Won %,43.9%,Break Points Saved %,56.2%,"{""category"": ""serve"", ""player_rank"": 43, ""match_count"": 25, ""formula"": ""normalized_score = Σ(metric_norm × weight)"", ""metrics"": [{""key"": ""Aces"", ""name"": ""Aces"", ""raw"": 63.0, ""raw_display"": ""63"", ""normalized"": 20.98, ""weight"": 0.16, ""weight_pct"": 16.0, ""min"": 3.0, ""max"": 289.0, ""lower_is_better"": false, ""is_percent"": false}, {""key"": ""Double_Faults"", ""name"": ""Double Faults"", ""raw"": 64.0, ""raw_display"": ""64"", ""normalized"": 76.89, ""weight"": 0.12, ""weight_pct"": 12.0, ""min"": 6.0, ""max"": 257.0, ""lower_is_better"": true, ""is_percent"": false}, {""key"": ""first_serve_percent"", ""name"": ""1st Serve %"", ""raw"": 62.0, ""raw_display"": ""62.0%"", ""normalized"": 33.21, ""weight"": 0.14, ""weight_pct"": 14.0, ""min"": 52.9, ""max"": 80.3, ""lower_is_better"": false, ""is_percent"": true}, {""key"": ""first_serve_won_percent"", ""name"": ""1st Serve Points Won %"", ""raw"": 64.4, ""raw_display"": ""64.4%"", ""normalized"": 58.93, ""weight"": 0.2, ""weight_pct"": 20.0, ""min"": 51.2, ""max"": 73.6, ""lower_is_better"": false, ""is_percent"": true}, {""key"": ""second_serve_won_percent"", ""name"": ""2nd Serve Points Won %"", ""raw"": 43.9, ""raw_display"": ""43.9%"", ""normalized"": 37.7, ""weight"": 0.2, ""weight_pct"": 20.0, ""min"": 34.4, ""max"": 59.6, ""lower_is_better"": false, ""is_percent"": true}, {""key"": ""breakpoint_saved_percent"", ""name"": ""Break Points Saved %"", ""raw"": 56.2, ""raw_display"": ""56.2%"", ""normalized"": 69.78, ""weight"": 0.18, ""weight_pct"": 18.0, ""min"": 33.8, ""max"": 65.9, ""lower_is_better"": false, ""is_percent"": true}]}"
2026-07-26T05:36:16.130591Z,serve,Serve,56,Hanne Vandewinkel,331102,https://www.wtatennis.com/players/331102/hanne-vandewinkel,https://photoresources.wtatennis.com/wta/photo/2024/04/19/97fc72ae-e648-4cea-8333-efe47d0f7b69/331102.jpg,48.9,Aces,19,Double Faults,23,1st Serve %,67.2%,1st Serve Points Won %,62.5%,2nd Serve Points Won %,40.6%,Break Points Saved %,59.7%,"{""category"": ""serve"", ""player_rank"": 92, ""match_count"": 7, ""formula"": ""normalized_score = Σ(metric_norm × weight)"", ""metrics"": [{""key"": ""Aces"", ""name"": ""Aces"", ""raw"": 19.0, ""raw_display"": ""19"", ""normalized"": 5.59, ""weight"": 0.16, ""weight_pct"": 16.0, ""min"": 3.0, ""max"": 289.0, ""lower_is_better"": false, ""is_percent"": false}, {""key"": ""Double_Faults"", ""name"": ""Double Faults"", ""raw"": 23.0, ""raw_display"": ""23"", ""normalized"": 93.23, ""weight"": 0.12, ""weight_pct"": 12.0, ""min"": 6.0, ""max"": 257.0, ""lower_is_better"": true, ""is_percent"": false}, {""key"": ""first_serve_percent"", ""name"": ""1st Serve %"", ""raw"": 67.2, ""raw_display"": ""67.2%"", ""normalized"": 52.19, ""weight"": 0.14, ""weight_pct"": 14.0, ""min"": 52.9, ""max"": 80.3, ""lower_is_better"": false, ""is_percent"": true}, {""key"": ""first_serve_won_percent"", ""name"": ""1st Serve Points Won %"", ""raw"": 62.5, ""raw_display"": ""62.5%"", ""normalized"": 50.45, ""weight"": 0.2, ""weight_pct"": 20.0, ""min"": 51.2, ""max"": 73.6, ""lower_is_better"": false, ""is_percent"": true}, {""key"": ""second_serve_won_percent"", ""name"": ""2nd Serve Points Won %"", ""raw"": 40.6, ""raw_display"": ""40.6%"", ""normalized"": 24.6, ""weight"": 0.2, ""weight_pct"": 20.0, ""min"": 34.4, ""max"": 59.6, ""lower_is_better"": false, ""is_percent"": true}, {""key"": ""breakpoint_saved_percent"", ""name"": ""Break Points Saved %"", ""raw"": 59.7, ""raw_display"": ""59.7%"", ""normalized"": 80.69, ""weight"": 0.18, ""weight_pct"": 18.0, ""min"": 33.8, ""max"": 65.9, ""lower_is_better"": false, ""is_percent"": true}]}"
2026-07-26T05:36:16.130591Z,serve,Serve,57,Diana Shnaider,330482,https://www.wtatennis.com/players/330482/diana-shnaider,https://photoresources.wtatennis.com/wta/photo/2026/01/22/8dcada5f-938a-495f-8e7f-2f0c3cf442f5/Shnaider-Torso_330482.png,48.7,Aces,46,Double Faults,122,1st Serve %,65.5%,1st Serve Points Won %,63.0%,2nd Serve Points Won %,46.6%,Break Points Saved %,57.4%,"{""category"": ""serve"", ""player_rank"": 18, ""match_count"": 34, ""formula"": ""normalized_score = Σ(metric_norm × weight)"", ""metrics"": [{""key"": ""Aces"", ""name"": ""Aces"", ""raw"": 46.0, ""raw_display"": ""46"", ""normalized"": 15.03, ""weight"": 0.16, ""weight_pct"": 16.0, ""min"": 3.0, ""max"": 289.0, ""lower_is_better"": false, ""is_percent"": false}, {""key"": ""Double_Faults"", ""name"": ""Double Faults"", ""raw"": 122.0, ""raw_display"": ""122"", ""normalized"": 53.78, ""weight"": 0.12, ""weight_pct"": 12.0, ""min"": 6.0, ""max"": 257.0, ""lower_is_better"": true, ""is_percent"": false}, {""key"": ""first_serve_percent"", ""name"": ""1st Serve %"", ""raw"": 65.5, ""raw_display"": ""65.5%"", ""normalized"": 45.99, ""weight"": 0.14, ""weight_pct"": 14.0, ""min"": 52.9, ""max"": 80.3, ""lower_is_better"": false, ""is_percent"": true}, {""key"": ""first_serve_won_percent"", ""name"": ""1st Serve Points Won %"", ""raw"": 63.0, ""raw_display"": ""63.0%"", ""normalized"": 52.68, ""weight"": 0.2, ""weight_pct"": 20.0, ""min"": 51.2, ""max"": 73.6, ""lower_is_better"": false, ""is_percent"": true}, {""key"": ""second_serve_won_percent"", ""name"": ""2nd Serve Points Won %"", ""raw"": 46.6, ""raw_display"": ""46.6%"", ""normalized"": 48.41, ""weight"": 0.2, ""weight_pct"": 20.0, ""min"": 34.4, ""max"": 59.6, ""lower_is_better"": false, ""is_percent"": true}, {""key"": ""breakpoint_saved_percent"", ""name"": ""Break Points Saved %"", ""raw"": 57.4, ""raw_display"": ""57.4%"", ""normalized"": 73.52, ""weight"": 0.18, ""weight_pct"": 18.0, ""min"": 33.8, ""max"": 65.9, ""lower_is_better"": false, ""is_percent"": true}]}"
2026-07-26T05:36:16.130591Z,serve,Serve,58,Emma Raducanu,328366,https://www.wtatennis.com/players/328366/emma-raducanu,https://photoresources.wtatennis.com/wta/photo/2024/05/01/e55c6095-bd04-4904-98be-a7911f3bc918/Raducanu-Torso_328366-WTA-Tennis.png,48.7,Aces,35,Double Faults,71,1st Serve %,66.7%,1st Serve Points Won %,61.8%,2nd Serve Points Won %,44.0%,Break Points Saved %,58.5%,"{""category"": ""serve"", ""player_rank"": 37, ""match_count"": 22, ""formula"": ""normalized_score = Σ(metric_norm × weight)"", ""metrics"": [{""key"": ""Aces"", ""name"": ""Aces"", ""raw"": 35.0, ""raw_display"": ""35"", ""normalized"": 11.19, ""weight"": 0.16, ""weight_pct"": 16.0, ""min"": 3.0, ""max"": 289.0, ""lower_is_better"": false, ""is_percent"": false}, {""key"": ""Double_Faults"", ""name"": ""Double Faults"", ""raw"": 71.0, ""raw_display"": ""71"", ""normalized"": 74.1, ""weight"": 0.12, ""weight_pct"": 12.0, ""min"": 6.0, ""max"": 257.0, ""lower_is_better"": true, ""is_percent"": false}, {""key"": ""first_serve_percent"", ""name"": ""1st Serve %"", ""raw"": 66.7, ""raw_display"": ""66.7%"", ""normalized"": 50.36, ""weight"": 0.14, ""weight_pct"": 14.0, ""min"": 52.9, ""max"": 80.3, ""lower_is_better"": false, ""is_percent"": true}, {""key"": ""first_serve_won_percent"", ""name"": ""1st Serve Points Won %"", ""raw"": 61.8, ""raw_display"": ""61.8%"", ""normalized"": 47.32, ""weight"": 0.2, ""weight_pct"": 20.0, ""min"": 51.2, ""max"": 73.6, ""lower_is_better"": false, ""is_percent"": true}, {""key"": ""second_serve_won_percent"", ""name"": ""2nd Serve Points Won %"", ""raw"": 44.0, ""raw_display"": ""44.0%"", ""normalized"": 38.1, ""weight"": 0.2, ""weight_pct"": 20.0, ""min"": 34.4, ""max"": 59.6, ""lower_is_better"": false, ""is_percent"": true}, {""key"": ""breakpoint_saved_percent"", ""name"": ""Break Points Saved %"", ""raw"": 58.5, ""raw_display"": ""58.5%"", ""normalized"": 76.95, ""weight"": 0.18, ""weight_pct"": 18.0, ""min"": 33.8, ""max"": 65.9, ""lower_is_better"": false, ""is_percent"": true}]}"
2026-07-26T05:36:16.130591Z,serve,Serve,59,Rebeka Masarova,322087,https://www.wtatennis.com/players/322087/rebeka-masarova,https://photoresources.wtatennis.com/wta/photo/2025/03/10/c1a4435f-9f93-48e6-90e2-4794c72ecd55/Masarova-Torso_322087.png,48.6,Aces,50,Double Faults,52,1st Serve %,61.1%,1st Serve Points Won %,71.6%,2nd Serve Points Won %,39.0%,Break Points Saved %,51.8%,"{""category"": ""serve"", ""player_rank"": 162, ""match_count"": 11, ""formula"": ""normalized_score = Σ(metric_norm × weight)"", ""metrics"": [{""key"": ""Aces"", ""name"": ""Aces"", ""raw"": 50.0, ""raw_display"": ""50"", ""normalized"": 16.43, ""weight"": 0.16, ""weight_pct"": 16.0, ""min"": 3.0, ""max"": 289.0, ""lower_is_better"": false, ""is_percent"": false}, {""key"": ""Double_Faults"", ""name"": ""Double Faults"", ""raw"": 52.0, ""raw_display"": ""52"", ""normalized"": 81.67, ""weight"": 0.12, ""weight_pct"": 12.0, ""min"": 6.0, ""max"": 257.0, ""lower_is_better"": true, ""is_percent"": false}, {""key"": ""first_serve_percent"", ""name"": ""1st Serve %"", ""raw"": 61.1, ""raw_display"": ""61.1%"", ""normalized"": 29.93, ""weight"": 0.14, ""weight_pct"": 14.0, ""min"": 52.9, ""max"": 80.3, ""lower_is_better"": false, ""is_percent"": true}, {""key"": ""first_serve_won_percent"", ""name"": ""1st Serve Points Won %"", ""raw"": 71.6, ""raw_display"": ""71.6%"", ""normalized"": 91.07, ""weight"": 0.2, ""weight_pct"": 20.0, ""min"": 51.2, ""max"": 73.6, ""lower_is_better"": false, ""is_percent"": true}, {""key"": ""second_serve_won_percent"", ""name"": ""2nd Serve Points Won %"", ""raw"": 39.0, ""raw_display"": ""39.0%"", ""normalized"": 18.25, ""weight"": 0.2, ""weight_pct"": 20.0, ""min"": 34.4, ""max"": 59.6, ""lower_is_better"": false, ""is_percent"": true}, {""key"": ""breakpoint_saved_percent"", ""name"": ""Break Points Saved %"", ""raw"": 51.8, ""raw_display"": ""51.8%"", ""normalized"": 56.07, ""weight"": 0.18, ""weight_pct"": 18.0, ""min"": 33.8, ""max"": 65.9, ""lower_is_better"": false, ""is_percent"": true}]}"
2026-07-26T05:36:16.130591Z,serve,Serve,60,Ekaterina Alexandrova,319007,https://www.wtatennis.com/players/319007/ekaterina-alexandrova,https://photoresources.wtatennis.com/wta/photo/2026/02/10/55299bba-3d02-40a7-873f-9d8f008f904e/Alexandrova-Torso_319007.png,48.2,Aces,124,Double Faults,110,1st Serve %,59.0%,1st Serve Points Won %,66.2%,2nd Serve Points Won %,44.3%,Break Points Saved %,51.7%,"{""category"": ""serve"", ""player_rank"": 19, ""match_count"": 28, ""formula"": ""normalized_score = Σ(metric_norm × weight)"", ""metrics"": [{""key"": ""Aces"", ""name"": ""Aces"", ""raw"": 124.0, ""raw_display"": ""124"", ""normalized"": 42.31, ""weight"": 0.16, ""weight_pct"": 16.0, ""min"": 3.0, ""max"": 289.0, ""lower_is_better"": false, ""is_percent"": false}, {""key"": ""Double_Faults"", ""name"": ""Double Faults"", ""raw"": 110.0, ""raw_display"": ""110"", ""normalized"": 58.57, ""weight"": 0.12, ""weight_pct"": 12.0, ""min"": 6.0, ""max"": 257.0, ""lower_is_better"": true, ""is_percent"": false}, {""key"": ""first_serve_percent"", ""name"": ""1st Serve %"", ""raw"": 59.0, ""raw_display"": ""59.0%"", ""normalized"": 22.26, ""weight"": 0.14, ""weight_pct"": 14.0, ""min"": 52.9, ""max"": 80.3, ""lower_is_better"": false, ""is_percent"": true}, {""key"": ""first_serve_won_percent"", ""name"": ""1st Serve Points Won %"", ""raw"": 66.2, ""raw_display"": ""66.2%"", ""normalized"": 66.96, ""weight"": 0.2, ""weight_pct"": 20.0, ""min"": 51.2, ""max"": 73.6, ""lower_is_better"": false, ""is_percent"": true}, {""key"": ""second_serve_won_percent"", ""name"": ""2nd Serve Points Won %"", ""raw"": 44.3, ""raw_display"": ""44.3%"", ""normalized"": 39.29, ""weight"": 0.2, ""weight_pct"": 20.0, ""min"": 34.4, ""max"": 59.6, ""lower_is_better"": false, ""is_percent"": true}, {""key"": ""breakpoint_saved_percent"", ""name"": ""Break Points Saved %"", ""raw"": 51.7, ""raw_display"": ""51.7%"", ""normalized"": 55.76, ""weight"": 0.18, ""weight_pct"": 18.0, ""min"": 33.8, ""max"": 65.9, ""lower_is_better"": false, ""is_percent"": true}]}"
2026-07-26T05:36:16.130591Z,serve,Serve,61,Katie Volynets,327391,https://www.wtatennis.com/players/327391/katie-volynets,https://photoresources.wtatennis.com/wta/photo/2025/03/10/a134d9aa-293e-48d1-8c33-f4d83e6291ed/Volynets-Torso_327391.png,48.2,Aces,26,Double Faults,26,1st Serve %,76.1%,1st Serve Points Won %,57.6%,2nd Serve Points Won %,44.2%,Break Points Saved %,52.5%,"{""category"": ""serve"", ""player_rank"": 95, ""match_count"": 20, ""formula"": ""normalized_score = Σ(metric_norm × weight)"", ""metrics"": [{""key"": ""Aces"", ""name"": ""Aces"", ""raw"": 26.0, ""raw_display"": ""26"", ""normalized"": 8.04, ""weight"": 0.16, ""weight_pct"": 16.0, ""min"": 3.0, ""max"": 289.0, ""lower_is_better"": false, ""is_percent"": false}, {""key"": ""Double_Faults"", ""name"": ""Double Faults"", ""raw"": 26.0, ""raw_display"": ""26"", ""normalized"": 92.03, ""weight"": 0.12, ""weight_pct"": 12.0, ""min"": 6.0, ""max"": 257.0, ""lower_is_better"": true, ""is_percent"": false}, {""key"": ""first_serve_percent"", ""name"": ""1st Serve %"", ""raw"": 76.1, ""raw_display"": ""76.1%"", ""normalized"": 84.67, ""weight"": 0.14, ""weight_pct"": 14.0, ""min"": 52.9, ""max"": 80.3, ""lower_is_better"": false, ""is_percent"": true}, {""key"": ""first_serve_won_percent"", ""name"": ""1st Serve Points Won %"", ""raw"": 57.6, ""raw_display"": ""57.6%"", ""normalized"": 28.57, ""weight"": 0.2, ""weight_pct"": 20.0, ""min"": 51.2, ""max"": 73.6, ""lower_is_better"": false, ""is_percent"": true}, {""key"": ""second_serve_won_percent"", ""name"": ""2nd Serve Points Won %"", ""raw"": 44.2, ""raw_display"": ""44.2%"", ""normalized"": 38.89, ""weight"": 0.2, ""weight_pct"": 20.0, ""min"": 34.4, ""max"": 59.6, ""lower_is_better"": false, ""is_percent"": true}, {""key"": ""breakpoint_saved_percent"", ""name"": ""Break Points Saved %"", ""raw"": 52.5, ""raw_display"": ""52.5%"", ""normalized"": 58.26, ""weight"": 0.18, ""weight_pct"": 18.0, ""min"": 33.8, ""max"": 65.9, ""lower_is_better"": false, ""is_percent"": true}]}"
2026-07-26T05:36:16.130591Z,serve,Serve,62,Camila Osorio,325898,https://www.wtatennis.com/players/325898/camila-osorio,https://photoresources.wtatennis.com/wta/photo/2024/05/01/382e5e4e-0095-458c-bd81-3d103caa1c5f/Osorio-Torso_325898-WTA-Tennis.png,48.0,Aces,37,Double Faults,142,1st Serve %,65.2%,1st Serve Points Won %,62.9%,2nd Serve Points Won %,45.2%,Break Points Saved %,61.0%,"{""category"": ""serve"", ""player_rank"": 52, ""match_count"": 25, ""formula"": ""normalized_score = Σ(metric_norm × weight)"", ""metrics"": [{""key"": ""Aces"", ""name"": ""Aces"", ""raw"": 37.0, ""raw_display"": ""37"", ""normalized"": 11.89, ""weight"": 0.16, ""weight_pct"": 16.0, ""min"": 3.0, ""max"": 289.0, ""lower_is_better"": false, ""is_percent"": false}, {""key"": ""Double_Faults"", ""name"": ""Double Faults"", ""raw"": 142.0, ""raw_display"": ""142"", ""normalized"": 45.82, ""weight"": 0.12, ""weight_pct"": 12.0, ""min"": 6.0, ""max"": 257.0, ""lower_is_better"": true, ""is_percent"": false}, {""key"": ""first_serve_percent"", ""name"": ""1st Serve %"", ""raw"": 65.2, ""raw_display"": ""65.2%"", ""normalized"": 44.89, ""weight"": 0.14, ""weight_pct"": 14.0, ""min"": 52.9, ""max"": 80.3, ""lower_is_better"": false, ""is_percent"": true}, {""key"": ""first_serve_won_percent"", ""name"": ""1st Serve Points Won %"", ""raw"": 62.9, ""raw_display"": ""62.9%"", ""normalized"": 52.23, ""weight"": 0.2, ""weight_pct"": 20.0, ""min"": 51.2, ""max"": 73.6, ""lower_is_better"": false, ""is_percent"": true}, {""key"": ""second_serve_won_percent"", ""name"": ""2nd Serve Points Won %"", ""raw"": 45.2, ""raw_display"": ""45.2%"", ""normalized"": 42.86, ""weight"": 0.2, ""weight_pct"": 20.0, ""min"": 34.4, ""max"": 59.6, ""lower_is_better"": false, ""is_percent"": true}, {""key"": ""breakpoint_saved_percent"", ""name"": ""Break Points Saved %"", ""raw"": 61.0, ""raw_display"": ""61.0%"", ""normalized"": 84.74, ""weight"": 0.18, ""weight_pct"": 18.0, ""min"": 33.8, ""max"": 65.9, ""lower_is_better"": false, ""is_percent"": true}]}"
2026-07-26T05:36:16.130591Z,serve,Serve,63,Lilli Tagger,332150,https://www.wtatennis.com/players/332150/lilli-tagger,,47.9,Aces,40,Double Faults,37,1st Serve %,67.9%,1st Serve Points Won %,65.6%,2nd Serve Points Won %,43.9%,Break Points Saved %,46.8%,"{""category"": ""serve"", ""player_rank"": 74, ""match_count"": 13, ""formula"": ""normalized_score = Σ(metric_norm × weight)"", ""metrics"": [{""key"": ""Aces"", ""name"": ""Aces"", ""raw"": 40.0, ""raw_display"": ""40"", ""normalized"": 12.94, ""weight"": 0.16, ""weight_pct"": 16.0, ""min"": 3.0, ""max"": 289.0, ""lower_is_better"": false, ""is_percent"": false}, {""key"": ""Double_Faults"", ""name"": ""Double Faults"", ""raw"": 37.0, ""raw_display"": ""37"", ""normalized"": 87.65, ""weight"": 0.12, ""weight_pct"": 12.0, ""min"": 6.0, ""max"": 257.0, ""lower_is_better"": true, ""is_percent"": false}, {""key"": ""first_serve_percent"", ""name"": ""1st Serve %"", ""raw"": 67.9, ""raw_display"": ""67.9%"", ""normalized"": 54.74, ""weight"": 0.14, ""weight_pct"": 14.0, ""min"": 52.9, ""max"": 80.3, ""lower_is_better"": false, ""is_percent"": true}, {""key"": ""first_serve_won_percent"", ""name"": ""1st Serve Points Won %"", ""raw"": 65.6, ""raw_display"": ""65.6%"", ""normalized"": 64.29, ""weight"": 0.2, ""weight_pct"": 20.0, ""min"": 51.2, ""max"": 73.6, ""lower_is_better"": false, ""is_percent"": true}, {""key"": ""second_serve_won_percent"", ""name"": ""2nd Serve Points Won %"", ""raw"": 43.9, ""raw_display"": ""43.9%"", ""normalized"": 37.7, ""weight"": 0.2, ""weight_pct"": 20.0, ""min"": 34.4, ""max"": 59.6, ""lower_is_better"": false, ""is_percent"": true}, {""key"": ""breakpoint_saved_percent"", ""name"": ""Break Points Saved %"", ""raw"": 46.8, ""raw_display"": ""46.8%"", ""normalized"": 40.5, ""weight"": 0.18, ""weight_pct"": 18.0, ""min"": 33.8, ""max"": 65.9, ""lower_is_better"": false, ""is_percent"": true}]}"
2026-07-26T05:36:16.130591Z,serve,Serve,64,Janice Tjen,328818,https://www.wtatennis.com/players/328818/janice-tjen,https://photoresources.wtatennis.com/wta/photo/2025/09/12/7b10d944-24c0-4ec9-9020-8f001155ea4d/Tjen-Torso_328818.png,47.8,Aces,85,Double Faults,92,1st Serve %,60.3%,1st Serve Points Won %,65.6%,2nd Serve Points Won %,44.5%,Break Points Saved %,52.9%,"{""category"": ""serve"", ""player_rank"": 38, ""match_count"": 26, ""formula"": ""normalized_score = Σ(metric_norm × weight)"", ""metrics"": [{""key"": ""Aces"", ""name"": ""Aces"", ""raw"": 85.0, ""raw_display"": ""85"", ""normalized"": 28.67, ""weight"": 0.16, ""weight_pct"": 16.0, ""min"": 3.0, ""max"": 289.0, ""lower_is_better"": false, ""is_percent"": false}, {""key"": ""Double_Faults"", ""name"": ""Double Faults"", ""raw"": 92.0, ""raw_display"": ""92"", ""normalized"": 65.74, ""weight"": 0.12, ""weight_pct"": 12.0, ""min"": 6.0, ""max"": 257.0, ""lower_is_better"": true, ""is_percent"": false}, {""key"": ""first_serve_percent"", ""name"": ""1st Serve %"", ""raw"": 60.3, ""raw_display"": ""60.3%"", ""normalized"": 27.01, ""weight"": 0.14, ""weight_pct"": 14.0, ""min"": 52.9, ""max"": 80.3, ""lower_is_better"": false, ""is_percent"": true}, {""key"": ""first_serve_won_percent"", ""name"": ""1st Serve Points Won %"", ""raw"": 65.6, ""raw_display"": ""65.6%"", ""normalized"": 64.29, ""weight"": 0.2, ""weight_pct"": 20.0, ""min"": 51.2, ""max"": 73.6, ""lower_is_better"": false, ""is_percent"": true}, {""key"": ""second_serve_won_percent"", ""name"": ""2nd Serve Points Won %"", ""raw"": 44.5, ""raw_display"": ""44.5%"", ""normalized"": 40.08, ""weight"": 0.2, ""weight_pct"": 20.0, ""min"": 34.4, ""max"": 59.6, ""lower_is_better"": false, ""is_percent"": true}, {""key"": ""breakpoint_saved_percent"", ""name"": ""Break Points Saved %"", ""raw"": 52.9, ""raw_display"": ""52.9%"", ""normalized"": 59.5, ""weight"": 0.18, ""weight_pct"": 18.0, ""min"": 33.8, ""max"": 65.9, ""lower_is_better"": false, ""is_percent"": true}]}"
2026-07-26T05:36:16.130591Z,serve,Serve,65,Daria Snigur,327845,https://www.wtatennis.com/players/327845/daria-snigur,https://photoresources.wtatennis.com/wta/photo/2022/10/11/b4842f7a-e73b-4f6a-b22e-79c11c6b558c/Snigur_Crop.jpg,47.8,Aces,15,Double Faults,41,1st Serve %,73.6%,1st Serve Points Won %,60.7%,2nd Serve Points Won %,41.5%,Break Points Saved %,55.4%,"{""category"": ""serve"", ""player_rank"": 54, ""match_count"": 15, ""formula"": ""normalized_score = Σ(metric_norm × weight)"", ""metrics"": [{""key"": ""Aces"", ""name"": ""Aces"", ""raw"": 15.0, ""raw_display"": ""15"", ""normalized"": 4.2, ""weight"": 0.16, ""weight_pct"": 16.0, ""min"": 3.0, ""max"": 289.0, ""lower_is_better"": false, ""is_percent"": false}, {""key"": ""Double_Faults"", ""name"": ""Double Faults"", ""raw"": 41.0, ""raw_display"": ""41"", ""normalized"": 86.06, ""weight"": 0.12, ""weight_pct"": 12.0, ""min"": 6.0, ""max"": 257.0, ""lower_is_better"": true, ""is_percent"": false}, {""key"": ""first_serve_percent"", ""name"": ""1st Serve %"", ""raw"": 73.6, ""raw_display"": ""73.6%"", ""normalized"": 75.55, ""weight"": 0.14, ""weight_pct"": 14.0, ""min"": 52.9, ""max"": 80.3, ""lower_is_better"": false, ""is_percent"": true}, {""key"": ""first_serve_won_percent"", ""name"": ""1st Serve Points Won %"", ""raw"": 60.7, ""raw_display"": ""60.7%"", ""normalized"": 42.41, ""weight"": 0.2, ""weight_pct"": 20.0, ""min"": 51.2, ""max"": 73.6, ""lower_is_better"": false, ""is_percent"": true}, {""key"": ""second_serve_won_percent"", ""name"": ""2nd Serve Points Won %"", ""raw"": 41.5, ""raw_display"": ""41.5%"", ""normalized"": 28.17, ""weight"": 0.2, ""weight_pct"": 20.0, ""min"": 34.4, ""max"": 59.6, ""lower_is_better"": false, ""is_percent"": true}, {""key"": ""breakpoint_saved_percent"", ""name"": ""Break Points Saved %"", ""raw"": 55.4, ""raw_display"": ""55.4%"", ""normalized"": 67.29, ""weight"": 0.18, ""weight_pct"": 18.0, ""min"": 33.8, ""max"": 65.9, ""lower_is_better"": false, ""is_percent"": true}]}"
2026-07-26T05:36:16.130591Z,serve,Serve,66,Storm Hunter,317810,https://www.wtatennis.com/players/317810,,47.8,Aces,7,Double Faults,22,1st Serve %,64.9%,1st Serve Points Won %,61.3%,2nd Serve Points Won %,44.1%,Break Points Saved %,57.8%,"{""category"": ""serve"", ""player_rank"": 174, ""match_count"": 5, ""formula"": ""normalized_score = Σ(metric_norm × weight)"", ""metrics"": [{""key"": ""Aces"", ""name"": ""Aces"", ""raw"": 7.0, ""raw_display"": ""7"", ""normalized"": 1.4, ""weight"": 0.16, ""weight_pct"": 16.0, ""min"": 3.0, ""max"": 289.0, ""lower_is_better"": false, ""is_percent"": false}, {""key"": ""Double_Faults"", ""name"": ""Double Faults"", ""raw"": 22.0, ""raw_display"": ""22"", ""normalized"": 93.63, ""weight"": 0.12, ""weight_pct"": 12.0, ""min"": 6.0, ""max"": 257.0, ""lower_is_better"": true, ""is_percent"": false}, {""key"": ""first_serve_percent"", ""name"": ""1st Serve %"", ""raw"": 64.9, ""raw_display"": ""64.9%"", ""normalized"": 43.8, ""weight"": 0.14, ""weight_pct"": 14.0, ""min"": 52.9, ""max"": 80.3, ""lower_is_better"": false, ""is_percent"": true}, {""key"": ""first_serve_won_percent"", ""name"": ""1st Serve Points Won %"", ""raw"": 61.3, ""raw_display"": ""61.3%"", ""normalized"": 45.09, ""weight"": 0.2, ""weight_pct"": 20.0, ""min"": 51.2, ""max"": 73.6, ""lower_is_better"": false, ""is_percent"": true}, {""key"": ""second_serve_won_percent"", ""name"": ""2nd Serve Points Won %"", ""raw"": 44.1, ""raw_display"": ""44.1%"", ""normalized"": 38.49, ""weight"": 0.2, ""weight_pct"": 20.0, ""min"": 34.4, ""max"": 59.6, ""lower_is_better"": false, ""is_percent"": true}, {""key"": ""breakpoint_saved_percent"", ""name"": ""Break Points Saved %"", ""raw"": 57.8, ""raw_display"": ""57.8%"", ""normalized"": 74.77, ""weight"": 0.18, ""weight_pct"": 18.0, ""min"": 33.8, ""max"": 65.9, ""lower_is_better"": false, ""is_percent"": true}]}"
2026-07-26T05:36:16.130591Z,serve,Serve,67,Renata Zarazua,320716,https://www.wtatennis.com/players/320716/renata-zarazua,https://photoresources.wtatennis.com/wta/photo/2024/01/02/aef0cf2d-949c-4894-8f8b-e770b5aa84c5/320716.jpg,47.7,Aces,5,Double Faults,21,1st Serve %,75.0%,1st Serve Points Won %,55.3%,2nd Serve Points Won %,45.9%,Break Points Saved %,55.6%,"{""category"": ""serve"", ""player_rank"": 85, ""match_count"": 15, ""formula"": ""normalized_score = Σ(metric_norm × weight)"", ""metrics"": [{""key"": ""Aces"", ""name"": ""Aces"", ""raw"": 5.0, ""raw_display"": ""5"", ""normalized"": 0.7, ""weight"": 0.16, ""weight_pct"": 16.0, ""min"": 3.0, ""max"": 289.0, ""lower_is_better"": false, ""is_percent"": false}, {""key"": ""Double_Faults"", ""name"": ""Double Faults"", ""raw"": 21.0, ""raw_display"": ""21"", ""normalized"": 94.02, ""weight"": 0.12, ""weight_pct"": 12.0, ""min"": 6.0, ""max"": 257.0, ""lower_is_better"": true, ""is_percent"": false}, {""key"": ""first_serve_percent"", ""name"": ""1st Serve %"", ""raw"": 75.0, ""raw_display"": ""75.0%"", ""normalized"": 80.66, ""weight"": 0.14, ""weight_pct"": 14.0, ""min"": 52.9, ""max"": 80.3, ""lower_is_better"": false, ""is_percent"": true}, {""key"": ""first_serve_won_percent"", ""name"": ""1st Serve Points Won %"", ""raw"": 55.3, ""raw_display"": ""55.3%"", ""normalized"": 18.3, ""weight"": 0.2, ""weight_pct"": 20.0, ""min"": 51.2, ""max"": 73.6, ""lower_is_better"": false, ""is_percent"": true}, {""key"": ""second_serve_won_percent"", ""name"": ""2nd Serve Points Won %"", ""raw"": 45.9, ""raw_display"": ""45.9%"", ""normalized"": 45.63, ""weight"": 0.2, ""weight_pct"": 20.0, ""min"": 34.4, ""max"": 59.6, ""lower_is_better"": false, ""is_percent"": true}, {""key"": ""breakpoint_saved_percent"", ""name"": ""Break Points Saved %"", ""raw"": 55.6, ""raw_display"": ""55.6%"", ""normalized"": 67.91, ""weight"": 0.18, ""weight_pct"": 18.0, ""min"": 33.8, ""max"": 65.9, ""lower_is_better"": false, ""is_percent"": true}]}"
2026-07-26T05:36:16.130591Z,serve,Serve,68,Elvina Kalieva,327834,https://www.wtatennis.com/players/327834/elvina-kalieva,,47.6,Aces,19,Double Faults,28,1st Serve %,58.3%,1st Serve Points Won %,64.6%,2nd Serve Points Won %,43.9%,Break Points Saved %,57.8%,"{""category"": ""serve"", ""player_rank"": 138, ""match_count"": 5, ""formula"": ""normalized_score = Σ(metric_norm × weight)"", ""metrics"": [{""key"": ""Aces"", ""name"": ""Aces"", ""raw"": 19.0, ""raw_display"": ""19"", ""normalized"": 5.59, ""weight"": 0.16, ""weight_pct"": 16.0, ""min"": 3.0, ""max"": 289.0, ""lower_is_better"": false, ""is_percent"": false}, {""key"": ""Double_Faults"", ""name"": ""Double Faults"", ""raw"": 28.0, ""raw_display"": ""28"", ""normalized"": 91.24, ""weight"": 0.12, ""weight_pct"": 12.0, ""min"": 6.0, ""max"": 257.0, ""lower_is_better"": true, ""is_percent"": false}, {""key"": ""first_serve_percent"", ""name"": ""1st Serve %"", ""raw"": 58.3, ""raw_display"": ""58.3%"", ""normalized"": 19.71, ""weight"": 0.14, ""weight_pct"": 14.0, ""min"": 52.9, ""max"": 80.3, ""lower_is_better"": false, ""is_percent"": true}, {""key"": ""first_serve_won_percent"", ""name"": ""1st Serve Points Won %"", ""raw"": 64.6, ""raw_display"": ""64.6%"", ""normalized"": 59.82, ""weight"": 0.2, ""weight_pct"": 20.0, ""min"": 51.2, ""max"": 73.6, ""lower_is_better"": false, ""is_percent"": true}, {""key"": ""second_serve_won_percent"", ""name"": ""2nd Serve Points Won %"", ""raw"": 43.9, ""raw_display"": ""43.9%"", ""normalized"": 37.7, ""weight"": 0.2, ""weight_pct"": 20.0, ""min"": 34.4, ""max"": 59.6, ""lower_is_better"": false, ""is_percent"": true}, {""key"": ""breakpoint_saved_percent"", ""name"": ""Break Points Saved %"", ""raw"": 57.8, ""raw_display"": ""57.8%"", ""normalized"": 74.77, ""weight"": 0.18, ""weight_pct"": 18.0, ""min"": 33.8, ""max"": 65.9, ""lower_is_better"": false, ""is_percent"": true}]}"
2026-07-26T05:36:16.130591Z,serve,Serve,69,Jaqueline Cristian,320319,https://www.wtatennis.com/players/320319/jaqueline-cristian,https://photoresources.wtatennis.com/wta/photo/2025/04/16/46bc064d-4853-465a-8cd0-b0e3d6ee5c36/Cristian-Torso_320319.png,47.5,Aces,94,Double Faults,115,1st Serve %,62.0%,1st Serve Points Won %,63.0%,2nd Serve Points Won %,45.3%,Break Points Saved %,54.9%,"{""category"": ""serve"", ""player_rank"": 41, ""match_count"": 31, ""formula"": ""normalized_score = Σ(metric_norm × weight)"", ""metrics"": [{""key"": ""Aces"", ""name"": ""Aces"", ""raw"": 94.0, ""raw_display"": ""94"", ""normalized"": 31.82, ""weight"": 0.16, ""weight_pct"": 16.0, ""min"": 3.0, ""max"": 289.0, ""lower_is_better"": false, ""is_percent"": false}, {""key"": ""Double_Faults"", ""name"": ""Double Faults"", ""raw"": 115.0, ""raw_display"": ""115"", ""normalized"": 56.57, ""weight"": 0.12, ""weight_pct"": 12.0, ""min"": 6.0, ""max"": 257.0, ""lower_is_better"": true, ""is_percent"": false}, {""key"": ""first_serve_percent"", ""name"": ""1st Serve %"", ""raw"": 62.0, ""raw_display"": ""62.0%"", ""normalized"": 33.21, ""weight"": 0.14, ""weight_pct"": 14.0, ""min"": 52.9, ""max"": 80.3, ""lower_is_better"": false, ""is_percent"": true}, {""key"": ""first_serve_won_percent"", ""name"": ""1st Serve Points Won %"", ""raw"": 63.0, ""raw_display"": ""63.0%"", ""normalized"": 52.68, ""weight"": 0.2, ""weight_pct"": 20.0, ""min"": 51.2, ""max"": 73.6, ""lower_is_better"": false, ""is_percent"": true}, {""key"": ""second_serve_won_percent"", ""name"": ""2nd Serve Points Won %"", ""raw"": 45.3, ""raw_display"": ""45.3%"", ""normalized"": 43.25, ""weight"": 0.2, ""weight_pct"": 20.0, ""min"": 34.4, ""max"": 59.6, ""lower_is_better"": false, ""is_percent"": true}, {""key"": ""breakpoint_saved_percent"", ""name"": ""Break Points Saved %"", ""raw"": 54.9, ""raw_display"": ""54.9%"", ""normalized"": 65.73, ""weight"": 0.18, ""weight_pct"": 18.0, ""min"": 33.8, ""max"": 65.9, ""lower_is_better"": false, ""is_percent"": true}]}"
2026-07-26T05:36:16.130591Z,serve,Serve,70,Tyra Caterina Grant,333121,https://www.wtatennis.com/players/333121,,47.3,Aces,17,Double Faults,35,1st Serve %,60.7%,1st Serve Points Won %,70.4%,2nd Serve Points Won %,45.0%,Break Points Saved %,45.2%,"{""category"": ""serve"", ""player_rank"": 148, ""match_count"": 6, ""formula"": ""normalized_score = Σ(metric_norm × weight)"", ""metrics"": [{""key"": ""Aces"", ""name"": ""Aces"", ""raw"": 17.0, ""raw_display"": ""17"", ""normalized"": 4.9, ""weight"": 0.16, ""weight_pct"": 16.0, ""min"": 3.0, ""max"": 289.0, ""lower_is_better"": false, ""is_percent"": false}, {""key"": ""Double_Faults"", ""name"": ""Double Faults"", ""raw"": 35.0, ""raw_display"": ""35"", ""normalized"": 88.45, ""weight"": 0.12, ""weight_pct"": 12.0, ""min"": 6.0, ""max"": 257.0, ""lower_is_better"": true, ""is_percent"": false}, {""key"": ""first_serve_percent"", ""name"": ""1st Serve %"", ""raw"": 60.7, ""raw_display"": ""60.7%"", ""normalized"": 28.47, ""weight"": 0.14, ""weight_pct"": 14.0, ""min"": 52.9, ""max"": 80.3, ""lower_is_better"": false, ""is_percent"": true}, {""key"": ""first_serve_won_percent"", ""name"": ""1st Serve Points Won %"", ""raw"": 70.4, ""raw_display"": ""70.4%"", ""normalized"": 85.71, ""weight"": 0.2, ""weight_pct"": 20.0, ""min"": 51.2, ""max"": 73.6, ""lower_is_better"": false, ""is_percent"": true}, {""key"": ""second_serve_won_percent"", ""name"": ""2nd Serve Points Won %"", ""raw"": 45.0, ""raw_display"": ""45.0%"", ""normalized"": 42.06, ""weight"": 0.2, ""weight_pct"": 20.0, ""min"": 34.4, ""max"": 59.6, ""lower_is_better"": false, ""is_percent"": true}, {""key"": ""breakpoint_saved_percent"", ""name"": ""Break Points Saved %"", ""raw"": 45.2, ""raw_display"": ""45.2%"", ""normalized"": 35.51, ""weight"": 0.18, ""weight_pct"": 18.0, ""min"": 33.8, ""max"": 65.9, ""lower_is_better"": false, ""is_percent"": true}]}"
2026-07-26T05:36:16.130591Z,serve,Serve,71,Dalma Galfi,321106,https://www.wtatennis.com/players/321106/dalma-galfi,https://photoresources.wtatennis.com/wta/photo/2023/06/02/9c1e9ea1-8de4-4969-ad65-ccf80085a1f3/Galfi-Torso_321106.png,47.3,Aces,71,Double Faults,52,1st Serve %,66.4%,1st Serve Points Won %,62.6%,2nd Serve Points Won %,40.4%,Break Points Saved %,54.9%,"{""category"": ""serve"", ""player_rank"": 152, ""match_count"": 16, ""formula"": ""normalized_score = Σ(metric_norm × weight)"", ""metrics"": [{""key"": ""Aces"", ""name"": ""Aces"", ""raw"": 71.0, ""raw_display"": ""71"", ""normalized"": 23.78, ""weight"": 0.16, ""weight_pct"": 16.0, ""min"": 3.0, ""max"": 289.0, ""lower_is_better"": false, ""is_percent"": false}, {""key"": ""Double_Faults"", ""name"": ""Double Faults"", ""raw"": 52.0, ""raw_display"": ""52"", ""normalized"": 81.67, ""weight"": 0.12, ""weight_pct"": 12.0, ""min"": 6.0, ""max"": 257.0, ""lower_is_better"": true, ""is_percent"": false}, {""key"": ""first_serve_percent"", ""name"": ""1st Serve %"", ""raw"": 66.4, ""raw_display"": ""66.4%"", ""normalized"": 49.27, ""weight"": 0.14, ""weight_pct"": 14.0, ""min"": 52.9, ""max"": 80.3, ""lower_is_better"": false, ""is_percent"": true}, {""key"": ""first_serve_won_percent"", ""name"": ""1st Serve Points Won %"", ""raw"": 62.6, ""raw_display"": ""62.6%"", ""normalized"": 50.89, ""weight"": 0.2, ""weight_pct"": 20.0, ""min"": 51.2, ""max"": 73.6, ""lower_is_better"": false, ""is_percent"": true}, {""key"": ""second_serve_won_percent"", ""name"": ""2nd Serve Points Won %"", ""raw"": 40.4, ""raw_display"": ""40.4%"", ""normalized"": 23.81, ""weight"": 0.2, ""weight_pct"": 20.0, ""min"": 34.4, ""max"": 59.6, ""lower_is_better"": false, ""is_percent"": true}, {""key"": ""breakpoint_saved_percent"", ""name"": ""Break Points Saved %"", ""raw"": 54.9, ""raw_display"": ""54.9%"", ""normalized"": 65.73, ""weight"": 0.18, ""weight_pct"": 18.0, ""min"": 33.8, ""max"": 65.9, ""lower_is_better"": false, ""is_percent"": true}]}"
2026-07-26T05:36:16.130591Z,serve,Serve,72,Alexandra Eala,330332,https://www.wtatennis.com/players/330332/alexandra-eala,https://photoresources.wtatennis.com/wta/photo/2025/03/10/5d309c14-020e-4ac0-b3f2-09118f48fbc7/Eala-Torso_330332.png,46.9,Aces,56,Double Faults,99,1st Serve %,63.3%,1st Serve Points Won %,61.8%,2nd Serve Points Won %,47.2%,Break Points Saved %,54.2%,"{""category"": ""serve"", ""player_rank"": 29, ""match_count"": 40, ""formula"": ""normalized_score = Σ(metric_norm × weight)"", ""metrics"": [{""key"": ""Aces"", ""name"": ""Aces"", ""raw"": 56.0, ""raw_display"": ""56"", ""normalized"": 18.53, ""weight"": 0.16, ""weight_pct"": 16.0, ""min"": 3.0, ""max"": 289.0, ""lower_is_better"": false, ""is_percent"": false}, {""key"": ""Double_Faults"", ""name"": ""Double Faults"", ""raw"": 99.0, ""raw_display"": ""99"", ""normalized"": 62.95, ""weight"": 0.12, ""weight_pct"": 12.0, ""min"": 6.0, ""max"": 257.0, ""lower_is_better"": true, ""is_percent"": false}, {""key"": ""first_serve_percent"", ""name"": ""1st Serve %"", ""raw"": 63.3, ""raw_display"": ""63.3%"", ""normalized"": 37.96, ""weight"": 0.14, ""weight_pct"": 14.0, ""min"": 52.9, ""max"": 80.3, ""lower_is_better"": false, ""is_percent"": true}, {""key"": ""first_serve_won_percent"", ""name"": ""1st Serve Points Won %"", ""raw"": 61.8, ""raw_display"": ""61.8%"", ""normalized"": 47.32, ""weight"": 0.2, ""weight_pct"": 20.0, ""min"": 51.2, ""max"": 73.6, ""lower_is_better"": false, ""is_percent"": true}, {""key"": ""second_serve_won_percent"", ""name"": ""2nd Serve Points Won %"", ""raw"": 47.2, ""raw_display"": ""47.2%"", ""normalized"": 50.79, ""weight"": 0.2, ""weight_pct"": 20.0, ""min"": 34.4, ""max"": 59.6, ""lower_is_better"": false, ""is_percent"": true}, {""key"": ""breakpoint_saved_percent"", ""name"": ""Break Points Saved %"", ""raw"": 54.2, ""raw_display"": ""54.2%"", ""normalized"": 63.55, ""weight"": 0.18, ""weight_pct"": 18.0, ""min"": 33.8, ""max"": 65.9, ""lower_is_better"": false, ""is_percent"": true}]}"
2026-07-26T05:36:16.130591Z,serve,Serve,73,Yuliia Starodubtseva,325338,https://www.wtatennis.com/players/325338/yuliia-starodubtseva,https://photoresources.wtatennis.com/wta/photo/2025/03/10/a2ca507a-90cb-4248-ad05-9d83e16ac3aa/Starodubtseva-Torso_325338.png,46.9,Aces,32,Double Faults,53,1st Serve %,64.5%,1st Serve Points Won %,59.8%,2nd Serve Points Won %,50.3%,Break Points Saved %,50.3%,"{""category"": ""serve"", ""player_rank"": 59, ""match_count"": 23, ""formula"": ""normalized_score = Σ(metric_norm × weight)"", ""metrics"": [{""key"": ""Aces"", ""name"": ""Aces"", ""raw"": 32.0, ""raw_display"": ""32"", ""normalized"": 10.14, ""weight"": 0.16, ""weight_pct"": 16.0, ""min"": 3.0, ""max"": 289.0, ""lower_is_better"": false, ""is_percent"": false}, {""key"": ""Double_Faults"", ""name"": ""Double Faults"", ""raw"": 53.0, ""raw_display"": ""53"", ""normalized"": 81.27, ""weight"": 0.12, ""weight_pct"": 12.0, ""min"": 6.0, ""max"": 257.0, ""lower_is_better"": true, ""is_percent"": false}, {""key"": ""first_serve_percent"", ""name"": ""1st Serve %"", ""raw"": 64.5, ""raw_display"": ""64.5%"", ""normalized"": 42.34, ""weight"": 0.14, ""weight_pct"": 14.0, ""min"": 52.9, ""max"": 80.3, ""lower_is_better"": false, ""is_percent"": true}, {""key"": ""first_serve_won_percent"", ""name"": ""1st Serve Points Won %"", ""raw"": 59.8, ""raw_display"": ""59.8%"", ""normalized"": 38.39, ""weight"": 0.2, ""weight_pct"": 20.0, ""min"": 51.2, ""max"": 73.6, ""lower_is_better"": false, ""is_percent"": true}, {""key"": ""second_serve_won_percent"", ""name"": ""2nd Serve Points Won %"", ""raw"": 50.3, ""raw_display"": ""50.3%"", ""normalized"": 63.1, ""weight"": 0.2, ""weight_pct"": 20.0, ""min"": 34.4, ""max"": 59.6, ""lower_is_better"": false, ""is_percent"": true}, {""key"": ""breakpoint_saved_percent"", ""name"": ""Break Points Saved %"", ""raw"": 50.3, ""raw_display"": ""50.3%"", ""normalized"": 51.4, ""weight"": 0.18, ""weight_pct"": 18.0, ""min"": 33.8, ""max"": 65.9, ""lower_is_better"": false, ""is_percent"": true}]}"
2026-07-26T05:36:16.130591Z,serve,Serve,74,Katarzyna Kawa,315806,https://www.wtatennis.com/players/315806/katarzyna-kawa,https://photoresources.wtatennis.com/wta/photo/2025/05/08/56022279-acd1-46a9-8e97-f99062eddf33/Kawa-Torso_315806.png,46.7,Aces,9,Double Faults,18,1st Serve %,58.6%,1st Serve Points Won %,61.3%,2nd Serve Points Won %,48.4%,Break Points Saved %,55.0%,"{""category"": ""serve"", ""player_rank"": 131, ""match_count"": 5, ""formula"": ""normalized_score = Σ(metric_norm × weight)"", ""metrics"": [{""key"": ""Aces"", ""name"": ""Aces"", ""raw"": 9.0, ""raw_display"": ""9"", ""normalized"": 2.1, ""weight"": 0.16, ""weight_pct"": 16.0, ""min"": 3.0, ""max"": 289.0, ""lower_is_better"": false, ""is_percent"": false}, {""key"": ""Double_Faults"", ""name"": ""Double Faults"", ""raw"": 18.0, ""raw_display"": ""18"", ""normalized"": 95.22, ""weight"": 0.12, ""weight_pct"": 12.0, ""min"": 6.0, ""max"": 257.0, ""lower_is_better"": true, ""is_percent"": false}, {""key"": ""first_serve_percent"", ""name"": ""1st Serve %"", ""raw"": 58.6, ""raw_display"": ""58.6%"", ""normalized"": 20.8, ""weight"": 0.14, ""weight_pct"": 14.0, ""min"": 52.9, ""max"": 80.3, ""lower_is_better"": false, ""is_percent"": true}, {""key"": ""first_serve_won_percent"", ""name"": ""1st Serve Points Won %"", ""raw"": 61.3, ""raw_display"": ""61.3%"", ""normalized"": 45.09, ""weight"": 0.2, ""weight_pct"": 20.0, ""min"": 51.2, ""max"": 73.6, ""lower_is_better"": false, ""is_percent"": true}, {""key"": ""second_serve_won_percent"", ""name"": ""2nd Serve Points Won %"", ""raw"": 48.4, ""raw_display"": ""48.4%"", ""normalized"": 55.56, ""weight"": 0.2, ""weight_pct"": 20.0, ""min"": 34.4, ""max"": 59.6, ""lower_is_better"": false, ""is_percent"": true}, {""key"": ""breakpoint_saved_percent"", ""name"": ""Break Points Saved %"", ""raw"": 55.0, ""raw_display"": ""55.0%"", ""normalized"": 66.04, ""weight"": 0.18, ""weight_pct"": 18.0, ""min"": 33.8, ""max"": 65.9, ""lower_is_better"": false, ""is_percent"": true}]}"
2026-07-26T05:36:16.130591Z,serve,Serve,75,Mccartney Kessler,326678,https://www.wtatennis.com/players/326678/mccartney-kessler,https://photoresources.wtatennis.com/wta/photo/2025/06/23/ca3c2f58-8ad8-40e0-9007-6db7707a1d7a/Kessler-Torso_326678.png,46.6,Aces,52,Double Faults,83,1st Serve %,62.5%,1st Serve Points Won %,61.7%,2nd Serve Points Won %,48.2%,Break Points Saved %,52.2%,"{""category"": ""serve"", ""player_rank"": 46, ""match_count"": 27, ""formula"": ""normalized_score = Σ(metric_norm × weight)"", ""metrics"": [{""key"": ""Aces"", ""name"": ""Aces"", ""raw"": 52.0, ""raw_display"": ""52"", ""normalized"": 17.13, ""weight"": 0.16, ""weight_pct"": 16.0, ""min"": 3.0, ""max"": 289.0, ""lower_is_better"": false, ""is_percent"": false}, {""key"": ""Double_Faults"", ""name"": ""Double Faults"", ""raw"": 83.0, ""raw_display"": ""83"", ""normalized"": 69.32, ""weight"": 0.12, ""weight_pct"": 12.0, ""min"": 6.0, ""max"": 257.0, ""lower_is_better"": true, ""is_percent"": false}, {""key"": ""first_serve_percent"", ""name"": ""1st Serve %"", ""raw"": 62.5, ""raw_display"": ""62.5%"", ""normalized"": 35.04, ""weight"": 0.14, ""weight_pct"": 14.0, ""min"": 52.9, ""max"": 80.3, ""lower_is_better"": false, ""is_percent"": true}, {""key"": ""first_serve_won_percent"", ""name"": ""1st Serve Points Won %"", ""raw"": 61.7, ""raw_display"": ""61.7%"", ""normalized"": 46.88, ""weight"": 0.2, ""weight_pct"": 20.0, ""min"": 51.2, ""max"": 73.6, ""lower_is_better"": false, ""is_percent"": true}, {""key"": ""second_serve_won_percent"", ""name"": ""2nd Serve Points Won %"", ""raw"": 48.2, ""raw_display"": ""48.2%"", ""normalized"": 54.76, ""weight"": 0.2, ""weight_pct"": 20.0, ""min"": 34.4, ""max"": 59.6, ""lower_is_better"": false, ""is_percent"": true}, {""key"": ""breakpoint_saved_percent"", ""name"": ""Break Points Saved %"", ""raw"": 52.2, ""raw_display"": ""52.2%"", ""normalized"": 57.32, ""weight"": 0.18, ""weight_pct"": 18.0, ""min"": 33.8, ""max"": 65.9, ""lower_is_better"": false, ""is_percent"": true}]}"
2026-07-26T05:36:16.130591Z,serve,Serve,76,Liudmila Samsonova,322222,https://www.wtatennis.com/players/322222/liudmila-samsonova,https://photoresources.wtatennis.com/wta/photo/2026/02/10/a0d00e27-6507-43c3-9ccd-85c2e0fbff8a/Samsonova-Torso_322222.png,46.5,Aces,78,Double Faults,120,1st Serve %,57.9%,1st Serve Points Won %,64.9%,2nd Serve Points Won %,46.8%,Break Points Saved %,53.7%,"{""category"": ""serve"", ""player_rank"": 70, ""match_count"": 27, ""formula"": ""normalized_score = Σ(metric_norm × weight)"", ""metrics"": [{""key"": ""Aces"", ""name"": ""Aces"", ""raw"": 78.0, ""raw_display"": ""78"", ""normalized"": 26.22, ""weight"": 0.16, ""weight_pct"": 16.0, ""min"": 3.0, ""max"": 289.0, ""lower_is_better"": false, ""is_percent"": false}, {""key"": ""Double_Faults"", ""name"": ""Double Faults"", ""raw"": 120.0, ""raw_display"": ""120"", ""normalized"": 54.58, ""weight"": 0.12, ""weight_pct"": 12.0, ""min"": 6.0, ""max"": 257.0, ""lower_is_better"": true, ""is_percent"": false}, {""key"": ""first_serve_percent"", ""name"": ""1st Serve %"", ""raw"": 57.9, ""raw_display"": ""57.9%"", ""normalized"": 18.25, ""weight"": 0.14, ""weight_pct"": 14.0, ""min"": 52.9, ""max"": 80.3, ""lower_is_better"": false, ""is_percent"": true}, {""key"": ""first_serve_won_percent"", ""name"": ""1st Serve Points Won %"", ""raw"": 64.9, ""raw_display"": ""64.9%"", ""normalized"": 61.16, ""weight"": 0.2, ""weight_pct"": 20.0, ""min"": 51.2, ""max"": 73.6, ""lower_is_better"": false, ""is_percent"": true}, {""key"": ""second_serve_won_percent"", ""name"": ""2nd Serve Points Won %"", ""raw"": 46.8, ""raw_display"": ""46.8%"", ""normalized"": 49.21, ""weight"": 0.2, ""weight_pct"": 20.0, ""min"": 34.4, ""max"": 59.6, ""lower_is_better"": false, ""is_percent"": true}, {""key"": ""breakpoint_saved_percent"", ""name"": ""Break Points Saved %"", ""raw"": 53.7, ""raw_display"": ""53.7%"", ""normalized"": 61.99, ""weight"": 0.18, ""weight_pct"": 18.0, ""min"": 33.8, ""max"": 65.9, ""lower_is_better"": false, ""is_percent"": true}]}"
2026-07-26T05:36:16.130591Z,serve,Serve,77,Katie Boulter,319125,https://www.wtatennis.com/players/319125/katie-boulter,https://photoresources.wtatennis.com/wta/photo/2025/03/10/946d19c1-7cd7-49ed-b06b-310ced76ac17/Boulter-Torso_319125.png,46.1,Aces,70,Double Faults,151,1st Serve %,59.7%,1st Serve Points Won %,68.1%,2nd Serve Points Won %,42.5%,Break Points Saved %,55.8%,"{""category"": ""serve"", ""player_rank"": 68, ""match_count"": 29, ""formula"": ""normalized_score = Σ(metric_norm × weight)"", ""metrics"": [{""key"": ""Aces"", ""name"": ""Aces"", ""raw"": 70.0, ""raw_display"": ""70"", ""normalized"": 23.43, ""weight"": 0.16, ""weight_pct"": 16.0, ""min"": 3.0, ""max"": 289.0, ""lower_is_better"": false, ""is_percent"": false}, {""key"": ""Double_Faults"", ""name"": ""Double Faults"", ""raw"": 151.0, ""raw_display"": ""151"", ""normalized"": 42.23, ""weight"": 0.12, ""weight_pct"": 12.0, ""min"": 6.0, ""max"": 257.0, ""lower_is_better"": true, ""is_percent"": false}, {""key"": ""first_serve_percent"", ""name"": ""1st Serve %"", ""raw"": 59.7, ""raw_display"": ""59.7%"", ""normalized"": 24.82, ""weight"": 0.14, ""weight_pct"": 14.0, ""min"": 52.9, ""max"": 80.3, ""lower_is_better"": false, ""is_percent"": true}, {""key"": ""first_serve_won_percent"", ""name"": ""1st Serve Points Won %"", ""raw"": 68.1, ""raw_display"": ""68.1%"", ""normalized"": 75.45, ""weight"": 0.2, ""weight_pct"": 20.0, ""min"": 51.2, ""max"": 73.6, ""lower_is_better"": false, ""is_percent"": true}, {""key"": ""second_serve_won_percent"", ""name"": ""2nd Serve Points Won %"", ""raw"": 42.5, ""raw_display"": ""42.5%"", ""normalized"": 32.14, ""weight"": 0.2, ""weight_pct"": 20.0, ""min"": 34.4, ""max"": 59.6, ""lower_is_better"": false, ""is_percent"": true}, {""key"": ""breakpoint_saved_percent"", ""name"": ""Break Points Saved %"", ""raw"": 55.8, ""raw_display"": ""55.8%"", ""normalized"": 68.54, ""weight"": 0.18, ""weight_pct"": 18.0, ""min"": 33.8, ""max"": 65.9, ""lower_is_better"": false, ""is_percent"": true}]}"
2026-07-26T05:36:16.130591Z,serve,Serve,78,Caty Mcnally,325725,https://www.wtatennis.com/players/325725/caty-mcnally,https://photoresources.wtatennis.com/wta/photo/2023/06/05/f0c8d870-3a55-4b93-961c-0b022eda6bf0/McNally-Torso_325725.png,45.8,Aces,43,Double Faults,121,1st Serve %,71.7%,1st Serve Points Won %,60.4%,2nd Serve Points Won %,41.7%,Break Points Saved %,57.7%,"{""category"": ""serve"", ""player_rank"": 53, ""match_count"": 33, ""formula"": ""normalized_score = Σ(metric_norm × weight)"", ""metrics"": [{""key"": ""Aces"", ""name"": ""Aces"", ""raw"": 43.0, ""raw_display"": ""43"", ""normalized"": 13.99, ""weight"": 0.16, ""weight_pct"": 16.0, ""min"": 3.0, ""max"": 289.0, ""lower_is_better"": false, ""is_percent"": false}, {""key"": ""Double_Faults"", ""name"": ""Double Faults"", ""raw"": 121.0, ""raw_display"": ""121"", ""normalized"": 54.18, ""weight"": 0.12, ""weight_pct"": 12.0, ""min"": 6.0, ""max"": 257.0, ""lower_is_better"": true, ""is_percent"": false}, {""key"": ""first_serve_percent"", ""name"": ""1st Serve %"", ""raw"": 71.7, ""raw_display"": ""71.7%"", ""normalized"": 68.61, ""weight"": 0.14, ""weight_pct"": 14.0, ""min"": 52.9, ""max"": 80.3, ""lower_is_better"": false, ""is_percent"": true}, {""key"": ""first_serve_won_percent"", ""name"": ""1st Serve Points Won %"", ""raw"": 60.4, ""raw_display"": ""60.4%"", ""normalized"": 41.07, ""weight"": 0.2, ""weight_pct"": 20.0, ""min"": 51.2, ""max"": 73.6, ""lower_is_better"": false, ""is_percent"": true}, {""key"": ""second_serve_won_percent"", ""name"": ""2nd Serve Points Won %"", ""raw"": 41.7, ""raw_display"": ""41.7%"", ""normalized"": 28.97, ""weight"": 0.2, ""weight_pct"": 20.0, ""min"": 34.4, ""max"": 59.6, ""lower_is_better"": false, ""is_percent"": true}, {""key"": ""breakpoint_saved_percent"", ""name"": ""Break Points Saved %"", ""raw"": 57.7, ""raw_display"": ""57.7%"", ""normalized"": 74.45, ""weight"": 0.18, ""weight_pct"": 18.0, ""min"": 33.8, ""max"": 65.9, ""lower_is_better"": false, ""is_percent"": true}]}"
2026-07-26T05:36:16.130591Z,serve,Serve,79,Tamara Korpatsch,319571,https://www.wtatennis.com/players/319571/tamara-korpatsch,https://photoresources.wtatennis.com/wta/photo/2019/10/08/ad9debe8-b736-4a6f-8b8a-ff924b809d63/FZVXRlZA.jpg,45.6,Aces,17,Double Faults,37,1st Serve %,63.2%,1st Serve Points Won %,59.0%,2nd Serve Points Won %,45.0%,Break Points Saved %,58.1%,"{""category"": ""serve"", ""player_rank"": 81, ""match_count"": 14, ""formula"": ""normalized_score = Σ(metric_norm × weight)"", ""metrics"": [{""key"": ""Aces"", ""name"": ""Aces"", ""raw"": 17.0, ""raw_display"": ""17"", ""normalized"": 4.9, ""weight"": 0.16, ""weight_pct"": 16.0, ""min"": 3.0, ""max"": 289.0, ""lower_is_better"": false, ""is_percent"": false}, {""key"": ""Double_Faults"", ""name"": ""Double Faults"", ""raw"": 37.0, ""raw_display"": ""37"", ""normalized"": 87.65, ""weight"": 0.12, ""weight_pct"": 12.0, ""min"": 6.0, ""max"": 257.0, ""lower_is_better"": true, ""is_percent"": false}, {""key"": ""first_serve_percent"", ""name"": ""1st Serve %"", ""raw"": 63.2, ""raw_display"": ""63.2%"", ""normalized"": 37.59, ""weight"": 0.14, ""weight_pct"": 14.0, ""min"": 52.9, ""max"": 80.3, ""lower_is_better"": false, ""is_percent"": true}, {""key"": ""first_serve_won_percent"", ""name"": ""1st Serve Points Won %"", ""raw"": 59.0, ""raw_display"": ""59.0%"", ""normalized"": 34.82, ""weight"": 0.2, ""weight_pct"": 20.0, ""min"": 51.2, ""max"": 73.6, ""lower_is_better"": false, ""is_percent"": true}, {""key"": ""second_serve_won_percent"", ""name"": ""2nd Serve Points Won %"", ""raw"": 45.0, ""raw_display"": ""45.0%"", ""normalized"": 42.06, ""weight"": 0.2, ""weight_pct"": 20.0, ""min"": 34.4, ""max"": 59.6, ""lower_is_better"": false, ""is_percent"": true}, {""key"": ""breakpoint_saved_percent"", ""name"": ""Break Points Saved %"", ""raw"": 58.1, ""raw_display"": ""58.1%"", ""normalized"": 75.7, ""weight"": 0.18, ""weight_pct"": 18.0, ""min"": 33.8, ""max"": 65.9, ""lower_is_better"": false, ""is_percent"": true}]}"
2026-07-26T05:36:16.130591Z,serve,Serve,80,Yue Yuan,324325,https://www.wtatennis.com/players/324325/yue-yuan,https://photoresources.wtatennis.com/wta/photo/2024/05/01/1b8d14a3-ee27-4daf-a8c1-f0b797f0d8de/Yuan-Torso_324325-WTA-Tennis.png,45.4,Aces,28,Double Faults,6,1st Serve %,62.8%,1st Serve Points Won %,62.5%,2nd Serve Points Won %,44.2%,Break Points Saved %,50.0%,"{""category"": ""serve"", ""player_rank"": 121, ""match_count"": 9, ""formula"": ""normalized_score = Σ(metric_norm × weight)"", ""metrics"": [{""key"": ""Aces"", ""name"": ""Aces"", ""raw"": 28.0, ""raw_display"": ""28"", ""normalized"": 8.74, ""weight"": 0.16, ""weight_pct"": 16.0, ""min"": 3.0, ""max"": 289.0, ""lower_is_better"": false, ""is_percent"": false}, {""key"": ""Double_Faults"", ""name"": ""Double Faults"", ""raw"": 6.0, ""raw_display"": ""6"", ""normalized"": 100.0, ""weight"": 0.12, ""weight_pct"": 12.0, ""min"": 6.0, ""max"": 257.0, ""lower_is_better"": true, ""is_percent"": false}, {""key"": ""first_serve_percent"", ""name"": ""1st Serve %"", ""raw"": 62.8, ""raw_display"": ""62.8%"", ""normalized"": 36.13, ""weight"": 0.14, ""weight_pct"": 14.0, ""min"": 52.9, ""max"": 80.3, ""lower_is_better"": false, ""is_percent"": true}, {""key"": ""first_serve_won_percent"", ""name"": ""1st Serve Points Won %"", ""raw"": 62.5, ""raw_display"": ""62.5%"", ""normalized"": 50.45, ""weight"": 0.2, ""weight_pct"": 20.0, ""min"": 51.2, ""max"": 73.6, ""lower_is_better"": false, ""is_percent"": true}, {""key"": ""second_serve_won_percent"", ""name"": ""2nd Serve Points Won %"", ""raw"": 44.2, ""raw_display"": ""44.2%"", ""normalized"": 38.89, ""weight"": 0.2, ""weight_pct"": 20.0, ""min"": 34.4, ""max"": 59.6, ""lower_is_better"": false, ""is_percent"": true}, {""key"": ""breakpoint_saved_percent"", ""name"": ""Break Points Saved %"", ""raw"": 50.0, ""raw_display"": ""50.0%"", ""normalized"": 50.47, ""weight"": 0.18, ""weight_pct"": 18.0, ""min"": 33.8, ""max"": 65.9, ""lower_is_better"": false, ""is_percent"": true}]}"
2026-07-26T05:36:16.130591Z,serve,Serve,81,Antonia Ruzic,329505,https://www.wtatennis.com/players/329505/antonia-ruzic,https://photoresources.wtatennis.com/wta/photo/2025/09/26/0b986ba7-4f7a-4022-9cfc-6efbfdd0b2cf/Ruzic-Torso_329505.png,45.2,Aces,39,Double Faults,87,1st Serve %,66.7%,1st Serve Points Won %,58.3%,2nd Serve Points Won %,45.5%,Break Points Saved %,56.7%,"{""category"": ""serve"", ""player_rank"": 50, ""match_count"": 26, ""formula"": ""normalized_score = Σ(metric_norm × weight)"", ""metrics"": [{""key"": ""Aces"", ""name"": ""Aces"", ""raw"": 39.0, ""raw_display"": ""39"", ""normalized"": 12.59, ""weight"": 0.16, ""weight_pct"": 16.0, ""min"": 3.0, ""max"": 289.0, ""lower_is_better"": false, ""is_percent"": false}, {""key"": ""Double_Faults"", ""name"": ""Double Faults"", ""raw"": 87.0, ""raw_display"": ""87"", ""normalized"": 67.73, ""weight"": 0.12, ""weight_pct"": 12.0, ""min"": 6.0, ""max"": 257.0, ""lower_is_better"": true, ""is_percent"": false}, {""key"": ""first_serve_percent"", ""name"": ""1st Serve %"", ""raw"": 66.7, ""raw_display"": ""66.7%"", ""normalized"": 50.36, ""weight"": 0.14, ""weight_pct"": 14.0, ""min"": 52.9, ""max"": 80.3, ""lower_is_better"": false, ""is_percent"": true}, {""key"": ""first_serve_won_percent"", ""name"": ""1st Serve Points Won %"", ""raw"": 58.3, ""raw_display"": ""58.3%"", ""normalized"": 31.7, ""weight"": 0.2, ""weight_pct"": 20.0, ""min"": 51.2, ""max"": 73.6, ""lower_is_better"": false, ""is_percent"": true}, {""key"": ""second_serve_won_percent"", ""name"": ""2nd Serve Points Won %"", ""raw"": 45.5, ""raw_display"": ""45.5%"", ""normalized"": 44.05, ""weight"": 0.2, ""weight_pct"": 20.0, ""min"": 34.4, ""max"": 59.6, ""lower_is_better"": false, ""is_percent"": true}, {""key"": ""breakpoint_saved_percent"", ""name"": ""Break Points Saved %"", ""raw"": 56.7, ""raw_display"": ""56.7%"", ""normalized"": 71.34, ""weight"": 0.18, ""weight_pct"": 18.0, ""min"": 33.8, ""max"": 65.9, ""lower_is_better"": false, ""is_percent"": true}]}"
2026-07-26T05:36:16.130591Z,serve,Serve,82,Aliaksandra Sasnovich,317790,https://www.wtatennis.com/players/317790/aliaksandra-sasnovich,https://photoresources.wtatennis.com/wta/photo/2023/06/05/4c9520ec-6944-4fbd-94cd-9bc2c579959d/Sasnovich-Torso_317790.png,45.2,Aces,19,Double Faults,44,1st Serve %,63.1%,1st Serve Points Won %,62.7%,2nd Serve Points Won %,41.2%,Break Points Saved %,57.4%,"{""category"": ""serve"", ""player_rank"": 133, ""match_count"": 12, ""formula"": ""normalized_score = Σ(metric_norm × weight)"", ""metrics"": [{""key"": ""Aces"", ""name"": ""Aces"", ""raw"": 19.0, ""raw_display"": ""19"", ""normalized"": 5.59, ""weight"": 0.16, ""weight_pct"": 16.0, ""min"": 3.0, ""max"": 289.0, ""lower_is_better"": false, ""is_percent"": false}, {""key"": ""Double_Faults"", ""name"": ""Double Faults"", ""raw"": 44.0, ""raw_display"": ""44"", ""normalized"": 84.86, ""weight"": 0.12, ""weight_pct"": 12.0, ""min"": 6.0, ""max"": 257.0, ""lower_is_better"": true, ""is_percent"": false}, {""key"": ""first_serve_percent"", ""name"": ""1st Serve %"", ""raw"": 63.1, ""raw_display"": ""63.1%"", ""normalized"": 37.23, ""weight"": 0.14, ""weight_pct"": 14.0, ""min"": 52.9, ""max"": 80.3, ""lower_is_better"": false, ""is_percent"": true}, {""key"": ""first_serve_won_percent"", ""name"": ""1st Serve Points Won %"", ""raw"": 62.7, ""raw_display"": ""62.7%"", ""normalized"": 51.34, ""weight"": 0.2, ""weight_pct"": 20.0, ""min"": 51.2, ""max"": 73.6, ""lower_is_better"": false, ""is_percent"": true}, {""key"": ""second_serve_won_percent"", ""name"": ""2nd Serve Points Won %"", ""raw"": 41.2, ""raw_display"": ""41.2%"", ""normalized"": 26.98, ""weight"": 0.2, ""weight_pct"": 20.0, ""min"": 34.4, ""max"": 59.6, ""lower_is_better"": false, ""is_percent"": true}, {""key"": ""breakpoint_saved_percent"", ""name"": ""Break Points Saved %"", ""raw"": 57.4, ""raw_display"": ""57.4%"", ""normalized"": 73.52, ""weight"": 0.18, ""weight_pct"": 18.0, ""min"": 33.8, ""max"": 65.9, ""lower_is_better"": false, ""is_percent"": true}]}"
2026-07-26T05:36:16.130591Z,serve,Serve,83,Oleksandra Oliynykova,327182,https://www.wtatennis.com/players/327182/oleksandra-oliynykova,,45.1,Aces,14,Double Faults,58,1st Serve %,74.7%,1st Serve Points Won %,58.1%,2nd Serve Points Won %,42.4%,Break Points Saved %,54.0%,"{""category"": ""serve"", ""player_rank"": 45, ""match_count"": 22, ""formula"": ""normalized_score = Σ(metric_norm × weight)"", ""metrics"": [{""key"": ""Aces"", ""name"": ""Aces"", ""raw"": 14.0, ""raw_display"": ""14"", ""normalized"": 3.85, ""weight"": 0.16, ""weight_pct"": 16.0, ""min"": 3.0, ""max"": 289.0, ""lower_is_better"": false, ""is_percent"": false}, {""key"": ""Double_Faults"", ""name"": ""Double Faults"", ""raw"": 58.0, ""raw_display"": ""58"", ""normalized"": 79.28, ""weight"": 0.12, ""weight_pct"": 12.0, ""min"": 6.0, ""max"": 257.0, ""lower_is_better"": true, ""is_percent"": false}, {""key"": ""first_serve_percent"", ""name"": ""1st Serve %"", ""raw"": 74.7, ""raw_display"": ""74.7%"", ""normalized"": 79.56, ""weight"": 0.14, ""weight_pct"": 14.0, ""min"": 52.9, ""max"": 80.3, ""lower_is_better"": false, ""is_percent"": true}, {""key"": ""first_serve_won_percent"", ""name"": ""1st Serve Points Won %"", ""raw"": 58.1, ""raw_display"": ""58.1%"", ""normalized"": 30.8, ""weight"": 0.2, ""weight_pct"": 20.0, ""min"": 51.2, ""max"": 73.6, ""lower_is_better"": false, ""is_percent"": true}, {""key"": ""second_serve_won_percent"", ""name"": ""2nd Serve Points Won %"", ""raw"": 42.4, ""raw_display"": ""42.4%"", ""normalized"": 31.75, ""weight"": 0.2, ""weight_pct"": 20.0, ""min"": 34.4, ""max"": 59.6, ""lower_is_better"": false, ""is_percent"": true}, {""key"": ""breakpoint_saved_percent"", ""name"": ""Break Points Saved %"", ""raw"": 54.0, ""raw_display"": ""54.0%"", ""normalized"": 62.93, ""weight"": 0.18, ""weight_pct"": 18.0, ""min"": 33.8, ""max"": 65.9, ""lower_is_better"": false, ""is_percent"": true}]}"
2026-07-26T05:36:16.130591Z,serve,Serve,84,Jelena Ostapenko,319939,https://www.wtatennis.com/players/319939/jelena-ostapenko,https://photoresources.wtatennis.com/wta/photo/2024/04/29/c593550a-fb16-4250-8910-60a9d233f67d/Ostapenko-Torso_319939-WTA-Tennis.png,44.7,Aces,140,Double Faults,201,1st Serve %,58.2%,1st Serve Points Won %,67.4%,2nd Serve Points Won %,42.5%,Break Points Saved %,53.0%,"{""category"": ""serve"", ""player_rank"": 31, ""match_count"": 36, ""formula"": ""normalized_score = Σ(metric_norm × weight)"", ""metrics"": [{""key"": ""Aces"", ""name"": ""Aces"", ""raw"": 140.0, ""raw_display"": ""140"", ""normalized"": 47.9, ""weight"": 0.16, ""weight_pct"": 16.0, ""min"": 3.0, ""max"": 289.0, ""lower_is_better"": false, ""is_percent"": false}, {""key"": ""Double_Faults"", ""name"": ""Double Faults"", ""raw"": 201.0, ""raw_display"": ""201"", ""normalized"": 22.31, ""weight"": 0.12, ""weight_pct"": 12.0, ""min"": 6.0, ""max"": 257.0, ""lower_is_better"": true, ""is_percent"": false}, {""key"": ""first_serve_percent"", ""name"": ""1st Serve %"", ""raw"": 58.2, ""raw_display"": ""58.2%"", ""normalized"": 19.34, ""weight"": 0.14, ""weight_pct"": 14.0, ""min"": 52.9, ""max"": 80.3, ""lower_is_better"": false, ""is_percent"": true}, {""key"": ""first_serve_won_percent"", ""name"": ""1st Serve Points Won %"", ""raw"": 67.4, ""raw_display"": ""67.4%"", ""normalized"": 72.32, ""weight"": 0.2, ""weight_pct"": 20.0, ""min"": 51.2, ""max"": 73.6, ""lower_is_better"": false, ""is_percent"": true}, {""key"": ""second_serve_won_percent"", ""name"": ""2nd Serve Points Won %"", ""raw"": 42.5, ""raw_display"": ""42.5%"", ""normalized"": 32.14, ""weight"": 0.2, ""weight_pct"": 20.0, ""min"": 34.4, ""max"": 59.6, ""lower_is_better"": false, ""is_percent"": true}, {""key"": ""breakpoint_saved_percent"", ""name"": ""Break Points Saved %"", ""raw"": 53.0, ""raw_display"": ""53.0%"", ""normalized"": 59.81, ""weight"": 0.18, ""weight_pct"": 18.0, ""min"": 33.8, ""max"": 65.9, ""lower_is_better"": false, ""is_percent"": true}]}"
2026-07-26T05:36:16.130591Z,serve,Serve,85,Kaitlin Quevedo,331742,https://www.wtatennis.com/players/331742/kaitlin-quevedo,,44.7,Aces,15,Double Faults,21,1st Serve %,60.3%,1st Serve Points Won %,62.1%,2nd Serve Points Won %,47.2%,Break Points Saved %,50.0%,"{""category"": ""serve"", ""player_rank"": 101, ""match_count"": 9, ""formula"": ""normalized_score = Σ(metric_norm × weight)"", ""metrics"": [{""key"": ""Aces"", ""name"": ""Aces"", ""raw"": 15.0, ""raw_display"": ""15"", ""normalized"": 4.2, ""weight"": 0.16, ""weight_pct"": 16.0, ""min"": 3.0, ""max"": 289.0, ""lower_is_better"": false, ""is_percent"": false}, {""key"": ""Double_Faults"", ""name"": ""Double Faults"", ""raw"": 21.0, ""raw_display"": ""21"", ""normalized"": 94.02, ""weight"": 0.12, ""weight_pct"": 12.0, ""min"": 6.0, ""max"": 257.0, ""lower_is_better"": true, ""is_percent"": false}, {""key"": ""first_serve_percent"", ""name"": ""1st Serve %"", ""raw"": 60.3, ""raw_display"": ""60.3%"", ""normalized"": 27.01, ""weight"": 0.14, ""weight_pct"": 14.0, ""min"": 52.9, ""max"": 80.3, ""lower_is_better"": false, ""is_percent"": true}, {""key"": ""first_serve_won_percent"", ""name"": ""1st Serve Points Won %"", ""raw"": 62.1, ""raw_display"": ""62.1%"", ""normalized"": 48.66, ""weight"": 0.2, ""weight_pct"": 20.0, ""min"": 51.2, ""max"": 73.6, ""lower_is_better"": false, ""is_percent"": true}, {""key"": ""second_serve_won_percent"", ""name"": ""2nd Serve Points Won %"", ""raw"": 47.2, ""raw_display"": ""47.2%"", ""normalized"": 50.79, ""weight"": 0.2, ""weight_pct"": 20.0, ""min"": 34.4, ""max"": 59.6, ""lower_is_better"": false, ""is_percent"": true}, {""key"": ""breakpoint_saved_percent"", ""name"": ""Break Points Saved %"", ""raw"": 50.0, ""raw_display"": ""50.0%"", ""normalized"": 50.47, ""weight"": 0.18, ""weight_pct"": 18.0, ""min"": 33.8, ""max"": 65.9, ""lower_is_better"": false, ""is_percent"": true}]}"
2026-07-26T05:36:16.130591Z,serve,Serve,86,Ajla Tomljanovic,315232,https://www.wtatennis.com/players/315232/ajla-tomljanovic,https://photoresources.wtatennis.com/wta/photo/2025/03/10/8b2b0ba9-8572-4e87-bf34-723e7de9d134/Tomljanovic-Torso_315232.png,44.6,Aces,49,Double Faults,151,1st Serve %,67.0%,1st Serve Points Won %,62.7%,2nd Serve Points Won %,42.4%,Break Points Saved %,57.3%,"{""category"": ""serve"", ""player_rank"": 94, ""match_count"": 26, ""formula"": ""normalized_score = Σ(metric_norm × weight)"", ""metrics"": [{""key"": ""Aces"", ""name"": ""Aces"", ""raw"": 49.0, ""raw_display"": ""49"", ""normalized"": 16.08, ""weight"": 0.16, ""weight_pct"": 16.0, ""min"": 3.0, ""max"": 289.0, ""lower_is_better"": false, ""is_percent"": false}, {""key"": ""Double_Faults"", ""name"": ""Double Faults"", ""raw"": 151.0, ""raw_display"": ""151"", ""normalized"": 42.23, ""weight"": 0.12, ""weight_pct"": 12.0, ""min"": 6.0, ""max"": 257.0, ""lower_is_better"": true, ""is_percent"": false}, {""key"": ""first_serve_percent"", ""name"": ""1st Serve %"", ""raw"": 67.0, ""raw_display"": ""67.0%"", ""normalized"": 51.46, ""weight"": 0.14, ""weight_pct"": 14.0, ""min"": 52.9, ""max"": 80.3, ""lower_is_better"": false, ""is_percent"": true}, {""key"": ""first_serve_won_percent"", ""name"": ""1st Serve Points Won %"", ""raw"": 62.7, ""raw_display"": ""62.7%"", ""normalized"": 51.34, ""weight"": 0.2, ""weight_pct"": 20.0, ""min"": 51.2, ""max"": 73.6, ""lower_is_better"": false, ""is_percent"": true}, {""key"": ""second_serve_won_percent"", ""name"": ""2nd Serve Points Won %"", ""raw"": 42.4, ""raw_display"": ""42.4%"", ""normalized"": 31.75, ""weight"": 0.2, ""weight_pct"": 20.0, ""min"": 34.4, ""max"": 59.6, ""lower_is_better"": false, ""is_percent"": true}, {""key"": ""breakpoint_saved_percent"", ""name"": ""Break Points Saved %"", ""raw"": 57.3, ""raw_display"": ""57.3%"", ""normalized"": 73.21, ""weight"": 0.18, ""weight_pct"": 18.0, ""min"": 33.8, ""max"": 65.9, ""lower_is_better"": false, ""is_percent"": true}]}"
2026-07-26T05:36:16.130591Z,serve,Serve,87,Nikola Bartunkova,330364,https://www.wtatennis.com/players/330364/nikola-bartunkova,https://photoresources.wtatennis.com/wta/photo/2026/01/29/4088dfc5-88af-4b6f-b61d-42245e39955f/Bartunkova-Torso_330364.png,44.5,Aces,76,Double Faults,87,1st Serve %,53.5%,1st Serve Points Won %,67.8%,2nd Serve Points Won %,42.8%,Break Points Saved %,52.5%,"{""category"": ""serve"", ""player_rank"": 44, ""match_count"": 19, ""formula"": ""normalized_score = Σ(metric_norm × weight)"", ""metrics"": [{""key"": ""Aces"", ""name"": ""Aces"", ""raw"": 76.0, ""raw_display"": ""76"", ""normalized"": 25.52, ""weight"": 0.16, ""weight_pct"": 16.0, ""min"": 3.0, ""max"": 289.0, ""lower_is_better"": false, ""is_percent"": false}, {""key"": ""Double_Faults"", ""name"": ""Double Faults"", ""raw"": 87.0, ""raw_display"": ""87"", ""normalized"": 67.73, ""weight"": 0.12, ""weight_pct"": 12.0, ""min"": 6.0, ""max"": 257.0, ""lower_is_better"": true, ""is_percent"": false}, {""key"": ""first_serve_percent"", ""name"": ""1st Serve %"", ""raw"": 53.5, ""raw_display"": ""53.5%"", ""normalized"": 2.19, ""weight"": 0.14, ""weight_pct"": 14.0, ""min"": 52.9, ""max"": 80.3, ""lower_is_better"": false, ""is_percent"": true}, {""key"": ""first_serve_won_percent"", ""name"": ""1st Serve Points Won %"", ""raw"": 67.8, ""raw_display"": ""67.8%"", ""normalized"": 74.11, ""weight"": 0.2, ""weight_pct"": 20.0, ""min"": 51.2, ""max"": 73.6, ""lower_is_better"": false, ""is_percent"": true}, {""key"": ""second_serve_won_percent"", ""name"": ""2nd Serve Points Won %"", ""raw"": 42.8, ""raw_display"": ""42.8%"", ""normalized"": 33.33, ""weight"": 0.2, ""weight_pct"": 20.0, ""min"": 34.4, ""max"": 59.6, ""lower_is_better"": false, ""is_percent"": true}, {""key"": ""breakpoint_saved_percent"", ""name"": ""Break Points Saved %"", ""raw"": 52.5, ""raw_display"": ""52.5%"", ""normalized"": 58.26, ""weight"": 0.18, ""weight_pct"": 18.0, ""min"": 33.8, ""max"": 65.9, ""lower_is_better"": false, ""is_percent"": true}]}"
2026-07-26T05:36:16.130591Z,serve,Serve,88,Panna Udvardy,325956,https://www.wtatennis.com/players/325956/panna-udvardy,https://photoresources.wtatennis.com/wta/photo/2025/03/10/6b36d7a6-e084-4a35-a065-3f34cd11356c/Udvardy-Torso_325956.png,44.5,Aces,63,Double Faults,80,1st Serve %,57.3%,1st Serve Points Won %,63.7%,2nd Serve Points Won %,46.1%,Break Points Saved %,51.6%,"{""category"": ""serve"", ""player_rank"": 72, ""match_count"": 27, ""formula"": ""normalized_score = Σ(metric_norm × weight)"", ""metrics"": [{""key"": ""Aces"", ""name"": ""Aces"", ""raw"": 63.0, ""raw_display"": ""63"", ""normalized"": 20.98, ""weight"": 0.16, ""weight_pct"": 16.0, ""min"": 3.0, ""max"": 289.0, ""lower_is_better"": false, ""is_percent"": false}, {""key"": ""Double_Faults"", ""name"": ""Double Faults"", ""raw"": 80.0, ""raw_display"": ""80"", ""normalized"": 70.52, ""weight"": 0.12, ""weight_pct"": 12.0, ""min"": 6.0, ""max"": 257.0, ""lower_is_better"": true, ""is_percent"": false}, {""key"": ""first_serve_percent"", ""name"": ""1st Serve %"", ""raw"": 57.3, ""raw_display"": ""57.3%"", ""normalized"": 16.06, ""weight"": 0.14, ""weight_pct"": 14.0, ""min"": 52.9, ""max"": 80.3, ""lower_is_better"": false, ""is_percent"": true}, {""key"": ""first_serve_won_percent"", ""name"": ""1st Serve Points Won %"", ""raw"": 63.7, ""raw_display"": ""63.7%"", ""normalized"": 55.8, ""weight"": 0.2, ""weight_pct"": 20.0, ""min"": 51.2, ""max"": 73.6, ""lower_is_better"": false, ""is_percent"": true}, {""key"": ""second_serve_won_percent"", ""name"": ""2nd Serve Points Won %"", ""raw"": 46.1, ""raw_display"": ""46.1%"", ""normalized"": 46.43, ""weight"": 0.2, ""weight_pct"": 20.0, ""min"": 34.4, ""max"": 59.6, ""lower_is_better"": false, ""is_percent"": true}, {""key"": ""breakpoint_saved_percent"", ""name"": ""Break Points Saved %"", ""raw"": 51.6, ""raw_display"": ""51.6%"", ""normalized"": 55.45, ""weight"": 0.18, ""weight_pct"": 18.0, ""min"": 33.8, ""max"": 65.9, ""lower_is_better"": false, ""is_percent"": true}]}"
2026-07-26T05:36:16.130591Z,serve,Serve,89,Sofia Kenin,320942,https://www.wtatennis.com/players/320942/sofia-kenin,https://photoresources.wtatennis.com/wta/photo/2024/04/26/fe7c8705-7467-44ff-80c1-56b8690b2c22/Kenin-Torso_320942-WTA-Tennis.png,44.5,Aces,35,Double Faults,84,1st Serve %,66.9%,1st Serve Points Won %,62.3%,2nd Serve Points Won %,45.3%,Break Points Saved %,49.3%,"{""category"": ""serve"", ""player_rank"": 108, ""match_count"": 18, ""formula"": ""normalized_score = Σ(metric_norm × weight)"", ""metrics"": [{""key"": ""Aces"", ""name"": ""Aces"", ""raw"": 35.0, ""raw_display"": ""35"", ""normalized"": 11.19, ""weight"": 0.16, ""weight_pct"": 16.0, ""min"": 3.0, ""max"": 289.0, ""lower_is_better"": false, ""is_percent"": false}, {""key"": ""Double_Faults"", ""name"": ""Double Faults"", ""raw"": 84.0, ""raw_display"": ""84"", ""normalized"": 68.92, ""weight"": 0.12, ""weight_pct"": 12.0, ""min"": 6.0, ""max"": 257.0, ""lower_is_better"": true, ""is_percent"": false}, {""key"": ""first_serve_percent"", ""name"": ""1st Serve %"", ""raw"": 66.9, ""raw_display"": ""66.9%"", ""normalized"": 51.09, ""weight"": 0.14, ""weight_pct"": 14.0, ""min"": 52.9, ""max"": 80.3, ""lower_is_better"": false, ""is_percent"": true}, {""key"": ""first_serve_won_percent"", ""name"": ""1st Serve Points Won %"", ""raw"": 62.3, ""raw_display"": ""62.3%"", ""normalized"": 49.55, ""weight"": 0.2, ""weight_pct"": 20.0, ""min"": 51.2, ""max"": 73.6, ""lower_is_better"": false, ""is_percent"": true}, {""key"": ""second_serve_won_percent"", ""name"": ""2nd Serve Points Won %"", ""raw"": 45.3, ""raw_display"": ""45.3%"", ""normalized"": 43.25, ""weight"": 0.2, ""weight_pct"": 20.0, ""min"": 34.4, ""max"": 59.6, ""lower_is_better"": false, ""is_percent"": true}, {""key"": ""breakpoint_saved_percent"", ""name"": ""Break Points Saved %"", ""raw"": 49.3, ""raw_display"": ""49.3%"", ""normalized"": 48.29, ""weight"": 0.18, ""weight_pct"": 18.0, ""min"": 33.8, ""max"": 65.9, ""lower_is_better"": false, ""is_percent"": true}]}"
2026-07-26T05:36:16.130591Z,serve,Serve,90,Kaja Juvan,324702,https://www.wtatennis.com/players/324702/kaja-juvan,https://photoresources.wtatennis.com/wta/photo/2021/01/12/54ec0422-97aa-40a8-82c5-ee5e212af993/Juvan_Hero-Smile.png,44.3,Aces,7,Double Faults,19,1st Serve %,60.9%,1st Serve Points Won %,62.0%,2nd Serve Points Won %,43.3%,Break Points Saved %,55.0%,"{""category"": ""serve"", ""player_rank"": 164, ""match_count"": 5, ""formula"": ""normalized_score = Σ(metric_norm × weight)"", ""metrics"": [{""key"": ""Aces"", ""name"": ""Aces"", ""raw"": 7.0, ""raw_display"": ""7"", ""normalized"": 1.4, ""weight"": 0.16, ""weight_pct"": 16.0, ""min"": 3.0, ""max"": 289.0, ""lower_is_better"": false, ""is_percent"": false}, {""key"": ""Double_Faults"", ""name"": ""Double Faults"", ""raw"": 19.0, ""raw_display"": ""19"", ""normalized"": 94.82, ""weight"": 0.12, ""weight_pct"": 12.0, ""min"": 6.0, ""max"": 257.0, ""lower_is_better"": true, ""is_percent"": false}, {""key"": ""first_serve_percent"", ""name"": ""1st Serve %"", ""raw"": 60.9, ""raw_display"": ""60.9%"", ""normalized"": 29.2, ""weight"": 0.14, ""weight_pct"": 14.0, ""min"": 52.9, ""max"": 80.3, ""lower_is_better"": false, ""is_percent"": true}, {""key"": ""first_serve_won_percent"", ""name"": ""1st Serve Points Won %"", ""raw"": 62.0, ""raw_display"": ""62.0%"", ""normalized"": 48.21, ""weight"": 0.2, ""weight_pct"": 20.0, ""min"": 51.2, ""max"": 73.6, ""lower_is_better"": false, ""is_percent"": true}, {""key"": ""second_serve_won_percent"", ""name"": ""2nd Serve Points Won %"", ""raw"": 43.3, ""raw_display"": ""43.3%"", ""normalized"": 35.32, ""weight"": 0.2, ""weight_pct"": 20.0, ""min"": 34.4, ""max"": 59.6, ""lower_is_better"": false, ""is_percent"": true}, {""key"": ""breakpoint_saved_percent"", ""name"": ""Break Points Saved %"", ""raw"": 55.0, ""raw_display"": ""55.0%"", ""normalized"": 66.04, ""weight"": 0.18, ""weight_pct"": 18.0, ""min"": 33.8, ""max"": 65.9, ""lower_is_better"": false, ""is_percent"": true}]}"
2026-07-26T05:36:16.130591Z,serve,Serve,91,Bianca Andreescu,325088,https://www.wtatennis.com/players/325088/bianca-andreescu,https://photoresources.wtatennis.com/wta/photo/2021/04/05/e2f0aecb-f7ed-4180-a2bf-db432ae41be5/Andreescu_crop.jpg,44.3,Aces,36,Double Faults,33,1st Serve %,64.2%,1st Serve Points Won %,62.0%,2nd Serve Points Won %,42.6%,Break Points Saved %,51.4%,"{""category"": ""serve"", ""player_rank"": 170, ""match_count"": 8, ""formula"": ""normalized_score = Σ(metric_norm × weight)"", ""metrics"": [{""key"": ""Aces"", ""name"": ""Aces"", ""raw"": 36.0, ""raw_display"": ""36"", ""normalized"": 11.54, ""weight"": 0.16, ""weight_pct"": 16.0, ""min"": 3.0, ""max"": 289.0, ""lower_is_better"": false, ""is_percent"": false}, {""key"": ""Double_Faults"", ""name"": ""Double Faults"", ""raw"": 33.0, ""raw_display"": ""33"", ""normalized"": 89.24, ""weight"": 0.12, ""weight_pct"": 12.0, ""min"": 6.0, ""max"": 257.0, ""lower_is_better"": true, ""is_percent"": false}, {""key"": ""first_serve_percent"", ""name"": ""1st Serve %"", ""raw"": 64.2, ""raw_display"": ""64.2%"", ""normalized"": 41.24, ""weight"": 0.14, ""weight_pct"": 14.0, ""min"": 52.9, ""max"": 80.3, ""lower_is_better"": false, ""is_percent"": true}, {""key"": ""first_serve_won_percent"", ""name"": ""1st Serve Points Won %"", ""raw"": 62.0, ""raw_display"": ""62.0%"", ""normalized"": 48.21, ""weight"": 0.2, ""weight_pct"": 20.0, ""min"": 51.2, ""max"": 73.6, ""lower_is_better"": false, ""is_percent"": true}, {""key"": ""second_serve_won_percent"", ""name"": ""2nd Serve Points Won %"", ""raw"": 42.6, ""raw_display"": ""42.6%"", ""normalized"": 32.54, ""weight"": 0.2, ""weight_pct"": 20.0, ""min"": 34.4, ""max"": 59.6, ""lower_is_better"": false, ""is_percent"": true}, {""key"": ""breakpoint_saved_percent"", ""name"": ""Break Points Saved %"", ""raw"": 51.4, ""raw_display"": ""51.4%"", ""normalized"": 54.83, ""weight"": 0.18, ""weight_pct"": 18.0, ""min"": 33.8, ""max"": 65.9, ""lower_is_better"": false, ""is_percent"": true}]}"
2026-07-26T05:36:16.130591Z,serve,Serve,92,Elena-Gabriela Ruse,320408,https://www.wtatennis.com/players/320408/elena-gabriela-ruse,https://photoresources.wtatennis.com/wta/photo/2025/03/10/27509f0b-bedb-4df9-8448-513cd42fd4ed/Ruse-Torso_320408.png,44.1,Aces,105,Double Faults,131,1st Serve %,55.8%,1st Serve Points Won %,64.8%,2nd Serve Points Won %,45.6%,Break Points Saved %,51.4%,"{""category"": ""serve"", ""player_rank"": 73, ""match_count"": 27, ""formula"": ""normalized_score = Σ(metric_norm × weight)"", ""metrics"": [{""key"": ""Aces"", ""name"": ""Aces"", ""raw"": 105.0, ""raw_display"": ""105"", ""normalized"": 35.66, ""weight"": 0.16, ""weight_pct"": 16.0, ""min"": 3.0, ""max"": 289.0, ""lower_is_better"": false, ""is_percent"": false}, {""key"": ""Double_Faults"", ""name"": ""Double Faults"", ""raw"": 131.0, ""raw_display"": ""131"", ""normalized"": 50.2, ""weight"": 0.12, ""weight_pct"": 12.0, ""min"": 6.0, ""max"": 257.0, ""lower_is_better"": true, ""is_percent"": false}, {""key"": ""first_serve_percent"", ""name"": ""1st Serve %"", ""raw"": 55.8, ""raw_display"": ""55.8%"", ""normalized"": 10.58, ""weight"": 0.14, ""weight_pct"": 14.0, ""min"": 52.9, ""max"": 80.3, ""lower_is_better"": false, ""is_percent"": true}, {""key"": ""first_serve_won_percent"", ""name"": ""1st Serve Points Won %"", ""raw"": 64.8, ""raw_display"": ""64.8%"", ""normalized"": 60.71, ""weight"": 0.2, ""weight_pct"": 20.0, ""min"": 51.2, ""max"": 73.6, ""lower_is_better"": false, ""is_percent"": true}, {""key"": ""second_serve_won_percent"", ""name"": ""2nd Serve Points Won %"", ""raw"": 45.6, ""raw_display"": ""45.6%"", ""normalized"": 44.44, ""weight"": 0.2, ""weight_pct"": 20.0, ""min"": 34.4, ""max"": 59.6, ""lower_is_better"": false, ""is_percent"": true}, {""key"": ""breakpoint_saved_percent"", ""name"": ""Break Points Saved %"", ""raw"": 51.4, ""raw_display"": ""51.4%"", ""normalized"": 54.83, ""weight"": 0.18, ""weight_pct"": 18.0, ""min"": 33.8, ""max"": 65.9, ""lower_is_better"": false, ""is_percent"": true}]}"
2026-07-26T05:36:16.130591Z,serve,Serve,93,Anna Kalinskaya,323942,https://www.wtatennis.com/players/323942/anna-kalinskaya,https://photoresources.wtatennis.com/wta/photo/2025/03/10/d69936b0-5fc4-4979-8c38-d46b7f5b38f4/Kalinskaya-Torso_323942.png,43.9,Aces,70,Double Faults,119,1st Serve %,64.0%,1st Serve Points Won %,62.2%,2nd Serve Points Won %,45.6%,Break Points Saved %,50.2%,"{""category"": ""serve"", ""player_rank"": 20, ""match_count"": 34, ""formula"": ""normalized_score = Σ(metric_norm × weight)"", ""metrics"": [{""key"": ""Aces"", ""name"": ""Aces"", ""raw"": 70.0, ""raw_display"": ""70"", ""normalized"": 23.43, ""weight"": 0.16, ""weight_pct"": 16.0, ""min"": 3.0, ""max"": 289.0, ""lower_is_better"": false, ""is_percent"": false}, {""key"": ""Double_Faults"", ""name"": ""Double Faults"", ""raw"": 119.0, ""raw_display"": ""119"", ""normalized"": 54.98, ""weight"": 0.12, ""weight_pct"": 12.0, ""min"": 6.0, ""max"": 257.0, ""lower_is_better"": true, ""is_percent"": false}, {""key"": ""first_serve_percent"", ""name"": ""1st Serve %"", ""raw"": 64.0, ""raw_display"": ""64.0%"", ""normalized"": 40.51, ""weight"": 0.14, ""weight_pct"": 14.0, ""min"": 52.9, ""max"": 80.3, ""lower_is_better"": false, ""is_percent"": true}, {""key"": ""first_serve_won_percent"", ""name"": ""1st Serve Points Won %"", ""raw"": 62.2, ""raw_display"": ""62.2%"", ""normalized"": 49.11, ""weight"": 0.2, ""weight_pct"": 20.0, ""min"": 51.2, ""max"": 73.6, ""lower_is_better"": false, ""is_percent"": true}, {""key"": ""second_serve_won_percent"", ""name"": ""2nd Serve Points Won %"", ""raw"": 45.6, ""raw_display"": ""45.6%"", ""normalized"": 44.44, ""weight"": 0.2, ""weight_pct"": 20.0, ""min"": 34.4, ""max"": 59.6, ""lower_is_better"": false, ""is_percent"": true}, {""key"": ""breakpoint_saved_percent"", ""name"": ""Break Points Saved %"", ""raw"": 50.2, ""raw_display"": ""50.2%"", ""normalized"": 51.09, ""weight"": 0.18, ""weight_pct"": 18.0, ""min"": 33.8, ""max"": 65.9, ""lower_is_better"": false, ""is_percent"": true}]}"
2026-07-26T05:36:16.130591Z,serve,Serve,94,Anastasia Potapova,325601,https://www.wtatennis.com/players/325601/anastasia-potapova,https://photoresources.wtatennis.com/wta/photo/2025/03/10/cc3f5e00-ec55-4a07-9bbc-2a8b379a2436/Potapova-Torso_325601.png,43.9,Aces,93,Double Faults,161,1st Serve %,56.7%,1st Serve Points Won %,64.6%,2nd Serve Points Won %,42.6%,Break Points Saved %,58.5%,"{""category"": ""serve"", ""player_rank"": 28, ""match_count"": 34, ""formula"": ""normalized_score = Σ(metric_norm × weight)"", ""metrics"": [{""key"": ""Aces"", ""name"": ""Aces"", ""raw"": 93.0, ""raw_display"": ""93"", ""normalized"": 31.47, ""weight"": 0.16, ""weight_pct"": 16.0, ""min"": 3.0, ""max"": 289.0, ""lower_is_better"": false, ""is_percent"": false}, {""key"": ""Double_Faults"", ""name"": ""Double Faults"", ""raw"": 161.0, ""raw_display"": ""161"", ""normalized"": 38.25, ""weight"": 0.12, ""weight_pct"": 12.0, ""min"": 6.0, ""max"": 257.0, ""lower_is_better"": true, ""is_percent"": false}, {""key"": ""first_serve_percent"", ""name"": ""1st Serve %"", ""raw"": 56.7, ""raw_display"": ""56.7%"", ""normalized"": 13.87, ""weight"": 0.14, ""weight_pct"": 14.0, ""min"": 52.9, ""max"": 80.3, ""lower_is_better"": false, ""is_percent"": true}, {""key"": ""first_serve_won_percent"", ""name"": ""1st Serve Points Won %"", ""raw"": 64.6, ""raw_display"": ""64.6%"", ""normalized"": 59.82, ""weight"": 0.2, ""weight_pct"": 20.0, ""min"": 51.2, ""max"": 73.6, ""lower_is_better"": false, ""is_percent"": true}, {""key"": ""second_serve_won_percent"", ""name"": ""2nd Serve Points Won %"", ""raw"": 42.6, ""raw_display"": ""42.6%"", ""normalized"": 32.54, ""weight"": 0.2, ""weight_pct"": 20.0, ""min"": 34.4, ""max"": 59.6, ""lower_is_better"": false, ""is_percent"": true}, {""key"": ""breakpoint_saved_percent"", ""name"": ""Break Points Saved %"", ""raw"": 58.5, ""raw_display"": ""58.5%"", ""normalized"": 76.95, ""weight"": 0.18, ""weight_pct"": 18.0, ""min"": 33.8, ""max"": 65.9, ""lower_is_better"": false, ""is_percent"": true}]}"
2026-07-26T05:36:16.130591Z,serve,Serve,95,Venus Williams,230220,https://www.wtatennis.com/players/230220,,43.8,Aces,33,Double Faults,44,1st Serve %,61.2%,1st Serve Points Won %,65.8%,2nd Serve Points Won %,37.3%,Break Points Saved %,55.8%,"{""category"": ""serve"", ""player_rank"": 469, ""match_count"": 8, ""formula"": ""normalized_score = Σ(metric_norm × weight)"", ""metrics"": [{""key"": ""Aces"", ""name"": ""Aces"", ""raw"": 33.0, ""raw_display"": ""33"", ""normalized"": 10.49, ""weight"": 0.16, ""weight_pct"": 16.0, ""min"": 3.0, ""max"": 289.0, ""lower_is_better"": false, ""is_percent"": false}, {""key"": ""Double_Faults"", ""name"": ""Double Faults"", ""raw"": 44.0, ""raw_display"": ""44"", ""normalized"": 84.86, ""weight"": 0.12, ""weight_pct"": 12.0, ""min"": 6.0, ""max"": 257.0, ""lower_is_better"": true, ""is_percent"": false}, {""key"": ""first_serve_percent"", ""name"": ""1st Serve %"", ""raw"": 61.2, ""raw_display"": ""61.2%"", ""normalized"": 30.29, ""weight"": 0.14, ""weight_pct"": 14.0, ""min"": 52.9, ""max"": 80.3, ""lower_is_better"": false, ""is_percent"": true}, {""key"": ""first_serve_won_percent"", ""name"": ""1st Serve Points Won %"", ""raw"": 65.8, ""raw_display"": ""65.8%"", ""normalized"": 65.18, ""weight"": 0.2, ""weight_pct"": 20.0, ""min"": 51.2, ""max"": 73.6, ""lower_is_better"": false, ""is_percent"": true}, {""key"": ""second_serve_won_percent"", ""name"": ""2nd Serve Points Won %"", ""raw"": 37.3, ""raw_display"": ""37.3%"", ""normalized"": 11.51, ""weight"": 0.2, ""weight_pct"": 20.0, ""min"": 34.4, ""max"": 59.6, ""lower_is_better"": false, ""is_percent"": true}, {""key"": ""breakpoint_saved_percent"", ""name"": ""Break Points Saved %"", ""raw"": 55.8, ""raw_display"": ""55.8%"", ""normalized"": 68.54, ""weight"": 0.18, ""weight_pct"": 18.0, ""min"": 33.8, ""max"": 65.9, ""lower_is_better"": false, ""is_percent"": true}]}"
2026-07-26T05:36:16.130591Z,serve,Serve,96,Coco Gauff,328560,https://www.wtatennis.com/players/328560/coco-gauff,https://photoresources.wtatennis.com/wta/photo/2025/03/10/58f4a6e9-de5a-491c-895a-439921f56534/Gauff-Torso_328560.png,43.3,Aces,117,Double Faults,257,1st Serve %,63.7%,1st Serve Points Won %,67.7%,2nd Serve Points Won %,41.5%,Break Points Saved %,53.4%,"{""category"": ""serve"", ""player_rank"": 4, ""match_count"": 43, ""formula"": ""normalized_score = Σ(metric_norm × weight)"", ""metrics"": [{""key"": ""Aces"", ""name"": ""Aces"", ""raw"": 117.0, ""raw_display"": ""117"", ""normalized"": 39.86, ""weight"": 0.16, ""weight_pct"": 16.0, ""min"": 3.0, ""max"": 289.0, ""lower_is_better"": false, ""is_percent"": false}, {""key"": ""Double_Faults"", ""name"": ""Double Faults"", ""raw"": 257.0, ""raw_display"": ""257"", ""normalized"": 0.0, ""weight"": 0.12, ""weight_pct"": 12.0, ""min"": 6.0, ""max"": 257.0, ""lower_is_better"": true, ""is_percent"": false}, {""key"": ""first_serve_percent"", ""name"": ""1st Serve %"", ""raw"": 63.7, ""raw_display"": ""63.7%"", ""normalized"": 39.42, ""weight"": 0.14, ""weight_pct"": 14.0, ""min"": 52.9, ""max"": 80.3, ""lower_is_better"": false, ""is_percent"": true}, {""key"": ""first_serve_won_percent"", ""name"": ""1st Serve Points Won %"", ""raw"": 67.7, ""raw_display"": ""67.7%"", ""normalized"": 73.66, ""weight"": 0.2, ""weight_pct"": 20.0, ""min"": 51.2, ""max"": 73.6, ""lower_is_better"": false, ""is_percent"": true}, {""key"": ""second_serve_won_percent"", ""name"": ""2nd Serve Points Won %"", ""raw"": 41.5, ""raw_display"": ""41.5%"", ""normalized"": 28.17, ""weight"": 0.2, ""weight_pct"": 20.0, ""min"": 34.4, ""max"": 59.6, ""lower_is_better"": false, ""is_percent"": true}, {""key"": ""breakpoint_saved_percent"", ""name"": ""Break Points Saved %"", ""raw"": 53.4, ""raw_display"": ""53.4%"", ""normalized"": 61.06, ""weight"": 0.18, ""weight_pct"": 18.0, ""min"": 33.8, ""max"": 65.9, ""lower_is_better"": false, ""is_percent"": true}]}"
2026-07-26T05:36:16.130591Z,serve,Serve,97,Tamara Zidansek,323079,https://www.wtatennis.com/players/323079/tamara-zidansek,https://photoresources.wtatennis.com/wta/photo/2023/02/09/e2863c5d-c2ab-496e-969b-38fbdd18e693/323079.jpg,43.1,Aces,9,Double Faults,25,1st Serve %,61.8%,1st Serve Points Won %,59.6%,2nd Serve Points Won %,45.4%,Break Points Saved %,53.3%,"{""category"": ""serve"", ""player_rank"": 134, ""match_count"": 6, ""formula"": ""normalized_score = Σ(metric_norm × weight)"", ""metrics"": [{""key"": ""Aces"", ""name"": ""Aces"", ""raw"": 9.0, ""raw_display"": ""9"", ""normalized"": 2.1, ""weight"": 0.16, ""weight_pct"": 16.0, ""min"": 3.0, ""max"": 289.0, ""lower_is_better"": false, ""is_percent"": false}, {""key"": ""Double_Faults"", ""name"": ""Double Faults"", ""raw"": 25.0, ""raw_display"": ""25"", ""normalized"": 92.43, ""weight"": 0.12, ""weight_pct"": 12.0, ""min"": 6.0, ""max"": 257.0, ""lower_is_better"": true, ""is_percent"": false}, {""key"": ""first_serve_percent"", ""name"": ""1st Serve %"", ""raw"": 61.8, ""raw_display"": ""61.8%"", ""normalized"": 32.48, ""weight"": 0.14, ""weight_pct"": 14.0, ""min"": 52.9, ""max"": 80.3, ""lower_is_better"": false, ""is_percent"": true}, {""key"": ""first_serve_won_percent"", ""name"": ""1st Serve Points Won %"", ""raw"": 59.6, ""raw_display"": ""59.6%"", ""normalized"": 37.5, ""weight"": 0.2, ""weight_pct"": 20.0, ""min"": 51.2, ""max"": 73.6, ""lower_is_better"": false, ""is_percent"": true}, {""key"": ""second_serve_won_percent"", ""name"": ""2nd Serve Points Won %"", ""raw"": 45.4, ""raw_display"": ""45.4%"", ""normalized"": 43.65, ""weight"": 0.2, ""weight_pct"": 20.0, ""min"": 34.4, ""max"": 59.6, ""lower_is_better"": false, ""is_percent"": true}, {""key"": ""breakpoint_saved_percent"", ""name"": ""Break Points Saved %"", ""raw"": 53.3, ""raw_display"": ""53.3%"", ""normalized"": 60.75, ""weight"": 0.18, ""weight_pct"": 18.0, ""min"": 33.8, ""max"": 65.9, ""lower_is_better"": false, ""is_percent"": true}]}"
2026-07-26T05:36:16.130591Z,serve,Serve,98,Sara Bejlek,330375,https://www.wtatennis.com/players/330375/sara-bejlek,https://photoresources.wtatennis.com/wta/photo/2022/10/11/db08cf6d-e28a-497d-a601-1d6abb8245ff/Bejlek_Crop.jpg,42.6,Aces,23,Double Faults,74,1st Serve %,62.4%,1st Serve Points Won %,60.3%,2nd Serve Points Won %,46.1%,Break Points Saved %,52.5%,"{""category"": ""serve"", ""player_rank"": 40, ""match_count"": 23, ""formula"": ""normalized_score = Σ(metric_norm × weight)"", ""metrics"": [{""key"": ""Aces"", ""name"": ""Aces"", ""raw"": 23.0, ""raw_display"": ""23"", ""normalized"": 6.99, ""weight"": 0.16, ""weight_pct"": 16.0, ""min"": 3.0, ""max"": 289.0, ""lower_is_better"": false, ""is_percent"": false}, {""key"": ""Double_Faults"", ""name"": ""Double Faults"", ""raw"": 74.0, ""raw_display"": ""74"", ""normalized"": 72.91, ""weight"": 0.12, ""weight_pct"": 12.0, ""min"": 6.0, ""max"": 257.0, ""lower_is_better"": true, ""is_percent"": false}, {""key"": ""first_serve_percent"", ""name"": ""1st Serve %"", ""raw"": 62.4, ""raw_display"": ""62.4%"", ""normalized"": 34.67, ""weight"": 0.14, ""weight_pct"": 14.0, ""min"": 52.9, ""max"": 80.3, ""lower_is_better"": false, ""is_percent"": true}, {""key"": ""first_serve_won_percent"", ""name"": ""1st Serve Points Won %"", ""raw"": 60.3, ""raw_display"": ""60.3%"", ""normalized"": 40.62, ""weight"": 0.2, ""weight_pct"": 20.0, ""min"": 51.2, ""max"": 73.6, ""lower_is_better"": false, ""is_percent"": true}, {""key"": ""second_serve_won_percent"", ""name"": ""2nd Serve Points Won %"", ""raw"": 46.1, ""raw_display"": ""46.1%"", ""normalized"": 46.43, ""weight"": 0.2, ""weight_pct"": 20.0, ""min"": 34.4, ""max"": 59.6, ""lower_is_better"": false, ""is_percent"": true}, {""key"": ""breakpoint_saved_percent"", ""name"": ""Break Points Saved %"", ""raw"": 52.5, ""raw_display"": ""52.5%"", ""normalized"": 58.26, ""weight"": 0.18, ""weight_pct"": 18.0, ""min"": 33.8, ""max"": 65.9, ""lower_is_better"": false, ""is_percent"": true}]}"
2026-07-26T05:36:16.130591Z,serve,Serve,99,Lois Boisson,328884,https://www.wtatennis.com/players/328884/lois-boisson,https://photoresources.wtatennis.com/wta/photo/2025/06/05/21340991-9a96-4571-80b9-9e5235c701e4/Boisson-Torso_328884.png,42.6,Aces,20,Double Faults,26,1st Serve %,62.3%,1st Serve Points Won %,68.2%,2nd Serve Points Won %,36.3%,Break Points Saved %,50.0%,"{""category"": ""serve"", ""player_rank"": 294, ""match_count"": 7, ""formula"": ""normalized_score = Σ(metric_norm × weight)"", ""metrics"": [{""key"": ""Aces"", ""name"": ""Aces"", ""raw"": 20.0, ""raw_display"": ""20"", ""normalized"": 5.94, ""weight"": 0.16, ""weight_pct"": 16.0, ""min"": 3.0, ""max"": 289.0, ""lower_is_better"": false, ""is_percent"": false}, {""key"": ""Double_Faults"", ""name"": ""Double Faults"", ""raw"": 26.0, ""raw_display"": ""26"", ""normalized"": 92.03, ""weight"": 0.12, ""weight_pct"": 12.0, ""min"": 6.0, ""max"": 257.0, ""lower_is_better"": true, ""is_percent"": false}, {""key"": ""first_serve_percent"", ""name"": ""1st Serve %"", ""raw"": 62.3, ""raw_display"": ""62.3%"", ""normalized"": 34.31, ""weight"": 0.14, ""weight_pct"": 14.0, ""min"": 52.9, ""max"": 80.3, ""lower_is_better"": false, ""is_percent"": true}, {""key"": ""first_serve_won_percent"", ""name"": ""1st Serve Points Won %"", ""raw"": 68.2, ""raw_display"": ""68.2%"", ""normalized"": 75.89, ""weight"": 0.2, ""weight_pct"": 20.0, ""min"": 51.2, ""max"": 73.6, ""lower_is_better"": false, ""is_percent"": true}, {""key"": ""second_serve_won_percent"", ""name"": ""2nd Serve Points Won %"", ""raw"": 36.3, ""raw_display"": ""36.3%"", ""normalized"": 7.54, ""weight"": 0.2, ""weight_pct"": 20.0, ""min"": 34.4, ""max"": 59.6, ""lower_is_better"": false, ""is_percent"": true}, {""key"": ""breakpoint_saved_percent"", ""name"": ""Break Points Saved %"", ""raw"": 50.0, ""raw_display"": ""50.0%"", ""normalized"": 50.47, ""weight"": 0.18, ""weight_pct"": 18.0, ""min"": 33.8, ""max"": 65.9, ""lower_is_better"": false, ""is_percent"": true}]}"
2026-07-26T05:36:16.130591Z,serve,Serve,100,Solana Sierra,329081,https://www.wtatennis.com/players/329081/solana-sierra,https://photoresources.wtatennis.com/wta/photo/2026/01/13/4c741cca-cce3-46d6-a7a2-8b398836bfd0/Sierra-Torso_329081.png,42.5,Aces,60,Double Faults,137,1st Serve %,61.1%,1st Serve Points Won %,61.4%,2nd Serve Points Won %,42.6%,Break Points Saved %,58.4%,"{""category"": ""serve"", ""player_rank"": 87, ""match_count"": 26, ""formula"": ""normalized_score = Σ(metric_norm × weight)"", ""metrics"": [{""key"": ""Aces"", ""name"": ""Aces"", ""raw"": 60.0, ""raw_display"": ""60"", ""normalized"": 19.93, ""weight"": 0.16, ""weight_pct"": 16.0, ""min"": 3.0, ""max"": 289.0, ""lower_is_better"": false, ""is_percent"": false}, {""key"": ""Double_Faults"", ""name"": ""Double Faults"", ""raw"": 137.0, ""raw_display"": ""137"", ""normalized"": 47.81, ""weight"": 0.12, ""weight_pct"": 12.0, ""min"": 6.0, ""max"": 257.0, ""lower_is_better"": true, ""is_percent"": false}, {""key"": ""first_serve_percent"", ""name"": ""1st Serve %"", ""raw"": 61.1, ""raw_display"": ""61.1%"", ""normalized"": 29.93, ""weight"": 0.14, ""weight_pct"": 14.0, ""min"": 52.9, ""max"": 80.3, ""lower_is_better"": false, ""is_percent"": true}, {""key"": ""first_serve_won_percent"", ""name"": ""1st Serve Points Won %"", ""raw"": 61.4, ""raw_display"": ""61.4%"", ""normalized"": 45.54, ""weight"": 0.2, ""weight_pct"": 20.0, ""min"": 51.2, ""max"": 73.6, ""lower_is_better"": false, ""is_percent"": true}, {""key"": ""second_serve_won_percent"", ""name"": ""2nd Serve Points Won %"", ""raw"": 42.6, ""raw_display"": ""42.6%"", ""normalized"": 32.54, ""weight"": 0.2, ""weight_pct"": 20.0, ""min"": 34.4, ""max"": 59.6, ""lower_is_better"": false, ""is_percent"": true}, {""key"": ""breakpoint_saved_percent"", ""name"": ""Break Points Saved %"", ""raw"": 58.4, ""raw_display"": ""58.4%"", ""normalized"": 76.64, ""weight"": 0.18, ""weight_pct"": 18.0, ""min"": 33.8, ""max"": 65.9, ""lower_is_better"": false, ""is_percent"": true}]}"
2026-07-26T05:36:16.130591Z,serve,Serve,101,Zeynep Sonmez,326907,https://www.wtatennis.com/players/326907/zeynep-sonmez,https://photoresources.wtatennis.com/wta/photo/2025/03/10/90332a81-0da4-470f-b099-087be7b2be5d/Sonmez-Torso_326907.png,42.0,Aces,27,Double Faults,75,1st Serve %,63.1%,1st Serve Points Won %,58.1%,2nd Serve Points Won %,47.3%,Break Points Saved %,52.3%,"{""category"": ""serve"", ""player_rank"": 48, ""match_count"": 30, ""formula"": ""normalized_score = Σ(metric_norm × weight)"", ""metrics"": [{""key"": ""Aces"", ""name"": ""Aces"", ""raw"": 27.0, ""raw_display"": ""27"", ""normalized"": 8.39, ""weight"": 0.16, ""weight_pct"": 16.0, ""min"": 3.0, ""max"": 289.0, ""lower_is_better"": false, ""is_percent"": false}, {""key"": ""Double_Faults"", ""name"": ""Double Faults"", ""raw"": 75.0, ""raw_display"": ""75"", ""normalized"": 72.51, ""weight"": 0.12, ""weight_pct"": 12.0, ""min"": 6.0, ""max"": 257.0, ""lower_is_better"": true, ""is_percent"": false}, {""key"": ""first_serve_percent"", ""name"": ""1st Serve %"", ""raw"": 63.1, ""raw_display"": ""63.1%"", ""normalized"": 37.23, ""weight"": 0.14, ""weight_pct"": 14.0, ""min"": 52.9, ""max"": 80.3, ""lower_is_better"": false, ""is_percent"": true}, {""key"": ""first_serve_won_percent"", ""name"": ""1st Serve Points Won %"", ""raw"": 58.1, ""raw_display"": ""58.1%"", ""normalized"": 30.8, ""weight"": 0.2, ""weight_pct"": 20.0, ""min"": 51.2, ""max"": 73.6, ""lower_is_better"": false, ""is_percent"": true}, {""key"": ""second_serve_won_percent"", ""name"": ""2nd Serve Points Won %"", ""raw"": 47.3, ""raw_display"": ""47.3%"", ""normalized"": 51.19, ""weight"": 0.2, ""weight_pct"": 20.0, ""min"": 34.4, ""max"": 59.6, ""lower_is_better"": false, ""is_percent"": true}, {""key"": ""breakpoint_saved_percent"", ""name"": ""Break Points Saved %"", ""raw"": 52.3, ""raw_display"": ""52.3%"", ""normalized"": 57.63, ""weight"": 0.18, ""weight_pct"": 18.0, ""min"": 33.8, ""max"": 65.9, ""lower_is_better"": false, ""is_percent"": true}]}"
2026-07-26T05:36:16.130591Z,serve,Serve,102,Darja Semenistaja,329457,https://www.wtatennis.com/players/329457,,41.9,Aces,11,Double Faults,7,1st Serve %,66.8%,1st Serve Points Won %,57.5%,2nd Serve Points Won %,46.4%,Break Points Saved %,46.7%,"{""category"": ""serve"", ""player_rank"": 109, ""match_count"": 6, ""formula"": ""normalized_score = Σ(metric_norm × weight)"", ""metrics"": [{""key"": ""Aces"", ""name"": ""Aces"", ""raw"": 11.0, ""raw_display"": ""11"", ""normalized"": 2.8, ""weight"": 0.16, ""weight_pct"": 16.0, ""min"": 3.0, ""max"": 289.0, ""lower_is_better"": false, ""is_percent"": false}, {""key"": ""Double_Faults"", ""name"": ""Double Faults"", ""raw"": 7.0, ""raw_display"": ""7"", ""normalized"": 99.6, ""weight"": 0.12, ""weight_pct"": 12.0, ""min"": 6.0, ""max"": 257.0, ""lower_is_better"": true, ""is_percent"": false}, {""key"": ""first_serve_percent"", ""name"": ""1st Serve %"", ""raw"": 66.8, ""raw_display"": ""66.8%"", ""normalized"": 50.73, ""weight"": 0.14, ""weight_pct"": 14.0, ""min"": 52.9, ""max"": 80.3, ""lower_is_better"": false, ""is_percent"": true}, {""key"": ""first_serve_won_percent"", ""name"": ""1st Serve Points Won %"", ""raw"": 57.5, ""raw_display"": ""57.5%"", ""normalized"": 28.12, ""weight"": 0.2, ""weight_pct"": 20.0, ""min"": 51.2, ""max"": 73.6, ""lower_is_better"": false, ""is_percent"": true}, {""key"": ""second_serve_won_percent"", ""name"": ""2nd Serve Points Won %"", ""raw"": 46.4, ""raw_display"": ""46.4%"", ""normalized"": 47.62, ""weight"": 0.2, ""weight_pct"": 20.0, ""min"": 34.4, ""max"": 59.6, ""lower_is_better"": false, ""is_percent"": true}, {""key"": ""breakpoint_saved_percent"", ""name"": ""Break Points Saved %"", ""raw"": 46.7, ""raw_display"": ""46.7%"", ""normalized"": 40.19, ""weight"": 0.18, ""weight_pct"": 18.0, ""min"": 33.8, ""max"": 65.9, ""lower_is_better"": false, ""is_percent"": true}]}"
2026-07-26T05:36:16.130591Z,serve,Serve,103,Anhelina Kalinina,320567,https://www.wtatennis.com/players/320567/anhelina-kalinina,https://photoresources.wtatennis.com/wta/photo/2023/06/02/8d5c917e-f585-4db3-bfb8-c0e3c2258adc/Kalinina-Torso_320567.png,41.8,Aces,21,Double Faults,60,1st Serve %,64.8%,1st Serve Points Won %,59.5%,2nd Serve Points Won %,44.7%,Break Points Saved %,51.1%,"{""category"": ""serve"", ""player_rank"": 57, ""match_count"": 16, ""formula"": ""normalized_score = Σ(metric_norm × weight)"", ""metrics"": [{""key"": ""Aces"", ""name"": ""Aces"", ""raw"": 21.0, ""raw_display"": ""21"", ""normalized"": 6.29, ""weight"": 0.16, ""weight_pct"": 16.0, ""min"": 3.0, ""max"": 289.0, ""lower_is_better"": false, ""is_percent"": false}, {""key"": ""Double_Faults"", ""name"": ""Double Faults"", ""raw"": 60.0, ""raw_display"": ""60"", ""normalized"": 78.49, ""weight"": 0.12, ""weight_pct"": 12.0, ""min"": 6.0, ""max"": 257.0, ""lower_is_better"": true, ""is_percent"": false}, {""key"": ""first_serve_percent"", ""name"": ""1st Serve %"", ""raw"": 64.8, ""raw_display"": ""64.8%"", ""normalized"": 43.43, ""weight"": 0.14, ""weight_pct"": 14.0, ""min"": 52.9, ""max"": 80.3, ""lower_is_better"": false, ""is_percent"": true}, {""key"": ""first_serve_won_percent"", ""name"": ""1st Serve Points Won %"", ""raw"": 59.5, ""raw_display"": ""59.5%"", ""normalized"": 37.05, ""weight"": 0.2, ""weight_pct"": 20.0, ""min"": 51.2, ""max"": 73.6, ""lower_is_better"": false, ""is_percent"": true}, {""key"": ""second_serve_won_percent"", ""name"": ""2nd Serve Points Won %"", ""raw"": 44.7, ""raw_display"": ""44.7%"", ""normalized"": 40.87, ""weight"": 0.2, ""weight_pct"": 20.0, ""min"": 34.4, ""max"": 59.6, ""lower_is_better"": false, ""is_percent"": true}, {""key"": ""breakpoint_saved_percent"", ""name"": ""Break Points Saved %"", ""raw"": 51.1, ""raw_display"": ""51.1%"", ""normalized"": 53.89, ""weight"": 0.18, ""weight_pct"": 18.0, ""min"": 33.8, ""max"": 65.9, ""lower_is_better"": false, ""is_percent"": true}]}"
2026-07-26T05:36:16.130591Z,serve,Serve,104,Anastasia Zakharova,327367,https://www.wtatennis.com/players/327367/anastasia-zakharova,https://photoresources.wtatennis.com/wta/photo/2022/09/12/b9bde676-db0a-46c5-97c6-9b0b8f86aae2/Zakharova_Crop.jpg,41.8,Aces,18,Double Faults,64,1st Serve %,68.6%,1st Serve Points Won %,60.2%,2nd Serve Points Won %,43.8%,Break Points Saved %,48.5%,"{""category"": ""serve"", ""player_rank"": 102, ""match_count"": 21, ""formula"": ""normalized_score = Σ(metric_norm × weight)"", ""metrics"": [{""key"": ""Aces"", ""name"": ""Aces"", ""raw"": 18.0, ""raw_display"": ""18"", ""normalized"": 5.24, ""weight"": 0.16, ""weight_pct"": 16.0, ""min"": 3.0, ""max"": 289.0, ""lower_is_better"": false, ""is_percent"": false}, {""key"": ""Double_Faults"", ""name"": ""Double Faults"", ""raw"": 64.0, ""raw_display"": ""64"", ""normalized"": 76.89, ""weight"": 0.12, ""weight_pct"": 12.0, ""min"": 6.0, ""max"": 257.0, ""lower_is_better"": true, ""is_percent"": false}, {""key"": ""first_serve_percent"", ""name"": ""1st Serve %"", ""raw"": 68.6, ""raw_display"": ""68.6%"", ""normalized"": 57.3, ""weight"": 0.14, ""weight_pct"": 14.0, ""min"": 52.9, ""max"": 80.3, ""lower_is_better"": false, ""is_percent"": true}, {""key"": ""first_serve_won_percent"", ""name"": ""1st Serve Points Won %"", ""raw"": 60.2, ""raw_display"": ""60.2%"", ""normalized"": 40.18, ""weight"": 0.2, ""weight_pct"": 20.0, ""min"": 51.2, ""max"": 73.6, ""lower_is_better"": false, ""is_percent"": true}, {""key"": ""second_serve_won_percent"", ""name"": ""2nd Serve Points Won %"", ""raw"": 43.8, ""raw_display"": ""43.8%"", ""normalized"": 37.3, ""weight"": 0.2, ""weight_pct"": 20.0, ""min"": 34.4, ""max"": 59.6, ""lower_is_better"": false, ""is_percent"": true}, {""key"": ""breakpoint_saved_percent"", ""name"": ""Break Points Saved %"", ""raw"": 48.5, ""raw_display"": ""48.5%"", ""normalized"": 45.79, ""weight"": 0.18, ""weight_pct"": 18.0, ""min"": 33.8, ""max"": 65.9, ""lower_is_better"": false, ""is_percent"": true}]}"
2026-07-26T05:36:16.130591Z,serve,Serve,105,Anastasia Pavlyuchenkova,313796,https://www.wtatennis.com/players/313796/anastasia-pavlyuchenkova,https://photoresources.wtatennis.com/wta/photo/2025/03/10/93074ba0-5e83-4520-9d49-4615a03b5b4e/Pavlyuchenkova-Torso_313796.png,41.8,Aces,19,Double Faults,35,1st Serve %,52.9%,1st Serve Points Won %,66.7%,2nd Serve Points Won %,39.5%,Break Points Saved %,56.0%,"{""category"": ""serve"", ""player_rank"": 398, ""match_count"": 6, ""formula"": ""normalized_score = Σ(metric_norm × weight)"", ""metrics"": [{""key"": ""Aces"", ""name"": ""Aces"", ""raw"": 19.0, ""raw_display"": ""19"", ""normalized"": 5.59, ""weight"": 0.16, ""weight_pct"": 16.0, ""min"": 3.0, ""max"": 289.0, ""lower_is_better"": false, ""is_percent"": false}, {""key"": ""Double_Faults"", ""name"": ""Double Faults"", ""raw"": 35.0, ""raw_display"": ""35"", ""normalized"": 88.45, ""weight"": 0.12, ""weight_pct"": 12.0, ""min"": 6.0, ""max"": 257.0, ""lower_is_better"": true, ""is_percent"": false}, {""key"": ""first_serve_percent"", ""name"": ""1st Serve %"", ""raw"": 52.9, ""raw_display"": ""52.9%"", ""normalized"": 0.0, ""weight"": 0.14, ""weight_pct"": 14.0, ""min"": 52.9, ""max"": 80.3, ""lower_is_better"": false, ""is_percent"": true}, {""key"": ""first_serve_won_percent"", ""name"": ""1st Serve Points Won %"", ""raw"": 66.7, ""raw_display"": ""66.7%"", ""normalized"": 69.2, ""weight"": 0.2, ""weight_pct"": 20.0, ""min"": 51.2, ""max"": 73.6, ""lower_is_better"": false, ""is_percent"": true}, {""key"": ""second_serve_won_percent"", ""name"": ""2nd Serve Points Won %"", ""raw"": 39.5, ""raw_display"": ""39.5%"", ""normalized"": 20.24, ""weight"": 0.2, ""weight_pct"": 20.0, ""min"": 34.4, ""max"": 59.6, ""lower_is_better"": false, ""is_percent"": true}, {""key"": ""breakpoint_saved_percent"", ""name"": ""Break Points Saved %"", ""raw"": 56.0, ""raw_display"": ""56.0%"", ""normalized"": 69.16, ""weight"": 0.18, ""weight_pct"": 18.0, ""min"": 33.8, ""max"": 65.9, ""lower_is_better"": false, ""is_percent"": true}]}"
2026-07-26T05:36:16.130591Z,serve,Serve,106,Emiliana Arango,324789,https://www.wtatennis.com/players/324789/emiliana-arango,https://photoresources.wtatennis.com/wta/photo/2024/05/01/549f2b70-163d-4be0-90ec-a25fb84e1e72/Arango-Torso_324789-WTA-Tennis.png,41.6,Aces,17,Double Faults,51,1st Serve %,69.9%,1st Serve Points Won %,57.3%,2nd Serve Points Won %,43.4%,Break Points Saved %,51.0%,"{""category"": ""serve"", ""player_rank"": 96, ""match_count"": 22, ""formula"": ""normalized_score = Σ(metric_norm × weight)"", ""metrics"": [{""key"": ""Aces"", ""name"": ""Aces"", ""raw"": 17.0, ""raw_display"": ""17"", ""normalized"": 4.9, ""weight"": 0.16, ""weight_pct"": 16.0, ""min"": 3.0, ""max"": 289.0, ""lower_is_better"": false, ""is_percent"": false}, {""key"": ""Double_Faults"", ""name"": ""Double Faults"", ""raw"": 51.0, ""raw_display"": ""51"", ""normalized"": 82.07, ""weight"": 0.12, ""weight_pct"": 12.0, ""min"": 6.0, ""max"": 257.0, ""lower_is_better"": true, ""is_percent"": false}, {""key"": ""first_serve_percent"", ""name"": ""1st Serve %"", ""raw"": 69.9, ""raw_display"": ""69.9%"", ""normalized"": 62.04, ""weight"": 0.14, ""weight_pct"": 14.0, ""min"": 52.9, ""max"": 80.3, ""lower_is_better"": false, ""is_percent"": true}, {""key"": ""first_serve_won_percent"", ""name"": ""1st Serve Points Won %"", ""raw"": 57.3, ""raw_display"": ""57.3%"", ""normalized"": 27.23, ""weight"": 0.2, ""weight_pct"": 20.0, ""min"": 51.2, ""max"": 73.6, ""lower_is_better"": false, ""is_percent"": true}, {""key"": ""second_serve_won_percent"", ""name"": ""2nd Serve Points Won %"", ""raw"": 43.4, ""raw_display"": ""43.4%"", ""normalized"": 35.71, ""weight"": 0.2, ""weight_pct"": 20.0, ""min"": 34.4, ""max"": 59.6, ""lower_is_better"": false, ""is_percent"": true}, {""key"": ""breakpoint_saved_percent"", ""name"": ""Break Points Saved %"", ""raw"": 51.0, ""raw_display"": ""51.0%"", ""normalized"": 53.58, ""weight"": 0.18, ""weight_pct"": 18.0, ""min"": 33.8, ""max"": 65.9, ""lower_is_better"": false, ""is_percent"": true}]}"
2026-07-26T05:36:16.130591Z,serve,Serve,107,Sloane Stephens,315683,https://www.wtatennis.com/players/315683,,41.3,Aces,8,Double Faults,23,1st Serve %,67.2%,1st Serve Points Won %,55.2%,2nd Serve Points Won %,44.5%,Break Points Saved %,53.3%,"{""category"": ""serve"", ""player_rank"": 313, ""match_count"": 10, ""formula"": ""normalized_score = Σ(metric_norm × weight)"", ""metrics"": [{""key"": ""Aces"", ""name"": ""Aces"", ""raw"": 8.0, ""raw_display"": ""8"", ""normalized"": 1.75, ""weight"": 0.16, ""weight_pct"": 16.0, ""min"": 3.0, ""max"": 289.0, ""lower_is_better"": false, ""is_percent"": false}, {""key"": ""Double_Faults"", ""name"": ""Double Faults"", ""raw"": 23.0, ""raw_display"": ""23"", ""normalized"": 93.23, ""weight"": 0.12, ""weight_pct"": 12.0, ""min"": 6.0, ""max"": 257.0, ""lower_is_better"": true, ""is_percent"": false}, {""key"": ""first_serve_percent"", ""name"": ""1st Serve %"", ""raw"": 67.2, ""raw_display"": ""67.2%"", ""normalized"": 52.19, ""weight"": 0.14, ""weight_pct"": 14.0, ""min"": 52.9, ""max"": 80.3, ""lower_is_better"": false, ""is_percent"": true}, {""key"": ""first_serve_won_percent"", ""name"": ""1st Serve Points Won %"", ""raw"": 55.2, ""raw_display"": ""55.2%"", ""normalized"": 17.86, ""weight"": 0.2, ""weight_pct"": 20.0, ""min"": 51.2, ""max"": 73.6, ""lower_is_better"": false, ""is_percent"": true}, {""key"": ""second_serve_won_percent"", ""name"": ""2nd Serve Points Won %"", ""raw"": 44.5, ""raw_display"": ""44.5%"", ""normalized"": 40.08, ""weight"": 0.2, ""weight_pct"": 20.0, ""min"": 34.4, ""max"": 59.6, ""lower_is_better"": false, ""is_percent"": true}, {""key"": ""breakpoint_saved_percent"", ""name"": ""Break Points Saved %"", ""raw"": 53.3, ""raw_display"": ""53.3%"", ""normalized"": 60.75, ""weight"": 0.18, ""weight_pct"": 18.0, ""min"": 33.8, ""max"": 65.9, ""lower_is_better"": false, ""is_percent"": true}]}"
2026-07-26T05:36:16.130591Z,serve,Serve,108,Tereza Valentova,330808,https://www.wtatennis.com/players/330808/tereza-valentova,https://photoresources.wtatennis.com/wta/photo/2026/01/12/8115f299-958b-48a1-ac0d-d080d256f936/Valentova-Torso_330808.png,41.1,Aces,53,Double Faults,93,1st Serve %,59.3%,1st Serve Points Won %,61.9%,2nd Serve Points Won %,44.0%,Break Points Saved %,51.6%,"{""category"": ""serve"", ""player_rank"": 64, ""match_count"": 23, ""formula"": ""normalized_score = Σ(metric_norm × weight)"", ""metrics"": [{""key"": ""Aces"", ""name"": ""Aces"", ""raw"": 53.0, ""raw_display"": ""53"", ""normalized"": 17.48, ""weight"": 0.16, ""weight_pct"": 16.0, ""min"": 3.0, ""max"": 289.0, ""lower_is_better"": false, ""is_percent"": false}, {""key"": ""Double_Faults"", ""name"": ""Double Faults"", ""raw"": 93.0, ""raw_display"": ""93"", ""normalized"": 65.34, ""weight"": 0.12, ""weight_pct"": 12.0, ""min"": 6.0, ""max"": 257.0, ""lower_is_better"": true, ""is_percent"": false}, {""key"": ""first_serve_percent"", ""name"": ""1st Serve %"", ""raw"": 59.3, ""raw_display"": ""59.3%"", ""normalized"": 23.36, ""weight"": 0.14, ""weight_pct"": 14.0, ""min"": 52.9, ""max"": 80.3, ""lower_is_better"": false, ""is_percent"": true}, {""key"": ""first_serve_won_percent"", ""name"": ""1st Serve Points Won %"", ""raw"": 61.9, ""raw_display"": ""61.9%"", ""normalized"": 47.77, ""weight"": 0.2, ""weight_pct"": 20.0, ""min"": 51.2, ""max"": 73.6, ""lower_is_better"": false, ""is_percent"": true}, {""key"": ""second_serve_won_percent"", ""name"": ""2nd Serve Points Won %"", ""raw"": 44.0, ""raw_display"": ""44.0%"", ""normalized"": 38.1, ""weight"": 0.2, ""weight_pct"": 20.0, ""min"": 34.4, ""max"": 59.6, ""lower_is_better"": false, ""is_percent"": true}, {""key"": ""breakpoint_saved_percent"", ""name"": ""Break Points Saved %"", ""raw"": 51.6, ""raw_display"": ""51.6%"", ""normalized"": 55.45, ""weight"": 0.18, ""weight_pct"": 18.0, ""min"": 33.8, ""max"": 65.9, ""lower_is_better"": false, ""is_percent"": true}]}"
2026-07-26T05:36:16.130591Z,serve,Serve,109,Alina Korneeva,331330,https://www.wtatennis.com/players/331330/alina-korneeva,,40.7,Aces,12,Double Faults,24,1st Serve %,66.5%,1st Serve Points Won %,58.3%,2nd Serve Points Won %,46.9%,Break Points Saved %,44.2%,"{""category"": ""serve"", ""player_rank"": 75, ""match_count"": 8, ""formula"": ""normalized_score = Σ(metric_norm × weight)"", ""metrics"": [{""key"": ""Aces"", ""name"": ""Aces"", ""raw"": 12.0, ""raw_display"": ""12"", ""normalized"": 3.15, ""weight"": 0.16, ""weight_pct"": 16.0, ""min"": 3.0, ""max"": 289.0, ""lower_is_better"": false, ""is_percent"": false}, {""key"": ""Double_Faults"", ""name"": ""Double Faults"", ""raw"": 24.0, ""raw_display"": ""24"", ""normalized"": 92.83, ""weight"": 0.12, ""weight_pct"": 12.0, ""min"": 6.0, ""max"": 257.0, ""lower_is_better"": true, ""is_percent"": false}, {""key"": ""first_serve_percent"", ""name"": ""1st Serve %"", ""raw"": 66.5, ""raw_display"": ""66.5%"", ""normalized"": 49.64, ""weight"": 0.14, ""weight_pct"": 14.0, ""min"": 52.9, ""max"": 80.3, ""lower_is_better"": false, ""is_percent"": true}, {""key"": ""first_serve_won_percent"", ""name"": ""1st Serve Points Won %"", ""raw"": 58.3, ""raw_display"": ""58.3%"", ""normalized"": 31.7, ""weight"": 0.2, ""weight_pct"": 20.0, ""min"": 51.2, ""max"": 73.6, ""lower_is_better"": false, ""is_percent"": true}, {""key"": ""second_serve_won_percent"", ""name"": ""2nd Serve Points Won %"", ""raw"": 46.9, ""raw_display"": ""46.9%"", ""normalized"": 49.6, ""weight"": 0.2, ""weight_pct"": 20.0, ""min"": 34.4, ""max"": 59.6, ""lower_is_better"": false, ""is_percent"": true}, {""key"": ""breakpoint_saved_percent"", ""name"": ""Break Points Saved %"", ""raw"": 44.2, ""raw_display"": ""44.2%"", ""normalized"": 32.4, ""weight"": 0.18, ""weight_pct"": 18.0, ""min"": 33.8, ""max"": 65.9, ""lower_is_better"": false, ""is_percent"": true}]}"
2026-07-26T05:36:16.130591Z,serve,Serve,110,Maya Joint,330544,https://www.wtatennis.com/players/330544/maya-joint,https://photoresources.wtatennis.com/wta/photo/2025/05/14/397ae3f7-0104-450f-9855-8912bded5a0f/Joint-Torso_330544.png,40.6,Aces,33,Double Faults,45,1st Serve %,63.8%,1st Serve Points Won %,55.9%,2nd Serve Points Won %,44.8%,Break Points Saved %,53.0%,"{""category"": ""serve"", ""player_rank"": 77, ""match_count"": 17, ""formula"": ""normalized_score = Σ(metric_norm × weight)"", ""metrics"": [{""key"": ""Aces"", ""name"": ""Aces"", ""raw"": 33.0, ""raw_display"": ""33"", ""normalized"": 10.49, ""weight"": 0.16, ""weight_pct"": 16.0, ""min"": 3.0, ""max"": 289.0, ""lower_is_better"": false, ""is_percent"": false}, {""key"": ""Double_Faults"", ""name"": ""Double Faults"", ""raw"": 45.0, ""raw_display"": ""45"", ""normalized"": 84.46, ""weight"": 0.12, ""weight_pct"": 12.0, ""min"": 6.0, ""max"": 257.0, ""lower_is_better"": true, ""is_percent"": false}, {""key"": ""first_serve_percent"", ""name"": ""1st Serve %"", ""raw"": 63.8, ""raw_display"": ""63.8%"", ""normalized"": 39.78, ""weight"": 0.14, ""weight_pct"": 14.0, ""min"": 52.9, ""max"": 80.3, ""lower_is_better"": false, ""is_percent"": true}, {""key"": ""first_serve_won_percent"", ""name"": ""1st Serve Points Won %"", ""raw"": 55.9, ""raw_display"": ""55.9%"", ""normalized"": 20.98, ""weight"": 0.2, ""weight_pct"": 20.0, ""min"": 51.2, ""max"": 73.6, ""lower_is_better"": false, ""is_percent"": true}, {""key"": ""second_serve_won_percent"", ""name"": ""2nd Serve Points Won %"", ""raw"": 44.8, ""raw_display"": ""44.8%"", ""normalized"": 41.27, ""weight"": 0.2, ""weight_pct"": 20.0, ""min"": 34.4, ""max"": 59.6, ""lower_is_better"": false, ""is_percent"": true}, {""key"": ""breakpoint_saved_percent"", ""name"": ""Break Points Saved %"", ""raw"": 53.0, ""raw_display"": ""53.0%"", ""normalized"": 59.81, ""weight"": 0.18, ""weight_pct"": 18.0, ""min"": 33.8, ""max"": 65.9, ""lower_is_better"": false, ""is_percent"": true}]}"
2026-07-26T05:36:16.130591Z,serve,Serve,111,Kimberly Birrell,320728,https://www.wtatennis.com/players/320728/kimberly-birrell,https://photoresources.wtatennis.com/wta/photo/2025/05/14/ebc1fcc6-fe86-4df3-ab67-e884d093c63d/Birrell-Torso_320728.png,40.4,Aces,45,Double Faults,143,1st Serve %,64.3%,1st Serve Points Won %,63.5%,2nd Serve Points Won %,42.6%,Break Points Saved %,50.3%,"{""category"": ""serve"", ""player_rank"": 65, ""match_count"": 24, ""formula"": ""normalized_score = Σ(metric_norm × weight)"", ""metrics"": [{""key"": ""Aces"", ""name"": ""Aces"", ""raw"": 45.0, ""raw_display"": ""45"", ""normalized"": 14.69, ""weight"": 0.16, ""weight_pct"": 16.0, ""min"": 3.0, ""max"": 289.0, ""lower_is_better"": false, ""is_percent"": false}, {""key"": ""Double_Faults"", ""name"": ""Double Faults"", ""raw"": 143.0, ""raw_display"": ""143"", ""normalized"": 45.42, ""weight"": 0.12, ""weight_pct"": 12.0, ""min"": 6.0, ""max"": 257.0, ""lower_is_better"": true, ""is_percent"": false}, {""key"": ""first_serve_percent"", ""name"": ""1st Serve %"", ""raw"": 64.3, ""raw_display"": ""64.3%"", ""normalized"": 41.61, ""weight"": 0.14, ""weight_pct"": 14.0, ""min"": 52.9, ""max"": 80.3, ""lower_is_better"": false, ""is_percent"": true}, {""key"": ""first_serve_won_percent"", ""name"": ""1st Serve Points Won %"", ""raw"": 63.5, ""raw_display"": ""63.5%"", ""normalized"": 54.91, ""weight"": 0.2, ""weight_pct"": 20.0, ""min"": 51.2, ""max"": 73.6, ""lower_is_better"": false, ""is_percent"": true}, {""key"": ""second_serve_won_percent"", ""name"": ""2nd Serve Points Won %"", ""raw"": 42.6, ""raw_display"": ""42.6%"", ""normalized"": 32.54, ""weight"": 0.2, ""weight_pct"": 20.0, ""min"": 34.4, ""max"": 59.6, ""lower_is_better"": false, ""is_percent"": true}, {""key"": ""breakpoint_saved_percent"", ""name"": ""Break Points Saved %"", ""raw"": 50.3, ""raw_display"": ""50.3%"", ""normalized"": 51.4, ""weight"": 0.18, ""weight_pct"": 18.0, ""min"": 33.8, ""max"": 65.9, ""lower_is_better"": false, ""is_percent"": true}]}"
2026-07-26T05:36:16.130591Z,serve,Serve,112,Rebecca Sramkova,320228,https://www.wtatennis.com/players/320228/rebecca-sramkova,https://photoresources.wtatennis.com/wta/photo/2025/03/10/b6a3bd6e-e91c-487f-88c3-7504b904c145/Sramkova-Torso_320228.png,40.4,Aces,38,Double Faults,33,1st Serve %,63.5%,1st Serve Points Won %,59.8%,2nd Serve Points Won %,39.8%,Break Points Saved %,52.2%,"{""category"": ""serve"", ""player_rank"": 136, ""match_count"": 10, ""formula"": ""normalized_score = Σ(metric_norm × weight)"", ""metrics"": [{""key"": ""Aces"", ""name"": ""Aces"", ""raw"": 38.0, ""raw_display"": ""38"", ""normalized"": 12.24, ""weight"": 0.16, ""weight_pct"": 16.0, ""min"": 3.0, ""max"": 289.0, ""lower_is_better"": false, ""is_percent"": false}, {""key"": ""Double_Faults"", ""name"": ""Double Faults"", ""raw"": 33.0, ""raw_display"": ""33"", ""normalized"": 89.24, ""weight"": 0.12, ""weight_pct"": 12.0, ""min"": 6.0, ""max"": 257.0, ""lower_is_better"": true, ""is_percent"": false}, {""key"": ""first_serve_percent"", ""name"": ""1st Serve %"", ""raw"": 63.5, ""raw_display"": ""63.5%"", ""normalized"": 38.69, ""weight"": 0.14, ""weight_pct"": 14.0, ""min"": 52.9, ""max"": 80.3, ""lower_is_better"": false, ""is_percent"": true}, {""key"": ""first_serve_won_percent"", ""name"": ""1st Serve Points Won %"", ""raw"": 59.8, ""raw_display"": ""59.8%"", ""normalized"": 38.39, ""weight"": 0.2, ""weight_pct"": 20.0, ""min"": 51.2, ""max"": 73.6, ""lower_is_better"": false, ""is_percent"": true}, {""key"": ""second_serve_won_percent"", ""name"": ""2nd Serve Points Won %"", ""raw"": 39.8, ""raw_display"": ""39.8%"", ""normalized"": 21.43, ""weight"": 0.2, ""weight_pct"": 20.0, ""min"": 34.4, ""max"": 59.6, ""lower_is_better"": false, ""is_percent"": true}, {""key"": ""breakpoint_saved_percent"", ""name"": ""Break Points Saved %"", ""raw"": 52.2, ""raw_display"": ""52.2%"", ""normalized"": 57.32, ""weight"": 0.18, ""weight_pct"": 18.0, ""min"": 33.8, ""max"": 65.9, ""lower_is_better"": false, ""is_percent"": true}]}"
2026-07-26T05:36:16.130591Z,serve,Serve,113,Paula Badosa,320124,https://www.wtatennis.com/players/320124/paula-badosa,https://photoresources.wtatennis.com/wta/photo/2025/03/10/c9e895e9-8b7d-4b56-897d-823e5268a241/Badosa-Torso_320124.png,40.2,Aces,119,Double Faults,191,1st Serve %,55.2%,1st Serve Points Won %,68.0%,2nd Serve Points Won %,40.2%,Break Points Saved %,51.3%,"{""category"": ""serve"", ""player_rank"": 93, ""match_count"": 27, ""formula"": ""normalized_score = Σ(metric_norm × weight)"", ""metrics"": [{""key"": ""Aces"", ""name"": ""Aces"", ""raw"": 119.0, ""raw_display"": ""119"", ""normalized"": 40.56, ""weight"": 0.16, ""weight_pct"": 16.0, ""min"": 3.0, ""max"": 289.0, ""lower_is_better"": false, ""is_percent"": false}, {""key"": ""Double_Faults"", ""name"": ""Double Faults"", ""raw"": 191.0, ""raw_display"": ""191"", ""normalized"": 26.29, ""weight"": 0.12, ""weight_pct"": 12.0, ""min"": 6.0, ""max"": 257.0, ""lower_is_better"": true, ""is_percent"": false}, {""key"": ""first_serve_percent"", ""name"": ""1st Serve %"", ""raw"": 55.2, ""raw_display"": ""55.2%"", ""normalized"": 8.39, ""weight"": 0.14, ""weight_pct"": 14.0, ""min"": 52.9, ""max"": 80.3, ""lower_is_better"": false, ""is_percent"": true}, {""key"": ""first_serve_won_percent"", ""name"": ""1st Serve Points Won %"", ""raw"": 68.0, ""raw_display"": ""68.0%"", ""normalized"": 75.0, ""weight"": 0.2, ""weight_pct"": 20.0, ""min"": 51.2, ""max"": 73.6, ""lower_is_better"": false, ""is_percent"": true}, {""key"": ""second_serve_won_percent"", ""name"": ""2nd Serve Points Won %"", ""raw"": 40.2, ""raw_display"": ""40.2%"", ""normalized"": 23.02, ""weight"": 0.2, ""weight_pct"": 20.0, ""min"": 34.4, ""max"": 59.6, ""lower_is_better"": false, ""is_percent"": true}, {""key"": ""breakpoint_saved_percent"", ""name"": ""Break Points Saved %"", ""raw"": 51.3, ""raw_display"": ""51.3%"", ""normalized"": 54.52, ""weight"": 0.18, ""weight_pct"": 18.0, ""min"": 33.8, ""max"": 65.9, ""lower_is_better"": false, ""is_percent"": true}]}"
2026-07-26T05:36:16.130591Z,serve,Serve,114,Sofia Costoulas,330451,https://www.wtatennis.com/players/330451/sofia-costoulas,,40.2,Aces,13,Double Faults,19,1st Serve %,54.2%,1st Serve Points Won %,65.9%,2nd Serve Points Won %,40.3%,Break Points Saved %,51.2%,"{""category"": ""serve"", ""player_rank"": 155, ""match_count"": 5, ""formula"": ""normalized_score = Σ(metric_norm × weight)"", ""metrics"": [{""key"": ""Aces"", ""name"": ""Aces"", ""raw"": 13.0, ""raw_display"": ""13"", ""normalized"": 3.5, ""weight"": 0.16, ""weight_pct"": 16.0, ""min"": 3.0, ""max"": 289.0, ""lower_is_better"": false, ""is_percent"": false}, {""key"": ""Double_Faults"", ""name"": ""Double Faults"", ""raw"": 19.0, ""raw_display"": ""19"", ""normalized"": 94.82, ""weight"": 0.12, ""weight_pct"": 12.0, ""min"": 6.0, ""max"": 257.0, ""lower_is_better"": true, ""is_percent"": false}, {""key"": ""first_serve_percent"", ""name"": ""1st Serve %"", ""raw"": 54.2, ""raw_display"": ""54.2%"", ""normalized"": 4.74, ""weight"": 0.14, ""weight_pct"": 14.0, ""min"": 52.9, ""max"": 80.3, ""lower_is_better"": false, ""is_percent"": true}, {""key"": ""first_serve_won_percent"", ""name"": ""1st Serve Points Won %"", ""raw"": 65.9, ""raw_display"": ""65.9%"", ""normalized"": 65.63, ""weight"": 0.2, ""weight_pct"": 20.0, ""min"": 51.2, ""max"": 73.6, ""lower_is_better"": false, ""is_percent"": true}, {""key"": ""second_serve_won_percent"", ""name"": ""2nd Serve Points Won %"", ""raw"": 40.3, ""raw_display"": ""40.3%"", ""normalized"": 23.41, ""weight"": 0.2, ""weight_pct"": 20.0, ""min"": 34.4, ""max"": 59.6, ""lower_is_better"": false, ""is_percent"": true}, {""key"": ""breakpoint_saved_percent"", ""name"": ""Break Points Saved %"", ""raw"": 51.2, ""raw_display"": ""51.2%"", ""normalized"": 54.21, ""weight"": 0.18, ""weight_pct"": 18.0, ""min"": 33.8, ""max"": 65.9, ""lower_is_better"": false, ""is_percent"": true}]}"
2026-07-26T05:36:16.130591Z,serve,Serve,115,Oksana Selekhmeteva,329199,https://www.wtatennis.com/players/329199/oksana-selekhmeteva,https://photoresources.wtatennis.com/wta/photo/2026/02/05/867a819c-d195-48fe-aff0-d496691909a1/Selekhmeteva-Torso_329199.png,40.0,Aces,23,Double Faults,120,1st Serve %,65.0%,1st Serve Points Won %,60.8%,2nd Serve Points Won %,41.2%,Break Points Saved %,55.6%,"{""category"": ""serve"", ""player_rank"": 98, ""match_count"": 16, ""formula"": ""normalized_score = Σ(metric_norm × weight)"", ""metrics"": [{""key"": ""Aces"", ""name"": ""Aces"", ""raw"": 23.0, ""raw_display"": ""23"", ""normalized"": 6.99, ""weight"": 0.16, ""weight_pct"": 16.0, ""min"": 3.0, ""max"": 289.0, ""lower_is_better"": false, ""is_percent"": false}, {""key"": ""Double_Faults"", ""name"": ""Double Faults"", ""raw"": 120.0, ""raw_display"": ""120"", ""normalized"": 54.58, ""weight"": 0.12, ""weight_pct"": 12.0, ""min"": 6.0, ""max"": 257.0, ""lower_is_better"": true, ""is_percent"": false}, {""key"": ""first_serve_percent"", ""name"": ""1st Serve %"", ""raw"": 65.0, ""raw_display"": ""65.0%"", ""normalized"": 44.16, ""weight"": 0.14, ""weight_pct"": 14.0, ""min"": 52.9, ""max"": 80.3, ""lower_is_better"": false, ""is_percent"": true}, {""key"": ""first_serve_won_percent"", ""name"": ""1st Serve Points Won %"", ""raw"": 60.8, ""raw_display"": ""60.8%"", ""normalized"": 42.86, ""weight"": 0.2, ""weight_pct"": 20.0, ""min"": 51.2, ""max"": 73.6, ""lower_is_better"": false, ""is_percent"": true}, {""key"": ""second_serve_won_percent"", ""name"": ""2nd Serve Points Won %"", ""raw"": 41.2, ""raw_display"": ""41.2%"", ""normalized"": 26.98, ""weight"": 0.2, ""weight_pct"": 20.0, ""min"": 34.4, ""max"": 59.6, ""lower_is_better"": false, ""is_percent"": true}, {""key"": ""breakpoint_saved_percent"", ""name"": ""Break Points Saved %"", ""raw"": 55.6, ""raw_display"": ""55.6%"", ""normalized"": 67.91, ""weight"": 0.18, ""weight_pct"": 18.0, ""min"": 33.8, ""max"": 65.9, ""lower_is_better"": false, ""is_percent"": true}]}"
2026-07-26T05:36:16.130591Z,serve,Serve,116,Francesca Jones,324479,https://www.wtatennis.com/players/324479/francesca-jones,https://photoresources.wtatennis.com/wta/photo/2025/06/09/a4ce2850-bad4-4320-a242-966d1ee5002e/Jones-Torso_324479.png,39.8,Aces,33,Double Faults,52,1st Serve %,66.9%,1st Serve Points Won %,58.4%,2nd Serve Points Won %,38.4%,Break Points Saved %,54.5%,"{""category"": ""serve"", ""player_rank"": 113, ""match_count"": 16, ""formula"": ""normalized_score = Σ(metric_norm × weight)"", ""metrics"": [{""key"": ""Aces"", ""name"": ""Aces"", ""raw"": 33.0, ""raw_display"": ""33"", ""normalized"": 10.49, ""weight"": 0.16, ""weight_pct"": 16.0, ""min"": 3.0, ""max"": 289.0, ""lower_is_better"": false, ""is_percent"": false}, {""key"": ""Double_Faults"", ""name"": ""Double Faults"", ""raw"": 52.0, ""raw_display"": ""52"", ""normalized"": 81.67, ""weight"": 0.12, ""weight_pct"": 12.0, ""min"": 6.0, ""max"": 257.0, ""lower_is_better"": true, ""is_percent"": false}, {""key"": ""first_serve_percent"", ""name"": ""1st Serve %"", ""raw"": 66.9, ""raw_display"": ""66.9%"", ""normalized"": 51.09, ""weight"": 0.14, ""weight_pct"": 14.0, ""min"": 52.9, ""max"": 80.3, ""lower_is_better"": false, ""is_percent"": true}, {""key"": ""first_serve_won_percent"", ""name"": ""1st Serve Points Won %"", ""raw"": 58.4, ""raw_display"": ""58.4%"", ""normalized"": 32.14, ""weight"": 0.2, ""weight_pct"": 20.0, ""min"": 51.2, ""max"": 73.6, ""lower_is_better"": false, ""is_percent"": true}, {""key"": ""second_serve_won_percent"", ""name"": ""2nd Serve Points Won %"", ""raw"": 38.4, ""raw_display"": ""38.4%"", ""normalized"": 15.87, ""weight"": 0.2, ""weight_pct"": 20.0, ""min"": 34.4, ""max"": 59.6, ""lower_is_better"": false, ""is_percent"": true}, {""key"": ""breakpoint_saved_percent"", ""name"": ""Break Points Saved %"", ""raw"": 54.5, ""raw_display"": ""54.5%"", ""normalized"": 64.49, ""weight"": 0.18, ""weight_pct"": 18.0, ""min"": 33.8, ""max"": 65.9, ""lower_is_better"": false, ""is_percent"": true}]}"
2026-07-26T05:36:16.130591Z,serve,Serve,117,Leolia Jeanjean,320313,https://www.wtatennis.com/players/320313/leolia-jeanjean,https://photoresources.wtatennis.com/wta/photo/2025/06/12/f048fc4c-43fa-436d-bb41-d961fb026d16/Jeanjean-Torso_320313.png,39.6,Aces,31,Double Faults,50,1st Serve %,60.1%,1st Serve Points Won %,62.8%,2nd Serve Points Won %,39.6%,Break Points Saved %,51.5%,"{""category"": ""serve"", ""player_rank"": 112, ""match_count"": 11, ""formula"": ""normalized_score = Σ(metric_norm × weight)"", ""metrics"": [{""key"": ""Aces"", ""name"": ""Aces"", ""raw"": 31.0, ""raw_display"": ""31"", ""normalized"": 9.79, ""weight"": 0.16, ""weight_pct"": 16.0, ""min"": 3.0, ""max"": 289.0, ""lower_is_better"": false, ""is_percent"": false}, {""key"": ""Double_Faults"", ""name"": ""Double Faults"", ""raw"": 50.0, ""raw_display"": ""50"", ""normalized"": 82.47, ""weight"": 0.12, ""weight_pct"": 12.0, ""min"": 6.0, ""max"": 257.0, ""lower_is_better"": true, ""is_percent"": false}, {""key"": ""first_serve_percent"", ""name"": ""1st Serve %"", ""raw"": 60.1, ""raw_display"": ""60.1%"", ""normalized"": 26.28, ""weight"": 0.14, ""weight_pct"": 14.0, ""min"": 52.9, ""max"": 80.3, ""lower_is_better"": false, ""is_percent"": true}, {""key"": ""first_serve_won_percent"", ""name"": ""1st Serve Points Won %"", ""raw"": 62.8, ""raw_display"": ""62.8%"", ""normalized"": 51.79, ""weight"": 0.2, ""weight_pct"": 20.0, ""min"": 51.2, ""max"": 73.6, ""lower_is_better"": false, ""is_percent"": true}, {""key"": ""second_serve_won_percent"", ""name"": ""2nd Serve Points Won %"", ""raw"": 39.6, ""raw_display"": ""39.6%"", ""normalized"": 20.63, ""weight"": 0.2, ""weight_pct"": 20.0, ""min"": 34.4, ""max"": 59.6, ""lower_is_better"": false, ""is_percent"": true}, {""key"": ""breakpoint_saved_percent"", ""name"": ""Break Points Saved %"", ""raw"": 51.5, ""raw_display"": ""51.5%"", ""normalized"": 55.14, ""weight"": 0.18, ""weight_pct"": 18.0, ""min"": 33.8, ""max"": 65.9, ""lower_is_better"": false, ""is_percent"": true}]}"
2026-07-26T05:36:16.130591Z,serve,Serve,118,Sinja Kraus,327061,https://www.wtatennis.com/players/327061/sinja-kraus,https://photoresources.wtatennis.com/wta/photo/2026/01/13/d462dddd-99bb-40b5-a261-41140247121e/Kraus-Torso_327061.png,39.5,Aces,21,Double Faults,36,1st Serve %,53.6%,1st Serve Points Won %,61.7%,2nd Serve Points Won %,41.2%,Break Points Saved %,56.6%,"{""category"": ""serve"", ""player_rank"": 80, ""match_count"": 10, ""formula"": ""normalized_score = Σ(metric_norm × weight)"", ""metrics"": [{""key"": ""Aces"", ""name"": ""Aces"", ""raw"": 21.0, ""raw_display"": ""21"", ""normalized"": 6.29, ""weight"": 0.16, ""weight_pct"": 16.0, ""min"": 3.0, ""max"": 289.0, ""lower_is_better"": false, ""is_percent"": false}, {""key"": ""Double_Faults"", ""name"": ""Double Faults"", ""raw"": 36.0, ""raw_display"": ""36"", ""normalized"": 88.05, ""weight"": 0.12, ""weight_pct"": 12.0, ""min"": 6.0, ""max"": 257.0, ""lower_is_better"": true, ""is_percent"": false}, {""key"": ""first_serve_percent"", ""name"": ""1st Serve %"", ""raw"": 53.6, ""raw_display"": ""53.6%"", ""normalized"": 2.55, ""weight"": 0.14, ""weight_pct"": 14.0, ""min"": 52.9, ""max"": 80.3, ""lower_is_better"": false, ""is_percent"": true}, {""key"": ""first_serve_won_percent"", ""name"": ""1st Serve Points Won %"", ""raw"": 61.7, ""raw_display"": ""61.7%"", ""normalized"": 46.88, ""weight"": 0.2, ""weight_pct"": 20.0, ""min"": 51.2, ""max"": 73.6, ""lower_is_better"": false, ""is_percent"": true}, {""key"": ""second_serve_won_percent"", ""name"": ""2nd Serve Points Won %"", ""raw"": 41.2, ""raw_display"": ""41.2%"", ""normalized"": 26.98, ""weight"": 0.2, ""weight_pct"": 20.0, ""min"": 34.4, ""max"": 59.6, ""lower_is_better"": false, ""is_percent"": true}, {""key"": ""breakpoint_saved_percent"", ""name"": ""Break Points Saved %"", ""raw"": 56.6, ""raw_display"": ""56.6%"", ""normalized"": 71.03, ""weight"": 0.18, ""weight_pct"": 18.0, ""min"": 33.8, ""max"": 65.9, ""lower_is_better"": false, ""is_percent"": true}]}"
2026-07-26T05:36:16.130591Z,serve,Serve,119,Julia Grabher,320316,https://www.wtatennis.com/players/320316/julia-grabher,https://photoresources.wtatennis.com/wta/photo/2023/06/02/e6fda370-2187-4b27-912f-17ed63a46dab/Grabher-Torso_320316.png,39.2,Aces,23,Double Faults,40,1st Serve %,62.2%,1st Serve Points Won %,58.5%,2nd Serve Points Won %,41.3%,Break Points Saved %,53.4%,"{""category"": ""serve"", ""player_rank"": 107, ""match_count"": 10, ""formula"": ""normalized_score = Σ(metric_norm × weight)"", ""metrics"": [{""key"": ""Aces"", ""name"": ""Aces"", ""raw"": 23.0, ""raw_display"": ""23"", ""normalized"": 6.99, ""weight"": 0.16, ""weight_pct"": 16.0, ""min"": 3.0, ""max"": 289.0, ""lower_is_better"": false, ""is_percent"": false}, {""key"": ""Double_Faults"", ""name"": ""Double Faults"", ""raw"": 40.0, ""raw_display"": ""40"", ""normalized"": 86.45, ""weight"": 0.12, ""weight_pct"": 12.0, ""min"": 6.0, ""max"": 257.0, ""lower_is_better"": true, ""is_percent"": false}, {""key"": ""first_serve_percent"", ""name"": ""1st Serve %"", ""raw"": 62.2, ""raw_display"": ""62.2%"", ""normalized"": 33.94, ""weight"": 0.14, ""weight_pct"": 14.0, ""min"": 52.9, ""max"": 80.3, ""lower_is_better"": false, ""is_percent"": true}, {""key"": ""first_serve_won_percent"", ""name"": ""1st Serve Points Won %"", ""raw"": 58.5, ""raw_display"": ""58.5%"", ""normalized"": 32.59, ""weight"": 0.2, ""weight_pct"": 20.0, ""min"": 51.2, ""max"": 73.6, ""lower_is_better"": false, ""is_percent"": true}, {""key"": ""second_serve_won_percent"", ""name"": ""2nd Serve Points Won %"", ""raw"": 41.3, ""raw_display"": ""41.3%"", ""normalized"": 27.38, ""weight"": 0.2, ""weight_pct"": 20.0, ""min"": 34.4, ""max"": 59.6, ""lower_is_better"": false, ""is_percent"": true}, {""key"": ""breakpoint_saved_percent"", ""name"": ""Break Points Saved %"", ""raw"": 53.4, ""raw_display"": ""53.4%"", ""normalized"": 61.06, ""weight"": 0.18, ""weight_pct"": 18.0, ""min"": 33.8, ""max"": 65.9, ""lower_is_better"": false, ""is_percent"": true}]}"
2026-07-26T05:36:16.130591Z,serve,Serve,120,Suzan Lamens,324898,https://www.wtatennis.com/players/324898/suzan-lamens,https://photoresources.wtatennis.com/wta/photo/2025/03/10/bb2dfd5a-5f4d-4cbc-91a6-dd1ad1611ff5/Lamens-Torso_324898.png,38.9,Aces,10,Double Faults,31,1st Serve %,61.7%,1st Serve Points Won %,60.9%,2nd Serve Points Won %,38.7%,Break Points Saved %,53.7%,"{""category"": ""serve"", ""player_rank"": 145, ""match_count"": 6, ""formula"": ""normalized_score = Σ(metric_norm × weight)"", ""metrics"": [{""key"": ""Aces"", ""name"": ""Aces"", ""raw"": 10.0, ""raw_display"": ""10"", ""normalized"": 2.45, ""weight"": 0.16, ""weight_pct"": 16.0, ""min"": 3.0, ""max"": 289.0, ""lower_is_better"": false, ""is_percent"": false}, {""key"": ""Double_Faults"", ""name"": ""Double Faults"", ""raw"": 31.0, ""raw_display"": ""31"", ""normalized"": 90.04, ""weight"": 0.12, ""weight_pct"": 12.0, ""min"": 6.0, ""max"": 257.0, ""lower_is_better"": true, ""is_percent"": false}, {""key"": ""first_serve_percent"", ""name"": ""1st Serve %"", ""raw"": 61.7, ""raw_display"": ""61.7%"", ""normalized"": 32.12, ""weight"": 0.14, ""weight_pct"": 14.0, ""min"": 52.9, ""max"": 80.3, ""lower_is_better"": false, ""is_percent"": true}, {""key"": ""first_serve_won_percent"", ""name"": ""1st Serve Points Won %"", ""raw"": 60.9, ""raw_display"": ""60.9%"", ""normalized"": 43.3, ""weight"": 0.2, ""weight_pct"": 20.0, ""min"": 51.2, ""max"": 73.6, ""lower_is_better"": false, ""is_percent"": true}, {""key"": ""second_serve_won_percent"", ""name"": ""2nd Serve Points Won %"", ""raw"": 38.7, ""raw_display"": ""38.7%"", ""normalized"": 17.06, ""weight"": 0.2, ""weight_pct"": 20.0, ""min"": 34.4, ""max"": 59.6, ""lower_is_better"": false, ""is_percent"": true}, {""key"": ""breakpoint_saved_percent"", ""name"": ""Break Points Saved %"", ""raw"": 53.7, ""raw_display"": ""53.7%"", ""normalized"": 61.99, ""weight"": 0.18, ""weight_pct"": 18.0, ""min"": 33.8, ""max"": 65.9, ""lower_is_better"": false, ""is_percent"": true}]}"
2026-07-26T05:36:16.130591Z,serve,Serve,121,Varvara Gracheva,325836,https://www.wtatennis.com/players/325836/varvara-gracheva,https://photoresources.wtatennis.com/wta/photo/2024/05/01/0c60c309-8582-4e99-b8ea-614aebf333a2/Gracheva-Torso_325836-WTA-Tennis.png,38.8,Aces,26,Double Faults,57,1st Serve %,62.6%,1st Serve Points Won %,59.3%,2nd Serve Points Won %,40.1%,Break Points Saved %,53.8%,"{""category"": ""serve"", ""player_rank"": 99, ""match_count"": 11, ""formula"": ""normalized_score = Σ(metric_norm × weight)"", ""metrics"": [{""key"": ""Aces"", ""name"": ""Aces"", ""raw"": 26.0, ""raw_display"": ""26"", ""normalized"": 8.04, ""weight"": 0.16, ""weight_pct"": 16.0, ""min"": 3.0, ""max"": 289.0, ""lower_is_better"": false, ""is_percent"": false}, {""key"": ""Double_Faults"", ""name"": ""Double Faults"", ""raw"": 57.0, ""raw_display"": ""57"", ""normalized"": 79.68, ""weight"": 0.12, ""weight_pct"": 12.0, ""min"": 6.0, ""max"": 257.0, ""lower_is_better"": true, ""is_percent"": false}, {""key"": ""first_serve_percent"", ""name"": ""1st Serve %"", ""raw"": 62.6, ""raw_display"": ""62.6%"", ""normalized"": 35.4, ""weight"": 0.14, ""weight_pct"": 14.0, ""min"": 52.9, ""max"": 80.3, ""lower_is_better"": false, ""is_percent"": true}, {""key"": ""first_serve_won_percent"", ""name"": ""1st Serve Points Won %"", ""raw"": 59.3, ""raw_display"": ""59.3%"", ""normalized"": 36.16, ""weight"": 0.2, ""weight_pct"": 20.0, ""min"": 51.2, ""max"": 73.6, ""lower_is_better"": false, ""is_percent"": true}, {""key"": ""second_serve_won_percent"", ""name"": ""2nd Serve Points Won %"", ""raw"": 40.1, ""raw_display"": ""40.1%"", ""normalized"": 22.62, ""weight"": 0.2, ""weight_pct"": 20.0, ""min"": 34.4, ""max"": 59.6, ""lower_is_better"": false, ""is_percent"": true}, {""key"": ""breakpoint_saved_percent"", ""name"": ""Break Points Saved %"", ""raw"": 53.8, ""raw_display"": ""53.8%"", ""normalized"": 62.31, ""weight"": 0.18, ""weight_pct"": 18.0, ""min"": 33.8, ""max"": 65.9, ""lower_is_better"": false, ""is_percent"": true}]}"
2026-07-26T05:36:16.130591Z,serve,Serve,122,Daria Kasatkina,322082,https://www.wtatennis.com/players/322082/daria-kasatkina,https://photoresources.wtatennis.com/wta/photo/2025/03/10/f13278b9-1c1c-4484-9d06-5a997e4f4013/Kasatkina-Torso_322082.png,38.2,Aces,49,Double Faults,158,1st Serve %,69.0%,1st Serve Points Won %,59.4%,2nd Serve Points Won %,38.3%,Break Points Saved %,55.7%,"{""category"": ""serve"", ""player_rank"": 62, ""match_count"": 23, ""formula"": ""normalized_score = Σ(metric_norm × weight)"", ""metrics"": [{""key"": ""Aces"", ""name"": ""Aces"", ""raw"": 49.0, ""raw_display"": ""49"", ""normalized"": 16.08, ""weight"": 0.16, ""weight_pct"": 16.0, ""min"": 3.0, ""max"": 289.0, ""lower_is_better"": false, ""is_percent"": false}, {""key"": ""Double_Faults"", ""name"": ""Double Faults"", ""raw"": 158.0, ""raw_display"": ""158"", ""normalized"": 39.44, ""weight"": 0.12, ""weight_pct"": 12.0, ""min"": 6.0, ""max"": 257.0, ""lower_is_better"": true, ""is_percent"": false}, {""key"": ""first_serve_percent"", ""name"": ""1st Serve %"", ""raw"": 69.0, ""raw_display"": ""69.0%"", ""normalized"": 58.76, ""weight"": 0.14, ""weight_pct"": 14.0, ""min"": 52.9, ""max"": 80.3, ""lower_is_better"": false, ""is_percent"": true}, {""key"": ""first_serve_won_percent"", ""name"": ""1st Serve Points Won %"", ""raw"": 59.4, ""raw_display"": ""59.4%"", ""normalized"": 36.61, ""weight"": 0.2, ""weight_pct"": 20.0, ""min"": 51.2, ""max"": 73.6, ""lower_is_better"": false, ""is_percent"": true}, {""key"": ""second_serve_won_percent"", ""name"": ""2nd Serve Points Won %"", ""raw"": 38.3, ""raw_display"": ""38.3%"", ""normalized"": 15.48, ""weight"": 0.2, ""weight_pct"": 20.0, ""min"": 34.4, ""max"": 59.6, ""lower_is_better"": false, ""is_percent"": true}, {""key"": ""breakpoint_saved_percent"", ""name"": ""Break Points Saved %"", ""raw"": 55.7, ""raw_display"": ""55.7%"", ""normalized"": 68.22, ""weight"": 0.18, ""weight_pct"": 18.0, ""min"": 33.8, ""max"": 65.9, ""lower_is_better"": false, ""is_percent"": true}]}"
2026-07-26T05:36:16.130591Z,serve,Serve,123,Kamilla Rakhimova,325936,https://www.wtatennis.com/players/325936/kamilla-rakhimova,https://photoresources.wtatennis.com/wta/photo/2025/03/10/eaf11e2c-aad6-4589-a6b9-5a810ee21d9c/Rakhimova-Torso_325936.png,38.2,Aces,25,Double Faults,95,1st Serve %,58.2%,1st Serve Points Won %,61.6%,2nd Serve Points Won %,43.0%,Break Points Saved %,52.4%,"{""category"": ""serve"", ""player_rank"": 78, ""match_count"": 19, ""formula"": ""normalized_score = Σ(metric_norm × weight)"", ""metrics"": [{""key"": ""Aces"", ""name"": ""Aces"", ""raw"": 25.0, ""raw_display"": ""25"", ""normalized"": 7.69, ""weight"": 0.16, ""weight_pct"": 16.0, ""min"": 3.0, ""max"": 289.0, ""lower_is_better"": false, ""is_percent"": false}, {""key"": ""Double_Faults"", ""name"": ""Double Faults"", ""raw"": 95.0, ""raw_display"": ""95"", ""normalized"": 64.54, ""weight"": 0.12, ""weight_pct"": 12.0, ""min"": 6.0, ""max"": 257.0, ""lower_is_better"": true, ""is_percent"": false}, {""key"": ""first_serve_percent"", ""name"": ""1st Serve %"", ""raw"": 58.2, ""raw_display"": ""58.2%"", ""normalized"": 19.34, ""weight"": 0.14, ""weight_pct"": 14.0, ""min"": 52.9, ""max"": 80.3, ""lower_is_better"": false, ""is_percent"": true}, {""key"": ""first_serve_won_percent"", ""name"": ""1st Serve Points Won %"", ""raw"": 61.6, ""raw_display"": ""61.6%"", ""normalized"": 46.43, ""weight"": 0.2, ""weight_pct"": 20.0, ""min"": 51.2, ""max"": 73.6, ""lower_is_better"": false, ""is_percent"": true}, {""key"": ""second_serve_won_percent"", ""name"": ""2nd Serve Points Won %"", ""raw"": 43.0, ""raw_display"": ""43.0%"", ""normalized"": 34.13, ""weight"": 0.2, ""weight_pct"": 20.0, ""min"": 34.4, ""max"": 59.6, ""lower_is_better"": false, ""is_percent"": true}, {""key"": ""breakpoint_saved_percent"", ""name"": ""Break Points Saved %"", ""raw"": 52.4, ""raw_display"": ""52.4%"", ""normalized"": 57.94, ""weight"": 0.18, ""weight_pct"": 18.0, ""min"": 33.8, ""max"": 65.9, ""lower_is_better"": false, ""is_percent"": true}]}"
2026-07-26T05:36:16.130591Z,serve,Serve,124,Dayana Yastremska,324261,https://www.wtatennis.com/players/324261/dayana-yastremska,https://photoresources.wtatennis.com/wta/photo/2024/05/01/f7f35218-86e5-4fdf-a800-3cceda728b38/Yastremska-Torso_324261-WTA-Tennis.png,37.6,Aces,64,Double Faults,147,1st Serve %,59.4%,1st Serve Points Won %,60.1%,2nd Serve Points Won %,46.0%,Break Points Saved %,48.8%,"{""category"": ""serve"", ""player_rank"": 88, ""match_count"": 28, ""formula"": ""normalized_score = Σ(metric_norm × weight)"", ""metrics"": [{""key"": ""Aces"", ""name"": ""Aces"", ""raw"": 64.0, ""raw_display"": ""64"", ""normalized"": 21.33, ""weight"": 0.16, ""weight_pct"": 16.0, ""min"": 3.0, ""max"": 289.0, ""lower_is_better"": false, ""is_percent"": false}, {""key"": ""Double_Faults"", ""name"": ""Double Faults"", ""raw"": 147.0, ""raw_display"": ""147"", ""normalized"": 43.82, ""weight"": 0.12, ""weight_pct"": 12.0, ""min"": 6.0, ""max"": 257.0, ""lower_is_better"": true, ""is_percent"": false}, {""key"": ""first_serve_percent"", ""name"": ""1st Serve %"", ""raw"": 59.4, ""raw_display"": ""59.4%"", ""normalized"": 23.72, ""weight"": 0.14, ""weight_pct"": 14.0, ""min"": 52.9, ""max"": 80.3, ""lower_is_better"": false, ""is_percent"": true}, {""key"": ""first_serve_won_percent"", ""name"": ""1st Serve Points Won %"", ""raw"": 60.1, ""raw_display"": ""60.1%"", ""normalized"": 39.73, ""weight"": 0.2, ""weight_pct"": 20.0, ""min"": 51.2, ""max"": 73.6, ""lower_is_better"": false, ""is_percent"": true}, {""key"": ""second_serve_won_percent"", ""name"": ""2nd Serve Points Won %"", ""raw"": 46.0, ""raw_display"": ""46.0%"", ""normalized"": 46.03, ""weight"": 0.2, ""weight_pct"": 20.0, ""min"": 34.4, ""max"": 59.6, ""lower_is_better"": false, ""is_percent"": true}, {""key"": ""breakpoint_saved_percent"", ""name"": ""Break Points Saved %"", ""raw"": 48.8, ""raw_display"": ""48.8%"", ""normalized"": 46.73, ""weight"": 0.18, ""weight_pct"": 18.0, ""min"": 33.8, ""max"": 65.9, ""lower_is_better"": false, ""is_percent"": true}]}"
2026-07-26T05:36:16.130591Z,serve,Serve,125,Simona Waltert,325771,https://www.wtatennis.com/players/325771/simona-waltert,,37.5,Aces,16,Double Faults,39,1st Serve %,63.0%,1st Serve Points Won %,56.4%,2nd Serve Points Won %,43.3%,Break Points Saved %,50.8%,"{""category"": ""serve"", ""player_rank"": 91, ""match_count"": 12, ""formula"": ""normalized_score = Σ(metric_norm × weight)"", ""metrics"": [{""key"": ""Aces"", ""name"": ""Aces"", ""raw"": 16.0, ""raw_display"": ""16"", ""normalized"": 4.55, ""weight"": 0.16, ""weight_pct"": 16.0, ""min"": 3.0, ""max"": 289.0, ""lower_is_better"": false, ""is_percent"": false}, {""key"": ""Double_Faults"", ""name"": ""Double Faults"", ""raw"": 39.0, ""raw_display"": ""39"", ""normalized"": 86.85, ""weight"": 0.12, ""weight_pct"": 12.0, ""min"": 6.0, ""max"": 257.0, ""lower_is_better"": true, ""is_percent"": false}, {""key"": ""first_serve_percent"", ""name"": ""1st Serve %"", ""raw"": 63.0, ""raw_display"": ""63.0%"", ""normalized"": 36.86, ""weight"": 0.14, ""weight_pct"": 14.0, ""min"": 52.9, ""max"": 80.3, ""lower_is_better"": false, ""is_percent"": true}, {""key"": ""first_serve_won_percent"", ""name"": ""1st Serve Points Won %"", ""raw"": 56.4, ""raw_display"": ""56.4%"", ""normalized"": 23.21, ""weight"": 0.2, ""weight_pct"": 20.0, ""min"": 51.2, ""max"": 73.6, ""lower_is_better"": false, ""is_percent"": true}, {""key"": ""second_serve_won_percent"", ""name"": ""2nd Serve Points Won %"", ""raw"": 43.3, ""raw_display"": ""43.3%"", ""normalized"": 35.32, ""weight"": 0.2, ""weight_pct"": 20.0, ""min"": 34.4, ""max"": 59.6, ""lower_is_better"": false, ""is_percent"": true}, {""key"": ""breakpoint_saved_percent"", ""name"": ""Break Points Saved %"", ""raw"": 50.8, ""raw_display"": ""50.8%"", ""normalized"": 52.96, ""weight"": 0.18, ""weight_pct"": 18.0, ""min"": 33.8, ""max"": 65.9, ""lower_is_better"": false, ""is_percent"": true}]}"
2026-07-26T05:36:16.130591Z,serve,Serve,126,Taylah Preston,330291,https://www.wtatennis.com/players/330291/taylah-preston,https://photoresources.wtatennis.com/wta/photo/2024/04/29/ac17c43c-e77f-4e87-bf5e-6c69de31a3c1/Preston-Torso_330291-WTA-Tennis.png,37.4,Aces,16,Double Faults,27,1st Serve %,62.5%,1st Serve Points Won %,59.0%,2nd Serve Points Won %,42.1%,Break Points Saved %,47.6%,"{""category"": ""serve"", ""player_rank"": 118, ""match_count"": 8, ""formula"": ""normalized_score = Σ(metric_norm × weight)"", ""metrics"": [{""key"": ""Aces"", ""name"": ""Aces"", ""raw"": 16.0, ""raw_display"": ""16"", ""normalized"": 4.55, ""weight"": 0.16, ""weight_pct"": 16.0, ""min"": 3.0, ""max"": 289.0, ""lower_is_better"": false, ""is_percent"": false}, {""key"": ""Double_Faults"", ""name"": ""Double Faults"", ""raw"": 27.0, ""raw_display"": ""27"", ""normalized"": 91.63, ""weight"": 0.12, ""weight_pct"": 12.0, ""min"": 6.0, ""max"": 257.0, ""lower_is_better"": true, ""is_percent"": false}, {""key"": ""first_serve_percent"", ""name"": ""1st Serve %"", ""raw"": 62.5, ""raw_display"": ""62.5%"", ""normalized"": 35.04, ""weight"": 0.14, ""weight_pct"": 14.0, ""min"": 52.9, ""max"": 80.3, ""lower_is_better"": false, ""is_percent"": true}, {""key"": ""first_serve_won_percent"", ""name"": ""1st Serve Points Won %"", ""raw"": 59.0, ""raw_display"": ""59.0%"", ""normalized"": 34.82, ""weight"": 0.2, ""weight_pct"": 20.0, ""min"": 51.2, ""max"": 73.6, ""lower_is_better"": false, ""is_percent"": true}, {""key"": ""second_serve_won_percent"", ""name"": ""2nd Serve Points Won %"", ""raw"": 42.1, ""raw_display"": ""42.1%"", ""normalized"": 30.56, ""weight"": 0.2, ""weight_pct"": 20.0, ""min"": 34.4, ""max"": 59.6, ""lower_is_better"": false, ""is_percent"": true}, {""key"": ""breakpoint_saved_percent"", ""name"": ""Break Points Saved %"", ""raw"": 47.6, ""raw_display"": ""47.6%"", ""normalized"": 42.99, ""weight"": 0.18, ""weight_pct"": 18.0, ""min"": 33.8, ""max"": 65.9, ""lower_is_better"": false, ""is_percent"": true}]}"
2026-07-26T05:36:16.130591Z,serve,Serve,127,Linda Fruhvirtova,329627,https://www.wtatennis.com/players/329627/linda-fruhvirtova,https://photoresources.wtatennis.com/wta/photo/2024/05/01/096c664d-00f3-4f3c-9c87-835b22b9ba44/Fruhvirtova-Torso_329627-WTA-Tennis.png,37.2,Aces,29,Double Faults,51,1st Serve %,61.1%,1st Serve Points Won %,62.0%,2nd Serve Points Won %,39.9%,Break Points Saved %,47.5%,"{""category"": ""serve"", ""player_rank"": 180, ""match_count"": 9, ""formula"": ""normalized_score = Σ(metric_norm × weight)"", ""metrics"": [{""key"": ""Aces"", ""name"": ""Aces"", ""raw"": 29.0, ""raw_display"": ""29"", ""normalized"": 9.09, ""weight"": 0.16, ""weight_pct"": 16.0, ""min"": 3.0, ""max"": 289.0, ""lower_is_better"": false, ""is_percent"": false}, {""key"": ""Double_Faults"", ""name"": ""Double Faults"", ""raw"": 51.0, ""raw_display"": ""51"", ""normalized"": 82.07, ""weight"": 0.12, ""weight_pct"": 12.0, ""min"": 6.0, ""max"": 257.0, ""lower_is_better"": true, ""is_percent"": false}, {""key"": ""first_serve_percent"", ""name"": ""1st Serve %"", ""raw"": 61.1, ""raw_display"": ""61.1%"", ""normalized"": 29.93, ""weight"": 0.14, ""weight_pct"": 14.0, ""min"": 52.9, ""max"": 80.3, ""lower_is_better"": false, ""is_percent"": true}, {""key"": ""first_serve_won_percent"", ""name"": ""1st Serve Points Won %"", ""raw"": 62.0, ""raw_display"": ""62.0%"", ""normalized"": 48.21, ""weight"": 0.2, ""weight_pct"": 20.0, ""min"": 51.2, ""max"": 73.6, ""lower_is_better"": false, ""is_percent"": true}, {""key"": ""second_serve_won_percent"", ""name"": ""2nd Serve Points Won %"", ""raw"": 39.9, ""raw_display"": ""39.9%"", ""normalized"": 21.83, ""weight"": 0.2, ""weight_pct"": 20.0, ""min"": 34.4, ""max"": 59.6, ""lower_is_better"": false, ""is_percent"": true}, {""key"": ""breakpoint_saved_percent"", ""name"": ""Break Points Saved %"", ""raw"": 47.5, ""raw_display"": ""47.5%"", ""normalized"": 42.68, ""weight"": 0.18, ""weight_pct"": 18.0, ""min"": 33.8, ""max"": 65.9, ""lower_is_better"": false, ""is_percent"": true}]}"
2026-07-26T05:36:16.130591Z,serve,Serve,128,Fiona Ferro,319969,https://www.wtatennis.com/players/319969,,36.8,Aces,3,Double Faults,11,1st Serve %,67.1%,1st Serve Points Won %,59.5%,2nd Serve Points Won %,41.3%,Break Points Saved %,42.6%,"{""category"": ""serve"", ""player_rank"": 191, ""match_count"": 6, ""formula"": ""normalized_score = Σ(metric_norm × weight)"", ""metrics"": [{""key"": ""Aces"", ""name"": ""Aces"", ""raw"": 3.0, ""raw_display"": ""3"", ""normalized"": 0.0, ""weight"": 0.16, ""weight_pct"": 16.0, ""min"": 3.0, ""max"": 289.0, ""lower_is_better"": false, ""is_percent"": false}, {""key"": ""Double_Faults"", ""name"": ""Double Faults"", ""raw"": 11.0, ""raw_display"": ""11"", ""normalized"": 98.01, ""weight"": 0.12, ""weight_pct"": 12.0, ""min"": 6.0, ""max"": 257.0, ""lower_is_better"": true, ""is_percent"": false}, {""key"": ""first_serve_percent"", ""name"": ""1st Serve %"", ""raw"": 67.1, ""raw_display"": ""67.1%"", ""normalized"": 51.82, ""weight"": 0.14, ""weight_pct"": 14.0, ""min"": 52.9, ""max"": 80.3, ""lower_is_better"": false, ""is_percent"": true}, {""key"": ""first_serve_won_percent"", ""name"": ""1st Serve Points Won %"", ""raw"": 59.5, ""raw_display"": ""59.5%"", ""normalized"": 37.05, ""weight"": 0.2, ""weight_pct"": 20.0, ""min"": 51.2, ""max"": 73.6, ""lower_is_better"": false, ""is_percent"": true}, {""key"": ""second_serve_won_percent"", ""name"": ""2nd Serve Points Won %"", ""raw"": 41.3, ""raw_display"": ""41.3%"", ""normalized"": 27.38, ""weight"": 0.2, ""weight_pct"": 20.0, ""min"": 34.4, ""max"": 59.6, ""lower_is_better"": false, ""is_percent"": true}, {""key"": ""breakpoint_saved_percent"", ""name"": ""Break Points Saved %"", ""raw"": 42.6, ""raw_display"": ""42.6%"", ""normalized"": 27.41, ""weight"": 0.18, ""weight_pct"": 18.0, ""min"": 33.8, ""max"": 65.9, ""lower_is_better"": false, ""is_percent"": true}]}"
2026-07-26T05:36:16.130591Z,serve,Serve,129,Jessica Bouzas Maneiro,328139,https://www.wtatennis.com/players/328139/jessica-bouzas-maneiro,https://photoresources.wtatennis.com/wta/photo/2024/04/30/5ede2ef0-2ded-4441-a20d-4ddd09910bf3/BouzasManeiro-Torso_328139-WTA-Tennis.png,36.4,Aces,44,Double Faults,121,1st Serve %,60.7%,1st Serve Points Won %,60.3%,2nd Serve Points Won %,44.6%,Break Points Saved %,47.0%,"{""category"": ""serve"", ""player_rank"": 60, ""match_count"": 30, ""formula"": ""normalized_score = Σ(metric_norm × weight)"", ""metrics"": [{""key"": ""Aces"", ""name"": ""Aces"", ""raw"": 44.0, ""raw_display"": ""44"", ""normalized"": 14.34, ""weight"": 0.16, ""weight_pct"": 16.0, ""min"": 3.0, ""max"": 289.0, ""lower_is_better"": false, ""is_percent"": false}, {""key"": ""Double_Faults"", ""name"": ""Double Faults"", ""raw"": 121.0, ""raw_display"": ""121"", ""normalized"": 54.18, ""weight"": 0.12, ""weight_pct"": 12.0, ""min"": 6.0, ""max"": 257.0, ""lower_is_better"": true, ""is_percent"": false}, {""key"": ""first_serve_percent"", ""name"": ""1st Serve %"", ""raw"": 60.7, ""raw_display"": ""60.7%"", ""normalized"": 28.47, ""weight"": 0.14, ""weight_pct"": 14.0, ""min"": 52.9, ""max"": 80.3, ""lower_is_better"": false, ""is_percent"": true}, {""key"": ""first_serve_won_percent"", ""name"": ""1st Serve Points Won %"", ""raw"": 60.3, ""raw_display"": ""60.3%"", ""normalized"": 40.62, ""weight"": 0.2, ""weight_pct"": 20.0, ""min"": 51.2, ""max"": 73.6, ""lower_is_better"": false, ""is_percent"": true}, {""key"": ""second_serve_won_percent"", ""name"": ""2nd Serve Points Won %"", ""raw"": 44.6, ""raw_display"": ""44.6%"", ""normalized"": 40.48, ""weight"": 0.2, ""weight_pct"": 20.0, ""min"": 34.4, ""max"": 59.6, ""lower_is_better"": false, ""is_percent"": true}, {""key"": ""breakpoint_saved_percent"", ""name"": ""Break Points Saved %"", ""raw"": 47.0, ""raw_display"": ""47.0%"", ""normalized"": 41.12, ""weight"": 0.18, ""weight_pct"": 18.0, ""min"": 33.8, ""max"": 65.9, ""lower_is_better"": false, ""is_percent"": true}]}"
2026-07-26T05:36:16.130591Z,serve,Serve,130,Petra Marcinko,330799,https://www.wtatennis.com/players/330799/petra-marcinko,https://photoresources.wtatennis.com/wta/photo/2023/12/06/f0cede4c-d52e-4772-8e55-4627d1ac4c82/Petra-Marcinko.png,35.8,Aces,51,Double Faults,137,1st Serve %,59.4%,1st Serve Points Won %,63.6%,2nd Serve Points Won %,39.7%,Break Points Saved %,49.5%,"{""category"": ""serve"", ""player_rank"": 49, ""match_count"": 25, ""formula"": ""normalized_score = Σ(metric_norm × weight)"", ""metrics"": [{""key"": ""Aces"", ""name"": ""Aces"", ""raw"": 51.0, ""raw_display"": ""51"", ""normalized"": 16.78, ""weight"": 0.16, ""weight_pct"": 16.0, ""min"": 3.0, ""max"": 289.0, ""lower_is_better"": false, ""is_percent"": false}, {""key"": ""Double_Faults"", ""name"": ""Double Faults"", ""raw"": 137.0, ""raw_display"": ""137"", ""normalized"": 47.81, ""weight"": 0.12, ""weight_pct"": 12.0, ""min"": 6.0, ""max"": 257.0, ""lower_is_better"": true, ""is_percent"": false}, {""key"": ""first_serve_percent"", ""name"": ""1st Serve %"", ""raw"": 59.4, ""raw_display"": ""59.4%"", ""normalized"": 23.72, ""weight"": 0.14, ""weight_pct"": 14.0, ""min"": 52.9, ""max"": 80.3, ""lower_is_better"": false, ""is_percent"": true}, {""key"": ""first_serve_won_percent"", ""name"": ""1st Serve Points Won %"", ""raw"": 63.6, ""raw_display"": ""63.6%"", ""normalized"": 55.36, ""weight"": 0.2, ""weight_pct"": 20.0, ""min"": 51.2, ""max"": 73.6, ""lower_is_better"": false, ""is_percent"": true}, {""key"": ""second_serve_won_percent"", ""name"": ""2nd Serve Points Won %"", ""raw"": 39.7, ""raw_display"": ""39.7%"", ""normalized"": 21.03, ""weight"": 0.2, ""weight_pct"": 20.0, ""min"": 34.4, ""max"": 59.6, ""lower_is_better"": false, ""is_percent"": true}, {""key"": ""breakpoint_saved_percent"", ""name"": ""Break Points Saved %"", ""raw"": 49.5, ""raw_display"": ""49.5%"", ""normalized"": 48.91, ""weight"": 0.18, ""weight_pct"": 18.0, ""min"": 33.8, ""max"": 65.9, ""lower_is_better"": false, ""is_percent"": true}]}"
2026-07-26T05:36:16.130591Z,serve,Serve,131,Maria Timofeeva,328896,https://www.wtatennis.com/players/328896/maria-timofeeva,https://photoresources.wtatennis.com/wta/photo/2024/04/30/f8820c5f-c10c-4804-9633-16baf2ea2f10/Timofeeva-Torso_328896-WTA-Tennis.png,35.8,Aces,6,Double Faults,13,1st Serve %,62.5%,1st Serve Points Won %,51.2%,2nd Serve Points Won %,45.0%,Break Points Saved %,52.8%,"{""category"": ""serve"", ""player_rank"": 84, ""match_count"": 5, ""formula"": ""normalized_score = Σ(metric_norm × weight)"", ""metrics"": [{""key"": ""Aces"", ""name"": ""Aces"", ""raw"": 6.0, ""raw_display"": ""6"", ""normalized"": 1.05, ""weight"": 0.16, ""weight_pct"": 16.0, ""min"": 3.0, ""max"": 289.0, ""lower_is_better"": false, ""is_percent"": false}, {""key"": ""Double_Faults"", ""name"": ""Double Faults"", ""raw"": 13.0, ""raw_display"": ""13"", ""normalized"": 97.21, ""weight"": 0.12, ""weight_pct"": 12.0, ""min"": 6.0, ""max"": 257.0, ""lower_is_better"": true, ""is_percent"": false}, {""key"": ""first_serve_percent"", ""name"": ""1st Serve %"", ""raw"": 62.5, ""raw_display"": ""62.5%"", ""normalized"": 35.04, ""weight"": 0.14, ""weight_pct"": 14.0, ""min"": 52.9, ""max"": 80.3, ""lower_is_better"": false, ""is_percent"": true}, {""key"": ""first_serve_won_percent"", ""name"": ""1st Serve Points Won %"", ""raw"": 51.2, ""raw_display"": ""51.2%"", ""normalized"": 0.0, ""weight"": 0.2, ""weight_pct"": 20.0, ""min"": 51.2, ""max"": 73.6, ""lower_is_better"": false, ""is_percent"": true}, {""key"": ""second_serve_won_percent"", ""name"": ""2nd Serve Points Won %"", ""raw"": 45.0, ""raw_display"": ""45.0%"", ""normalized"": 42.06, ""weight"": 0.2, ""weight_pct"": 20.0, ""min"": 34.4, ""max"": 59.6, ""lower_is_better"": false, ""is_percent"": true}, {""key"": ""breakpoint_saved_percent"", ""name"": ""Break Points Saved %"", ""raw"": 52.8, ""raw_display"": ""52.8%"", ""normalized"": 59.19, ""weight"": 0.18, ""weight_pct"": 18.0, ""min"": 33.8, ""max"": 65.9, ""lower_is_better"": false, ""is_percent"": true}]}"
2026-07-26T05:36:16.130591Z,serve,Serve,132,Sara Sorribes Tormo,318872,https://www.wtatennis.com/players/318872,,35.6,Aces,6,Double Faults,10,1st Serve %,70.5%,1st Serve Points Won %,55.4%,2nd Serve Points Won %,41.9%,Break Points Saved %,42.6%,"{""category"": ""serve"", ""player_rank"": 212, ""match_count"": 6, ""formula"": ""normalized_score = Σ(metric_norm × weight)"", ""metrics"": [{""key"": ""Aces"", ""name"": ""Aces"", ""raw"": 6.0, ""raw_display"": ""6"", ""normalized"": 1.05, ""weight"": 0.16, ""weight_pct"": 16.0, ""min"": 3.0, ""max"": 289.0, ""lower_is_better"": false, ""is_percent"": false}, {""key"": ""Double_Faults"", ""name"": ""Double Faults"", ""raw"": 10.0, ""raw_display"": ""10"", ""normalized"": 98.41, ""weight"": 0.12, ""weight_pct"": 12.0, ""min"": 6.0, ""max"": 257.0, ""lower_is_better"": true, ""is_percent"": false}, {""key"": ""first_serve_percent"", ""name"": ""1st Serve %"", ""raw"": 70.5, ""raw_display"": ""70.5%"", ""normalized"": 64.23, ""weight"": 0.14, ""weight_pct"": 14.0, ""min"": 52.9, ""max"": 80.3, ""lower_is_better"": false, ""is_percent"": true}, {""key"": ""first_serve_won_percent"", ""name"": ""1st Serve Points Won %"", ""raw"": 55.4, ""raw_display"": ""55.4%"", ""normalized"": 18.75, ""weight"": 0.2, ""weight_pct"": 20.0, ""min"": 51.2, ""max"": 73.6, ""lower_is_better"": false, ""is_percent"": true}, {""key"": ""second_serve_won_percent"", ""name"": ""2nd Serve Points Won %"", ""raw"": 41.9, ""raw_display"": ""41.9%"", ""normalized"": 29.76, ""weight"": 0.2, ""weight_pct"": 20.0, ""min"": 34.4, ""max"": 59.6, ""lower_is_better"": false, ""is_percent"": true}, {""key"": ""breakpoint_saved_percent"", ""name"": ""Break Points Saved %"", ""raw"": 42.6, ""raw_display"": ""42.6%"", ""normalized"": 27.41, ""weight"": 0.18, ""weight_pct"": 18.0, ""min"": 33.8, ""max"": 65.9, ""lower_is_better"": false, ""is_percent"": true}]}"
2026-07-26T05:36:16.130591Z,serve,Serve,133,Victoria Jimenez Kasintseva,330352,https://www.wtatennis.com/players/330352/victoria-jimenez-kasintseva,https://photoresources.wtatennis.com/wta/photo/2023/03/23/026907d0-295c-41cf-be94-75395059097f/Kasintseva_crop-v2.jpg,34.5,Aces,6,Double Faults,33,1st Serve %,68.0%,1st Serve Points Won %,54.1%,2nd Serve Points Won %,41.0%,Break Points Saved %,48.2%,"{""category"": ""serve"", ""player_rank"": 119, ""match_count"": 8, ""formula"": ""normalized_score = Σ(metric_norm × weight)"", ""metrics"": [{""key"": ""Aces"", ""name"": ""Aces"", ""raw"": 6.0, ""raw_display"": ""6"", ""normalized"": 1.05, ""weight"": 0.16, ""weight_pct"": 16.0, ""min"": 3.0, ""max"": 289.0, ""lower_is_better"": false, ""is_percent"": false}, {""key"": ""Double_Faults"", ""name"": ""Double Faults"", ""raw"": 33.0, ""raw_display"": ""33"", ""normalized"": 89.24, ""weight"": 0.12, ""weight_pct"": 12.0, ""min"": 6.0, ""max"": 257.0, ""lower_is_better"": true, ""is_percent"": false}, {""key"": ""first_serve_percent"", ""name"": ""1st Serve %"", ""raw"": 68.0, ""raw_display"": ""68.0%"", ""normalized"": 55.11, ""weight"": 0.14, ""weight_pct"": 14.0, ""min"": 52.9, ""max"": 80.3, ""lower_is_better"": false, ""is_percent"": true}, {""key"": ""first_serve_won_percent"", ""name"": ""1st Serve Points Won %"", ""raw"": 54.1, ""raw_display"": ""54.1%"", ""normalized"": 12.95, ""weight"": 0.2, ""weight_pct"": 20.0, ""min"": 51.2, ""max"": 73.6, ""lower_is_better"": false, ""is_percent"": true}, {""key"": ""second_serve_won_percent"", ""name"": ""2nd Serve Points Won %"", ""raw"": 41.0, ""raw_display"": ""41.0%"", ""normalized"": 26.19, ""weight"": 0.2, ""weight_pct"": 20.0, ""min"": 34.4, ""max"": 59.6, ""lower_is_better"": false, ""is_percent"": true}, {""key"": ""breakpoint_saved_percent"", ""name"": ""Break Points Saved %"", ""raw"": 48.2, ""raw_display"": ""48.2%"", ""normalized"": 44.86, ""weight"": 0.18, ""weight_pct"": 18.0, ""min"": 33.8, ""max"": 65.9, ""lower_is_better"": false, ""is_percent"": true}]}"
2026-07-26T05:36:16.130591Z,serve,Serve,134,Cristina Bucsa,321158,https://www.wtatennis.com/players/321158/cristina-bucsa,https://photoresources.wtatennis.com/wta/photo/2025/04/23/f5999bb3-fa93-4079-a712-2c4e05282dea/Bucsa-Torso_321158.png,34.1,Aces,16,Double Faults,55,1st Serve %,64.2%,1st Serve Points Won %,60.7%,2nd Serve Points Won %,40.0%,Break Points Saved %,42.7%,"{""category"": ""serve"", ""player_rank"": 42, ""match_count"": 18, ""formula"": ""normalized_score = Σ(metric_norm × weight)"", ""metrics"": [{""key"": ""Aces"", ""name"": ""Aces"", ""raw"": 16.0, ""raw_display"": ""16"", ""normalized"": 4.55, ""weight"": 0.16, ""weight_pct"": 16.0, ""min"": 3.0, ""max"": 289.0, ""lower_is_better"": false, ""is_percent"": false}, {""key"": ""Double_Faults"", ""name"": ""Double Faults"", ""raw"": 55.0, ""raw_display"": ""55"", ""normalized"": 80.48, ""weight"": 0.12, ""weight_pct"": 12.0, ""min"": 6.0, ""max"": 257.0, ""lower_is_better"": true, ""is_percent"": false}, {""key"": ""first_serve_percent"", ""name"": ""1st Serve %"", ""raw"": 64.2, ""raw_display"": ""64.2%"", ""normalized"": 41.24, ""weight"": 0.14, ""weight_pct"": 14.0, ""min"": 52.9, ""max"": 80.3, ""lower_is_better"": false, ""is_percent"": true}, {""key"": ""first_serve_won_percent"", ""name"": ""1st Serve Points Won %"", ""raw"": 60.7, ""raw_display"": ""60.7%"", ""normalized"": 42.41, ""weight"": 0.2, ""weight_pct"": 20.0, ""min"": 51.2, ""max"": 73.6, ""lower_is_better"": false, ""is_percent"": true}, {""key"": ""second_serve_won_percent"", ""name"": ""2nd Serve Points Won %"", ""raw"": 40.0, ""raw_display"": ""40.0%"", ""normalized"": 22.22, ""weight"": 0.2, ""weight_pct"": 20.0, ""min"": 34.4, ""max"": 59.6, ""lower_is_better"": false, ""is_percent"": true}, {""key"": ""breakpoint_saved_percent"", ""name"": ""Break Points Saved %"", ""raw"": 42.7, ""raw_display"": ""42.7%"", ""normalized"": 27.73, ""weight"": 0.18, ""weight_pct"": 18.0, ""min"": 33.8, ""max"": 65.9, ""lower_is_better"": false, ""is_percent"": true}]}"
2026-07-26T05:36:16.130591Z,serve,Serve,135,Polina Kudermetova,328897,https://www.wtatennis.com/players/328897/polina-kudermetova,https://photoresources.wtatennis.com/wta/photo/2025/06/12/ecfe8edd-9190-4c97-8d0b-506df5ada7a7/Kudermetova-P-Torso_328897-v2.png,33.9,Aces,21,Double Faults,38,1st Serve %,58.2%,1st Serve Points Won %,61.3%,2nd Serve Points Won %,35.9%,Break Points Saved %,50.7%,"{""category"": ""serve"", ""player_rank"": 111, ""match_count"": 7, ""formula"": ""normalized_score = Σ(metric_norm × weight)"", ""metrics"": [{""key"": ""Aces"", ""name"": ""Aces"", ""raw"": 21.0, ""raw_display"": ""21"", ""normalized"": 6.29, ""weight"": 0.16, ""weight_pct"": 16.0, ""min"": 3.0, ""max"": 289.0, ""lower_is_better"": false, ""is_percent"": false}, {""key"": ""Double_Faults"", ""name"": ""Double Faults"", ""raw"": 38.0, ""raw_display"": ""38"", ""normalized"": 87.25, ""weight"": 0.12, ""weight_pct"": 12.0, ""min"": 6.0, ""max"": 257.0, ""lower_is_better"": true, ""is_percent"": false}, {""key"": ""first_serve_percent"", ""name"": ""1st Serve %"", ""raw"": 58.2, ""raw_display"": ""58.2%"", ""normalized"": 19.34, ""weight"": 0.14, ""weight_pct"": 14.0, ""min"": 52.9, ""max"": 80.3, ""lower_is_better"": false, ""is_percent"": true}, {""key"": ""first_serve_won_percent"", ""name"": ""1st Serve Points Won %"", ""raw"": 61.3, ""raw_display"": ""61.3%"", ""normalized"": 45.09, ""weight"": 0.2, ""weight_pct"": 20.0, ""min"": 51.2, ""max"": 73.6, ""lower_is_better"": false, ""is_percent"": true}, {""key"": ""second_serve_won_percent"", ""name"": ""2nd Serve Points Won %"", ""raw"": 35.9, ""raw_display"": ""35.9%"", ""normalized"": 5.95, ""weight"": 0.2, ""weight_pct"": 20.0, ""min"": 34.4, ""max"": 59.6, ""lower_is_better"": false, ""is_percent"": true}, {""key"": ""breakpoint_saved_percent"", ""name"": ""Break Points Saved %"", ""raw"": 50.7, ""raw_display"": ""50.7%"", ""normalized"": 52.65, ""weight"": 0.18, ""weight_pct"": 18.0, ""min"": 33.8, ""max"": 65.9, ""lower_is_better"": false, ""is_percent"": true}]}"
2026-07-26T05:36:16.130591Z,serve,Serve,136,Emerson Jones,333111,https://www.wtatennis.com/players/333111/emerson-jones,https://photoresources.wtatennis.com/wta/photo/2025/01/09/16dd2ea1-5604-4c4d-86dc-115a84d38487/333111.jpg,33.8,Aces,10,Double Faults,20,1st Serve %,61.8%,1st Serve Points Won %,58.2%,2nd Serve Points Won %,35.7%,Break Points Saved %,52.1%,"{""category"": ""serve"", ""player_rank"": 139, ""match_count"": 7, ""formula"": ""normalized_score = Σ(metric_norm × weight)"", ""metrics"": [{""key"": ""Aces"", ""name"": ""Aces"", ""raw"": 10.0, ""raw_display"": ""10"", ""normalized"": 2.45, ""weight"": 0.16, ""weight_pct"": 16.0, ""min"": 3.0, ""max"": 289.0, ""lower_is_better"": false, ""is_percent"": false}, {""key"": ""Double_Faults"", ""name"": ""Double Faults"", ""raw"": 20.0, ""raw_display"": ""20"", ""normalized"": 94.42, ""weight"": 0.12, ""weight_pct"": 12.0, ""min"": 6.0, ""max"": 257.0, ""lower_is_better"": true, ""is_percent"": false}, {""key"": ""first_serve_percent"", ""name"": ""1st Serve %"", ""raw"": 61.8, ""raw_display"": ""61.8%"", ""normalized"": 32.48, ""weight"": 0.14, ""weight_pct"": 14.0, ""min"": 52.9, ""max"": 80.3, ""lower_is_better"": false, ""is_percent"": true}, {""key"": ""first_serve_won_percent"", ""name"": ""1st Serve Points Won %"", ""raw"": 58.2, ""raw_display"": ""58.2%"", ""normalized"": 31.25, ""weight"": 0.2, ""weight_pct"": 20.0, ""min"": 51.2, ""max"": 73.6, ""lower_is_better"": false, ""is_percent"": true}, {""key"": ""second_serve_won_percent"", ""name"": ""2nd Serve Points Won %"", ""raw"": 35.7, ""raw_display"": ""35.7%"", ""normalized"": 5.16, ""weight"": 0.2, ""weight_pct"": 20.0, ""min"": 34.4, ""max"": 59.6, ""lower_is_better"": false, ""is_percent"": true}, {""key"": ""breakpoint_saved_percent"", ""name"": ""Break Points Saved %"", ""raw"": 52.1, ""raw_display"": ""52.1%"", ""normalized"": 57.01, ""weight"": 0.18, ""weight_pct"": 18.0, ""min"": 33.8, ""max"": 65.9, ""lower_is_better"": false, ""is_percent"": true}]}"
2026-07-26T05:36:16.130591Z,serve,Serve,137,Viktoriya Tomova,317584,https://www.wtatennis.com/players/317584/viktoriya-tomova,https://photoresources.wtatennis.com/wta/photo/2024/05/01/e5fcede5-c3e6-427d-ae1a-a194d4f364b0/Tomova-Torso_317584-WTA-Tennis.png,33.1,Aces,8,Double Faults,25,1st Serve %,62.2%,1st Serve Points Won %,55.3%,2nd Serve Points Won %,39.1%,Break Points Saved %,50.9%,"{""category"": ""serve"", ""player_rank"": 232, ""match_count"": 5, ""formula"": ""normalized_score = Σ(metric_norm × weight)"", ""metrics"": [{""key"": ""Aces"", ""name"": ""Aces"", ""raw"": 8.0, ""raw_display"": ""8"", ""normalized"": 1.75, ""weight"": 0.16, ""weight_pct"": 16.0, ""min"": 3.0, ""max"": 289.0, ""lower_is_better"": false, ""is_percent"": false}, {""key"": ""Double_Faults"", ""name"": ""Double Faults"", ""raw"": 25.0, ""raw_display"": ""25"", ""normalized"": 92.43, ""weight"": 0.12, ""weight_pct"": 12.0, ""min"": 6.0, ""max"": 257.0, ""lower_is_better"": true, ""is_percent"": false}, {""key"": ""first_serve_percent"", ""name"": ""1st Serve %"", ""raw"": 62.2, ""raw_display"": ""62.2%"", ""normalized"": 33.94, ""weight"": 0.14, ""weight_pct"": 14.0, ""min"": 52.9, ""max"": 80.3, ""lower_is_better"": false, ""is_percent"": true}, {""key"": ""first_serve_won_percent"", ""name"": ""1st Serve Points Won %"", ""raw"": 55.3, ""raw_display"": ""55.3%"", ""normalized"": 18.3, ""weight"": 0.2, ""weight_pct"": 20.0, ""min"": 51.2, ""max"": 73.6, ""lower_is_better"": false, ""is_percent"": true}, {""key"": ""second_serve_won_percent"", ""name"": ""2nd Serve Points Won %"", ""raw"": 39.1, ""raw_display"": ""39.1%"", ""normalized"": 18.65, ""weight"": 0.2, ""weight_pct"": 20.0, ""min"": 34.4, ""max"": 59.6, ""lower_is_better"": false, ""is_percent"": true}, {""key"": ""breakpoint_saved_percent"", ""name"": ""Break Points Saved %"", ""raw"": 50.9, ""raw_display"": ""50.9%"", ""normalized"": 53.27, ""weight"": 0.18, ""weight_pct"": 18.0, ""min"": 33.8, ""max"": 65.9, ""lower_is_better"": false, ""is_percent"": true}]}"
2026-07-26T05:36:16.130591Z,serve,Serve,138,Darja Vidmanova,329057,https://www.wtatennis.com/players/329057/darja-vidmanova,https://photoresources.wtatennis.com/wta/photo/2026/01/30/bb8556c0-dcf5-436e-9bc5-78ec9de9d8f3/Vidmanova-Torso_329057.png,33.0,Aces,4,Double Faults,9,1st Serve %,65.9%,1st Serve Points Won %,53.3%,2nd Serve Points Won %,44.4%,Break Points Saved %,42.0%,"{""category"": ""serve"", ""player_rank"": 106, ""match_count"": 5, ""formula"": ""normalized_score = Σ(metric_norm × weight)"", ""metrics"": [{""key"": ""Aces"", ""name"": ""Aces"", ""raw"": 4.0, ""raw_display"": ""4"", ""normalized"": 0.35, ""weight"": 0.16, ""weight_pct"": 16.0, ""min"": 3.0, ""max"": 289.0, ""lower_is_better"": false, ""is_percent"": false}, {""key"": ""Double_Faults"", ""name"": ""Double Faults"", ""raw"": 9.0, ""raw_display"": ""9"", ""normalized"": 98.8, ""weight"": 0.12, ""weight_pct"": 12.0, ""min"": 6.0, ""max"": 257.0, ""lower_is_better"": true, ""is_percent"": false}, {""key"": ""first_serve_percent"", ""name"": ""1st Serve %"", ""raw"": 65.9, ""raw_display"": ""65.9%"", ""normalized"": 47.45, ""weight"": 0.14, ""weight_pct"": 14.0, ""min"": 52.9, ""max"": 80.3, ""lower_is_better"": false, ""is_percent"": true}, {""key"": ""first_serve_won_percent"", ""name"": ""1st Serve Points Won %"", ""raw"": 53.3, ""raw_display"": ""53.3%"", ""normalized"": 9.37, ""weight"": 0.2, ""weight_pct"": 20.0, ""min"": 51.2, ""max"": 73.6, ""lower_is_better"": false, ""is_percent"": true}, {""key"": ""second_serve_won_percent"", ""name"": ""2nd Serve Points Won %"", ""raw"": 44.4, ""raw_display"": ""44.4%"", ""normalized"": 39.68, ""weight"": 0.2, ""weight_pct"": 20.0, ""min"": 34.4, ""max"": 59.6, ""lower_is_better"": false, ""is_percent"": true}, {""key"": ""breakpoint_saved_percent"", ""name"": ""Break Points Saved %"", ""raw"": 42.0, ""raw_display"": ""42.0%"", ""normalized"": 25.55, ""weight"": 0.18, ""weight_pct"": 18.0, ""min"": 33.8, ""max"": 65.9, ""lower_is_better"": false, ""is_percent"": true}]}"
2026-07-26T05:36:16.130591Z,serve,Serve,139,Ella Seidel,330548,https://www.wtatennis.com/players/330548/ella-seidel,https://photoresources.wtatennis.com/wta/photo/2025/05/08/db6256d4-64df-4e9d-9c8f-7bd2b462953e/Seidel-Torso_330548.png,32.8,Aces,25,Double Faults,60,1st Serve %,57.5%,1st Serve Points Won %,61.8%,2nd Serve Points Won %,39.1%,Break Points Saved %,45.5%,"{""category"": ""serve"", ""player_rank"": 103, ""match_count"": 14, ""formula"": ""normalized_score = Σ(metric_norm × weight)"", ""metrics"": [{""key"": ""Aces"", ""name"": ""Aces"", ""raw"": 25.0, ""raw_display"": ""25"", ""normalized"": 7.69, ""weight"": 0.16, ""weight_pct"": 16.0, ""min"": 3.0, ""max"": 289.0, ""lower_is_better"": false, ""is_percent"": false}, {""key"": ""Double_Faults"", ""name"": ""Double Faults"", ""raw"": 60.0, ""raw_display"": ""60"", ""normalized"": 78.49, ""weight"": 0.12, ""weight_pct"": 12.0, ""min"": 6.0, ""max"": 257.0, ""lower_is_better"": true, ""is_percent"": false}, {""key"": ""first_serve_percent"", ""name"": ""1st Serve %"", ""raw"": 57.5, ""raw_display"": ""57.5%"", ""normalized"": 16.79, ""weight"": 0.14, ""weight_pct"": 14.0, ""min"": 52.9, ""max"": 80.3, ""lower_is_better"": false, ""is_percent"": true}, {""key"": ""first_serve_won_percent"", ""name"": ""1st Serve Points Won %"", ""raw"": 61.8, ""raw_display"": ""61.8%"", ""normalized"": 47.32, ""weight"": 0.2, ""weight_pct"": 20.0, ""min"": 51.2, ""max"": 73.6, ""lower_is_better"": false, ""is_percent"": true}, {""key"": ""second_serve_won_percent"", ""name"": ""2nd Serve Points Won %"", ""raw"": 39.1, ""raw_display"": ""39.1%"", ""normalized"": 18.65, ""weight"": 0.2, ""weight_pct"": 20.0, ""min"": 34.4, ""max"": 59.6, ""lower_is_better"": false, ""is_percent"": true}, {""key"": ""breakpoint_saved_percent"", ""name"": ""Break Points Saved %"", ""raw"": 45.5, ""raw_display"": ""45.5%"", ""normalized"": 36.45, ""weight"": 0.18, ""weight_pct"": 18.0, ""min"": 33.8, ""max"": 65.9, ""lower_is_better"": false, ""is_percent"": true}]}"
2026-07-26T05:36:16.130591Z,serve,Serve,140,Eva Lys,325826,https://www.wtatennis.com/players/325826/eva-lys,https://photoresources.wtatennis.com/wta/photo/2025/03/10/9fed6133-35ab-4e3a-9243-90e6f1432fb5/Lys-Torso_325826.png,32.7,Aces,8,Double Faults,70,1st Serve %,67.2%,1st Serve Points Won %,56.5%,2nd Serve Points Won %,38.8%,Break Points Saved %,47.9%,"{""category"": ""serve"", ""player_rank"": 86, ""match_count"": 16, ""formula"": ""normalized_score = Σ(metric_norm × weight)"", ""metrics"": [{""key"": ""Aces"", ""name"": ""Aces"", ""raw"": 8.0, ""raw_display"": ""8"", ""normalized"": 1.75, ""weight"": 0.16, ""weight_pct"": 16.0, ""min"": 3.0, ""max"": 289.0, ""lower_is_better"": false, ""is_percent"": false}, {""key"": ""Double_Faults"", ""name"": ""Double Faults"", ""raw"": 70.0, ""raw_display"": ""70"", ""normalized"": 74.5, ""weight"": 0.12, ""weight_pct"": 12.0, ""min"": 6.0, ""max"": 257.0, ""lower_is_better"": true, ""is_percent"": false}, {""key"": ""first_serve_percent"", ""name"": ""1st Serve %"", ""raw"": 67.2, ""raw_display"": ""67.2%"", ""normalized"": 52.19, ""weight"": 0.14, ""weight_pct"": 14.0, ""min"": 52.9, ""max"": 80.3, ""lower_is_better"": false, ""is_percent"": true}, {""key"": ""first_serve_won_percent"", ""name"": ""1st Serve Points Won %"", ""raw"": 56.5, ""raw_display"": ""56.5%"", ""normalized"": 23.66, ""weight"": 0.2, ""weight_pct"": 20.0, ""min"": 51.2, ""max"": 73.6, ""lower_is_better"": false, ""is_percent"": true}, {""key"": ""second_serve_won_percent"", ""name"": ""2nd Serve Points Won %"", ""raw"": 38.8, ""raw_display"": ""38.8%"", ""normalized"": 17.46, ""weight"": 0.2, ""weight_pct"": 20.0, ""min"": 34.4, ""max"": 59.6, ""lower_is_better"": false, ""is_percent"": true}, {""key"": ""breakpoint_saved_percent"", ""name"": ""Break Points Saved %"", ""raw"": 47.9, ""raw_display"": ""47.9%"", ""normalized"": 43.93, ""weight"": 0.18, ""weight_pct"": 18.0, ""min"": 33.8, ""max"": 65.9, ""lower_is_better"": false, ""is_percent"": true}]}"
2026-07-26T05:36:16.130591Z,serve,Serve,141,Elsa Jacquemot,328142,https://www.wtatennis.com/players/328142/elsa-jacquemot,https://photoresources.wtatennis.com/wta/photo/2021/03/23/ef812294-9884-4cc2-94aa-e7a81360d770/Jacquemot_crop.jpg,32.7,Aces,34,Double Faults,81,1st Serve %,62.9%,1st Serve Points Won %,60.3%,2nd Serve Points Won %,37.0%,Break Points Saved %,46.8%,"{""category"": ""serve"", ""player_rank"": 104, ""match_count"": 16, ""formula"": ""normalized_score = Σ(metric_norm × weight)"", ""metrics"": [{""key"": ""Aces"", ""name"": ""Aces"", ""raw"": 34.0, ""raw_display"": ""34"", ""normalized"": 10.84, ""weight"": 0.16, ""weight_pct"": 16.0, ""min"": 3.0, ""max"": 289.0, ""lower_is_better"": false, ""is_percent"": false}, {""key"": ""Double_Faults"", ""name"": ""Double Faults"", ""raw"": 81.0, ""raw_display"": ""81"", ""normalized"": 70.12, ""weight"": 0.12, ""weight_pct"": 12.0, ""min"": 6.0, ""max"": 257.0, ""lower_is_better"": true, ""is_percent"": false}, {""key"": ""first_serve_percent"", ""name"": ""1st Serve %"", ""raw"": 62.9, ""raw_display"": ""62.9%"", ""normalized"": 36.5, ""weight"": 0.14, ""weight_pct"": 14.0, ""min"": 52.9, ""max"": 80.3, ""lower_is_better"": false, ""is_percent"": true}, {""key"": ""first_serve_won_percent"", ""name"": ""1st Serve Points Won %"", ""raw"": 60.3, ""raw_display"": ""60.3%"", ""normalized"": 40.62, ""weight"": 0.2, ""weight_pct"": 20.0, ""min"": 51.2, ""max"": 73.6, ""lower_is_better"": false, ""is_percent"": true}, {""key"": ""second_serve_won_percent"", ""name"": ""2nd Serve Points Won %"", ""raw"": 37.0, ""raw_display"": ""37.0%"", ""normalized"": 10.32, ""weight"": 0.2, ""weight_pct"": 20.0, ""min"": 34.4, ""max"": 59.6, ""lower_is_better"": false, ""is_percent"": true}, {""key"": ""breakpoint_saved_percent"", ""name"": ""Break Points Saved %"", ""raw"": 46.8, ""raw_display"": ""46.8%"", ""normalized"": 40.5, ""weight"": 0.18, ""weight_pct"": 18.0, ""min"": 33.8, ""max"": 65.9, ""lower_is_better"": false, ""is_percent"": true}]}"
2026-07-26T05:36:16.130591Z,serve,Serve,142,Harriet Dart,319489,https://www.wtatennis.com/players/319489,,32.6,Aces,21,Double Faults,33,1st Serve %,53.4%,1st Serve Points Won %,62.8%,2nd Serve Points Won %,37.9%,Break Points Saved %,47.1%,"{""category"": ""serve"", ""player_rank"": 143, ""match_count"": 7, ""formula"": ""normalized_score = Σ(metric_norm × weight)"", ""metrics"": [{""key"": ""Aces"", ""name"": ""Aces"", ""raw"": 21.0, ""raw_display"": ""21"", ""normalized"": 6.29, ""weight"": 0.16, ""weight_pct"": 16.0, ""min"": 3.0, ""max"": 289.0, ""lower_is_better"": false, ""is_percent"": false}, {""key"": ""Double_Faults"", ""name"": ""Double Faults"", ""raw"": 33.0, ""raw_display"": ""33"", ""normalized"": 89.24, ""weight"": 0.12, ""weight_pct"": 12.0, ""min"": 6.0, ""max"": 257.0, ""lower_is_better"": true, ""is_percent"": false}, {""key"": ""first_serve_percent"", ""name"": ""1st Serve %"", ""raw"": 53.4, ""raw_display"": ""53.4%"", ""normalized"": 1.82, ""weight"": 0.14, ""weight_pct"": 14.0, ""min"": 52.9, ""max"": 80.3, ""lower_is_better"": false, ""is_percent"": true}, {""key"": ""first_serve_won_percent"", ""name"": ""1st Serve Points Won %"", ""raw"": 62.8, ""raw_display"": ""62.8%"", ""normalized"": 51.79, ""weight"": 0.2, ""weight_pct"": 20.0, ""min"": 51.2, ""max"": 73.6, ""lower_is_better"": false, ""is_percent"": true}, {""key"": ""second_serve_won_percent"", ""name"": ""2nd Serve Points Won %"", ""raw"": 37.9, ""raw_display"": ""37.9%"", ""normalized"": 13.89, ""weight"": 0.2, ""weight_pct"": 20.0, ""min"": 34.4, ""max"": 59.6, ""lower_is_better"": false, ""is_percent"": true}, {""key"": ""breakpoint_saved_percent"", ""name"": ""Break Points Saved %"", ""raw"": 47.1, ""raw_display"": ""47.1%"", ""normalized"": 41.43, ""weight"": 0.18, ""weight_pct"": 18.0, ""min"": 33.8, ""max"": 65.9, ""lower_is_better"": false, ""is_percent"": true}]}"
2026-07-26T05:36:16.130591Z,serve,Serve,143,Anna Blinkova,324267,https://www.wtatennis.com/players/324267/anna-blinkova,https://photoresources.wtatennis.com/wta/photo/2025/07/09/473820c6-3101-47f2-b275-f93f87b58bad/Blinkova-Torso_324267.png,31.0,Aces,17,Double Faults,60,1st Serve %,61.2%,1st Serve Points Won %,55.4%,2nd Serve Points Won %,41.2%,Break Points Saved %,47.1%,"{""category"": ""serve"", ""player_rank"": 105, ""match_count"": 18, ""formula"": ""normalized_score = Σ(metric_norm × weight)"", ""metrics"": [{""key"": ""Aces"", ""name"": ""Aces"", ""raw"": 17.0, ""raw_display"": ""17"", ""normalized"": 4.9, ""weight"": 0.16, ""weight_pct"": 16.0, ""min"": 3.0, ""max"": 289.0, ""lower_is_better"": false, ""is_percent"": false}, {""key"": ""Double_Faults"", ""name"": ""Double Faults"", ""raw"": 60.0, ""raw_display"": ""60"", ""normalized"": 78.49, ""weight"": 0.12, ""weight_pct"": 12.0, ""min"": 6.0, ""max"": 257.0, ""lower_is_better"": true, ""is_percent"": false}, {""key"": ""first_serve_percent"", ""name"": ""1st Serve %"", ""raw"": 61.2, ""raw_display"": ""61.2%"", ""normalized"": 30.29, ""weight"": 0.14, ""weight_pct"": 14.0, ""min"": 52.9, ""max"": 80.3, ""lower_is_better"": false, ""is_percent"": true}, {""key"": ""first_serve_won_percent"", ""name"": ""1st Serve Points Won %"", ""raw"": 55.4, ""raw_display"": ""55.4%"", ""normalized"": 18.75, ""weight"": 0.2, ""weight_pct"": 20.0, ""min"": 51.2, ""max"": 73.6, ""lower_is_better"": false, ""is_percent"": true}, {""key"": ""second_serve_won_percent"", ""name"": ""2nd Serve Points Won %"", ""raw"": 41.2, ""raw_display"": ""41.2%"", ""normalized"": 26.98, ""weight"": 0.2, ""weight_pct"": 20.0, ""min"": 34.4, ""max"": 59.6, ""lower_is_better"": false, ""is_percent"": true}, {""key"": ""breakpoint_saved_percent"", ""name"": ""Break Points Saved %"", ""raw"": 47.1, ""raw_display"": ""47.1%"", ""normalized"": 41.43, ""weight"": 0.18, ""weight_pct"": 18.0, ""min"": 33.8, ""max"": 65.9, ""lower_is_better"": false, ""is_percent"": true}]}"
2026-07-26T05:36:16.130591Z,serve,Serve,144,Tiantsoa Rakotomanga Rajaonah,330970,https://www.wtatennis.com/players/330970/tiantsoa-rakotomanga-rajaonah,,30.3,Aces,5,Double Faults,21,1st Serve %,61.4%,1st Serve Points Won %,53.1%,2nd Serve Points Won %,39.2%,Break Points Saved %,50.0%,"{""category"": ""serve"", ""player_rank"": 165, ""match_count"": 5, ""formula"": ""normalized_score = Σ(metric_norm × weight)"", ""metrics"": [{""key"": ""Aces"", ""name"": ""Aces"", ""raw"": 5.0, ""raw_display"": ""5"", ""normalized"": 0.7, ""weight"": 0.16, ""weight_pct"": 16.0, ""min"": 3.0, ""max"": 289.0, ""lower_is_better"": false, ""is_percent"": false}, {""key"": ""Double_Faults"", ""name"": ""Double Faults"", ""raw"": 21.0, ""raw_display"": ""21"", ""normalized"": 94.02, ""weight"": 0.12, ""weight_pct"": 12.0, ""min"": 6.0, ""max"": 257.0, ""lower_is_better"": true, ""is_percent"": false}, {""key"": ""first_serve_percent"", ""name"": ""1st Serve %"", ""raw"": 61.4, ""raw_display"": ""61.4%"", ""normalized"": 31.02, ""weight"": 0.14, ""weight_pct"": 14.0, ""min"": 52.9, ""max"": 80.3, ""lower_is_better"": false, ""is_percent"": true}, {""key"": ""first_serve_won_percent"", ""name"": ""1st Serve Points Won %"", ""raw"": 53.1, ""raw_display"": ""53.1%"", ""normalized"": 8.48, ""weight"": 0.2, ""weight_pct"": 20.0, ""min"": 51.2, ""max"": 73.6, ""lower_is_better"": false, ""is_percent"": true}, {""key"": ""second_serve_won_percent"", ""name"": ""2nd Serve Points Won %"", ""raw"": 39.2, ""raw_display"": ""39.2%"", ""normalized"": 19.05, ""weight"": 0.2, ""weight_pct"": 20.0, ""min"": 34.4, ""max"": 59.6, ""lower_is_better"": false, ""is_percent"": true}, {""key"": ""breakpoint_saved_percent"", ""name"": ""Break Points Saved %"", ""raw"": 50.0, ""raw_display"": ""50.0%"", ""normalized"": 50.47, ""weight"": 0.18, ""weight_pct"": 18.0, ""min"": 33.8, ""max"": 65.9, ""lower_is_better"": false, ""is_percent"": true}]}"
2026-07-26T05:36:16.130591Z,serve,Serve,145,Beatriz Haddad Maia,318176,https://www.wtatennis.com/players/318176/beatriz-haddad-maia,https://photoresources.wtatennis.com/wta/photo/2024/04/29/6a86f217-d93c-4130-a18a-b833b2db2ab6/HaddadMaia-Torso_318176-WTA-Tennis.png,25.9,Aces,13,Double Faults,71,1st Serve %,61.0%,1st Serve Points Won %,57.9%,2nd Serve Points Won %,34.4%,Break Points Saved %,45.0%,"{""category"": ""serve"", ""player_rank"": 149, ""match_count"": 11, ""formula"": ""normalized_score = Σ(metric_norm × weight)"", ""metrics"": [{""key"": ""Aces"", ""name"": ""Aces"", ""raw"": 13.0, ""raw_display"": ""13"", ""normalized"": 3.5, ""weight"": 0.16, ""weight_pct"": 16.0, ""min"": 3.0, ""max"": 289.0, ""lower_is_better"": false, ""is_percent"": false}, {""key"": ""Double_Faults"", ""name"": ""Double Faults"", ""raw"": 71.0, ""raw_display"": ""71"", ""normalized"": 74.1, ""weight"": 0.12, ""weight_pct"": 12.0, ""min"": 6.0, ""max"": 257.0, ""lower_is_better"": true, ""is_percent"": false}, {""key"": ""first_serve_percent"", ""name"": ""1st Serve %"", ""raw"": 61.0, ""raw_display"": ""61.0%"", ""normalized"": 29.56, ""weight"": 0.14, ""weight_pct"": 14.0, ""min"": 52.9, ""max"": 80.3, ""lower_is_better"": false, ""is_percent"": true}, {""key"": ""first_serve_won_percent"", ""name"": ""1st Serve Points Won %"", ""raw"": 57.9, ""raw_display"": ""57.9%"", ""normalized"": 29.91, ""weight"": 0.2, ""weight_pct"": 20.0, ""min"": 51.2, ""max"": 73.6, ""lower_is_better"": false, ""is_percent"": true}, {""key"": ""second_serve_won_percent"", ""name"": ""2nd Serve Points Won %"", ""raw"": 34.4, ""raw_display"": ""34.4%"", ""normalized"": 0.0, ""weight"": 0.2, ""weight_pct"": 20.0, ""min"": 34.4, ""max"": 59.6, ""lower_is_better"": false, ""is_percent"": true}, {""key"": ""breakpoint_saved_percent"", ""name"": ""Break Points Saved %"", ""raw"": 45.0, ""raw_display"": ""45.0%"", ""normalized"": 34.89, ""weight"": 0.18, ""weight_pct"": 18.0, ""min"": 33.8, ""max"": 65.9, ""lower_is_better"": false, ""is_percent"": true}]}"
2026-07-26T05:36:16.130591Z,serve,Serve,146,Moyuka Uchijima,327241,https://www.wtatennis.com/players/327241/moyuka-uchijima,https://photoresources.wtatennis.com/wta/photo/2025/03/10/75eb5993-e16f-4f7b-a1aa-a96f9f2515df/Uchijima-Torso_327241.png,20.1,Aces,15,Double Faults,41,1st Serve %,55.6%,1st Serve Points Won %,58.0%,2nd Serve Points Won %,36.5%,Break Points Saved %,33.8%,"{""category"": ""serve"", ""player_rank"": 110, ""match_count"": 9, ""formula"": ""normalized_score = Σ(metric_norm × weight)"", ""metrics"": [{""key"": ""Aces"", ""name"": ""Aces"", ""raw"": 15.0, ""raw_display"": ""15"", ""normalized"": 4.2, ""weight"": 0.16, ""weight_pct"": 16.0, ""min"": 3.0, ""max"": 289.0, ""lower_is_better"": false, ""is_percent"": false}, {""key"": ""Double_Faults"", ""name"": ""Double Faults"", ""raw"": 41.0, ""raw_display"": ""41"", ""normalized"": 86.06, ""weight"": 0.12, ""weight_pct"": 12.0, ""min"": 6.0, ""max"": 257.0, ""lower_is_better"": true, ""is_percent"": false}, {""key"": ""first_serve_percent"", ""name"": ""1st Serve %"", ""raw"": 55.6, ""raw_display"": ""55.6%"", ""normalized"": 9.85, ""weight"": 0.14, ""weight_pct"": 14.0, ""min"": 52.9, ""max"": 80.3, ""lower_is_better"": false, ""is_percent"": true}, {""key"": ""first_serve_won_percent"", ""name"": ""1st Serve Points Won %"", ""raw"": 58.0, ""raw_display"": ""58.0%"", ""normalized"": 30.36, ""weight"": 0.2, ""weight_pct"": 20.0, ""min"": 51.2, ""max"": 73.6, ""lower_is_better"": false, ""is_percent"": true}, {""key"": ""second_serve_won_percent"", ""name"": ""2nd Serve Points Won %"", ""raw"": 36.5, ""raw_display"": ""36.5%"", ""normalized"": 8.33, ""weight"": 0.2, ""weight_pct"": 20.0, ""min"": 34.4, ""max"": 59.6, ""lower_is_better"": false, ""is_percent"": true}, {""key"": ""breakpoint_saved_percent"", ""name"": ""Break Points Saved %"", ""raw"": 33.8, ""raw_display"": ""33.8%"", ""normalized"": 0.0, ""weight"": 0.18, ""weight_pct"": 18.0, ""min"": 33.8, ""max"": 65.9, ""lower_is_better"": false, ""is_percent"": true}]}"
