fetched_at_utc,category_key,category_label,rank,player_name,player_id,profile_url,image_url,rating,metric_1_name,metric_1_value,metric_2_name,metric_2_value,metric_3_name,metric_3_value,metric_4_name,metric_4_value,metric_5_name,metric_5_value,metric_6_name,metric_6_value,metrics_json
2026-03-07T08:04:19.660159Z,return,Return,1,Daria Kasatkina,322082,https://www.wtatennis.com/players/322082/daria-kasatkina,https://photoresources.wtatennis.com/wta/photo/2025/03/10/f13278b9-1c1c-4484-9d06-5a997e4f4013/Kasatkina-Torso_322082.png,91.7,1st Return Points Won %,42.2%,2nd Return Points Won %,61.4%,Break Points Converted %,52.0%,Return Games Won %,48.1%,Return Points Won %,49.0%,,,"{""category"": ""return"", ""player_rank"": 60, ""match_count"": 9, ""formula"": ""normalized_score = Σ(metric_norm × weight)"", ""metrics"": [{""key"": ""first_return_percent"", ""name"": ""1st Return Points Won %"", ""raw"": 42.2, ""raw_display"": ""42.2%"", ""normalized"": 90.78, ""weight"": 0.22, ""weight_pct"": 22.0, ""min"": 22.5, ""max"": 44.2, ""lower_is_better"": false, ""is_percent"": true}, {""key"": ""second_return_percent"", ""name"": ""2nd Return Points Won %"", ""raw"": 61.4, ""raw_display"": ""61.4%"", ""normalized"": 97.18, ""weight"": 0.22, ""weight_pct"": 22.0, ""min"": 44.2, ""max"": 61.9, ""lower_is_better"": false, ""is_percent"": true}, {""key"": ""breakpoint_converted_percent"", ""name"": ""Break Points Converted %"", ""raw"": 52.0, ""raw_display"": ""52.0%"", ""normalized"": 77.69, ""weight"": 0.2, ""weight_pct"": 20.0, ""min"": 21.7, ""max"": 60.7, ""lower_is_better"": false, ""is_percent"": true}, {""key"": ""return_games_won_percent"", ""name"": ""Return Games Won %"", ""raw"": 48.1, ""raw_display"": ""48.1%"", ""normalized"": 96.93, ""weight"": 0.16, ""weight_pct"": 16.0, ""min"": 10.2, ""max"": 49.3, ""lower_is_better"": false, ""is_percent"": true}, {""key"": ""return_points_won_percent"", ""name"": ""Return Points Won %"", ""raw"": 49.0, ""raw_display"": ""49.0%"", ""normalized"": 96.32, ""weight"": 0.2, ""weight_pct"": 20.0, ""min"": 33.3, ""max"": 49.6, ""lower_is_better"": false, ""is_percent"": true}]}"
2026-03-07T08:04:19.660159Z,return,Return,2,Taylah Preston,330291,https://www.wtatennis.com/players/330291/taylah-preston,https://photoresources.wtatennis.com/wta/photo/2024/04/29/ac17c43c-e77f-4e87-bf5e-6c69de31a3c1/Preston-Torso_330291-WTA-Tennis.png,89.9,1st Return Points Won %,43.0%,2nd Return Points Won %,57.7%,Break Points Converted %,55.0%,Return Games Won %,49.3%,Return Points Won %,49.0%,,,"{""category"": ""return"", ""player_rank"": 149, ""match_count"": 6, ""formula"": ""normalized_score = Σ(metric_norm × weight)"", ""metrics"": [{""key"": ""first_return_percent"", ""name"": ""1st Return Points Won %"", ""raw"": 43.0, ""raw_display"": ""43.0%"", ""normalized"": 94.47, ""weight"": 0.22, ""weight_pct"": 22.0, ""min"": 22.5, ""max"": 44.2, ""lower_is_better"": false, ""is_percent"": true}, {""key"": ""second_return_percent"", ""name"": ""2nd Return Points Won %"", ""raw"": 57.7, ""raw_display"": ""57.7%"", ""normalized"": 76.27, ""weight"": 0.22, ""weight_pct"": 22.0, ""min"": 44.2, ""max"": 61.9, ""lower_is_better"": false, ""is_percent"": true}, {""key"": ""breakpoint_converted_percent"", ""name"": ""Break Points Converted %"", ""raw"": 55.0, ""raw_display"": ""55.0%"", ""normalized"": 85.38, ""weight"": 0.2, ""weight_pct"": 20.0, ""min"": 21.7, ""max"": 60.7, ""lower_is_better"": false, ""is_percent"": true}, {""key"": ""return_games_won_percent"", ""name"": ""Return Games Won %"", ""raw"": 49.3, ""raw_display"": ""49.3%"", ""normalized"": 100.0, ""weight"": 0.16, ""weight_pct"": 16.0, ""min"": 10.2, ""max"": 49.3, ""lower_is_better"": false, ""is_percent"": true}, {""key"": ""return_points_won_percent"", ""name"": ""Return Points Won %"", ""raw"": 49.0, ""raw_display"": ""49.0%"", ""normalized"": 96.32, ""weight"": 0.2, ""weight_pct"": 20.0, ""min"": 33.3, ""max"": 49.6, ""lower_is_better"": false, ""is_percent"": true}]}"
2026-03-07T08:04:19.660159Z,return,Return,3,Sara Bejlek,330375,https://www.wtatennis.com/players/330375/sara-bejlek,https://photoresources.wtatennis.com/wta/photo/2022/10/11/db08cf6d-e28a-497d-a601-1d6abb8245ff/Bejlek_Crop.jpg,89.7,1st Return Points Won %,43.7%,2nd Return Points Won %,60.4%,Break Points Converted %,46.6%,Return Games Won %,47.7%,Return Points Won %,49.6%,,,"{""category"": ""return"", ""player_rank"": 40, ""match_count"": 9, ""formula"": ""normalized_score = Σ(metric_norm × weight)"", ""metrics"": [{""key"": ""first_return_percent"", ""name"": ""1st Return Points Won %"", ""raw"": 43.7, ""raw_display"": ""43.7%"", ""normalized"": 97.7, ""weight"": 0.22, ""weight_pct"": 22.0, ""min"": 22.5, ""max"": 44.2, ""lower_is_better"": false, ""is_percent"": true}, {""key"": ""second_return_percent"", ""name"": ""2nd Return Points Won %"", ""raw"": 60.4, ""raw_display"": ""60.4%"", ""normalized"": 91.53, ""weight"": 0.22, ""weight_pct"": 22.0, ""min"": 44.2, ""max"": 61.9, ""lower_is_better"": false, ""is_percent"": true}, {""key"": ""breakpoint_converted_percent"", ""name"": ""Break Points Converted %"", ""raw"": 46.6, ""raw_display"": ""46.6%"", ""normalized"": 63.85, ""weight"": 0.2, ""weight_pct"": 20.0, ""min"": 21.7, ""max"": 60.7, ""lower_is_better"": false, ""is_percent"": true}, {""key"": ""return_games_won_percent"", ""name"": ""Return Games Won %"", ""raw"": 47.7, ""raw_display"": ""47.7%"", ""normalized"": 95.91, ""weight"": 0.16, ""weight_pct"": 16.0, ""min"": 10.2, ""max"": 49.3, ""lower_is_better"": false, ""is_percent"": true}, {""key"": ""return_points_won_percent"", ""name"": ""Return Points Won %"", ""raw"": 49.6, ""raw_display"": ""49.6%"", ""normalized"": 100.0, ""weight"": 0.2, ""weight_pct"": 20.0, ""min"": 33.3, ""max"": 49.6, ""lower_is_better"": false, ""is_percent"": true}]}"
2026-03-07T08:04:19.660159Z,return,Return,4,Iga Swiatek,326408,https://www.wtatennis.com/players/326408/iga-swiatek,https://photoresources.wtatennis.com/wta/photo/2025/04/14/86a49ba8-7183-44c4-afd1-a3cd35a9fa4f/Swiatek-Torso_326408.png,86.3,1st Return Points Won %,41.2%,2nd Return Points Won %,60.5%,Break Points Converted %,49.2%,Return Games Won %,46.6%,Return Points Won %,48.0%,,,"{""category"": ""return"", ""player_rank"": 2, ""match_count"": 13, ""formula"": ""normalized_score = Σ(metric_norm × weight)"", ""metrics"": [{""key"": ""first_return_percent"", ""name"": ""1st Return Points Won %"", ""raw"": 41.2, ""raw_display"": ""41.2%"", ""normalized"": 86.18, ""weight"": 0.22, ""weight_pct"": 22.0, ""min"": 22.5, ""max"": 44.2, ""lower_is_better"": false, ""is_percent"": true}, {""key"": ""second_return_percent"", ""name"": ""2nd Return Points Won %"", ""raw"": 60.5, ""raw_display"": ""60.5%"", ""normalized"": 92.09, ""weight"": 0.22, ""weight_pct"": 22.0, ""min"": 44.2, ""max"": 61.9, ""lower_is_better"": false, ""is_percent"": true}, {""key"": ""breakpoint_converted_percent"", ""name"": ""Break Points Converted %"", ""raw"": 49.2, ""raw_display"": ""49.2%"", ""normalized"": 70.51, ""weight"": 0.2, ""weight_pct"": 20.0, ""min"": 21.7, ""max"": 60.7, ""lower_is_better"": false, ""is_percent"": true}, {""key"": ""return_games_won_percent"", ""name"": ""Return Games Won %"", ""raw"": 46.6, ""raw_display"": ""46.6%"", ""normalized"": 93.09, ""weight"": 0.16, ""weight_pct"": 16.0, ""min"": 10.2, ""max"": 49.3, ""lower_is_better"": false, ""is_percent"": true}, {""key"": ""return_points_won_percent"", ""name"": ""Return Points Won %"", ""raw"": 48.0, ""raw_display"": ""48.0%"", ""normalized"": 90.18, ""weight"": 0.2, ""weight_pct"": 20.0, ""min"": 33.3, ""max"": 49.6, ""lower_is_better"": false, ""is_percent"": true}]}"
2026-03-07T08:04:19.660159Z,return,Return,5,Katie Boulter,319125,https://www.wtatennis.com/players/319125/katie-boulter,https://photoresources.wtatennis.com/wta/photo/2025/03/10/946d19c1-7cd7-49ed-b06b-310ced76ac17/Boulter-Torso_319125.png,86.3,1st Return Points Won %,42.8%,2nd Return Points Won %,56.9%,Break Points Converted %,53.6%,Return Games Won %,48.1%,Return Points Won %,48.0%,,,"{""category"": ""return"", ""player_rank"": 64, ""match_count"": 11, ""formula"": ""normalized_score = Σ(metric_norm × weight)"", ""metrics"": [{""key"": ""first_return_percent"", ""name"": ""1st Return Points Won %"", ""raw"": 42.8, ""raw_display"": ""42.8%"", ""normalized"": 93.55, ""weight"": 0.22, ""weight_pct"": 22.0, ""min"": 22.5, ""max"": 44.2, ""lower_is_better"": false, ""is_percent"": true}, {""key"": ""second_return_percent"", ""name"": ""2nd Return Points Won %"", ""raw"": 56.9, ""raw_display"": ""56.9%"", ""normalized"": 71.75, ""weight"": 0.22, ""weight_pct"": 22.0, ""min"": 44.2, ""max"": 61.9, ""lower_is_better"": false, ""is_percent"": true}, {""key"": ""breakpoint_converted_percent"", ""name"": ""Break Points Converted %"", ""raw"": 53.6, ""raw_display"": ""53.6%"", ""normalized"": 81.79, ""weight"": 0.2, ""weight_pct"": 20.0, ""min"": 21.7, ""max"": 60.7, ""lower_is_better"": false, ""is_percent"": true}, {""key"": ""return_games_won_percent"", ""name"": ""Return Games Won %"", ""raw"": 48.1, ""raw_display"": ""48.1%"", ""normalized"": 96.93, ""weight"": 0.16, ""weight_pct"": 16.0, ""min"": 10.2, ""max"": 49.3, ""lower_is_better"": false, ""is_percent"": true}, {""key"": ""return_points_won_percent"", ""name"": ""Return Points Won %"", ""raw"": 48.0, ""raw_display"": ""48.0%"", ""normalized"": 90.18, ""weight"": 0.2, ""weight_pct"": 20.0, ""min"": 33.3, ""max"": 49.6, ""lower_is_better"": false, ""is_percent"": true}]}"
2026-03-07T08:04:19.660159Z,return,Return,6,Belinda Bencic,319001,https://www.wtatennis.com/players/319001/belinda-bencic,https://photoresources.wtatennis.com/wta/photo/2025/03/10/5148518c-34b9-45d0-a2bb-47a57c41f84e/Bencic-Torso_319001.png,85.3,1st Return Points Won %,38.8%,2nd Return Points Won %,61.9%,Break Points Converted %,51.2%,Return Games Won %,44.0%,Return Points Won %,47.8%,,,"{""category"": ""return"", ""player_rank"": 12, ""match_count"": 9, ""formula"": ""normalized_score = Σ(metric_norm × weight)"", ""metrics"": [{""key"": ""first_return_percent"", ""name"": ""1st Return Points Won %"", ""raw"": 38.8, ""raw_display"": ""38.8%"", ""normalized"": 75.12, ""weight"": 0.22, ""weight_pct"": 22.0, ""min"": 22.5, ""max"": 44.2, ""lower_is_better"": false, ""is_percent"": true}, {""key"": ""second_return_percent"", ""name"": ""2nd Return Points Won %"", ""raw"": 61.9, ""raw_display"": ""61.9%"", ""normalized"": 100.0, ""weight"": 0.22, ""weight_pct"": 22.0, ""min"": 44.2, ""max"": 61.9, ""lower_is_better"": false, ""is_percent"": true}, {""key"": ""breakpoint_converted_percent"", ""name"": ""Break Points Converted %"", ""raw"": 51.2, ""raw_display"": ""51.2%"", ""normalized"": 75.64, ""weight"": 0.2, ""weight_pct"": 20.0, ""min"": 21.7, ""max"": 60.7, ""lower_is_better"": false, ""is_percent"": true}, {""key"": ""return_games_won_percent"", ""name"": ""Return Games Won %"", ""raw"": 44.0, ""raw_display"": ""44.0%"", ""normalized"": 86.45, ""weight"": 0.16, ""weight_pct"": 16.0, ""min"": 10.2, ""max"": 49.3, ""lower_is_better"": false, ""is_percent"": true}, {""key"": ""return_points_won_percent"", ""name"": ""Return Points Won %"", ""raw"": 47.8, ""raw_display"": ""47.8%"", ""normalized"": 88.96, ""weight"": 0.2, ""weight_pct"": 20.0, ""min"": 33.3, ""max"": 49.6, ""lower_is_better"": false, ""is_percent"": true}]}"
2026-03-07T08:04:19.660159Z,return,Return,7,Mirra Andreeva,331809,https://www.wtatennis.com/players/331809/mirra-andreeva,https://photoresources.wtatennis.com/wta/photo/2025/03/10/dcaa6b5a-844c-4994-9e38-980977898290/Andreeva-Torso_331809.png,84.2,1st Return Points Won %,44.2%,2nd Return Points Won %,55.8%,Break Points Converted %,50.0%,Return Games Won %,46.3%,Return Points Won %,48.4%,,,"{""category"": ""return"", ""player_rank"": 8, ""match_count"": 15, ""formula"": ""normalized_score = Σ(metric_norm × weight)"", ""metrics"": [{""key"": ""first_return_percent"", ""name"": ""1st Return Points Won %"", ""raw"": 44.2, ""raw_display"": ""44.2%"", ""normalized"": 100.0, ""weight"": 0.22, ""weight_pct"": 22.0, ""min"": 22.5, ""max"": 44.2, ""lower_is_better"": false, ""is_percent"": true}, {""key"": ""second_return_percent"", ""name"": ""2nd Return Points Won %"", ""raw"": 55.8, ""raw_display"": ""55.8%"", ""normalized"": 65.54, ""weight"": 0.22, ""weight_pct"": 22.0, ""min"": 44.2, ""max"": 61.9, ""lower_is_better"": false, ""is_percent"": true}, {""key"": ""breakpoint_converted_percent"", ""name"": ""Break Points Converted %"", ""raw"": 50.0, ""raw_display"": ""50.0%"", ""normalized"": 72.56, ""weight"": 0.2, ""weight_pct"": 20.0, ""min"": 21.7, ""max"": 60.7, ""lower_is_better"": false, ""is_percent"": true}, {""key"": ""return_games_won_percent"", ""name"": ""Return Games Won %"", ""raw"": 46.3, ""raw_display"": ""46.3%"", ""normalized"": 92.33, ""weight"": 0.16, ""weight_pct"": 16.0, ""min"": 10.2, ""max"": 49.3, ""lower_is_better"": false, ""is_percent"": true}, {""key"": ""return_points_won_percent"", ""name"": ""Return Points Won %"", ""raw"": 48.4, ""raw_display"": ""48.4%"", ""normalized"": 92.64, ""weight"": 0.2, ""weight_pct"": 20.0, ""min"": 33.3, ""max"": 49.6, ""lower_is_better"": false, ""is_percent"": true}]}"
2026-03-07T08:04:19.660159Z,return,Return,8,Elina Svitolina,316738,https://www.wtatennis.com/players/316738/elina-svitolina,https://photoresources.wtatennis.com/wta/photo/2025/03/10/b58d38b6-ab58-4061-b189-19cbcdd4e53e/Svitolina-Torso_316738.png,80.5,1st Return Points Won %,39.7%,2nd Return Points Won %,57.3%,Break Points Converted %,57.0%,Return Games Won %,41.8%,Return Points Won %,46.1%,,,"{""category"": ""return"", ""player_rank"": 9, ""match_count"": 18, ""formula"": ""normalized_score = Σ(metric_norm × weight)"", ""metrics"": [{""key"": ""first_return_percent"", ""name"": ""1st Return Points Won %"", ""raw"": 39.7, ""raw_display"": ""39.7%"", ""normalized"": 79.26, ""weight"": 0.22, ""weight_pct"": 22.0, ""min"": 22.5, ""max"": 44.2, ""lower_is_better"": false, ""is_percent"": true}, {""key"": ""second_return_percent"", ""name"": ""2nd Return Points Won %"", ""raw"": 57.3, ""raw_display"": ""57.3%"", ""normalized"": 74.01, ""weight"": 0.22, ""weight_pct"": 22.0, ""min"": 44.2, ""max"": 61.9, ""lower_is_better"": false, ""is_percent"": true}, {""key"": ""breakpoint_converted_percent"", ""name"": ""Break Points Converted %"", ""raw"": 57.0, ""raw_display"": ""57.0%"", ""normalized"": 90.51, ""weight"": 0.2, ""weight_pct"": 20.0, ""min"": 21.7, ""max"": 60.7, ""lower_is_better"": false, ""is_percent"": true}, {""key"": ""return_games_won_percent"", ""name"": ""Return Games Won %"", ""raw"": 41.8, ""raw_display"": ""41.8%"", ""normalized"": 80.82, ""weight"": 0.16, ""weight_pct"": 16.0, ""min"": 10.2, ""max"": 49.3, ""lower_is_better"": false, ""is_percent"": true}, {""key"": ""return_points_won_percent"", ""name"": ""Return Points Won %"", ""raw"": 46.1, ""raw_display"": ""46.1%"", ""normalized"": 78.53, ""weight"": 0.2, ""weight_pct"": 20.0, ""min"": 33.3, ""max"": 49.6, ""lower_is_better"": false, ""is_percent"": true}]}"
2026-03-07T08:04:19.660159Z,return,Return,9,Iva Jovic,332285,https://www.wtatennis.com/players/332285/iva-jovic,https://photoresources.wtatennis.com/wta/photo/2025/03/10/c5a7395c-c1eb-4a45-80fe-5539aa27c10e/Jovic-Torso_332285.png,79.9,1st Return Points Won %,40.7%,2nd Return Points Won %,57.1%,Break Points Converted %,51.9%,Return Games Won %,42.8%,Return Points Won %,46.8%,,,"{""category"": ""return"", ""player_rank"": 18, ""match_count"": 19, ""formula"": ""normalized_score = Σ(metric_norm × weight)"", ""metrics"": [{""key"": ""first_return_percent"", ""name"": ""1st Return Points Won %"", ""raw"": 40.7, ""raw_display"": ""40.7%"", ""normalized"": 83.87, ""weight"": 0.22, ""weight_pct"": 22.0, ""min"": 22.5, ""max"": 44.2, ""lower_is_better"": false, ""is_percent"": true}, {""key"": ""second_return_percent"", ""name"": ""2nd Return Points Won %"", ""raw"": 57.1, ""raw_display"": ""57.1%"", ""normalized"": 72.88, ""weight"": 0.22, ""weight_pct"": 22.0, ""min"": 44.2, ""max"": 61.9, ""lower_is_better"": false, ""is_percent"": true}, {""key"": ""breakpoint_converted_percent"", ""name"": ""Break Points Converted %"", ""raw"": 51.9, ""raw_display"": ""51.9%"", ""normalized"": 77.44, ""weight"": 0.2, ""weight_pct"": 20.0, ""min"": 21.7, ""max"": 60.7, ""lower_is_better"": false, ""is_percent"": true}, {""key"": ""return_games_won_percent"", ""name"": ""Return Games Won %"", ""raw"": 42.8, ""raw_display"": ""42.8%"", ""normalized"": 83.38, ""weight"": 0.16, ""weight_pct"": 16.0, ""min"": 10.2, ""max"": 49.3, ""lower_is_better"": false, ""is_percent"": true}, {""key"": ""return_points_won_percent"", ""name"": ""Return Points Won %"", ""raw"": 46.8, ""raw_display"": ""46.8%"", ""normalized"": 82.82, ""weight"": 0.2, ""weight_pct"": 20.0, ""min"": 33.3, ""max"": 49.6, ""lower_is_better"": false, ""is_percent"": true}]}"
2026-03-07T08:04:19.660159Z,return,Return,10,Elise Mertens,317964,https://www.wtatennis.com/players/317964/elise-mertens,https://photoresources.wtatennis.com/wta/photo/2025/06/20/2f3e5e2d-297a-4467-983c-ff89c75af905/Mertens-Torso_317964.png,79.4,1st Return Points Won %,36.8%,2nd Return Points Won %,59.7%,Break Points Converted %,53.9%,Return Games Won %,41.7%,Return Points Won %,46.5%,,,"{""category"": ""return"", ""player_rank"": 21, ""match_count"": 13, ""formula"": ""normalized_score = Σ(metric_norm × weight)"", ""metrics"": [{""key"": ""first_return_percent"", ""name"": ""1st Return Points Won %"", ""raw"": 36.8, ""raw_display"": ""36.8%"", ""normalized"": 65.9, ""weight"": 0.22, ""weight_pct"": 22.0, ""min"": 22.5, ""max"": 44.2, ""lower_is_better"": false, ""is_percent"": true}, {""key"": ""second_return_percent"", ""name"": ""2nd Return Points Won %"", ""raw"": 59.7, ""raw_display"": ""59.7%"", ""normalized"": 87.57, ""weight"": 0.22, ""weight_pct"": 22.0, ""min"": 44.2, ""max"": 61.9, ""lower_is_better"": false, ""is_percent"": true}, {""key"": ""breakpoint_converted_percent"", ""name"": ""Break Points Converted %"", ""raw"": 53.9, ""raw_display"": ""53.9%"", ""normalized"": 82.56, ""weight"": 0.2, ""weight_pct"": 20.0, ""min"": 21.7, ""max"": 60.7, ""lower_is_better"": false, ""is_percent"": true}, {""key"": ""return_games_won_percent"", ""name"": ""Return Games Won %"", ""raw"": 41.7, ""raw_display"": ""41.7%"", ""normalized"": 80.56, ""weight"": 0.16, ""weight_pct"": 16.0, ""min"": 10.2, ""max"": 49.3, ""lower_is_better"": false, ""is_percent"": true}, {""key"": ""return_points_won_percent"", ""name"": ""Return Points Won %"", ""raw"": 46.5, ""raw_display"": ""46.5%"", ""normalized"": 80.98, ""weight"": 0.2, ""weight_pct"": 20.0, ""min"": 33.3, ""max"": 49.6, ""lower_is_better"": false, ""is_percent"": true}]}"
2026-03-07T08:04:19.660159Z,return,Return,11,Coco Gauff,328560,https://www.wtatennis.com/players/328560/coco-gauff,https://photoresources.wtatennis.com/wta/photo/2025/03/10/58f4a6e9-de5a-491c-895a-439921f56534/Gauff-Torso_328560.png,79.3,1st Return Points Won %,42.9%,2nd Return Points Won %,54.8%,Break Points Converted %,49.6%,Return Games Won %,44.7%,Return Points Won %,47.2%,,,"{""category"": ""return"", ""player_rank"": 4, ""match_count"": 14, ""formula"": ""normalized_score = Σ(metric_norm × weight)"", ""metrics"": [{""key"": ""first_return_percent"", ""name"": ""1st Return Points Won %"", ""raw"": 42.9, ""raw_display"": ""42.9%"", ""normalized"": 94.01, ""weight"": 0.22, ""weight_pct"": 22.0, ""min"": 22.5, ""max"": 44.2, ""lower_is_better"": false, ""is_percent"": true}, {""key"": ""second_return_percent"", ""name"": ""2nd Return Points Won %"", ""raw"": 54.8, ""raw_display"": ""54.8%"", ""normalized"": 59.89, ""weight"": 0.22, ""weight_pct"": 22.0, ""min"": 44.2, ""max"": 61.9, ""lower_is_better"": false, ""is_percent"": true}, {""key"": ""breakpoint_converted_percent"", ""name"": ""Break Points Converted %"", ""raw"": 49.6, ""raw_display"": ""49.6%"", ""normalized"": 71.54, ""weight"": 0.2, ""weight_pct"": 20.0, ""min"": 21.7, ""max"": 60.7, ""lower_is_better"": false, ""is_percent"": true}, {""key"": ""return_games_won_percent"", ""name"": ""Return Games Won %"", ""raw"": 44.7, ""raw_display"": ""44.7%"", ""normalized"": 88.24, ""weight"": 0.16, ""weight_pct"": 16.0, ""min"": 10.2, ""max"": 49.3, ""lower_is_better"": false, ""is_percent"": true}, {""key"": ""return_points_won_percent"", ""name"": ""Return Points Won %"", ""raw"": 47.2, ""raw_display"": ""47.2%"", ""normalized"": 85.28, ""weight"": 0.2, ""weight_pct"": 20.0, ""min"": 33.3, ""max"": 49.6, ""lower_is_better"": false, ""is_percent"": true}]}"
2026-03-07T08:04:19.660159Z,return,Return,12,Aryna Sabalenka,320760,https://www.wtatennis.com/players/320760/aryna-sabalenka,https://photoresources.wtatennis.com/wta/photo/2024/04/22/46f655c7-32a6-4c66-9854-20df07b7de7b/Sabalenka-Torso_320760.png,78.5,1st Return Points Won %,39.9%,2nd Return Points Won %,59.1%,Break Points Converted %,43.8%,Return Games Won %,42.2%,Return Points Won %,47.9%,,,"{""category"": ""return"", ""player_rank"": 1, ""match_count"": 13, ""formula"": ""normalized_score = Σ(metric_norm × weight)"", ""metrics"": [{""key"": ""first_return_percent"", ""name"": ""1st Return Points Won %"", ""raw"": 39.9, ""raw_display"": ""39.9%"", ""normalized"": 80.18, ""weight"": 0.22, ""weight_pct"": 22.0, ""min"": 22.5, ""max"": 44.2, ""lower_is_better"": false, ""is_percent"": true}, {""key"": ""second_return_percent"", ""name"": ""2nd Return Points Won %"", ""raw"": 59.1, ""raw_display"": ""59.1%"", ""normalized"": 84.18, ""weight"": 0.22, ""weight_pct"": 22.0, ""min"": 44.2, ""max"": 61.9, ""lower_is_better"": false, ""is_percent"": true}, {""key"": ""breakpoint_converted_percent"", ""name"": ""Break Points Converted %"", ""raw"": 43.8, ""raw_display"": ""43.8%"", ""normalized"": 56.67, ""weight"": 0.2, ""weight_pct"": 20.0, ""min"": 21.7, ""max"": 60.7, ""lower_is_better"": false, ""is_percent"": true}, {""key"": ""return_games_won_percent"", ""name"": ""Return Games Won %"", ""raw"": 42.2, ""raw_display"": ""42.2%"", ""normalized"": 81.84, ""weight"": 0.16, ""weight_pct"": 16.0, ""min"": 10.2, ""max"": 49.3, ""lower_is_better"": false, ""is_percent"": true}, {""key"": ""return_points_won_percent"", ""name"": ""Return Points Won %"", ""raw"": 47.9, ""raw_display"": ""47.9%"", ""normalized"": 89.57, ""weight"": 0.2, ""weight_pct"": 20.0, ""min"": 33.3, ""max"": 49.6, ""lower_is_better"": false, ""is_percent"": true}]}"
2026-03-07T08:04:19.660159Z,return,Return,13,Emma Raducanu,328366,https://www.wtatennis.com/players/328366/emma-raducanu,https://photoresources.wtatennis.com/wta/photo/2024/05/01/e55c6095-bd04-4904-98be-a7911f3bc918/Raducanu-Torso_328366-WTA-Tennis.png,78.2,1st Return Points Won %,38.5%,2nd Return Points Won %,61.0%,Break Points Converted %,47.6%,Return Games Won %,40.2%,Return Points Won %,46.0%,,,"{""category"": ""return"", ""player_rank"": 24, ""match_count"": 12, ""formula"": ""normalized_score = Σ(metric_norm × weight)"", ""metrics"": [{""key"": ""first_return_percent"", ""name"": ""1st Return Points Won %"", ""raw"": 38.5, ""raw_display"": ""38.5%"", ""normalized"": 73.73, ""weight"": 0.22, ""weight_pct"": 22.0, ""min"": 22.5, ""max"": 44.2, ""lower_is_better"": false, ""is_percent"": true}, {""key"": ""second_return_percent"", ""name"": ""2nd Return Points Won %"", ""raw"": 61.0, ""raw_display"": ""61.0%"", ""normalized"": 94.92, ""weight"": 0.22, ""weight_pct"": 22.0, ""min"": 44.2, ""max"": 61.9, ""lower_is_better"": false, ""is_percent"": true}, {""key"": ""breakpoint_converted_percent"", ""name"": ""Break Points Converted %"", ""raw"": 47.6, ""raw_display"": ""47.6%"", ""normalized"": 66.41, ""weight"": 0.2, ""weight_pct"": 20.0, ""min"": 21.7, ""max"": 60.7, ""lower_is_better"": false, ""is_percent"": true}, {""key"": ""return_games_won_percent"", ""name"": ""Return Games Won %"", ""raw"": 40.2, ""raw_display"": ""40.2%"", ""normalized"": 76.73, ""weight"": 0.16, ""weight_pct"": 16.0, ""min"": 10.2, ""max"": 49.3, ""lower_is_better"": false, ""is_percent"": true}, {""key"": ""return_points_won_percent"", ""name"": ""Return Points Won %"", ""raw"": 46.0, ""raw_display"": ""46.0%"", ""normalized"": 77.91, ""weight"": 0.2, ""weight_pct"": 20.0, ""min"": 33.3, ""max"": 49.6, ""lower_is_better"": false, ""is_percent"": true}]}"
2026-03-07T08:04:19.660159Z,return,Return,14,Sorana Cirstea,312469,https://www.wtatennis.com/players/312469/sorana-cirstea,https://photoresources.wtatennis.com/wta/photo/2025/03/10/3bee46ef-b6aa-4dbb-99d1-cd325119cfaa/Cirstea-Torso_312469.png,75.3,1st Return Points Won %,38.4%,2nd Return Points Won %,58.6%,Break Points Converted %,48.5%,Return Games Won %,39.7%,Return Points Won %,45.9%,,,"{""category"": ""return"", ""player_rank"": 38, ""match_count"": 13, ""formula"": ""normalized_score = Σ(metric_norm × weight)"", ""metrics"": [{""key"": ""first_return_percent"", ""name"": ""1st Return Points Won %"", ""raw"": 38.4, ""raw_display"": ""38.4%"", ""normalized"": 73.27, ""weight"": 0.22, ""weight_pct"": 22.0, ""min"": 22.5, ""max"": 44.2, ""lower_is_better"": false, ""is_percent"": true}, {""key"": ""second_return_percent"", ""name"": ""2nd Return Points Won %"", ""raw"": 58.6, ""raw_display"": ""58.6%"", ""normalized"": 81.36, ""weight"": 0.22, ""weight_pct"": 22.0, ""min"": 44.2, ""max"": 61.9, ""lower_is_better"": false, ""is_percent"": true}, {""key"": ""breakpoint_converted_percent"", ""name"": ""Break Points Converted %"", ""raw"": 48.5, ""raw_display"": ""48.5%"", ""normalized"": 68.72, ""weight"": 0.2, ""weight_pct"": 20.0, ""min"": 21.7, ""max"": 60.7, ""lower_is_better"": false, ""is_percent"": true}, {""key"": ""return_games_won_percent"", ""name"": ""Return Games Won %"", ""raw"": 39.7, ""raw_display"": ""39.7%"", ""normalized"": 75.45, ""weight"": 0.16, ""weight_pct"": 16.0, ""min"": 10.2, ""max"": 49.3, ""lower_is_better"": false, ""is_percent"": true}, {""key"": ""return_points_won_percent"", ""name"": ""Return Points Won %"", ""raw"": 45.9, ""raw_display"": ""45.9%"", ""normalized"": 77.3, ""weight"": 0.2, ""weight_pct"": 20.0, ""min"": 33.3, ""max"": 49.6, ""lower_is_better"": false, ""is_percent"": true}]}"
2026-03-07T08:04:19.660159Z,return,Return,15,Maria Sakkari,318312,https://www.wtatennis.com/players/318312/maria-sakkari,https://photoresources.wtatennis.com/wta/photo/2025/03/10/15e6a0c2-8366-4c35-a12f-f6a37a3bde35/Sakkari-Torso_318312.png,75.2,1st Return Points Won %,40.8%,2nd Return Points Won %,55.2%,Break Points Converted %,51.1%,Return Games Won %,40.2%,Return Points Won %,46.0%,,,"{""category"": ""return"", ""player_rank"": 34, ""match_count"": 11, ""formula"": ""normalized_score = Σ(metric_norm × weight)"", ""metrics"": [{""key"": ""first_return_percent"", ""name"": ""1st Return Points Won %"", ""raw"": 40.8, ""raw_display"": ""40.8%"", ""normalized"": 84.33, ""weight"": 0.22, ""weight_pct"": 22.0, ""min"": 22.5, ""max"": 44.2, ""lower_is_better"": false, ""is_percent"": true}, {""key"": ""second_return_percent"", ""name"": ""2nd Return Points Won %"", ""raw"": 55.2, ""raw_display"": ""55.2%"", ""normalized"": 62.15, ""weight"": 0.22, ""weight_pct"": 22.0, ""min"": 44.2, ""max"": 61.9, ""lower_is_better"": false, ""is_percent"": true}, {""key"": ""breakpoint_converted_percent"", ""name"": ""Break Points Converted %"", ""raw"": 51.1, ""raw_display"": ""51.1%"", ""normalized"": 75.38, ""weight"": 0.2, ""weight_pct"": 20.0, ""min"": 21.7, ""max"": 60.7, ""lower_is_better"": false, ""is_percent"": true}, {""key"": ""return_games_won_percent"", ""name"": ""Return Games Won %"", ""raw"": 40.2, ""raw_display"": ""40.2%"", ""normalized"": 76.73, ""weight"": 0.16, ""weight_pct"": 16.0, ""min"": 10.2, ""max"": 49.3, ""lower_is_better"": false, ""is_percent"": true}, {""key"": ""return_points_won_percent"", ""name"": ""Return Points Won %"", ""raw"": 46.0, ""raw_display"": ""46.0%"", ""normalized"": 77.91, ""weight"": 0.2, ""weight_pct"": 20.0, ""min"": 33.3, ""max"": 49.6, ""lower_is_better"": false, ""is_percent"": true}]}"
2026-03-07T08:04:19.660159Z,return,Return,16,Jaqueline Cristian,320319,https://www.wtatennis.com/players/320319/jaqueline-cristian,https://photoresources.wtatennis.com/wta/photo/2025/04/16/46bc064d-4853-465a-8cd0-b0e3d6ee5c36/Cristian-Torso_320319.png,75.1,1st Return Points Won %,39.1%,2nd Return Points Won %,58.0%,Break Points Converted %,47.8%,Return Games Won %,41.7%,Return Points Won %,45.4%,,,"{""category"": ""return"", ""player_rank"": 35, ""match_count"": 11, ""formula"": ""normalized_score = Σ(metric_norm × weight)"", ""metrics"": [{""key"": ""first_return_percent"", ""name"": ""1st Return Points Won %"", ""raw"": 39.1, ""raw_display"": ""39.1%"", ""normalized"": 76.5, ""weight"": 0.22, ""weight_pct"": 22.0, ""min"": 22.5, ""max"": 44.2, ""lower_is_better"": false, ""is_percent"": true}, {""key"": ""second_return_percent"", ""name"": ""2nd Return Points Won %"", ""raw"": 58.0, ""raw_display"": ""58.0%"", ""normalized"": 77.97, ""weight"": 0.22, ""weight_pct"": 22.0, ""min"": 44.2, ""max"": 61.9, ""lower_is_better"": false, ""is_percent"": true}, {""key"": ""breakpoint_converted_percent"", ""name"": ""Break Points Converted %"", ""raw"": 47.8, ""raw_display"": ""47.8%"", ""normalized"": 66.92, ""weight"": 0.2, ""weight_pct"": 20.0, ""min"": 21.7, ""max"": 60.7, ""lower_is_better"": false, ""is_percent"": true}, {""key"": ""return_games_won_percent"", ""name"": ""Return Games Won %"", ""raw"": 41.7, ""raw_display"": ""41.7%"", ""normalized"": 80.56, ""weight"": 0.16, ""weight_pct"": 16.0, ""min"": 10.2, ""max"": 49.3, ""lower_is_better"": false, ""is_percent"": true}, {""key"": ""return_points_won_percent"", ""name"": ""Return Points Won %"", ""raw"": 45.4, ""raw_display"": ""45.4%"", ""normalized"": 74.23, ""weight"": 0.2, ""weight_pct"": 20.0, ""min"": 33.3, ""max"": 49.6, ""lower_is_better"": false, ""is_percent"": true}]}"
2026-03-07T08:04:19.660159Z,return,Return,17,Tamara Korpatsch,319571,https://www.wtatennis.com/players/319571/tamara-korpatsch,https://photoresources.wtatennis.com/wta/photo/2019/10/08/ad9debe8-b736-4a6f-8b8a-ff924b809d63/FZVXRlZA.jpg,74.7,1st Return Points Won %,40.0%,2nd Return Points Won %,58.0%,Break Points Converted %,43.1%,Return Games Won %,43.1%,Return Points Won %,45.8%,,,"{""category"": ""return"", ""player_rank"": 109, ""match_count"": 5, ""formula"": ""normalized_score = Σ(metric_norm × weight)"", ""metrics"": [{""key"": ""first_return_percent"", ""name"": ""1st Return Points Won %"", ""raw"": 40.0, ""raw_display"": ""40.0%"", ""normalized"": 80.65, ""weight"": 0.22, ""weight_pct"": 22.0, ""min"": 22.5, ""max"": 44.2, ""lower_is_better"": false, ""is_percent"": true}, {""key"": ""second_return_percent"", ""name"": ""2nd Return Points Won %"", ""raw"": 58.0, ""raw_display"": ""58.0%"", ""normalized"": 77.97, ""weight"": 0.22, ""weight_pct"": 22.0, ""min"": 44.2, ""max"": 61.9, ""lower_is_better"": false, ""is_percent"": true}, {""key"": ""breakpoint_converted_percent"", ""name"": ""Break Points Converted %"", ""raw"": 43.1, ""raw_display"": ""43.1%"", ""normalized"": 54.87, ""weight"": 0.2, ""weight_pct"": 20.0, ""min"": 21.7, ""max"": 60.7, ""lower_is_better"": false, ""is_percent"": true}, {""key"": ""return_games_won_percent"", ""name"": ""Return Games Won %"", ""raw"": 43.1, ""raw_display"": ""43.1%"", ""normalized"": 84.14, ""weight"": 0.16, ""weight_pct"": 16.0, ""min"": 10.2, ""max"": 49.3, ""lower_is_better"": false, ""is_percent"": true}, {""key"": ""return_points_won_percent"", ""name"": ""Return Points Won %"", ""raw"": 45.8, ""raw_display"": ""45.8%"", ""normalized"": 76.69, ""weight"": 0.2, ""weight_pct"": 20.0, ""min"": 33.3, ""max"": 49.6, ""lower_is_better"": false, ""is_percent"": true}]}"
2026-03-07T08:04:19.660159Z,return,Return,18,Anna Kalinskaya,323942,https://www.wtatennis.com/players/323942/anna-kalinskaya,https://photoresources.wtatennis.com/wta/photo/2025/03/10/d69936b0-5fc4-4979-8c38-d46b7f5b38f4/Kalinskaya-Torso_323942.png,74.4,1st Return Points Won %,37.3%,2nd Return Points Won %,57.0%,Break Points Converted %,53.3%,Return Games Won %,41.6%,Return Points Won %,45.1%,,,"{""category"": ""return"", ""player_rank"": 22, ""match_count"": 13, ""formula"": ""normalized_score = Σ(metric_norm × weight)"", ""metrics"": [{""key"": ""first_return_percent"", ""name"": ""1st Return Points Won %"", ""raw"": 37.3, ""raw_display"": ""37.3%"", ""normalized"": 68.2, ""weight"": 0.22, ""weight_pct"": 22.0, ""min"": 22.5, ""max"": 44.2, ""lower_is_better"": false, ""is_percent"": true}, {""key"": ""second_return_percent"", ""name"": ""2nd Return Points Won %"", ""raw"": 57.0, ""raw_display"": ""57.0%"", ""normalized"": 72.32, ""weight"": 0.22, ""weight_pct"": 22.0, ""min"": 44.2, ""max"": 61.9, ""lower_is_better"": false, ""is_percent"": true}, {""key"": ""breakpoint_converted_percent"", ""name"": ""Break Points Converted %"", ""raw"": 53.3, ""raw_display"": ""53.3%"", ""normalized"": 81.03, ""weight"": 0.2, ""weight_pct"": 20.0, ""min"": 21.7, ""max"": 60.7, ""lower_is_better"": false, ""is_percent"": true}, {""key"": ""return_games_won_percent"", ""name"": ""Return Games Won %"", ""raw"": 41.6, ""raw_display"": ""41.6%"", ""normalized"": 80.31, ""weight"": 0.16, ""weight_pct"": 16.0, ""min"": 10.2, ""max"": 49.3, ""lower_is_better"": false, ""is_percent"": true}, {""key"": ""return_points_won_percent"", ""name"": ""Return Points Won %"", ""raw"": 45.1, ""raw_display"": ""45.1%"", ""normalized"": 72.39, ""weight"": 0.2, ""weight_pct"": 20.0, ""min"": 33.3, ""max"": 49.6, ""lower_is_better"": false, ""is_percent"": true}]}"
2026-03-07T08:04:19.660159Z,return,Return,19,Antonia Ruzic,329505,https://www.wtatennis.com/players/329505/antonia-ruzic,https://photoresources.wtatennis.com/wta/photo/2025/09/26/0b986ba7-4f7a-4022-9cfc-6efbfdd0b2cf/Ruzic-Torso_329505.png,73.6,1st Return Points Won %,36.3%,2nd Return Points Won %,59.2%,Break Points Converted %,50.5%,Return Games Won %,39.7%,Return Points Won %,44.8%,,,"{""category"": ""return"", ""player_rank"": 57, ""match_count"": 10, ""formula"": ""normalized_score = Σ(metric_norm × weight)"", ""metrics"": [{""key"": ""first_return_percent"", ""name"": ""1st Return Points Won %"", ""raw"": 36.3, ""raw_display"": ""36.3%"", ""normalized"": 63.59, ""weight"": 0.22, ""weight_pct"": 22.0, ""min"": 22.5, ""max"": 44.2, ""lower_is_better"": false, ""is_percent"": true}, {""key"": ""second_return_percent"", ""name"": ""2nd Return Points Won %"", ""raw"": 59.2, ""raw_display"": ""59.2%"", ""normalized"": 84.75, ""weight"": 0.22, ""weight_pct"": 22.0, ""min"": 44.2, ""max"": 61.9, ""lower_is_better"": false, ""is_percent"": true}, {""key"": ""breakpoint_converted_percent"", ""name"": ""Break Points Converted %"", ""raw"": 50.5, ""raw_display"": ""50.5%"", ""normalized"": 73.85, ""weight"": 0.2, ""weight_pct"": 20.0, ""min"": 21.7, ""max"": 60.7, ""lower_is_better"": false, ""is_percent"": true}, {""key"": ""return_games_won_percent"", ""name"": ""Return Games Won %"", ""raw"": 39.7, ""raw_display"": ""39.7%"", ""normalized"": 75.45, ""weight"": 0.16, ""weight_pct"": 16.0, ""min"": 10.2, ""max"": 49.3, ""lower_is_better"": false, ""is_percent"": true}, {""key"": ""return_points_won_percent"", ""name"": ""Return Points Won %"", ""raw"": 44.8, ""raw_display"": ""44.8%"", ""normalized"": 70.55, ""weight"": 0.2, ""weight_pct"": 20.0, ""min"": 33.3, ""max"": 49.6, ""lower_is_better"": false, ""is_percent"": true}]}"
2026-03-07T08:04:19.660159Z,return,Return,20,Cristina Bucsa,321158,https://www.wtatennis.com/players/321158/cristina-bucsa,https://photoresources.wtatennis.com/wta/photo/2025/04/23/f5999bb3-fa93-4079-a712-2c4e05282dea/Bucsa-Torso_321158.png,73.4,1st Return Points Won %,41.3%,2nd Return Points Won %,53.1%,Break Points Converted %,50.5%,Return Games Won %,41.2%,Return Points Won %,46.2%,,,"{""category"": ""return"", ""player_rank"": 31, ""match_count"": 11, ""formula"": ""normalized_score = Σ(metric_norm × weight)"", ""metrics"": [{""key"": ""first_return_percent"", ""name"": ""1st Return Points Won %"", ""raw"": 41.3, ""raw_display"": ""41.3%"", ""normalized"": 86.64, ""weight"": 0.22, ""weight_pct"": 22.0, ""min"": 22.5, ""max"": 44.2, ""lower_is_better"": false, ""is_percent"": true}, {""key"": ""second_return_percent"", ""name"": ""2nd Return Points Won %"", ""raw"": 53.1, ""raw_display"": ""53.1%"", ""normalized"": 50.28, ""weight"": 0.22, ""weight_pct"": 22.0, ""min"": 44.2, ""max"": 61.9, ""lower_is_better"": false, ""is_percent"": true}, {""key"": ""breakpoint_converted_percent"", ""name"": ""Break Points Converted %"", ""raw"": 50.5, ""raw_display"": ""50.5%"", ""normalized"": 73.85, ""weight"": 0.2, ""weight_pct"": 20.0, ""min"": 21.7, ""max"": 60.7, ""lower_is_better"": false, ""is_percent"": true}, {""key"": ""return_games_won_percent"", ""name"": ""Return Games Won %"", ""raw"": 41.2, ""raw_display"": ""41.2%"", ""normalized"": 79.28, ""weight"": 0.16, ""weight_pct"": 16.0, ""min"": 10.2, ""max"": 49.3, ""lower_is_better"": false, ""is_percent"": true}, {""key"": ""return_points_won_percent"", ""name"": ""Return Points Won %"", ""raw"": 46.2, ""raw_display"": ""46.2%"", ""normalized"": 79.14, ""weight"": 0.2, ""weight_pct"": 20.0, ""min"": 33.3, ""max"": 49.6, ""lower_is_better"": false, ""is_percent"": true}]}"
2026-03-07T08:04:19.660159Z,return,Return,21,Madison Keys,316959,https://www.wtatennis.com/players/316959/madison-keys,https://photoresources.wtatennis.com/wta/photo/2024/04/30/ef78460d-7d2f-46f1-9df1-9f0f37f15f48/Keys-Torso_316959-WTA-Tennis.png,72.7,1st Return Points Won %,40.5%,2nd Return Points Won %,54.5%,Break Points Converted %,52.9%,Return Games Won %,37.1%,Return Points Won %,45.2%,,,"{""category"": ""return"", ""player_rank"": 15, ""match_count"": 9, ""formula"": ""normalized_score = Σ(metric_norm × weight)"", ""metrics"": [{""key"": ""first_return_percent"", ""name"": ""1st Return Points Won %"", ""raw"": 40.5, ""raw_display"": ""40.5%"", ""normalized"": 82.95, ""weight"": 0.22, ""weight_pct"": 22.0, ""min"": 22.5, ""max"": 44.2, ""lower_is_better"": false, ""is_percent"": true}, {""key"": ""second_return_percent"", ""name"": ""2nd Return Points Won %"", ""raw"": 54.5, ""raw_display"": ""54.5%"", ""normalized"": 58.19, ""weight"": 0.22, ""weight_pct"": 22.0, ""min"": 44.2, ""max"": 61.9, ""lower_is_better"": false, ""is_percent"": true}, {""key"": ""breakpoint_converted_percent"", ""name"": ""Break Points Converted %"", ""raw"": 52.9, ""raw_display"": ""52.9%"", ""normalized"": 80.0, ""weight"": 0.2, ""weight_pct"": 20.0, ""min"": 21.7, ""max"": 60.7, ""lower_is_better"": false, ""is_percent"": true}, {""key"": ""return_games_won_percent"", ""name"": ""Return Games Won %"", ""raw"": 37.1, ""raw_display"": ""37.1%"", ""normalized"": 68.8, ""weight"": 0.16, ""weight_pct"": 16.0, ""min"": 10.2, ""max"": 49.3, ""lower_is_better"": false, ""is_percent"": true}, {""key"": ""return_points_won_percent"", ""name"": ""Return Points Won %"", ""raw"": 45.2, ""raw_display"": ""45.2%"", ""normalized"": 73.01, ""weight"": 0.2, ""weight_pct"": 20.0, ""min"": 33.3, ""max"": 49.6, ""lower_is_better"": false, ""is_percent"": true}]}"
2026-03-07T08:04:19.660159Z,return,Return,22,Jasmine Paolini,319280,https://www.wtatennis.com/players/319280/jasmine-paolini,https://photoresources.wtatennis.com/wta/photo/2025/03/10/d1b8e1a1-8a44-47e2-baf6-f10b225b9374/Paolini-Torso_319280.png,72.2,1st Return Points Won %,39.7%,2nd Return Points Won %,55.5%,Break Points Converted %,44.9%,Return Games Won %,43.5%,Return Points Won %,45.7%,,,"{""category"": ""return"", ""player_rank"": 7, ""match_count"": 10, ""formula"": ""normalized_score = Σ(metric_norm × weight)"", ""metrics"": [{""key"": ""first_return_percent"", ""name"": ""1st Return Points Won %"", ""raw"": 39.7, ""raw_display"": ""39.7%"", ""normalized"": 79.26, ""weight"": 0.22, ""weight_pct"": 22.0, ""min"": 22.5, ""max"": 44.2, ""lower_is_better"": false, ""is_percent"": true}, {""key"": ""second_return_percent"", ""name"": ""2nd Return Points Won %"", ""raw"": 55.5, ""raw_display"": ""55.5%"", ""normalized"": 63.84, ""weight"": 0.22, ""weight_pct"": 22.0, ""min"": 44.2, ""max"": 61.9, ""lower_is_better"": false, ""is_percent"": true}, {""key"": ""breakpoint_converted_percent"", ""name"": ""Break Points Converted %"", ""raw"": 44.9, ""raw_display"": ""44.9%"", ""normalized"": 59.49, ""weight"": 0.2, ""weight_pct"": 20.0, ""min"": 21.7, ""max"": 60.7, ""lower_is_better"": false, ""is_percent"": true}, {""key"": ""return_games_won_percent"", ""name"": ""Return Games Won %"", ""raw"": 43.5, ""raw_display"": ""43.5%"", ""normalized"": 85.17, ""weight"": 0.16, ""weight_pct"": 16.0, ""min"": 10.2, ""max"": 49.3, ""lower_is_better"": false, ""is_percent"": true}, {""key"": ""return_points_won_percent"", ""name"": ""Return Points Won %"", ""raw"": 45.7, ""raw_display"": ""45.7%"", ""normalized"": 76.07, ""weight"": 0.2, ""weight_pct"": 20.0, ""min"": 33.3, ""max"": 49.6, ""lower_is_better"": false, ""is_percent"": true}]}"
2026-03-07T08:04:19.660159Z,return,Return,23,Elisabetta Cocciaretto,327909,https://www.wtatennis.com/players/327909/elisabetta-cocciaretto,https://photoresources.wtatennis.com/wta/photo/2024/04/29/a85db770-1892-419b-bf18-3b7fc6f0be27/Cocciaretto-Torso_327909-WTA-Tennis.png,72.2,1st Return Points Won %,37.6%,2nd Return Points Won %,57.6%,Break Points Converted %,46.6%,Return Games Won %,39.6%,Return Points Won %,45.9%,,,"{""category"": ""return"", ""player_rank"": 42, ""match_count"": 12, ""formula"": ""normalized_score = Σ(metric_norm × weight)"", ""metrics"": [{""key"": ""first_return_percent"", ""name"": ""1st Return Points Won %"", ""raw"": 37.6, ""raw_display"": ""37.6%"", ""normalized"": 69.59, ""weight"": 0.22, ""weight_pct"": 22.0, ""min"": 22.5, ""max"": 44.2, ""lower_is_better"": false, ""is_percent"": true}, {""key"": ""second_return_percent"", ""name"": ""2nd Return Points Won %"", ""raw"": 57.6, ""raw_display"": ""57.6%"", ""normalized"": 75.71, ""weight"": 0.22, ""weight_pct"": 22.0, ""min"": 44.2, ""max"": 61.9, ""lower_is_better"": false, ""is_percent"": true}, {""key"": ""breakpoint_converted_percent"", ""name"": ""Break Points Converted %"", ""raw"": 46.6, ""raw_display"": ""46.6%"", ""normalized"": 63.85, ""weight"": 0.2, ""weight_pct"": 20.0, ""min"": 21.7, ""max"": 60.7, ""lower_is_better"": false, ""is_percent"": true}, {""key"": ""return_games_won_percent"", ""name"": ""Return Games Won %"", ""raw"": 39.6, ""raw_display"": ""39.6%"", ""normalized"": 75.19, ""weight"": 0.16, ""weight_pct"": 16.0, ""min"": 10.2, ""max"": 49.3, ""lower_is_better"": false, ""is_percent"": true}, {""key"": ""return_points_won_percent"", ""name"": ""Return Points Won %"", ""raw"": 45.9, ""raw_display"": ""45.9%"", ""normalized"": 77.3, ""weight"": 0.2, ""weight_pct"": 20.0, ""min"": 33.3, ""max"": 49.6, ""lower_is_better"": false, ""is_percent"": true}]}"
2026-03-07T08:04:19.660159Z,return,Return,24,Katerina Siniakova,320301,https://www.wtatennis.com/players/320301/katerina-siniakova,https://photoresources.wtatennis.com/wta/photo/2025/03/10/2a395126-ece4-4da5-85b8-8bc0d295b6c0/Siniakova-Torso_320301.png,72.0,1st Return Points Won %,35.3%,2nd Return Points Won %,60.8%,Break Points Converted %,44.4%,Return Games Won %,38.9%,Return Points Won %,45.5%,,,"{""category"": ""return"", ""player_rank"": 44, ""match_count"": 7, ""formula"": ""normalized_score = Σ(metric_norm × weight)"", ""metrics"": [{""key"": ""first_return_percent"", ""name"": ""1st Return Points Won %"", ""raw"": 35.3, ""raw_display"": ""35.3%"", ""normalized"": 58.99, ""weight"": 0.22, ""weight_pct"": 22.0, ""min"": 22.5, ""max"": 44.2, ""lower_is_better"": false, ""is_percent"": true}, {""key"": ""second_return_percent"", ""name"": ""2nd Return Points Won %"", ""raw"": 60.8, ""raw_display"": ""60.8%"", ""normalized"": 93.79, ""weight"": 0.22, ""weight_pct"": 22.0, ""min"": 44.2, ""max"": 61.9, ""lower_is_better"": false, ""is_percent"": true}, {""key"": ""breakpoint_converted_percent"", ""name"": ""Break Points Converted %"", ""raw"": 44.4, ""raw_display"": ""44.4%"", ""normalized"": 58.21, ""weight"": 0.2, ""weight_pct"": 20.0, ""min"": 21.7, ""max"": 60.7, ""lower_is_better"": false, ""is_percent"": true}, {""key"": ""return_games_won_percent"", ""name"": ""Return Games Won %"", ""raw"": 38.9, ""raw_display"": ""38.9%"", ""normalized"": 73.4, ""weight"": 0.16, ""weight_pct"": 16.0, ""min"": 10.2, ""max"": 49.3, ""lower_is_better"": false, ""is_percent"": true}, {""key"": ""return_points_won_percent"", ""name"": ""Return Points Won %"", ""raw"": 45.5, ""raw_display"": ""45.5%"", ""normalized"": 74.85, ""weight"": 0.2, ""weight_pct"": 20.0, ""min"": 33.3, ""max"": 49.6, ""lower_is_better"": false, ""is_percent"": true}]}"
2026-03-07T08:04:19.660159Z,return,Return,25,Alexandra Eala,330332,https://www.wtatennis.com/players/330332/alexandra-eala,https://photoresources.wtatennis.com/wta/photo/2025/03/10/5d309c14-020e-4ac0-b3f2-09118f48fbc7/Eala-Torso_330332.png,71.0,1st Return Points Won %,37.9%,2nd Return Points Won %,59.5%,Break Points Converted %,39.0%,Return Games Won %,39.3%,Return Points Won %,46.0%,,,"{""category"": ""return"", ""player_rank"": 32, ""match_count"": 13, ""formula"": ""normalized_score = Σ(metric_norm × weight)"", ""metrics"": [{""key"": ""first_return_percent"", ""name"": ""1st Return Points Won %"", ""raw"": 37.9, ""raw_display"": ""37.9%"", ""normalized"": 70.97, ""weight"": 0.22, ""weight_pct"": 22.0, ""min"": 22.5, ""max"": 44.2, ""lower_is_better"": false, ""is_percent"": true}, {""key"": ""second_return_percent"", ""name"": ""2nd Return Points Won %"", ""raw"": 59.5, ""raw_display"": ""59.5%"", ""normalized"": 86.44, ""weight"": 0.22, ""weight_pct"": 22.0, ""min"": 44.2, ""max"": 61.9, ""lower_is_better"": false, ""is_percent"": true}, {""key"": ""breakpoint_converted_percent"", ""name"": ""Break Points Converted %"", ""raw"": 39.0, ""raw_display"": ""39.0%"", ""normalized"": 44.36, ""weight"": 0.2, ""weight_pct"": 20.0, ""min"": 21.7, ""max"": 60.7, ""lower_is_better"": false, ""is_percent"": true}, {""key"": ""return_games_won_percent"", ""name"": ""Return Games Won %"", ""raw"": 39.3, ""raw_display"": ""39.3%"", ""normalized"": 74.42, ""weight"": 0.16, ""weight_pct"": 16.0, ""min"": 10.2, ""max"": 49.3, ""lower_is_better"": false, ""is_percent"": true}, {""key"": ""return_points_won_percent"", ""name"": ""Return Points Won %"", ""raw"": 46.0, ""raw_display"": ""46.0%"", ""normalized"": 77.91, ""weight"": 0.2, ""weight_pct"": 20.0, ""min"": 33.3, ""max"": 49.6, ""lower_is_better"": false, ""is_percent"": true}]}"
2026-03-07T08:04:19.660159Z,return,Return,26,Jessica Pegula,316956,https://www.wtatennis.com/players/316956/jessica-pegula,https://photoresources.wtatennis.com/wta/photo/2024/04/24/a8ebbc95-1be0-4792-a0d0-79d6e8932122/Pegula-Torso_316956-1.png,70.9,1st Return Points Won %,38.3%,2nd Return Points Won %,57.8%,Break Points Converted %,43.5%,Return Games Won %,39.2%,Return Points Won %,45.5%,,,"{""category"": ""return"", ""player_rank"": 5, ""match_count"": 15, ""formula"": ""normalized_score = Σ(metric_norm × weight)"", ""metrics"": [{""key"": ""first_return_percent"", ""name"": ""1st Return Points Won %"", ""raw"": 38.3, ""raw_display"": ""38.3%"", ""normalized"": 72.81, ""weight"": 0.22, ""weight_pct"": 22.0, ""min"": 22.5, ""max"": 44.2, ""lower_is_better"": false, ""is_percent"": true}, {""key"": ""second_return_percent"", ""name"": ""2nd Return Points Won %"", ""raw"": 57.8, ""raw_display"": ""57.8%"", ""normalized"": 76.84, ""weight"": 0.22, ""weight_pct"": 22.0, ""min"": 44.2, ""max"": 61.9, ""lower_is_better"": false, ""is_percent"": true}, {""key"": ""breakpoint_converted_percent"", ""name"": ""Break Points Converted %"", ""raw"": 43.5, ""raw_display"": ""43.5%"", ""normalized"": 55.9, ""weight"": 0.2, ""weight_pct"": 20.0, ""min"": 21.7, ""max"": 60.7, ""lower_is_better"": false, ""is_percent"": true}, {""key"": ""return_games_won_percent"", ""name"": ""Return Games Won %"", ""raw"": 39.2, ""raw_display"": ""39.2%"", ""normalized"": 74.17, ""weight"": 0.16, ""weight_pct"": 16.0, ""min"": 10.2, ""max"": 49.3, ""lower_is_better"": false, ""is_percent"": true}, {""key"": ""return_points_won_percent"", ""name"": ""Return Points Won %"", ""raw"": 45.5, ""raw_display"": ""45.5%"", ""normalized"": 74.85, ""weight"": 0.2, ""weight_pct"": 20.0, ""min"": 33.3, ""max"": 49.6, ""lower_is_better"": false, ""is_percent"": true}]}"
2026-03-07T08:04:19.660159Z,return,Return,27,Amanda Anisimova,326384,https://www.wtatennis.com/players/326384/amanda-anisimova,https://photoresources.wtatennis.com/wta/photo/2025/10/02/3992d32f-a1f8-465d-a1f5-e3620d72d00e/Anisimova-Torso_326384.png,70.9,1st Return Points Won %,35.8%,2nd Return Points Won %,59.2%,Break Points Converted %,46.9%,Return Games Won %,39.5%,Return Points Won %,44.6%,,,"{""category"": ""return"", ""player_rank"": 6, ""match_count"": 11, ""formula"": ""normalized_score = Σ(metric_norm × weight)"", ""metrics"": [{""key"": ""first_return_percent"", ""name"": ""1st Return Points Won %"", ""raw"": 35.8, ""raw_display"": ""35.8%"", ""normalized"": 61.29, ""weight"": 0.22, ""weight_pct"": 22.0, ""min"": 22.5, ""max"": 44.2, ""lower_is_better"": false, ""is_percent"": true}, {""key"": ""second_return_percent"", ""name"": ""2nd Return Points Won %"", ""raw"": 59.2, ""raw_display"": ""59.2%"", ""normalized"": 84.75, ""weight"": 0.22, ""weight_pct"": 22.0, ""min"": 44.2, ""max"": 61.9, ""lower_is_better"": false, ""is_percent"": true}, {""key"": ""breakpoint_converted_percent"", ""name"": ""Break Points Converted %"", ""raw"": 46.9, ""raw_display"": ""46.9%"", ""normalized"": 64.62, ""weight"": 0.2, ""weight_pct"": 20.0, ""min"": 21.7, ""max"": 60.7, ""lower_is_better"": false, ""is_percent"": true}, {""key"": ""return_games_won_percent"", ""name"": ""Return Games Won %"", ""raw"": 39.5, ""raw_display"": ""39.5%"", ""normalized"": 74.94, ""weight"": 0.16, ""weight_pct"": 16.0, ""min"": 10.2, ""max"": 49.3, ""lower_is_better"": false, ""is_percent"": true}, {""key"": ""return_points_won_percent"", ""name"": ""Return Points Won %"", ""raw"": 44.6, ""raw_display"": ""44.6%"", ""normalized"": 69.33, ""weight"": 0.2, ""weight_pct"": 20.0, ""min"": 33.3, ""max"": 49.6, ""lower_is_better"": false, ""is_percent"": true}]}"
2026-03-07T08:04:19.660159Z,return,Return,28,Jelena Ostapenko,319939,https://www.wtatennis.com/players/319939/jelena-ostapenko,https://photoresources.wtatennis.com/wta/photo/2024/04/29/c593550a-fb16-4250-8910-60a9d233f67d/Ostapenko-Torso_319939-WTA-Tennis.png,70.9,1st Return Points Won %,36.0%,2nd Return Points Won %,58.3%,Break Points Converted %,50.0%,Return Games Won %,38.8%,Return Points Won %,44.3%,,,"{""category"": ""return"", ""player_rank"": 26, ""match_count"": 12, ""formula"": ""normalized_score = Σ(metric_norm × weight)"", ""metrics"": [{""key"": ""first_return_percent"", ""name"": ""1st Return Points Won %"", ""raw"": 36.0, ""raw_display"": ""36.0%"", ""normalized"": 62.21, ""weight"": 0.22, ""weight_pct"": 22.0, ""min"": 22.5, ""max"": 44.2, ""lower_is_better"": false, ""is_percent"": true}, {""key"": ""second_return_percent"", ""name"": ""2nd Return Points Won %"", ""raw"": 58.3, ""raw_display"": ""58.3%"", ""normalized"": 79.66, ""weight"": 0.22, ""weight_pct"": 22.0, ""min"": 44.2, ""max"": 61.9, ""lower_is_better"": false, ""is_percent"": true}, {""key"": ""breakpoint_converted_percent"", ""name"": ""Break Points Converted %"", ""raw"": 50.0, ""raw_display"": ""50.0%"", ""normalized"": 72.56, ""weight"": 0.2, ""weight_pct"": 20.0, ""min"": 21.7, ""max"": 60.7, ""lower_is_better"": false, ""is_percent"": true}, {""key"": ""return_games_won_percent"", ""name"": ""Return Games Won %"", ""raw"": 38.8, ""raw_display"": ""38.8%"", ""normalized"": 73.15, ""weight"": 0.16, ""weight_pct"": 16.0, ""min"": 10.2, ""max"": 49.3, ""lower_is_better"": false, ""is_percent"": true}, {""key"": ""return_points_won_percent"", ""name"": ""Return Points Won %"", ""raw"": 44.3, ""raw_display"": ""44.3%"", ""normalized"": 67.48, ""weight"": 0.2, ""weight_pct"": 20.0, ""min"": 33.3, ""max"": 49.6, ""lower_is_better"": false, ""is_percent"": true}]}"
2026-03-07T08:04:19.660159Z,return,Return,29,Magdalena Frech,320277,https://www.wtatennis.com/players/320277/magdalena-frech,https://photoresources.wtatennis.com/wta/photo/2025/03/10/00dfd053-aa10-4522-a859-3b7f5ffa1aa5/Frech-Torso_320277.png,70.3,1st Return Points Won %,37.5%,2nd Return Points Won %,57.0%,Break Points Converted %,47.2%,Return Games Won %,38.2%,Return Points Won %,45.2%,,,"{""category"": ""return"", ""player_rank"": 36, ""match_count"": 13, ""formula"": ""normalized_score = Σ(metric_norm × weight)"", ""metrics"": [{""key"": ""first_return_percent"", ""name"": ""1st Return Points Won %"", ""raw"": 37.5, ""raw_display"": ""37.5%"", ""normalized"": 69.12, ""weight"": 0.22, ""weight_pct"": 22.0, ""min"": 22.5, ""max"": 44.2, ""lower_is_better"": false, ""is_percent"": true}, {""key"": ""second_return_percent"", ""name"": ""2nd Return Points Won %"", ""raw"": 57.0, ""raw_display"": ""57.0%"", ""normalized"": 72.32, ""weight"": 0.22, ""weight_pct"": 22.0, ""min"": 44.2, ""max"": 61.9, ""lower_is_better"": false, ""is_percent"": true}, {""key"": ""breakpoint_converted_percent"", ""name"": ""Break Points Converted %"", ""raw"": 47.2, ""raw_display"": ""47.2%"", ""normalized"": 65.38, ""weight"": 0.2, ""weight_pct"": 20.0, ""min"": 21.7, ""max"": 60.7, ""lower_is_better"": false, ""is_percent"": true}, {""key"": ""return_games_won_percent"", ""name"": ""Return Games Won %"", ""raw"": 38.2, ""raw_display"": ""38.2%"", ""normalized"": 71.61, ""weight"": 0.16, ""weight_pct"": 16.0, ""min"": 10.2, ""max"": 49.3, ""lower_is_better"": false, ""is_percent"": true}, {""key"": ""return_points_won_percent"", ""name"": ""Return Points Won %"", ""raw"": 45.2, ""raw_display"": ""45.2%"", ""normalized"": 73.01, ""weight"": 0.2, ""weight_pct"": 20.0, ""min"": 33.3, ""max"": 49.6, ""lower_is_better"": false, ""is_percent"": true}]}"
2026-03-07T08:04:19.660159Z,return,Return,30,Elena Rybakina,324166,https://www.wtatennis.com/players/324166/elena-rybakina,https://photoresources.wtatennis.com/wta/photo/2025/03/10/1269f000-ca40-45c6-97ed-7febfec4d15f/Rybakina-Torso_324166.png,69.8,1st Return Points Won %,33.6%,2nd Return Points Won %,59.2%,Break Points Converted %,54.2%,Return Games Won %,36.5%,Return Points Won %,43.5%,,,"{""category"": ""return"", ""player_rank"": 3, ""match_count"": 15, ""formula"": ""normalized_score = Σ(metric_norm × weight)"", ""metrics"": [{""key"": ""first_return_percent"", ""name"": ""1st Return Points Won %"", ""raw"": 33.6, ""raw_display"": ""33.6%"", ""normalized"": 51.15, ""weight"": 0.22, ""weight_pct"": 22.0, ""min"": 22.5, ""max"": 44.2, ""lower_is_better"": false, ""is_percent"": true}, {""key"": ""second_return_percent"", ""name"": ""2nd Return Points Won %"", ""raw"": 59.2, ""raw_display"": ""59.2%"", ""normalized"": 84.75, ""weight"": 0.22, ""weight_pct"": 22.0, ""min"": 44.2, ""max"": 61.9, ""lower_is_better"": false, ""is_percent"": true}, {""key"": ""breakpoint_converted_percent"", ""name"": ""Break Points Converted %"", ""raw"": 54.2, ""raw_display"": ""54.2%"", ""normalized"": 83.33, ""weight"": 0.2, ""weight_pct"": 20.0, ""min"": 21.7, ""max"": 60.7, ""lower_is_better"": false, ""is_percent"": true}, {""key"": ""return_games_won_percent"", ""name"": ""Return Games Won %"", ""raw"": 36.5, ""raw_display"": ""36.5%"", ""normalized"": 67.26, ""weight"": 0.16, ""weight_pct"": 16.0, ""min"": 10.2, ""max"": 49.3, ""lower_is_better"": false, ""is_percent"": true}, {""key"": ""return_points_won_percent"", ""name"": ""Return Points Won %"", ""raw"": 43.5, ""raw_display"": ""43.5%"", ""normalized"": 62.58, ""weight"": 0.2, ""weight_pct"": 20.0, ""min"": 33.3, ""max"": 49.6, ""lower_is_better"": false, ""is_percent"": true}]}"
2026-03-07T08:04:19.660159Z,return,Return,31,Victoria Mboko,331006,https://www.wtatennis.com/players/331006/victoria-mboko,https://photoresources.wtatennis.com/wta/photo/2025/08/05/1d09b84e-0f3c-4413-b460-67f269a9cf35/Mboko-Torso_331006.png,69.6,1st Return Points Won %,36.9%,2nd Return Points Won %,57.6%,Break Points Converted %,48.7%,Return Games Won %,37.7%,Return Points Won %,44.1%,,,"{""category"": ""return"", ""player_rank"": 10, ""match_count"": 17, ""formula"": ""normalized_score = Σ(metric_norm × weight)"", ""metrics"": [{""key"": ""first_return_percent"", ""name"": ""1st Return Points Won %"", ""raw"": 36.9, ""raw_display"": ""36.9%"", ""normalized"": 66.36, ""weight"": 0.22, ""weight_pct"": 22.0, ""min"": 22.5, ""max"": 44.2, ""lower_is_better"": false, ""is_percent"": true}, {""key"": ""second_return_percent"", ""name"": ""2nd Return Points Won %"", ""raw"": 57.6, ""raw_display"": ""57.6%"", ""normalized"": 75.71, ""weight"": 0.22, ""weight_pct"": 22.0, ""min"": 44.2, ""max"": 61.9, ""lower_is_better"": false, ""is_percent"": true}, {""key"": ""breakpoint_converted_percent"", ""name"": ""Break Points Converted %"", ""raw"": 48.7, ""raw_display"": ""48.7%"", ""normalized"": 69.23, ""weight"": 0.2, ""weight_pct"": 20.0, ""min"": 21.7, ""max"": 60.7, ""lower_is_better"": false, ""is_percent"": true}, {""key"": ""return_games_won_percent"", ""name"": ""Return Games Won %"", ""raw"": 37.7, ""raw_display"": ""37.7%"", ""normalized"": 70.33, ""weight"": 0.16, ""weight_pct"": 16.0, ""min"": 10.2, ""max"": 49.3, ""lower_is_better"": false, ""is_percent"": true}, {""key"": ""return_points_won_percent"", ""name"": ""Return Points Won %"", ""raw"": 44.1, ""raw_display"": ""44.1%"", ""normalized"": 66.26, ""weight"": 0.2, ""weight_pct"": 20.0, ""min"": 33.3, ""max"": 49.6, ""lower_is_better"": false, ""is_percent"": true}]}"
2026-03-07T08:04:19.660159Z,return,Return,32,Caty Mcnally,325725,https://www.wtatennis.com/players/325725/caty-mcnally,https://photoresources.wtatennis.com/wta/photo/2023/06/05/f0c8d870-3a55-4b93-961c-0b022eda6bf0/McNally-Torso_325725.png,69.5,1st Return Points Won %,39.4%,2nd Return Points Won %,55.6%,Break Points Converted %,49.2%,Return Games Won %,35.7%,Return Points Won %,44.4%,,,"{""category"": ""return"", ""player_rank"": 68, ""match_count"": 8, ""formula"": ""normalized_score = Σ(metric_norm × weight)"", ""metrics"": [{""key"": ""first_return_percent"", ""name"": ""1st Return Points Won %"", ""raw"": 39.4, ""raw_display"": ""39.4%"", ""normalized"": 77.88, ""weight"": 0.22, ""weight_pct"": 22.0, ""min"": 22.5, ""max"": 44.2, ""lower_is_better"": false, ""is_percent"": true}, {""key"": ""second_return_percent"", ""name"": ""2nd Return Points Won %"", ""raw"": 55.6, ""raw_display"": ""55.6%"", ""normalized"": 64.41, ""weight"": 0.22, ""weight_pct"": 22.0, ""min"": 44.2, ""max"": 61.9, ""lower_is_better"": false, ""is_percent"": true}, {""key"": ""breakpoint_converted_percent"", ""name"": ""Break Points Converted %"", ""raw"": 49.2, ""raw_display"": ""49.2%"", ""normalized"": 70.51, ""weight"": 0.2, ""weight_pct"": 20.0, ""min"": 21.7, ""max"": 60.7, ""lower_is_better"": false, ""is_percent"": true}, {""key"": ""return_games_won_percent"", ""name"": ""Return Games Won %"", ""raw"": 35.7, ""raw_display"": ""35.7%"", ""normalized"": 65.22, ""weight"": 0.16, ""weight_pct"": 16.0, ""min"": 10.2, ""max"": 49.3, ""lower_is_better"": false, ""is_percent"": true}, {""key"": ""return_points_won_percent"", ""name"": ""Return Points Won %"", ""raw"": 44.4, ""raw_display"": ""44.4%"", ""normalized"": 68.1, ""weight"": 0.2, ""weight_pct"": 20.0, ""min"": 33.3, ""max"": 49.6, ""lower_is_better"": false, ""is_percent"": true}]}"
2026-03-07T08:04:19.660159Z,return,Return,33,Linda Fruhvirtova,329627,https://www.wtatennis.com/players/329627/linda-fruhvirtova,https://photoresources.wtatennis.com/wta/photo/2024/05/01/096c664d-00f3-4f3c-9c87-835b22b9ba44/Fruhvirtova-Torso_329627-WTA-Tennis.png,69.3,1st Return Points Won %,35.5%,2nd Return Points Won %,58.4%,Break Points Converted %,47.2%,Return Games Won %,36.8%,Return Points Won %,45.1%,,,"{""category"": ""return"", ""player_rank"": 121, ""match_count"": 6, ""formula"": ""normalized_score = Σ(metric_norm × weight)"", ""metrics"": [{""key"": ""first_return_percent"", ""name"": ""1st Return Points Won %"", ""raw"": 35.5, ""raw_display"": ""35.5%"", ""normalized"": 59.91, ""weight"": 0.22, ""weight_pct"": 22.0, ""min"": 22.5, ""max"": 44.2, ""lower_is_better"": false, ""is_percent"": true}, {""key"": ""second_return_percent"", ""name"": ""2nd Return Points Won %"", ""raw"": 58.4, ""raw_display"": ""58.4%"", ""normalized"": 80.23, ""weight"": 0.22, ""weight_pct"": 22.0, ""min"": 44.2, ""max"": 61.9, ""lower_is_better"": false, ""is_percent"": true}, {""key"": ""breakpoint_converted_percent"", ""name"": ""Break Points Converted %"", ""raw"": 47.2, ""raw_display"": ""47.2%"", ""normalized"": 65.38, ""weight"": 0.2, ""weight_pct"": 20.0, ""min"": 21.7, ""max"": 60.7, ""lower_is_better"": false, ""is_percent"": true}, {""key"": ""return_games_won_percent"", ""name"": ""Return Games Won %"", ""raw"": 36.8, ""raw_display"": ""36.8%"", ""normalized"": 68.03, ""weight"": 0.16, ""weight_pct"": 16.0, ""min"": 10.2, ""max"": 49.3, ""lower_is_better"": false, ""is_percent"": true}, {""key"": ""return_points_won_percent"", ""name"": ""Return Points Won %"", ""raw"": 45.1, ""raw_display"": ""45.1%"", ""normalized"": 72.39, ""weight"": 0.2, ""weight_pct"": 20.0, ""min"": 33.3, ""max"": 49.6, ""lower_is_better"": false, ""is_percent"": true}]}"
2026-03-07T08:04:19.660159Z,return,Return,34,Oksana Selekhmeteva,329199,https://www.wtatennis.com/players/329199/oksana-selekhmeteva,https://photoresources.wtatennis.com/wta/photo/2026/02/05/867a819c-d195-48fe-aff0-d496691909a1/Selekhmeteva-Torso_329199.png,68.6,1st Return Points Won %,35.2%,2nd Return Points Won %,56.9%,Break Points Converted %,50.0%,Return Games Won %,38.8%,Return Points Won %,44.5%,,,"{""category"": ""return"", ""player_rank"": 71, ""match_count"": 8, ""formula"": ""normalized_score = Σ(metric_norm × weight)"", ""metrics"": [{""key"": ""first_return_percent"", ""name"": ""1st Return Points Won %"", ""raw"": 35.2, ""raw_display"": ""35.2%"", ""normalized"": 58.53, ""weight"": 0.22, ""weight_pct"": 22.0, ""min"": 22.5, ""max"": 44.2, ""lower_is_better"": false, ""is_percent"": true}, {""key"": ""second_return_percent"", ""name"": ""2nd Return Points Won %"", ""raw"": 56.9, ""raw_display"": ""56.9%"", ""normalized"": 71.75, ""weight"": 0.22, ""weight_pct"": 22.0, ""min"": 44.2, ""max"": 61.9, ""lower_is_better"": false, ""is_percent"": true}, {""key"": ""breakpoint_converted_percent"", ""name"": ""Break Points Converted %"", ""raw"": 50.0, ""raw_display"": ""50.0%"", ""normalized"": 72.56, ""weight"": 0.2, ""weight_pct"": 20.0, ""min"": 21.7, ""max"": 60.7, ""lower_is_better"": false, ""is_percent"": true}, {""key"": ""return_games_won_percent"", ""name"": ""Return Games Won %"", ""raw"": 38.8, ""raw_display"": ""38.8%"", ""normalized"": 73.15, ""weight"": 0.16, ""weight_pct"": 16.0, ""min"": 10.2, ""max"": 49.3, ""lower_is_better"": false, ""is_percent"": true}, {""key"": ""return_points_won_percent"", ""name"": ""Return Points Won %"", ""raw"": 44.5, ""raw_display"": ""44.5%"", ""normalized"": 68.71, ""weight"": 0.2, ""weight_pct"": 20.0, ""min"": 33.3, ""max"": 49.6, ""lower_is_better"": false, ""is_percent"": true}]}"
2026-03-07T08:04:19.660159Z,return,Return,35,Shuai Zhang,311779,https://www.wtatennis.com/players/311779/shuai-zhang,https://photoresources.wtatennis.com/wta/photo/2024/05/01/6a80e46a-1af3-4b9d-bc91-034064b40e39/Zhang-Torso_311779-WTA-Tennis.png,68.5,1st Return Points Won %,37.8%,2nd Return Points Won %,56.1%,Break Points Converted %,46.3%,Return Games Won %,39.2%,Return Points Won %,44.5%,,,"{""category"": ""return"", ""player_rank"": 62, ""match_count"": 7, ""formula"": ""normalized_score = Σ(metric_norm × weight)"", ""metrics"": [{""key"": ""first_return_percent"", ""name"": ""1st Return Points Won %"", ""raw"": 37.8, ""raw_display"": ""37.8%"", ""normalized"": 70.51, ""weight"": 0.22, ""weight_pct"": 22.0, ""min"": 22.5, ""max"": 44.2, ""lower_is_better"": false, ""is_percent"": true}, {""key"": ""second_return_percent"", ""name"": ""2nd Return Points Won %"", ""raw"": 56.1, ""raw_display"": ""56.1%"", ""normalized"": 67.23, ""weight"": 0.22, ""weight_pct"": 22.0, ""min"": 44.2, ""max"": 61.9, ""lower_is_better"": false, ""is_percent"": true}, {""key"": ""breakpoint_converted_percent"", ""name"": ""Break Points Converted %"", ""raw"": 46.3, ""raw_display"": ""46.3%"", ""normalized"": 63.08, ""weight"": 0.2, ""weight_pct"": 20.0, ""min"": 21.7, ""max"": 60.7, ""lower_is_better"": false, ""is_percent"": true}, {""key"": ""return_games_won_percent"", ""name"": ""Return Games Won %"", ""raw"": 39.2, ""raw_display"": ""39.2%"", ""normalized"": 74.17, ""weight"": 0.16, ""weight_pct"": 16.0, ""min"": 10.2, ""max"": 49.3, ""lower_is_better"": false, ""is_percent"": true}, {""key"": ""return_points_won_percent"", ""name"": ""Return Points Won %"", ""raw"": 44.5, ""raw_display"": ""44.5%"", ""normalized"": 68.71, ""weight"": 0.2, ""weight_pct"": 20.0, ""min"": 33.3, ""max"": 49.6, ""lower_is_better"": false, ""is_percent"": true}]}"
2026-03-07T08:04:19.660159Z,return,Return,36,Peyton Stearns,327573,https://www.wtatennis.com/players/327573/peyton-stearns,https://photoresources.wtatennis.com/wta/photo/2024/04/29/736ed9c7-b271-48cd-a993-f4a2501f97ad/Stearns-Torso_327573-WTA-Tennis.png,68.0,1st Return Points Won %,32.4%,2nd Return Points Won %,61.4%,Break Points Converted %,47.8%,Return Games Won %,36.4%,Return Points Won %,43.5%,,,"{""category"": ""return"", ""player_rank"": 48, ""match_count"": 14, ""formula"": ""normalized_score = Σ(metric_norm × weight)"", ""metrics"": [{""key"": ""first_return_percent"", ""name"": ""1st Return Points Won %"", ""raw"": 32.4, ""raw_display"": ""32.4%"", ""normalized"": 45.62, ""weight"": 0.22, ""weight_pct"": 22.0, ""min"": 22.5, ""max"": 44.2, ""lower_is_better"": false, ""is_percent"": true}, {""key"": ""second_return_percent"", ""name"": ""2nd Return Points Won %"", ""raw"": 61.4, ""raw_display"": ""61.4%"", ""normalized"": 97.18, ""weight"": 0.22, ""weight_pct"": 22.0, ""min"": 44.2, ""max"": 61.9, ""lower_is_better"": false, ""is_percent"": true}, {""key"": ""breakpoint_converted_percent"", ""name"": ""Break Points Converted %"", ""raw"": 47.8, ""raw_display"": ""47.8%"", ""normalized"": 66.92, ""weight"": 0.2, ""weight_pct"": 20.0, ""min"": 21.7, ""max"": 60.7, ""lower_is_better"": false, ""is_percent"": true}, {""key"": ""return_games_won_percent"", ""name"": ""Return Games Won %"", ""raw"": 36.4, ""raw_display"": ""36.4%"", ""normalized"": 67.01, ""weight"": 0.16, ""weight_pct"": 16.0, ""min"": 10.2, ""max"": 49.3, ""lower_is_better"": false, ""is_percent"": true}, {""key"": ""return_points_won_percent"", ""name"": ""Return Points Won %"", ""raw"": 43.5, ""raw_display"": ""43.5%"", ""normalized"": 62.58, ""weight"": 0.2, ""weight_pct"": 20.0, ""min"": 33.3, ""max"": 49.6, ""lower_is_better"": false, ""is_percent"": true}]}"
2026-03-07T08:04:19.660159Z,return,Return,37,Nikola Bartunkova,330364,https://www.wtatennis.com/players/330364/nikola-bartunkova,https://photoresources.wtatennis.com/wta/photo/2026/01/29/4088dfc5-88af-4b6f-b61d-42245e39955f/Bartunkova-Torso_330364.png,67.6,1st Return Points Won %,35.8%,2nd Return Points Won %,56.1%,Break Points Converted %,60.5%,Return Games Won %,31.0%,Return Points Won %,42.2%,,,"{""category"": ""return"", ""player_rank"": 101, ""match_count"": 8, ""formula"": ""normalized_score = Σ(metric_norm × weight)"", ""metrics"": [{""key"": ""first_return_percent"", ""name"": ""1st Return Points Won %"", ""raw"": 35.8, ""raw_display"": ""35.8%"", ""normalized"": 61.29, ""weight"": 0.22, ""weight_pct"": 22.0, ""min"": 22.5, ""max"": 44.2, ""lower_is_better"": false, ""is_percent"": true}, {""key"": ""second_return_percent"", ""name"": ""2nd Return Points Won %"", ""raw"": 56.1, ""raw_display"": ""56.1%"", ""normalized"": 67.23, ""weight"": 0.22, ""weight_pct"": 22.0, ""min"": 44.2, ""max"": 61.9, ""lower_is_better"": false, ""is_percent"": true}, {""key"": ""breakpoint_converted_percent"", ""name"": ""Break Points Converted %"", ""raw"": 60.5, ""raw_display"": ""60.5%"", ""normalized"": 99.49, ""weight"": 0.2, ""weight_pct"": 20.0, ""min"": 21.7, ""max"": 60.7, ""lower_is_better"": false, ""is_percent"": true}, {""key"": ""return_games_won_percent"", ""name"": ""Return Games Won %"", ""raw"": 31.0, ""raw_display"": ""31.0%"", ""normalized"": 53.2, ""weight"": 0.16, ""weight_pct"": 16.0, ""min"": 10.2, ""max"": 49.3, ""lower_is_better"": false, ""is_percent"": true}, {""key"": ""return_points_won_percent"", ""name"": ""Return Points Won %"", ""raw"": 42.2, ""raw_display"": ""42.2%"", ""normalized"": 54.6, ""weight"": 0.2, ""weight_pct"": 20.0, ""min"": 33.3, ""max"": 49.6, ""lower_is_better"": false, ""is_percent"": true}]}"
2026-03-07T08:04:19.660159Z,return,Return,38,Katie Volynets,327391,https://www.wtatennis.com/players/327391/katie-volynets,https://photoresources.wtatennis.com/wta/photo/2025/03/10/a134d9aa-293e-48d1-8c33-f4d83e6291ed/Volynets-Torso_327391.png,67.5,1st Return Points Won %,36.1%,2nd Return Points Won %,56.4%,Break Points Converted %,46.8%,Return Games Won %,38.7%,Return Points Won %,44.7%,,,"{""category"": ""return"", ""player_rank"": 98, ""match_count"": 7, ""formula"": ""normalized_score = Σ(metric_norm × weight)"", ""metrics"": [{""key"": ""first_return_percent"", ""name"": ""1st Return Points Won %"", ""raw"": 36.1, ""raw_display"": ""36.1%"", ""normalized"": 62.67, ""weight"": 0.22, ""weight_pct"": 22.0, ""min"": 22.5, ""max"": 44.2, ""lower_is_better"": false, ""is_percent"": true}, {""key"": ""second_return_percent"", ""name"": ""2nd Return Points Won %"", ""raw"": 56.4, ""raw_display"": ""56.4%"", ""normalized"": 68.93, ""weight"": 0.22, ""weight_pct"": 22.0, ""min"": 44.2, ""max"": 61.9, ""lower_is_better"": false, ""is_percent"": true}, {""key"": ""breakpoint_converted_percent"", ""name"": ""Break Points Converted %"", ""raw"": 46.8, ""raw_display"": ""46.8%"", ""normalized"": 64.36, ""weight"": 0.2, ""weight_pct"": 20.0, ""min"": 21.7, ""max"": 60.7, ""lower_is_better"": false, ""is_percent"": true}, {""key"": ""return_games_won_percent"", ""name"": ""Return Games Won %"", ""raw"": 38.7, ""raw_display"": ""38.7%"", ""normalized"": 72.89, ""weight"": 0.16, ""weight_pct"": 16.0, ""min"": 10.2, ""max"": 49.3, ""lower_is_better"": false, ""is_percent"": true}, {""key"": ""return_points_won_percent"", ""name"": ""Return Points Won %"", ""raw"": 44.7, ""raw_display"": ""44.7%"", ""normalized"": 69.94, ""weight"": 0.2, ""weight_pct"": 20.0, ""min"": 33.3, ""max"": 49.6, ""lower_is_better"": false, ""is_percent"": true}]}"
2026-03-07T08:04:19.660159Z,return,Return,39,Yue Yuan,324325,https://www.wtatennis.com/players/324325/yue-yuan,https://photoresources.wtatennis.com/wta/photo/2024/05/01/1b8d14a3-ee27-4daf-a8c1-f0b797f0d8de/Yuan-Torso_324325-WTA-Tennis.png,67.0,1st Return Points Won %,39.2%,2nd Return Points Won %,56.0%,Break Points Converted %,42.7%,Return Games Won %,36.8%,Return Points Won %,44.5%,,,"{""category"": ""return"", ""player_rank"": 120, ""match_count"": 7, ""formula"": ""normalized_score = Σ(metric_norm × weight)"", ""metrics"": [{""key"": ""first_return_percent"", ""name"": ""1st Return Points Won %"", ""raw"": 39.2, ""raw_display"": ""39.2%"", ""normalized"": 76.96, ""weight"": 0.22, ""weight_pct"": 22.0, ""min"": 22.5, ""max"": 44.2, ""lower_is_better"": false, ""is_percent"": true}, {""key"": ""second_return_percent"", ""name"": ""2nd Return Points Won %"", ""raw"": 56.0, ""raw_display"": ""56.0%"", ""normalized"": 66.67, ""weight"": 0.22, ""weight_pct"": 22.0, ""min"": 44.2, ""max"": 61.9, ""lower_is_better"": false, ""is_percent"": true}, {""key"": ""breakpoint_converted_percent"", ""name"": ""Break Points Converted %"", ""raw"": 42.7, ""raw_display"": ""42.7%"", ""normalized"": 53.85, ""weight"": 0.2, ""weight_pct"": 20.0, ""min"": 21.7, ""max"": 60.7, ""lower_is_better"": false, ""is_percent"": true}, {""key"": ""return_games_won_percent"", ""name"": ""Return Games Won %"", ""raw"": 36.8, ""raw_display"": ""36.8%"", ""normalized"": 68.03, ""weight"": 0.16, ""weight_pct"": 16.0, ""min"": 10.2, ""max"": 49.3, ""lower_is_better"": false, ""is_percent"": true}, {""key"": ""return_points_won_percent"", ""name"": ""Return Points Won %"", ""raw"": 44.5, ""raw_display"": ""44.5%"", ""normalized"": 68.71, ""weight"": 0.2, ""weight_pct"": 20.0, ""min"": 33.3, ""max"": 49.6, ""lower_is_better"": false, ""is_percent"": true}]}"
2026-03-07T08:04:19.660159Z,return,Return,40,Zeynep Sonmez,326907,https://www.wtatennis.com/players/326907/zeynep-sonmez,https://photoresources.wtatennis.com/wta/photo/2025/03/10/90332a81-0da4-470f-b099-087be7b2be5d/Sonmez-Torso_326907.png,66.7,1st Return Points Won %,35.0%,2nd Return Points Won %,60.6%,Break Points Converted %,39.6%,Return Games Won %,36.4%,Return Points Won %,44.5%,,,"{""category"": ""return"", ""player_rank"": 80, ""match_count"": 9, ""formula"": ""normalized_score = Σ(metric_norm × weight)"", ""metrics"": [{""key"": ""first_return_percent"", ""name"": ""1st Return Points Won %"", ""raw"": 35.0, ""raw_display"": ""35.0%"", ""normalized"": 57.6, ""weight"": 0.22, ""weight_pct"": 22.0, ""min"": 22.5, ""max"": 44.2, ""lower_is_better"": false, ""is_percent"": true}, {""key"": ""second_return_percent"", ""name"": ""2nd Return Points Won %"", ""raw"": 60.6, ""raw_display"": ""60.6%"", ""normalized"": 92.66, ""weight"": 0.22, ""weight_pct"": 22.0, ""min"": 44.2, ""max"": 61.9, ""lower_is_better"": false, ""is_percent"": true}, {""key"": ""breakpoint_converted_percent"", ""name"": ""Break Points Converted %"", ""raw"": 39.6, ""raw_display"": ""39.6%"", ""normalized"": 45.9, ""weight"": 0.2, ""weight_pct"": 20.0, ""min"": 21.7, ""max"": 60.7, ""lower_is_better"": false, ""is_percent"": true}, {""key"": ""return_games_won_percent"", ""name"": ""Return Games Won %"", ""raw"": 36.4, ""raw_display"": ""36.4%"", ""normalized"": 67.01, ""weight"": 0.16, ""weight_pct"": 16.0, ""min"": 10.2, ""max"": 49.3, ""lower_is_better"": false, ""is_percent"": true}, {""key"": ""return_points_won_percent"", ""name"": ""Return Points Won %"", ""raw"": 44.5, ""raw_display"": ""44.5%"", ""normalized"": 68.71, ""weight"": 0.2, ""weight_pct"": 20.0, ""min"": 33.3, ""max"": 49.6, ""lower_is_better"": false, ""is_percent"": true}]}"
2026-03-07T08:04:19.660159Z,return,Return,41,Olga Danilovic,324934,https://www.wtatennis.com/players/324934/olga-danilovic,https://photoresources.wtatennis.com/wta/photo/2025/03/10/f4593bf2-9293-4e91-9fd6-696061c339da/Danilovic-Torso_324934.png,66.6,1st Return Points Won %,37.6%,2nd Return Points Won %,55.3%,Break Points Converted %,48.3%,Return Games Won %,36.4%,Return Points Won %,44.0%,,,"{""category"": ""return"", ""player_rank"": 90, ""match_count"": 7, ""formula"": ""normalized_score = Σ(metric_norm × weight)"", ""metrics"": [{""key"": ""first_return_percent"", ""name"": ""1st Return Points Won %"", ""raw"": 37.6, ""raw_display"": ""37.6%"", ""normalized"": 69.59, ""weight"": 0.22, ""weight_pct"": 22.0, ""min"": 22.5, ""max"": 44.2, ""lower_is_better"": false, ""is_percent"": true}, {""key"": ""second_return_percent"", ""name"": ""2nd Return Points Won %"", ""raw"": 55.3, ""raw_display"": ""55.3%"", ""normalized"": 62.71, ""weight"": 0.22, ""weight_pct"": 22.0, ""min"": 44.2, ""max"": 61.9, ""lower_is_better"": false, ""is_percent"": true}, {""key"": ""breakpoint_converted_percent"", ""name"": ""Break Points Converted %"", ""raw"": 48.3, ""raw_display"": ""48.3%"", ""normalized"": 68.21, ""weight"": 0.2, ""weight_pct"": 20.0, ""min"": 21.7, ""max"": 60.7, ""lower_is_better"": false, ""is_percent"": true}, {""key"": ""return_games_won_percent"", ""name"": ""Return Games Won %"", ""raw"": 36.4, ""raw_display"": ""36.4%"", ""normalized"": 67.01, ""weight"": 0.16, ""weight_pct"": 16.0, ""min"": 10.2, ""max"": 49.3, ""lower_is_better"": false, ""is_percent"": true}, {""key"": ""return_points_won_percent"", ""name"": ""Return Points Won %"", ""raw"": 44.0, ""raw_display"": ""44.0%"", ""normalized"": 65.64, ""weight"": 0.2, ""weight_pct"": 20.0, ""min"": 33.3, ""max"": 49.6, ""lower_is_better"": false, ""is_percent"": true}]}"
2026-03-07T08:04:19.660159Z,return,Return,42,Ajla Tomljanovic,315232,https://www.wtatennis.com/players/315232/ajla-tomljanovic,https://photoresources.wtatennis.com/wta/photo/2025/03/10/8b2b0ba9-8572-4e87-bf34-723e7de9d134/Tomljanovic-Torso_315232.png,66.5,1st Return Points Won %,35.3%,2nd Return Points Won %,58.2%,Break Points Converted %,46.2%,Return Games Won %,34.9%,Return Points Won %,44.3%,,,"{""category"": ""return"", ""player_rank"": 85, ""match_count"": 9, ""formula"": ""normalized_score = Σ(metric_norm × weight)"", ""metrics"": [{""key"": ""first_return_percent"", ""name"": ""1st Return Points Won %"", ""raw"": 35.3, ""raw_display"": ""35.3%"", ""normalized"": 58.99, ""weight"": 0.22, ""weight_pct"": 22.0, ""min"": 22.5, ""max"": 44.2, ""lower_is_better"": false, ""is_percent"": true}, {""key"": ""second_return_percent"", ""name"": ""2nd Return Points Won %"", ""raw"": 58.2, ""raw_display"": ""58.2%"", ""normalized"": 79.1, ""weight"": 0.22, ""weight_pct"": 22.0, ""min"": 44.2, ""max"": 61.9, ""lower_is_better"": false, ""is_percent"": true}, {""key"": ""breakpoint_converted_percent"", ""name"": ""Break Points Converted %"", ""raw"": 46.2, ""raw_display"": ""46.2%"", ""normalized"": 62.82, ""weight"": 0.2, ""weight_pct"": 20.0, ""min"": 21.7, ""max"": 60.7, ""lower_is_better"": false, ""is_percent"": true}, {""key"": ""return_games_won_percent"", ""name"": ""Return Games Won %"", ""raw"": 34.9, ""raw_display"": ""34.9%"", ""normalized"": 63.17, ""weight"": 0.16, ""weight_pct"": 16.0, ""min"": 10.2, ""max"": 49.3, ""lower_is_better"": false, ""is_percent"": true}, {""key"": ""return_points_won_percent"", ""name"": ""Return Points Won %"", ""raw"": 44.3, ""raw_display"": ""44.3%"", ""normalized"": 67.48, ""weight"": 0.2, ""weight_pct"": 20.0, ""min"": 33.3, ""max"": 49.6, ""lower_is_better"": false, ""is_percent"": true}]}"
2026-03-07T08:04:19.660159Z,return,Return,43,Jessica Bouzas Maneiro,328139,https://www.wtatennis.com/players/328139/jessica-bouzas-maneiro,https://photoresources.wtatennis.com/wta/photo/2024/04/30/5ede2ef0-2ded-4441-a20d-4ddd09910bf3/BouzasManeiro-Torso_328139-WTA-Tennis.png,66.3,1st Return Points Won %,35.9%,2nd Return Points Won %,54.2%,Break Points Converted %,54.4%,Return Games Won %,37.3%,Return Points Won %,43.4%,,,"{""category"": ""return"", ""player_rank"": 50, ""match_count"": 8, ""formula"": ""normalized_score = Σ(metric_norm × weight)"", ""metrics"": [{""key"": ""first_return_percent"", ""name"": ""1st Return Points Won %"", ""raw"": 35.9, ""raw_display"": ""35.9%"", ""normalized"": 61.75, ""weight"": 0.22, ""weight_pct"": 22.0, ""min"": 22.5, ""max"": 44.2, ""lower_is_better"": false, ""is_percent"": true}, {""key"": ""second_return_percent"", ""name"": ""2nd Return Points Won %"", ""raw"": 54.2, ""raw_display"": ""54.2%"", ""normalized"": 56.5, ""weight"": 0.22, ""weight_pct"": 22.0, ""min"": 44.2, ""max"": 61.9, ""lower_is_better"": false, ""is_percent"": true}, {""key"": ""breakpoint_converted_percent"", ""name"": ""Break Points Converted %"", ""raw"": 54.4, ""raw_display"": ""54.4%"", ""normalized"": 83.85, ""weight"": 0.2, ""weight_pct"": 20.0, ""min"": 21.7, ""max"": 60.7, ""lower_is_better"": false, ""is_percent"": true}, {""key"": ""return_games_won_percent"", ""name"": ""Return Games Won %"", ""raw"": 37.3, ""raw_display"": ""37.3%"", ""normalized"": 69.31, ""weight"": 0.16, ""weight_pct"": 16.0, ""min"": 10.2, ""max"": 49.3, ""lower_is_better"": false, ""is_percent"": true}, {""key"": ""return_points_won_percent"", ""name"": ""Return Points Won %"", ""raw"": 43.4, ""raw_display"": ""43.4%"", ""normalized"": 61.96, ""weight"": 0.2, ""weight_pct"": 20.0, ""min"": 33.3, ""max"": 49.6, ""lower_is_better"": false, ""is_percent"": true}]}"
2026-03-07T08:04:19.660159Z,return,Return,44,Aliaksandra Sasnovich,317790,https://www.wtatennis.com/players/317790/aliaksandra-sasnovich,https://photoresources.wtatennis.com/wta/photo/2023/06/05/4c9520ec-6944-4fbd-94cd-9bc2c579959d/Sasnovich-Torso_317790.png,66.2,1st Return Points Won %,39.0%,2nd Return Points Won %,53.9%,Break Points Converted %,46.8%,Return Games Won %,38.2%,Return Points Won %,44.0%,,,"{""category"": ""return"", ""player_rank"": 116, ""match_count"": 7, ""formula"": ""normalized_score = Σ(metric_norm × weight)"", ""metrics"": [{""key"": ""first_return_percent"", ""name"": ""1st Return Points Won %"", ""raw"": 39.0, ""raw_display"": ""39.0%"", ""normalized"": 76.04, ""weight"": 0.22, ""weight_pct"": 22.0, ""min"": 22.5, ""max"": 44.2, ""lower_is_better"": false, ""is_percent"": true}, {""key"": ""second_return_percent"", ""name"": ""2nd Return Points Won %"", ""raw"": 53.9, ""raw_display"": ""53.9%"", ""normalized"": 54.8, ""weight"": 0.22, ""weight_pct"": 22.0, ""min"": 44.2, ""max"": 61.9, ""lower_is_better"": false, ""is_percent"": true}, {""key"": ""breakpoint_converted_percent"", ""name"": ""Break Points Converted %"", ""raw"": 46.8, ""raw_display"": ""46.8%"", ""normalized"": 64.36, ""weight"": 0.2, ""weight_pct"": 20.0, ""min"": 21.7, ""max"": 60.7, ""lower_is_better"": false, ""is_percent"": true}, {""key"": ""return_games_won_percent"", ""name"": ""Return Games Won %"", ""raw"": 38.2, ""raw_display"": ""38.2%"", ""normalized"": 71.61, ""weight"": 0.16, ""weight_pct"": 16.0, ""min"": 10.2, ""max"": 49.3, ""lower_is_better"": false, ""is_percent"": true}, {""key"": ""return_points_won_percent"", ""name"": ""Return Points Won %"", ""raw"": 44.0, ""raw_display"": ""44.0%"", ""normalized"": 65.64, ""weight"": 0.2, ""weight_pct"": 20.0, ""min"": 33.3, ""max"": 49.6, ""lower_is_better"": false, ""is_percent"": true}]}"
2026-03-07T08:04:19.660159Z,return,Return,45,Yulia Putintseva,317683,https://www.wtatennis.com/players/317683/yulia-putintseva,https://photoresources.wtatennis.com/wta/photo/2023/06/02/3aef9023-00a9-4f48-956d-10564525ae5a/Putntseva-Torso_317683.png,64.5,1st Return Points Won %,37.6%,2nd Return Points Won %,54.7%,Break Points Converted %,47.8%,Return Games Won %,34.0%,Return Points Won %,43.9%,,,"{""category"": ""return"", ""player_rank"": 76, ""match_count"": 9, ""formula"": ""normalized_score = Σ(metric_norm × weight)"", ""metrics"": [{""key"": ""first_return_percent"", ""name"": ""1st Return Points Won %"", ""raw"": 37.6, ""raw_display"": ""37.6%"", ""normalized"": 69.59, ""weight"": 0.22, ""weight_pct"": 22.0, ""min"": 22.5, ""max"": 44.2, ""lower_is_better"": false, ""is_percent"": true}, {""key"": ""second_return_percent"", ""name"": ""2nd Return Points Won %"", ""raw"": 54.7, ""raw_display"": ""54.7%"", ""normalized"": 59.32, ""weight"": 0.22, ""weight_pct"": 22.0, ""min"": 44.2, ""max"": 61.9, ""lower_is_better"": false, ""is_percent"": true}, {""key"": ""breakpoint_converted_percent"", ""name"": ""Break Points Converted %"", ""raw"": 47.8, ""raw_display"": ""47.8%"", ""normalized"": 66.92, ""weight"": 0.2, ""weight_pct"": 20.0, ""min"": 21.7, ""max"": 60.7, ""lower_is_better"": false, ""is_percent"": true}, {""key"": ""return_games_won_percent"", ""name"": ""Return Games Won %"", ""raw"": 34.0, ""raw_display"": ""34.0%"", ""normalized"": 60.87, ""weight"": 0.16, ""weight_pct"": 16.0, ""min"": 10.2, ""max"": 49.3, ""lower_is_better"": false, ""is_percent"": true}, {""key"": ""return_points_won_percent"", ""name"": ""Return Points Won %"", ""raw"": 43.9, ""raw_display"": ""43.9%"", ""normalized"": 65.03, ""weight"": 0.2, ""weight_pct"": 20.0, ""min"": 33.3, ""max"": 49.6, ""lower_is_better"": false, ""is_percent"": true}]}"
2026-03-07T08:04:19.660159Z,return,Return,46,Diana Shnaider,330482,https://www.wtatennis.com/players/330482/diana-shnaider,https://photoresources.wtatennis.com/wta/photo/2026/01/22/8dcada5f-938a-495f-8e7f-2f0c3cf442f5/Shnaider-Torso_330482.png,63.9,1st Return Points Won %,35.4%,2nd Return Points Won %,55.3%,Break Points Converted %,51.1%,Return Games Won %,33.8%,Return Points Won %,43.3%,,,"{""category"": ""return"", ""player_rank"": 20, ""match_count"": 12, ""formula"": ""normalized_score = Σ(metric_norm × weight)"", ""metrics"": [{""key"": ""first_return_percent"", ""name"": ""1st Return Points Won %"", ""raw"": 35.4, ""raw_display"": ""35.4%"", ""normalized"": 59.45, ""weight"": 0.22, ""weight_pct"": 22.0, ""min"": 22.5, ""max"": 44.2, ""lower_is_better"": false, ""is_percent"": true}, {""key"": ""second_return_percent"", ""name"": ""2nd Return Points Won %"", ""raw"": 55.3, ""raw_display"": ""55.3%"", ""normalized"": 62.71, ""weight"": 0.22, ""weight_pct"": 22.0, ""min"": 44.2, ""max"": 61.9, ""lower_is_better"": false, ""is_percent"": true}, {""key"": ""breakpoint_converted_percent"", ""name"": ""Break Points Converted %"", ""raw"": 51.1, ""raw_display"": ""51.1%"", ""normalized"": 75.38, ""weight"": 0.2, ""weight_pct"": 20.0, ""min"": 21.7, ""max"": 60.7, ""lower_is_better"": false, ""is_percent"": true}, {""key"": ""return_games_won_percent"", ""name"": ""Return Games Won %"", ""raw"": 33.8, ""raw_display"": ""33.8%"", ""normalized"": 60.36, ""weight"": 0.16, ""weight_pct"": 16.0, ""min"": 10.2, ""max"": 49.3, ""lower_is_better"": false, ""is_percent"": true}, {""key"": ""return_points_won_percent"", ""name"": ""Return Points Won %"", ""raw"": 43.3, ""raw_display"": ""43.3%"", ""normalized"": 61.35, ""weight"": 0.2, ""weight_pct"": 20.0, ""min"": 33.3, ""max"": 49.6, ""lower_is_better"": false, ""is_percent"": true}]}"
2026-03-07T08:04:19.660159Z,return,Return,47,Liudmila Samsonova,322222,https://www.wtatennis.com/players/322222/liudmila-samsonova,https://photoresources.wtatennis.com/wta/photo/2026/02/10/a0d00e27-6507-43c3-9ccd-85c2e0fbff8a/Samsonova-Torso_322222.png,63.4,1st Return Points Won %,37.2%,2nd Return Points Won %,53.4%,Break Points Converted %,48.4%,Return Games Won %,37.3%,Return Points Won %,43.3%,,,"{""category"": ""return"", ""player_rank"": 19, ""match_count"": 10, ""formula"": ""normalized_score = Σ(metric_norm × weight)"", ""metrics"": [{""key"": ""first_return_percent"", ""name"": ""1st Return Points Won %"", ""raw"": 37.2, ""raw_display"": ""37.2%"", ""normalized"": 67.74, ""weight"": 0.22, ""weight_pct"": 22.0, ""min"": 22.5, ""max"": 44.2, ""lower_is_better"": false, ""is_percent"": true}, {""key"": ""second_return_percent"", ""name"": ""2nd Return Points Won %"", ""raw"": 53.4, ""raw_display"": ""53.4%"", ""normalized"": 51.98, ""weight"": 0.22, ""weight_pct"": 22.0, ""min"": 44.2, ""max"": 61.9, ""lower_is_better"": false, ""is_percent"": true}, {""key"": ""breakpoint_converted_percent"", ""name"": ""Break Points Converted %"", ""raw"": 48.4, ""raw_display"": ""48.4%"", ""normalized"": 68.46, ""weight"": 0.2, ""weight_pct"": 20.0, ""min"": 21.7, ""max"": 60.7, ""lower_is_better"": false, ""is_percent"": true}, {""key"": ""return_games_won_percent"", ""name"": ""Return Games Won %"", ""raw"": 37.3, ""raw_display"": ""37.3%"", ""normalized"": 69.31, ""weight"": 0.16, ""weight_pct"": 16.0, ""min"": 10.2, ""max"": 49.3, ""lower_is_better"": false, ""is_percent"": true}, {""key"": ""return_points_won_percent"", ""name"": ""Return Points Won %"", ""raw"": 43.3, ""raw_display"": ""43.3%"", ""normalized"": 61.35, ""weight"": 0.2, ""weight_pct"": 20.0, ""min"": 33.3, ""max"": 49.6, ""lower_is_better"": false, ""is_percent"": true}]}"
2026-03-07T08:04:19.660159Z,return,Return,48,Clara Tauson,327793,https://www.wtatennis.com/players/327793/clara-tauson,https://photoresources.wtatennis.com/wta/photo/2025/03/10/ce8eb466-c007-471c-9943-0f62f924c994/Tauson-Torso_327793.png,63.3,1st Return Points Won %,36.8%,2nd Return Points Won %,53.5%,Break Points Converted %,51.6%,Return Games Won %,33.8%,Return Points Won %,43.3%,,,"{""category"": ""return"", ""player_rank"": 17, ""match_count"": 13, ""formula"": ""normalized_score = Σ(metric_norm × weight)"", ""metrics"": [{""key"": ""first_return_percent"", ""name"": ""1st Return Points Won %"", ""raw"": 36.8, ""raw_display"": ""36.8%"", ""normalized"": 65.9, ""weight"": 0.22, ""weight_pct"": 22.0, ""min"": 22.5, ""max"": 44.2, ""lower_is_better"": false, ""is_percent"": true}, {""key"": ""second_return_percent"", ""name"": ""2nd Return Points Won %"", ""raw"": 53.5, ""raw_display"": ""53.5%"", ""normalized"": 52.54, ""weight"": 0.22, ""weight_pct"": 22.0, ""min"": 44.2, ""max"": 61.9, ""lower_is_better"": false, ""is_percent"": true}, {""key"": ""breakpoint_converted_percent"", ""name"": ""Break Points Converted %"", ""raw"": 51.6, ""raw_display"": ""51.6%"", ""normalized"": 76.67, ""weight"": 0.2, ""weight_pct"": 20.0, ""min"": 21.7, ""max"": 60.7, ""lower_is_better"": false, ""is_percent"": true}, {""key"": ""return_games_won_percent"", ""name"": ""Return Games Won %"", ""raw"": 33.8, ""raw_display"": ""33.8%"", ""normalized"": 60.36, ""weight"": 0.16, ""weight_pct"": 16.0, ""min"": 10.2, ""max"": 49.3, ""lower_is_better"": false, ""is_percent"": true}, {""key"": ""return_points_won_percent"", ""name"": ""Return Points Won %"", ""raw"": 43.3, ""raw_display"": ""43.3%"", ""normalized"": 61.35, ""weight"": 0.2, ""weight_pct"": 20.0, ""min"": 33.3, ""max"": 49.6, ""lower_is_better"": false, ""is_percent"": true}]}"
2026-03-07T08:04:19.660159Z,return,Return,49,Moyuka Uchijima,327241,https://www.wtatennis.com/players/327241/moyuka-uchijima,https://photoresources.wtatennis.com/wta/photo/2025/03/10/75eb5993-e16f-4f7b-a1aa-a96f9f2515df/Uchijima-Torso_327241.png,63.1,1st Return Points Won %,39.4%,2nd Return Points Won %,53.0%,Break Points Converted %,40.4%,Return Games Won %,38.0%,Return Points Won %,44.8%,,,"{""category"": ""return"", ""player_rank"": 77, ""match_count"": 5, ""formula"": ""normalized_score = Σ(metric_norm × weight)"", ""metrics"": [{""key"": ""first_return_percent"", ""name"": ""1st Return Points Won %"", ""raw"": 39.4, ""raw_display"": ""39.4%"", ""normalized"": 77.88, ""weight"": 0.22, ""weight_pct"": 22.0, ""min"": 22.5, ""max"": 44.2, ""lower_is_better"": false, ""is_percent"": true}, {""key"": ""second_return_percent"", ""name"": ""2nd Return Points Won %"", ""raw"": 53.0, ""raw_display"": ""53.0%"", ""normalized"": 49.72, ""weight"": 0.22, ""weight_pct"": 22.0, ""min"": 44.2, ""max"": 61.9, ""lower_is_better"": false, ""is_percent"": true}, {""key"": ""breakpoint_converted_percent"", ""name"": ""Break Points Converted %"", ""raw"": 40.4, ""raw_display"": ""40.4%"", ""normalized"": 47.95, ""weight"": 0.2, ""weight_pct"": 20.0, ""min"": 21.7, ""max"": 60.7, ""lower_is_better"": false, ""is_percent"": true}, {""key"": ""return_games_won_percent"", ""name"": ""Return Games Won %"", ""raw"": 38.0, ""raw_display"": ""38.0%"", ""normalized"": 71.1, ""weight"": 0.16, ""weight_pct"": 16.0, ""min"": 10.2, ""max"": 49.3, ""lower_is_better"": false, ""is_percent"": true}, {""key"": ""return_points_won_percent"", ""name"": ""Return Points Won %"", ""raw"": 44.8, ""raw_display"": ""44.8%"", ""normalized"": 70.55, ""weight"": 0.2, ""weight_pct"": 20.0, ""min"": 33.3, ""max"": 49.6, ""lower_is_better"": false, ""is_percent"": true}]}"
2026-03-07T08:04:19.660159Z,return,Return,50,Tereza Valentova,330808,https://www.wtatennis.com/players/330808/tereza-valentova,https://photoresources.wtatennis.com/wta/photo/2026/01/12/8115f299-958b-48a1-ac0d-d080d256f936/Valentova-Torso_330808.png,62.5,1st Return Points Won %,36.6%,2nd Return Points Won %,56.5%,Break Points Converted %,38.9%,Return Games Won %,35.4%,Return Points Won %,44.5%,,,"{""category"": ""return"", ""player_rank"": 47, ""match_count"": 8, ""formula"": ""normalized_score = Σ(metric_norm × weight)"", ""metrics"": [{""key"": ""first_return_percent"", ""name"": ""1st Return Points Won %"", ""raw"": 36.6, ""raw_display"": ""36.6%"", ""normalized"": 64.98, ""weight"": 0.22, ""weight_pct"": 22.0, ""min"": 22.5, ""max"": 44.2, ""lower_is_better"": false, ""is_percent"": true}, {""key"": ""second_return_percent"", ""name"": ""2nd Return Points Won %"", ""raw"": 56.5, ""raw_display"": ""56.5%"", ""normalized"": 69.49, ""weight"": 0.22, ""weight_pct"": 22.0, ""min"": 44.2, ""max"": 61.9, ""lower_is_better"": false, ""is_percent"": true}, {""key"": ""breakpoint_converted_percent"", ""name"": ""Break Points Converted %"", ""raw"": 38.9, ""raw_display"": ""38.9%"", ""normalized"": 44.1, ""weight"": 0.2, ""weight_pct"": 20.0, ""min"": 21.7, ""max"": 60.7, ""lower_is_better"": false, ""is_percent"": true}, {""key"": ""return_games_won_percent"", ""name"": ""Return Games Won %"", ""raw"": 35.4, ""raw_display"": ""35.4%"", ""normalized"": 64.45, ""weight"": 0.16, ""weight_pct"": 16.0, ""min"": 10.2, ""max"": 49.3, ""lower_is_better"": false, ""is_percent"": true}, {""key"": ""return_points_won_percent"", ""name"": ""Return Points Won %"", ""raw"": 44.5, ""raw_display"": ""44.5%"", ""normalized"": 68.71, ""weight"": 0.2, ""weight_pct"": 20.0, ""min"": 33.3, ""max"": 49.6, ""lower_is_better"": false, ""is_percent"": true}]}"
2026-03-07T08:04:19.660159Z,return,Return,51,Camila Osorio,325898,https://www.wtatennis.com/players/325898/camila-osorio,https://photoresources.wtatennis.com/wta/photo/2024/05/01/382e5e4e-0095-458c-bd81-3d103caa1c5f/Osorio-Torso_325898-WTA-Tennis.png,61.9,1st Return Points Won %,37.2%,2nd Return Points Won %,52.9%,Break Points Converted %,50.0%,Return Games Won %,33.7%,Return Points Won %,43.1%,,,"{""category"": ""return"", ""player_rank"": 61, ""match_count"": 8, ""formula"": ""normalized_score = Σ(metric_norm × weight)"", ""metrics"": [{""key"": ""first_return_percent"", ""name"": ""1st Return Points Won %"", ""raw"": 37.2, ""raw_display"": ""37.2%"", ""normalized"": 67.74, ""weight"": 0.22, ""weight_pct"": 22.0, ""min"": 22.5, ""max"": 44.2, ""lower_is_better"": false, ""is_percent"": true}, {""key"": ""second_return_percent"", ""name"": ""2nd Return Points Won %"", ""raw"": 52.9, ""raw_display"": ""52.9%"", ""normalized"": 49.15, ""weight"": 0.22, ""weight_pct"": 22.0, ""min"": 44.2, ""max"": 61.9, ""lower_is_better"": false, ""is_percent"": true}, {""key"": ""breakpoint_converted_percent"", ""name"": ""Break Points Converted %"", ""raw"": 50.0, ""raw_display"": ""50.0%"", ""normalized"": 72.56, ""weight"": 0.2, ""weight_pct"": 20.0, ""min"": 21.7, ""max"": 60.7, ""lower_is_better"": false, ""is_percent"": true}, {""key"": ""return_games_won_percent"", ""name"": ""Return Games Won %"", ""raw"": 33.7, ""raw_display"": ""33.7%"", ""normalized"": 60.1, ""weight"": 0.16, ""weight_pct"": 16.0, ""min"": 10.2, ""max"": 49.3, ""lower_is_better"": false, ""is_percent"": true}, {""key"": ""return_points_won_percent"", ""name"": ""Return Points Won %"", ""raw"": 43.1, ""raw_display"": ""43.1%"", ""normalized"": 60.12, ""weight"": 0.2, ""weight_pct"": 20.0, ""min"": 33.3, ""max"": 49.6, ""lower_is_better"": false, ""is_percent"": true}]}"
2026-03-07T08:04:19.660159Z,return,Return,52,Karolina Muchova,322191,https://www.wtatennis.com/players/322191/karolina-muchova,https://photoresources.wtatennis.com/wta/photo/2025/03/10/b88e4433-b70d-47e2-8302-a1291124269f/Muchova-Torso_322191.png,61.7,1st Return Points Won %,38.9%,2nd Return Points Won %,53.9%,Break Points Converted %,38.6%,Return Games Won %,36.5%,Return Points Won %,44.4%,,,"{""category"": ""return"", ""player_rank"": 13, ""match_count"": 14, ""formula"": ""normalized_score = Σ(metric_norm × weight)"", ""metrics"": [{""key"": ""first_return_percent"", ""name"": ""1st Return Points Won %"", ""raw"": 38.9, ""raw_display"": ""38.9%"", ""normalized"": 75.58, ""weight"": 0.22, ""weight_pct"": 22.0, ""min"": 22.5, ""max"": 44.2, ""lower_is_better"": false, ""is_percent"": true}, {""key"": ""second_return_percent"", ""name"": ""2nd Return Points Won %"", ""raw"": 53.9, ""raw_display"": ""53.9%"", ""normalized"": 54.8, ""weight"": 0.22, ""weight_pct"": 22.0, ""min"": 44.2, ""max"": 61.9, ""lower_is_better"": false, ""is_percent"": true}, {""key"": ""breakpoint_converted_percent"", ""name"": ""Break Points Converted %"", ""raw"": 38.6, ""raw_display"": ""38.6%"", ""normalized"": 43.33, ""weight"": 0.2, ""weight_pct"": 20.0, ""min"": 21.7, ""max"": 60.7, ""lower_is_better"": false, ""is_percent"": true}, {""key"": ""return_games_won_percent"", ""name"": ""Return Games Won %"", ""raw"": 36.5, ""raw_display"": ""36.5%"", ""normalized"": 67.26, ""weight"": 0.16, ""weight_pct"": 16.0, ""min"": 10.2, ""max"": 49.3, ""lower_is_better"": false, ""is_percent"": true}, {""key"": ""return_points_won_percent"", ""name"": ""Return Points Won %"", ""raw"": 44.4, ""raw_display"": ""44.4%"", ""normalized"": 68.1, ""weight"": 0.2, ""weight_pct"": 20.0, ""min"": 33.3, ""max"": 49.6, ""lower_is_better"": false, ""is_percent"": true}]}"
2026-03-07T08:04:19.660159Z,return,Return,53,Xinyu Wang,326376,https://www.wtatennis.com/players/326376/xinyu-wang,https://photoresources.wtatennis.com/wta/photo/2025/07/29/56be4ea4-f3f9-4cac-be02-7f040dd6710e/Wang-Torso_326376.png,61.7,1st Return Points Won %,37.4%,2nd Return Points Won %,56.4%,Break Points Converted %,38.7%,Return Games Won %,34.8%,Return Points Won %,43.6%,,,"{""category"": ""return"", ""player_rank"": 30, ""match_count"": 17, ""formula"": ""normalized_score = Σ(metric_norm × weight)"", ""metrics"": [{""key"": ""first_return_percent"", ""name"": ""1st Return Points Won %"", ""raw"": 37.4, ""raw_display"": ""37.4%"", ""normalized"": 68.66, ""weight"": 0.22, ""weight_pct"": 22.0, ""min"": 22.5, ""max"": 44.2, ""lower_is_better"": false, ""is_percent"": true}, {""key"": ""second_return_percent"", ""name"": ""2nd Return Points Won %"", ""raw"": 56.4, ""raw_display"": ""56.4%"", ""normalized"": 68.93, ""weight"": 0.22, ""weight_pct"": 22.0, ""min"": 44.2, ""max"": 61.9, ""lower_is_better"": false, ""is_percent"": true}, {""key"": ""breakpoint_converted_percent"", ""name"": ""Break Points Converted %"", ""raw"": 38.7, ""raw_display"": ""38.7%"", ""normalized"": 43.59, ""weight"": 0.2, ""weight_pct"": 20.0, ""min"": 21.7, ""max"": 60.7, ""lower_is_better"": false, ""is_percent"": true}, {""key"": ""return_games_won_percent"", ""name"": ""Return Games Won %"", ""raw"": 34.8, ""raw_display"": ""34.8%"", ""normalized"": 62.92, ""weight"": 0.16, ""weight_pct"": 16.0, ""min"": 10.2, ""max"": 49.3, ""lower_is_better"": false, ""is_percent"": true}, {""key"": ""return_points_won_percent"", ""name"": ""Return Points Won %"", ""raw"": 43.6, ""raw_display"": ""43.6%"", ""normalized"": 63.19, ""weight"": 0.2, ""weight_pct"": 20.0, ""min"": 33.3, ""max"": 49.6, ""lower_is_better"": false, ""is_percent"": true}]}"
2026-03-07T08:04:19.660159Z,return,Return,54,Karolina Pliskova,313974,https://www.wtatennis.com/players/313974,,61.3,1st Return Points Won %,37.0%,2nd Return Points Won %,52.6%,Break Points Converted %,52.4%,Return Games Won %,32.8%,Return Points Won %,42.4%,,,"{""category"": ""return"", ""player_rank"": 261, ""match_count"": 7, ""formula"": ""normalized_score = Σ(metric_norm × weight)"", ""metrics"": [{""key"": ""first_return_percent"", ""name"": ""1st Return Points Won %"", ""raw"": 37.0, ""raw_display"": ""37.0%"", ""normalized"": 66.82, ""weight"": 0.22, ""weight_pct"": 22.0, ""min"": 22.5, ""max"": 44.2, ""lower_is_better"": false, ""is_percent"": true}, {""key"": ""second_return_percent"", ""name"": ""2nd Return Points Won %"", ""raw"": 52.6, ""raw_display"": ""52.6%"", ""normalized"": 47.46, ""weight"": 0.22, ""weight_pct"": 22.0, ""min"": 44.2, ""max"": 61.9, ""lower_is_better"": false, ""is_percent"": true}, {""key"": ""breakpoint_converted_percent"", ""name"": ""Break Points Converted %"", ""raw"": 52.4, ""raw_display"": ""52.4%"", ""normalized"": 78.72, ""weight"": 0.2, ""weight_pct"": 20.0, ""min"": 21.7, ""max"": 60.7, ""lower_is_better"": false, ""is_percent"": true}, {""key"": ""return_games_won_percent"", ""name"": ""Return Games Won %"", ""raw"": 32.8, ""raw_display"": ""32.8%"", ""normalized"": 57.8, ""weight"": 0.16, ""weight_pct"": 16.0, ""min"": 10.2, ""max"": 49.3, ""lower_is_better"": false, ""is_percent"": true}, {""key"": ""return_points_won_percent"", ""name"": ""Return Points Won %"", ""raw"": 42.4, ""raw_display"": ""42.4%"", ""normalized"": 55.83, ""weight"": 0.2, ""weight_pct"": 20.0, ""min"": 33.3, ""max"": 49.6, ""lower_is_better"": false, ""is_percent"": true}]}"
2026-03-07T08:04:19.660159Z,return,Return,55,Ekaterina Alexandrova,319007,https://www.wtatennis.com/players/319007/ekaterina-alexandrova,https://photoresources.wtatennis.com/wta/photo/2026/02/10/55299bba-3d02-40a7-873f-9d8f008f904e/Alexandrova-Torso_319007.png,61.0,1st Return Points Won %,38.1%,2nd Return Points Won %,52.7%,Break Points Converted %,47.3%,Return Games Won %,31.8%,Return Points Won %,43.6%,,,"{""category"": ""return"", ""player_rank"": 11, ""match_count"": 10, ""formula"": ""normalized_score = Σ(metric_norm × weight)"", ""metrics"": [{""key"": ""first_return_percent"", ""name"": ""1st Return Points Won %"", ""raw"": 38.1, ""raw_display"": ""38.1%"", ""normalized"": 71.89, ""weight"": 0.22, ""weight_pct"": 22.0, ""min"": 22.5, ""max"": 44.2, ""lower_is_better"": false, ""is_percent"": true}, {""key"": ""second_return_percent"", ""name"": ""2nd Return Points Won %"", ""raw"": 52.7, ""raw_display"": ""52.7%"", ""normalized"": 48.02, ""weight"": 0.22, ""weight_pct"": 22.0, ""min"": 44.2, ""max"": 61.9, ""lower_is_better"": false, ""is_percent"": true}, {""key"": ""breakpoint_converted_percent"", ""name"": ""Break Points Converted %"", ""raw"": 47.3, ""raw_display"": ""47.3%"", ""normalized"": 65.64, ""weight"": 0.2, ""weight_pct"": 20.0, ""min"": 21.7, ""max"": 60.7, ""lower_is_better"": false, ""is_percent"": true}, {""key"": ""return_games_won_percent"", ""name"": ""Return Games Won %"", ""raw"": 31.8, ""raw_display"": ""31.8%"", ""normalized"": 55.24, ""weight"": 0.16, ""weight_pct"": 16.0, ""min"": 10.2, ""max"": 49.3, ""lower_is_better"": false, ""is_percent"": true}, {""key"": ""return_points_won_percent"", ""name"": ""Return Points Won %"", ""raw"": 43.6, ""raw_display"": ""43.6%"", ""normalized"": 63.19, ""weight"": 0.2, ""weight_pct"": 20.0, ""min"": 33.3, ""max"": 49.6, ""lower_is_better"": false, ""is_percent"": true}]}"
2026-03-07T08:04:19.660159Z,return,Return,56,Anastasia Potapova,325601,https://www.wtatennis.com/players/325601/anastasia-potapova,https://photoresources.wtatennis.com/wta/photo/2025/03/10/cc3f5e00-ec55-4a07-9bbc-2a8b379a2436/Potapova-Torso_325601.png,60.9,1st Return Points Won %,38.0%,2nd Return Points Won %,51.0%,Break Points Converted %,48.9%,Return Games Won %,36.4%,Return Points Won %,43.1%,,,"{""category"": ""return"", ""player_rank"": 91, ""match_count"": 10, ""formula"": ""normalized_score = Σ(metric_norm × weight)"", ""metrics"": [{""key"": ""first_return_percent"", ""name"": ""1st Return Points Won %"", ""raw"": 38.0, ""raw_display"": ""38.0%"", ""normalized"": 71.43, ""weight"": 0.22, ""weight_pct"": 22.0, ""min"": 22.5, ""max"": 44.2, ""lower_is_better"": false, ""is_percent"": true}, {""key"": ""second_return_percent"", ""name"": ""2nd Return Points Won %"", ""raw"": 51.0, ""raw_display"": ""51.0%"", ""normalized"": 38.42, ""weight"": 0.22, ""weight_pct"": 22.0, ""min"": 44.2, ""max"": 61.9, ""lower_is_better"": false, ""is_percent"": true}, {""key"": ""breakpoint_converted_percent"", ""name"": ""Break Points Converted %"", ""raw"": 48.9, ""raw_display"": ""48.9%"", ""normalized"": 69.74, ""weight"": 0.2, ""weight_pct"": 20.0, ""min"": 21.7, ""max"": 60.7, ""lower_is_better"": false, ""is_percent"": true}, {""key"": ""return_games_won_percent"", ""name"": ""Return Games Won %"", ""raw"": 36.4, ""raw_display"": ""36.4%"", ""normalized"": 67.01, ""weight"": 0.16, ""weight_pct"": 16.0, ""min"": 10.2, ""max"": 49.3, ""lower_is_better"": false, ""is_percent"": true}, {""key"": ""return_points_won_percent"", ""name"": ""Return Points Won %"", ""raw"": 43.1, ""raw_display"": ""43.1%"", ""normalized"": 60.12, ""weight"": 0.2, ""weight_pct"": 20.0, ""min"": 33.3, ""max"": 49.6, ""lower_is_better"": false, ""is_percent"": true}]}"
2026-03-07T08:04:19.660159Z,return,Return,57,Sonay Kartal,329918,https://www.wtatennis.com/players/329918/sonay-kartal,https://photoresources.wtatennis.com/wta/photo/2025/03/10/ac7b0888-e27b-4451-bf03-b07c293a1d58/Kartal-Torso_329918.png,60.6,1st Return Points Won %,34.2%,2nd Return Points Won %,56.5%,Break Points Converted %,49.1%,Return Games Won %,31.4%,Return Points Won %,42.0%,,,"{""category"": ""return"", ""player_rank"": 54, ""match_count"": 8, ""formula"": ""normalized_score = Σ(metric_norm × weight)"", ""metrics"": [{""key"": ""first_return_percent"", ""name"": ""1st Return Points Won %"", ""raw"": 34.2, ""raw_display"": ""34.2%"", ""normalized"": 53.92, ""weight"": 0.22, ""weight_pct"": 22.0, ""min"": 22.5, ""max"": 44.2, ""lower_is_better"": false, ""is_percent"": true}, {""key"": ""second_return_percent"", ""name"": ""2nd Return Points Won %"", ""raw"": 56.5, ""raw_display"": ""56.5%"", ""normalized"": 69.49, ""weight"": 0.22, ""weight_pct"": 22.0, ""min"": 44.2, ""max"": 61.9, ""lower_is_better"": false, ""is_percent"": true}, {""key"": ""breakpoint_converted_percent"", ""name"": ""Break Points Converted %"", ""raw"": 49.1, ""raw_display"": ""49.1%"", ""normalized"": 70.26, ""weight"": 0.2, ""weight_pct"": 20.0, ""min"": 21.7, ""max"": 60.7, ""lower_is_better"": false, ""is_percent"": true}, {""key"": ""return_games_won_percent"", ""name"": ""Return Games Won %"", ""raw"": 31.4, ""raw_display"": ""31.4%"", ""normalized"": 54.22, ""weight"": 0.16, ""weight_pct"": 16.0, ""min"": 10.2, ""max"": 49.3, ""lower_is_better"": false, ""is_percent"": true}, {""key"": ""return_points_won_percent"", ""name"": ""Return Points Won %"", ""raw"": 42.0, ""raw_display"": ""42.0%"", ""normalized"": 53.37, ""weight"": 0.2, ""weight_pct"": 20.0, ""min"": 33.3, ""max"": 49.6, ""lower_is_better"": false, ""is_percent"": true}]}"
2026-03-07T08:04:19.660159Z,return,Return,58,Rebecca Sramkova,320228,https://www.wtatennis.com/players/320228/rebecca-sramkova,https://photoresources.wtatennis.com/wta/photo/2025/03/10/b6a3bd6e-e91c-487f-88c3-7504b904c145/Sramkova-Torso_320228.png,60.3,1st Return Points Won %,36.9%,2nd Return Points Won %,55.1%,Break Points Converted %,40.5%,Return Games Won %,34.0%,Return Points Won %,43.7%,,,"{""category"": ""return"", ""player_rank"": 118, ""match_count"": 8, ""formula"": ""normalized_score = Σ(metric_norm × weight)"", ""metrics"": [{""key"": ""first_return_percent"", ""name"": ""1st Return Points Won %"", ""raw"": 36.9, ""raw_display"": ""36.9%"", ""normalized"": 66.36, ""weight"": 0.22, ""weight_pct"": 22.0, ""min"": 22.5, ""max"": 44.2, ""lower_is_better"": false, ""is_percent"": true}, {""key"": ""second_return_percent"", ""name"": ""2nd Return Points Won %"", ""raw"": 55.1, ""raw_display"": ""55.1%"", ""normalized"": 61.58, ""weight"": 0.22, ""weight_pct"": 22.0, ""min"": 44.2, ""max"": 61.9, ""lower_is_better"": false, ""is_percent"": true}, {""key"": ""breakpoint_converted_percent"", ""name"": ""Break Points Converted %"", ""raw"": 40.5, ""raw_display"": ""40.5%"", ""normalized"": 48.21, ""weight"": 0.2, ""weight_pct"": 20.0, ""min"": 21.7, ""max"": 60.7, ""lower_is_better"": false, ""is_percent"": true}, {""key"": ""return_games_won_percent"", ""name"": ""Return Games Won %"", ""raw"": 34.0, ""raw_display"": ""34.0%"", ""normalized"": 60.87, ""weight"": 0.16, ""weight_pct"": 16.0, ""min"": 10.2, ""max"": 49.3, ""lower_is_better"": false, ""is_percent"": true}, {""key"": ""return_points_won_percent"", ""name"": ""Return Points Won %"", ""raw"": 43.7, ""raw_display"": ""43.7%"", ""normalized"": 63.8, ""weight"": 0.2, ""weight_pct"": 20.0, ""min"": 33.3, ""max"": 49.6, ""lower_is_better"": false, ""is_percent"": true}]}"
2026-03-07T08:04:19.660159Z,return,Return,59,Marta Kostyuk,326482,https://www.wtatennis.com/players/326482/marta-kostyuk,https://photoresources.wtatennis.com/wta/photo/2025/03/10/bec7a585-227e-4d63-871b-bee318d3464d/Kostyuk-Torso_326482.png,60.1,1st Return Points Won %,33.9%,2nd Return Points Won %,58.2%,Break Points Converted %,41.8%,Return Games Won %,33.3%,Return Points Won %,42.6%,,,"{""category"": ""return"", ""player_rank"": 28, ""match_count"": 6, ""formula"": ""normalized_score = Σ(metric_norm × weight)"", ""metrics"": [{""key"": ""first_return_percent"", ""name"": ""1st Return Points Won %"", ""raw"": 33.9, ""raw_display"": ""33.9%"", ""normalized"": 52.53, ""weight"": 0.22, ""weight_pct"": 22.0, ""min"": 22.5, ""max"": 44.2, ""lower_is_better"": false, ""is_percent"": true}, {""key"": ""second_return_percent"", ""name"": ""2nd Return Points Won %"", ""raw"": 58.2, ""raw_display"": ""58.2%"", ""normalized"": 79.1, ""weight"": 0.22, ""weight_pct"": 22.0, ""min"": 44.2, ""max"": 61.9, ""lower_is_better"": false, ""is_percent"": true}, {""key"": ""breakpoint_converted_percent"", ""name"": ""Break Points Converted %"", ""raw"": 41.8, ""raw_display"": ""41.8%"", ""normalized"": 51.54, ""weight"": 0.2, ""weight_pct"": 20.0, ""min"": 21.7, ""max"": 60.7, ""lower_is_better"": false, ""is_percent"": true}, {""key"": ""return_games_won_percent"", ""name"": ""Return Games Won %"", ""raw"": 33.3, ""raw_display"": ""33.3%"", ""normalized"": 59.08, ""weight"": 0.16, ""weight_pct"": 16.0, ""min"": 10.2, ""max"": 49.3, ""lower_is_better"": false, ""is_percent"": true}, {""key"": ""return_points_won_percent"", ""name"": ""Return Points Won %"", ""raw"": 42.6, ""raw_display"": ""42.6%"", ""normalized"": 57.06, ""weight"": 0.2, ""weight_pct"": 20.0, ""min"": 33.3, ""max"": 49.6, ""lower_is_better"": false, ""is_percent"": true}]}"
2026-03-07T08:04:19.660159Z,return,Return,60,Oleksandra Oliynykova,327182,https://www.wtatennis.com/players/327182/oleksandra-oliynykova,,60.0,1st Return Points Won %,35.9%,2nd Return Points Won %,57.4%,Break Points Converted %,41.7%,Return Games Won %,33.3%,Return Points Won %,41.7%,,,"{""category"": ""return"", ""player_rank"": 73, ""match_count"": 5, ""formula"": ""normalized_score = Σ(metric_norm × weight)"", ""metrics"": [{""key"": ""first_return_percent"", ""name"": ""1st Return Points Won %"", ""raw"": 35.9, ""raw_display"": ""35.9%"", ""normalized"": 61.75, ""weight"": 0.22, ""weight_pct"": 22.0, ""min"": 22.5, ""max"": 44.2, ""lower_is_better"": false, ""is_percent"": true}, {""key"": ""second_return_percent"", ""name"": ""2nd Return Points Won %"", ""raw"": 57.4, ""raw_display"": ""57.4%"", ""normalized"": 74.58, ""weight"": 0.22, ""weight_pct"": 22.0, ""min"": 44.2, ""max"": 61.9, ""lower_is_better"": false, ""is_percent"": true}, {""key"": ""breakpoint_converted_percent"", ""name"": ""Break Points Converted %"", ""raw"": 41.7, ""raw_display"": ""41.7%"", ""normalized"": 51.28, ""weight"": 0.2, ""weight_pct"": 20.0, ""min"": 21.7, ""max"": 60.7, ""lower_is_better"": false, ""is_percent"": true}, {""key"": ""return_games_won_percent"", ""name"": ""Return Games Won %"", ""raw"": 33.3, ""raw_display"": ""33.3%"", ""normalized"": 59.08, ""weight"": 0.16, ""weight_pct"": 16.0, ""min"": 10.2, ""max"": 49.3, ""lower_is_better"": false, ""is_percent"": true}, {""key"": ""return_points_won_percent"", ""name"": ""Return Points Won %"", ""raw"": 41.7, ""raw_display"": ""41.7%"", ""normalized"": 51.53, ""weight"": 0.2, ""weight_pct"": 20.0, ""min"": 33.3, ""max"": 49.6, ""lower_is_better"": false, ""is_percent"": true}]}"
2026-03-07T08:04:19.660159Z,return,Return,61,Mccartney Kessler,326678,https://www.wtatennis.com/players/326678/mccartney-kessler,https://photoresources.wtatennis.com/wta/photo/2025/06/23/ca3c2f58-8ad8-40e0-9007-6db7707a1d7a/Kessler-Torso_326678.png,58.0,1st Return Points Won %,35.9%,2nd Return Points Won %,54.1%,Break Points Converted %,41.9%,Return Games Won %,34.2%,Return Points Won %,43.0%,,,"{""category"": ""return"", ""player_rank"": 51, ""match_count"": 8, ""formula"": ""normalized_score = Σ(metric_norm × weight)"", ""metrics"": [{""key"": ""first_return_percent"", ""name"": ""1st Return Points Won %"", ""raw"": 35.9, ""raw_display"": ""35.9%"", ""normalized"": 61.75, ""weight"": 0.22, ""weight_pct"": 22.0, ""min"": 22.5, ""max"": 44.2, ""lower_is_better"": false, ""is_percent"": true}, {""key"": ""second_return_percent"", ""name"": ""2nd Return Points Won %"", ""raw"": 54.1, ""raw_display"": ""54.1%"", ""normalized"": 55.93, ""weight"": 0.22, ""weight_pct"": 22.0, ""min"": 44.2, ""max"": 61.9, ""lower_is_better"": false, ""is_percent"": true}, {""key"": ""breakpoint_converted_percent"", ""name"": ""Break Points Converted %"", ""raw"": 41.9, ""raw_display"": ""41.9%"", ""normalized"": 51.79, ""weight"": 0.2, ""weight_pct"": 20.0, ""min"": 21.7, ""max"": 60.7, ""lower_is_better"": false, ""is_percent"": true}, {""key"": ""return_games_won_percent"", ""name"": ""Return Games Won %"", ""raw"": 34.2, ""raw_display"": ""34.2%"", ""normalized"": 61.38, ""weight"": 0.16, ""weight_pct"": 16.0, ""min"": 10.2, ""max"": 49.3, ""lower_is_better"": false, ""is_percent"": true}, {""key"": ""return_points_won_percent"", ""name"": ""Return Points Won %"", ""raw"": 43.0, ""raw_display"": ""43.0%"", ""normalized"": 59.51, ""weight"": 0.2, ""weight_pct"": 20.0, ""min"": 33.3, ""max"": 49.6, ""lower_is_better"": false, ""is_percent"": true}]}"
2026-03-07T08:04:19.660159Z,return,Return,62,Ella Seidel,330548,https://www.wtatennis.com/players/330548/ella-seidel,https://photoresources.wtatennis.com/wta/photo/2025/05/08/db6256d4-64df-4e9d-9c8f-7bd2b462953e/Seidel-Torso_330548.png,57.9,1st Return Points Won %,34.5%,2nd Return Points Won %,51.5%,Break Points Converted %,60.7%,Return Games Won %,28.8%,Return Points Won %,40.7%,,,"{""category"": ""return"", ""player_rank"": 83, ""match_count"": 7, ""formula"": ""normalized_score = Σ(metric_norm × weight)"", ""metrics"": [{""key"": ""first_return_percent"", ""name"": ""1st Return Points Won %"", ""raw"": 34.5, ""raw_display"": ""34.5%"", ""normalized"": 55.3, ""weight"": 0.22, ""weight_pct"": 22.0, ""min"": 22.5, ""max"": 44.2, ""lower_is_better"": false, ""is_percent"": true}, {""key"": ""second_return_percent"", ""name"": ""2nd Return Points Won %"", ""raw"": 51.5, ""raw_display"": ""51.5%"", ""normalized"": 41.24, ""weight"": 0.22, ""weight_pct"": 22.0, ""min"": 44.2, ""max"": 61.9, ""lower_is_better"": false, ""is_percent"": true}, {""key"": ""breakpoint_converted_percent"", ""name"": ""Break Points Converted %"", ""raw"": 60.7, ""raw_display"": ""60.7%"", ""normalized"": 100.0, ""weight"": 0.2, ""weight_pct"": 20.0, ""min"": 21.7, ""max"": 60.7, ""lower_is_better"": false, ""is_percent"": true}, {""key"": ""return_games_won_percent"", ""name"": ""Return Games Won %"", ""raw"": 28.8, ""raw_display"": ""28.8%"", ""normalized"": 47.57, ""weight"": 0.16, ""weight_pct"": 16.0, ""min"": 10.2, ""max"": 49.3, ""lower_is_better"": false, ""is_percent"": true}, {""key"": ""return_points_won_percent"", ""name"": ""Return Points Won %"", ""raw"": 40.7, ""raw_display"": ""40.7%"", ""normalized"": 45.4, ""weight"": 0.2, ""weight_pct"": 20.0, ""min"": 33.3, ""max"": 49.6, ""lower_is_better"": false, ""is_percent"": true}]}"
2026-03-07T08:04:19.660159Z,return,Return,63,Kimberly Birrell,320728,https://www.wtatennis.com/players/320728/kimberly-birrell,https://photoresources.wtatennis.com/wta/photo/2025/05/14/ebc1fcc6-fe86-4df3-ab67-e884d093c63d/Birrell-Torso_320728.png,57.5,1st Return Points Won %,36.3%,2nd Return Points Won %,52.0%,Break Points Converted %,48.9%,Return Games Won %,32.4%,Return Points Won %,42.1%,,,"{""category"": ""return"", ""player_rank"": 69, ""match_count"": 12, ""formula"": ""normalized_score = Σ(metric_norm × weight)"", ""metrics"": [{""key"": ""first_return_percent"", ""name"": ""1st Return Points Won %"", ""raw"": 36.3, ""raw_display"": ""36.3%"", ""normalized"": 63.59, ""weight"": 0.22, ""weight_pct"": 22.0, ""min"": 22.5, ""max"": 44.2, ""lower_is_better"": false, ""is_percent"": true}, {""key"": ""second_return_percent"", ""name"": ""2nd Return Points Won %"", ""raw"": 52.0, ""raw_display"": ""52.0%"", ""normalized"": 44.07, ""weight"": 0.22, ""weight_pct"": 22.0, ""min"": 44.2, ""max"": 61.9, ""lower_is_better"": false, ""is_percent"": true}, {""key"": ""breakpoint_converted_percent"", ""name"": ""Break Points Converted %"", ""raw"": 48.9, ""raw_display"": ""48.9%"", ""normalized"": 69.74, ""weight"": 0.2, ""weight_pct"": 20.0, ""min"": 21.7, ""max"": 60.7, ""lower_is_better"": false, ""is_percent"": true}, {""key"": ""return_games_won_percent"", ""name"": ""Return Games Won %"", ""raw"": 32.4, ""raw_display"": ""32.4%"", ""normalized"": 56.78, ""weight"": 0.16, ""weight_pct"": 16.0, ""min"": 10.2, ""max"": 49.3, ""lower_is_better"": false, ""is_percent"": true}, {""key"": ""return_points_won_percent"", ""name"": ""Return Points Won %"", ""raw"": 42.1, ""raw_display"": ""42.1%"", ""normalized"": 53.99, ""weight"": 0.2, ""weight_pct"": 20.0, ""min"": 33.3, ""max"": 49.6, ""lower_is_better"": false, ""is_percent"": true}]}"
2026-03-07T08:04:19.660159Z,return,Return,64,Varvara Gracheva,325836,https://www.wtatennis.com/players/325836/varvara-gracheva,https://photoresources.wtatennis.com/wta/photo/2024/05/01/0c60c309-8582-4e99-b8ea-614aebf333a2/Gracheva-Torso_325836-WTA-Tennis.png,56.4,1st Return Points Won %,35.6%,2nd Return Points Won %,54.2%,Break Points Converted %,43.8%,Return Games Won %,32.3%,Return Points Won %,41.7%,,,"{""category"": ""return"", ""player_rank"": 58, ""match_count"": 9, ""formula"": ""normalized_score = Σ(metric_norm × weight)"", ""metrics"": [{""key"": ""first_return_percent"", ""name"": ""1st Return Points Won %"", ""raw"": 35.6, ""raw_display"": ""35.6%"", ""normalized"": 60.37, ""weight"": 0.22, ""weight_pct"": 22.0, ""min"": 22.5, ""max"": 44.2, ""lower_is_better"": false, ""is_percent"": true}, {""key"": ""second_return_percent"", ""name"": ""2nd Return Points Won %"", ""raw"": 54.2, ""raw_display"": ""54.2%"", ""normalized"": 56.5, ""weight"": 0.22, ""weight_pct"": 22.0, ""min"": 44.2, ""max"": 61.9, ""lower_is_better"": false, ""is_percent"": true}, {""key"": ""breakpoint_converted_percent"", ""name"": ""Break Points Converted %"", ""raw"": 43.8, ""raw_display"": ""43.8%"", ""normalized"": 56.67, ""weight"": 0.2, ""weight_pct"": 20.0, ""min"": 21.7, ""max"": 60.7, ""lower_is_better"": false, ""is_percent"": true}, {""key"": ""return_games_won_percent"", ""name"": ""Return Games Won %"", ""raw"": 32.3, ""raw_display"": ""32.3%"", ""normalized"": 56.52, ""weight"": 0.16, ""weight_pct"": 16.0, ""min"": 10.2, ""max"": 49.3, ""lower_is_better"": false, ""is_percent"": true}, {""key"": ""return_points_won_percent"", ""name"": ""Return Points Won %"", ""raw"": 41.7, ""raw_display"": ""41.7%"", ""normalized"": 51.53, ""weight"": 0.2, ""weight_pct"": 20.0, ""min"": 33.3, ""max"": 49.6, ""lower_is_better"": false, ""is_percent"": true}]}"
2026-03-07T08:04:19.660159Z,return,Return,65,Marie Bouzkova,320983,https://www.wtatennis.com/players/320983/marie-bouzkova,https://photoresources.wtatennis.com/wta/photo/2024/04/30/855a5cde-3d8b-4421-8a4d-8d45b189659a/Bouzkova-Torso_320983-WTA-Tennis.png,56.2,1st Return Points Won %,37.5%,2nd Return Points Won %,52.7%,Break Points Converted %,42.3%,Return Games Won %,30.8%,Return Points Won %,42.6%,,,"{""category"": ""return"", ""player_rank"": 33, ""match_count"": 10, ""formula"": ""normalized_score = Σ(metric_norm × weight)"", ""metrics"": [{""key"": ""first_return_percent"", ""name"": ""1st Return Points Won %"", ""raw"": 37.5, ""raw_display"": ""37.5%"", ""normalized"": 69.12, ""weight"": 0.22, ""weight_pct"": 22.0, ""min"": 22.5, ""max"": 44.2, ""lower_is_better"": false, ""is_percent"": true}, {""key"": ""second_return_percent"", ""name"": ""2nd Return Points Won %"", ""raw"": 52.7, ""raw_display"": ""52.7%"", ""normalized"": 48.02, ""weight"": 0.22, ""weight_pct"": 22.0, ""min"": 44.2, ""max"": 61.9, ""lower_is_better"": false, ""is_percent"": true}, {""key"": ""breakpoint_converted_percent"", ""name"": ""Break Points Converted %"", ""raw"": 42.3, ""raw_display"": ""42.3%"", ""normalized"": 52.82, ""weight"": 0.2, ""weight_pct"": 20.0, ""min"": 21.7, ""max"": 60.7, ""lower_is_better"": false, ""is_percent"": true}, {""key"": ""return_games_won_percent"", ""name"": ""Return Games Won %"", ""raw"": 30.8, ""raw_display"": ""30.8%"", ""normalized"": 52.69, ""weight"": 0.16, ""weight_pct"": 16.0, ""min"": 10.2, ""max"": 49.3, ""lower_is_better"": false, ""is_percent"": true}, {""key"": ""return_points_won_percent"", ""name"": ""Return Points Won %"", ""raw"": 42.6, ""raw_display"": ""42.6%"", ""normalized"": 57.06, ""weight"": 0.2, ""weight_pct"": 20.0, ""min"": 33.3, ""max"": 49.6, ""lower_is_better"": false, ""is_percent"": true}]}"
2026-03-07T08:04:19.660159Z,return,Return,66,Barbora Krejcikova,318314,https://www.wtatennis.com/players/318314/barbora-krejcikova,https://photoresources.wtatennis.com/wta/photo/2025/04/14/424125a1-68db-4a69-a07a-4f0b6c2fb2ec/Krejcikova-Torso_318314.png,56.1,1st Return Points Won %,34.0%,2nd Return Points Won %,54.6%,Break Points Converted %,45.8%,Return Games Won %,30.6%,Return Points Won %,42.1%,,,"{""category"": ""return"", ""player_rank"": 53, ""match_count"": 6, ""formula"": ""normalized_score = Σ(metric_norm × weight)"", ""metrics"": [{""key"": ""first_return_percent"", ""name"": ""1st Return Points Won %"", ""raw"": 34.0, ""raw_display"": ""34.0%"", ""normalized"": 53.0, ""weight"": 0.22, ""weight_pct"": 22.0, ""min"": 22.5, ""max"": 44.2, ""lower_is_better"": false, ""is_percent"": true}, {""key"": ""second_return_percent"", ""name"": ""2nd Return Points Won %"", ""raw"": 54.6, ""raw_display"": ""54.6%"", ""normalized"": 58.76, ""weight"": 0.22, ""weight_pct"": 22.0, ""min"": 44.2, ""max"": 61.9, ""lower_is_better"": false, ""is_percent"": true}, {""key"": ""breakpoint_converted_percent"", ""name"": ""Break Points Converted %"", ""raw"": 45.8, ""raw_display"": ""45.8%"", ""normalized"": 61.79, ""weight"": 0.2, ""weight_pct"": 20.0, ""min"": 21.7, ""max"": 60.7, ""lower_is_better"": false, ""is_percent"": true}, {""key"": ""return_games_won_percent"", ""name"": ""Return Games Won %"", ""raw"": 30.6, ""raw_display"": ""30.6%"", ""normalized"": 52.17, ""weight"": 0.16, ""weight_pct"": 16.0, ""min"": 10.2, ""max"": 49.3, ""lower_is_better"": false, ""is_percent"": true}, {""key"": ""return_points_won_percent"", ""name"": ""Return Points Won %"", ""raw"": 42.1, ""raw_display"": ""42.1%"", ""normalized"": 53.99, ""weight"": 0.2, ""weight_pct"": 20.0, ""min"": 33.3, ""max"": 49.6, ""lower_is_better"": false, ""is_percent"": true}]}"
2026-03-07T08:04:19.660159Z,return,Return,67,Anastasia Zakharova,327367,https://www.wtatennis.com/players/327367/anastasia-zakharova,https://photoresources.wtatennis.com/wta/photo/2022/09/12/b9bde676-db0a-46c5-97c6-9b0b8f86aae2/Zakharova_Crop.jpg,55.7,1st Return Points Won %,34.1%,2nd Return Points Won %,55.3%,Break Points Converted %,40.0%,Return Games Won %,33.0%,Return Points Won %,42.6%,,,"{""category"": ""return"", ""player_rank"": 86, ""match_count"": 8, ""formula"": ""normalized_score = Σ(metric_norm × weight)"", ""metrics"": [{""key"": ""first_return_percent"", ""name"": ""1st Return Points Won %"", ""raw"": 34.1, ""raw_display"": ""34.1%"", ""normalized"": 53.46, ""weight"": 0.22, ""weight_pct"": 22.0, ""min"": 22.5, ""max"": 44.2, ""lower_is_better"": false, ""is_percent"": true}, {""key"": ""second_return_percent"", ""name"": ""2nd Return Points Won %"", ""raw"": 55.3, ""raw_display"": ""55.3%"", ""normalized"": 62.71, ""weight"": 0.22, ""weight_pct"": 22.0, ""min"": 44.2, ""max"": 61.9, ""lower_is_better"": false, ""is_percent"": true}, {""key"": ""breakpoint_converted_percent"", ""name"": ""Break Points Converted %"", ""raw"": 40.0, ""raw_display"": ""40.0%"", ""normalized"": 46.92, ""weight"": 0.2, ""weight_pct"": 20.0, ""min"": 21.7, ""max"": 60.7, ""lower_is_better"": false, ""is_percent"": true}, {""key"": ""return_games_won_percent"", ""name"": ""Return Games Won %"", ""raw"": 33.0, ""raw_display"": ""33.0%"", ""normalized"": 58.31, ""weight"": 0.16, ""weight_pct"": 16.0, ""min"": 10.2, ""max"": 49.3, ""lower_is_better"": false, ""is_percent"": true}, {""key"": ""return_points_won_percent"", ""name"": ""Return Points Won %"", ""raw"": 42.6, ""raw_display"": ""42.6%"", ""normalized"": 57.06, ""weight"": 0.2, ""weight_pct"": 20.0, ""min"": 33.3, ""max"": 49.6, ""lower_is_better"": false, ""is_percent"": true}]}"
2026-03-07T08:04:19.660159Z,return,Return,68,Emiliana Arango,324789,https://www.wtatennis.com/players/324789/emiliana-arango,https://photoresources.wtatennis.com/wta/photo/2024/05/01/549f2b70-163d-4be0-90ec-a25fb84e1e72/Arango-Torso_324789-WTA-Tennis.png,55.7,1st Return Points Won %,39.0%,2nd Return Points Won %,53.6%,Break Points Converted %,32.8%,Return Games Won %,30.8%,Return Points Won %,44.0%,,,"{""category"": ""return"", ""player_rank"": 108, ""match_count"": 7, ""formula"": ""normalized_score = Σ(metric_norm × weight)"", ""metrics"": [{""key"": ""first_return_percent"", ""name"": ""1st Return Points Won %"", ""raw"": 39.0, ""raw_display"": ""39.0%"", ""normalized"": 76.04, ""weight"": 0.22, ""weight_pct"": 22.0, ""min"": 22.5, ""max"": 44.2, ""lower_is_better"": false, ""is_percent"": true}, {""key"": ""second_return_percent"", ""name"": ""2nd Return Points Won %"", ""raw"": 53.6, ""raw_display"": ""53.6%"", ""normalized"": 53.11, ""weight"": 0.22, ""weight_pct"": 22.0, ""min"": 44.2, ""max"": 61.9, ""lower_is_better"": false, ""is_percent"": true}, {""key"": ""breakpoint_converted_percent"", ""name"": ""Break Points Converted %"", ""raw"": 32.8, ""raw_display"": ""32.8%"", ""normalized"": 28.46, ""weight"": 0.2, ""weight_pct"": 20.0, ""min"": 21.7, ""max"": 60.7, ""lower_is_better"": false, ""is_percent"": true}, {""key"": ""return_games_won_percent"", ""name"": ""Return Games Won %"", ""raw"": 30.8, ""raw_display"": ""30.8%"", ""normalized"": 52.69, ""weight"": 0.16, ""weight_pct"": 16.0, ""min"": 10.2, ""max"": 49.3, ""lower_is_better"": false, ""is_percent"": true}, {""key"": ""return_points_won_percent"", ""name"": ""Return Points Won %"", ""raw"": 44.0, ""raw_display"": ""44.0%"", ""normalized"": 65.64, ""weight"": 0.2, ""weight_pct"": 20.0, ""min"": 33.3, ""max"": 49.6, ""lower_is_better"": false, ""is_percent"": true}]}"
2026-03-07T08:04:19.660159Z,return,Return,69,Dayana Yastremska,324261,https://www.wtatennis.com/players/324261/dayana-yastremska,https://photoresources.wtatennis.com/wta/photo/2024/05/01/f7f35218-86e5-4fdf-a800-3cceda728b38/Yastremska-Torso_324261-WTA-Tennis.png,55.0,1st Return Points Won %,35.7%,2nd Return Points Won %,51.7%,Break Points Converted %,47.2%,Return Games Won %,31.5%,Return Points Won %,41.9%,,,"{""category"": ""return"", ""player_rank"": 52, ""match_count"": 11, ""formula"": ""normalized_score = Σ(metric_norm × weight)"", ""metrics"": [{""key"": ""first_return_percent"", ""name"": ""1st Return Points Won %"", ""raw"": 35.7, ""raw_display"": ""35.7%"", ""normalized"": 60.83, ""weight"": 0.22, ""weight_pct"": 22.0, ""min"": 22.5, ""max"": 44.2, ""lower_is_better"": false, ""is_percent"": true}, {""key"": ""second_return_percent"", ""name"": ""2nd Return Points Won %"", ""raw"": 51.7, ""raw_display"": ""51.7%"", ""normalized"": 42.37, ""weight"": 0.22, ""weight_pct"": 22.0, ""min"": 44.2, ""max"": 61.9, ""lower_is_better"": false, ""is_percent"": true}, {""key"": ""breakpoint_converted_percent"", ""name"": ""Break Points Converted %"", ""raw"": 47.2, ""raw_display"": ""47.2%"", ""normalized"": 65.38, ""weight"": 0.2, ""weight_pct"": 20.0, ""min"": 21.7, ""max"": 60.7, ""lower_is_better"": false, ""is_percent"": true}, {""key"": ""return_games_won_percent"", ""name"": ""Return Games Won %"", ""raw"": 31.5, ""raw_display"": ""31.5%"", ""normalized"": 54.48, ""weight"": 0.16, ""weight_pct"": 16.0, ""min"": 10.2, ""max"": 49.3, ""lower_is_better"": false, ""is_percent"": true}, {""key"": ""return_points_won_percent"", ""name"": ""Return Points Won %"", ""raw"": 41.9, ""raw_display"": ""41.9%"", ""normalized"": 52.76, ""weight"": 0.2, ""weight_pct"": 20.0, ""min"": 33.3, ""max"": 49.6, ""lower_is_better"": false, ""is_percent"": true}]}"
2026-03-07T08:04:19.660159Z,return,Return,70,Magda Linette,315130,https://www.wtatennis.com/players/315130/magda-linette,https://photoresources.wtatennis.com/wta/photo/2023/06/02/467a8c62-99f5-4b78-8d37-6c23c6768531/Linette-Torso_315130.png,53.1,1st Return Points Won %,35.7%,2nd Return Points Won %,51.9%,Break Points Converted %,44.3%,Return Games Won %,30.7%,Return Points Won %,41.6%,,,"{""category"": ""return"", ""player_rank"": 49, ""match_count"": 16, ""formula"": ""normalized_score = Σ(metric_norm × weight)"", ""metrics"": [{""key"": ""first_return_percent"", ""name"": ""1st Return Points Won %"", ""raw"": 35.7, ""raw_display"": ""35.7%"", ""normalized"": 60.83, ""weight"": 0.22, ""weight_pct"": 22.0, ""min"": 22.5, ""max"": 44.2, ""lower_is_better"": false, ""is_percent"": true}, {""key"": ""second_return_percent"", ""name"": ""2nd Return Points Won %"", ""raw"": 51.9, ""raw_display"": ""51.9%"", ""normalized"": 43.5, ""weight"": 0.22, ""weight_pct"": 22.0, ""min"": 44.2, ""max"": 61.9, ""lower_is_better"": false, ""is_percent"": true}, {""key"": ""breakpoint_converted_percent"", ""name"": ""Break Points Converted %"", ""raw"": 44.3, ""raw_display"": ""44.3%"", ""normalized"": 57.95, ""weight"": 0.2, ""weight_pct"": 20.0, ""min"": 21.7, ""max"": 60.7, ""lower_is_better"": false, ""is_percent"": true}, {""key"": ""return_games_won_percent"", ""name"": ""Return Games Won %"", ""raw"": 30.7, ""raw_display"": ""30.7%"", ""normalized"": 52.43, ""weight"": 0.16, ""weight_pct"": 16.0, ""min"": 10.2, ""max"": 49.3, ""lower_is_better"": false, ""is_percent"": true}, {""key"": ""return_points_won_percent"", ""name"": ""Return Points Won %"", ""raw"": 41.6, ""raw_display"": ""41.6%"", ""normalized"": 50.92, ""weight"": 0.2, ""weight_pct"": 20.0, ""min"": 33.3, ""max"": 49.6, ""lower_is_better"": false, ""is_percent"": true}]}"
2026-03-07T08:04:19.660159Z,return,Return,71,Solana Sierra,329081,https://www.wtatennis.com/players/329081/solana-sierra,https://photoresources.wtatennis.com/wta/photo/2026/01/13/4c741cca-cce3-46d6-a7a2-8b398836bfd0/Sierra-Torso_329081.png,52.8,1st Return Points Won %,31.3%,2nd Return Points Won %,52.5%,Break Points Converted %,60.0%,Return Games Won %,26.9%,Return Points Won %,39.1%,,,"{""category"": ""return"", ""player_rank"": 65, ""match_count"": 7, ""formula"": ""normalized_score = Σ(metric_norm × weight)"", ""metrics"": [{""key"": ""first_return_percent"", ""name"": ""1st Return Points Won %"", ""raw"": 31.3, ""raw_display"": ""31.3%"", ""normalized"": 40.55, ""weight"": 0.22, ""weight_pct"": 22.0, ""min"": 22.5, ""max"": 44.2, ""lower_is_better"": false, ""is_percent"": true}, {""key"": ""second_return_percent"", ""name"": ""2nd Return Points Won %"", ""raw"": 52.5, ""raw_display"": ""52.5%"", ""normalized"": 46.89, ""weight"": 0.22, ""weight_pct"": 22.0, ""min"": 44.2, ""max"": 61.9, ""lower_is_better"": false, ""is_percent"": true}, {""key"": ""breakpoint_converted_percent"", ""name"": ""Break Points Converted %"", ""raw"": 60.0, ""raw_display"": ""60.0%"", ""normalized"": 98.21, ""weight"": 0.2, ""weight_pct"": 20.0, ""min"": 21.7, ""max"": 60.7, ""lower_is_better"": false, ""is_percent"": true}, {""key"": ""return_games_won_percent"", ""name"": ""Return Games Won %"", ""raw"": 26.9, ""raw_display"": ""26.9%"", ""normalized"": 42.71, ""weight"": 0.16, ""weight_pct"": 16.0, ""min"": 10.2, ""max"": 49.3, ""lower_is_better"": false, ""is_percent"": true}, {""key"": ""return_points_won_percent"", ""name"": ""Return Points Won %"", ""raw"": 39.1, ""raw_display"": ""39.1%"", ""normalized"": 35.58, ""weight"": 0.2, ""weight_pct"": 20.0, ""min"": 33.3, ""max"": 49.6, ""lower_is_better"": false, ""is_percent"": true}]}"
2026-03-07T08:04:19.660159Z,return,Return,72,Ann Li,326096,https://www.wtatennis.com/players/326096/ann-li,https://photoresources.wtatennis.com/wta/photo/2025/04/16/98b4db66-f66e-4853-9272-aa6eb159f8ea/Li-Torso_326096.png,52.5,1st Return Points Won %,34.5%,2nd Return Points Won %,52.8%,Break Points Converted %,43.6%,Return Games Won %,30.8%,Return Points Won %,41.4%,,,"{""category"": ""return"", ""player_rank"": 41, ""match_count"": 10, ""formula"": ""normalized_score = Σ(metric_norm × weight)"", ""metrics"": [{""key"": ""first_return_percent"", ""name"": ""1st Return Points Won %"", ""raw"": 34.5, ""raw_display"": ""34.5%"", ""normalized"": 55.3, ""weight"": 0.22, ""weight_pct"": 22.0, ""min"": 22.5, ""max"": 44.2, ""lower_is_better"": false, ""is_percent"": true}, {""key"": ""second_return_percent"", ""name"": ""2nd Return Points Won %"", ""raw"": 52.8, ""raw_display"": ""52.8%"", ""normalized"": 48.59, ""weight"": 0.22, ""weight_pct"": 22.0, ""min"": 44.2, ""max"": 61.9, ""lower_is_better"": false, ""is_percent"": true}, {""key"": ""breakpoint_converted_percent"", ""name"": ""Break Points Converted %"", ""raw"": 43.6, ""raw_display"": ""43.6%"", ""normalized"": 56.15, ""weight"": 0.2, ""weight_pct"": 20.0, ""min"": 21.7, ""max"": 60.7, ""lower_is_better"": false, ""is_percent"": true}, {""key"": ""return_games_won_percent"", ""name"": ""Return Games Won %"", ""raw"": 30.8, ""raw_display"": ""30.8%"", ""normalized"": 52.69, ""weight"": 0.16, ""weight_pct"": 16.0, ""min"": 10.2, ""max"": 49.3, ""lower_is_better"": false, ""is_percent"": true}, {""key"": ""return_points_won_percent"", ""name"": ""Return Points Won %"", ""raw"": 41.4, ""raw_display"": ""41.4%"", ""normalized"": 49.69, ""weight"": 0.2, ""weight_pct"": 20.0, ""min"": 33.3, ""max"": 49.6, ""lower_is_better"": false, ""is_percent"": true}]}"
2026-03-07T08:04:19.660159Z,return,Return,73,Linda Noskova,329668,https://www.wtatennis.com/players/329668/linda-noskova,https://photoresources.wtatennis.com/wta/photo/2024/05/01/54485a31-3775-4c65-a62c-298a5e124a18/Noskova-Torso_329668-WTA-Tennis.png,50.3,1st Return Points Won %,31.6%,2nd Return Points Won %,54.4%,Break Points Converted %,44.6%,Return Games Won %,30.0%,Return Points Won %,40.3%,,,"{""category"": ""return"", ""player_rank"": 14, ""match_count"": 9, ""formula"": ""normalized_score = Σ(metric_norm × weight)"", ""metrics"": [{""key"": ""first_return_percent"", ""name"": ""1st Return Points Won %"", ""raw"": 31.6, ""raw_display"": ""31.6%"", ""normalized"": 41.94, ""weight"": 0.22, ""weight_pct"": 22.0, ""min"": 22.5, ""max"": 44.2, ""lower_is_better"": false, ""is_percent"": true}, {""key"": ""second_return_percent"", ""name"": ""2nd Return Points Won %"", ""raw"": 54.4, ""raw_display"": ""54.4%"", ""normalized"": 57.63, ""weight"": 0.22, ""weight_pct"": 22.0, ""min"": 44.2, ""max"": 61.9, ""lower_is_better"": false, ""is_percent"": true}, {""key"": ""breakpoint_converted_percent"", ""name"": ""Break Points Converted %"", ""raw"": 44.6, ""raw_display"": ""44.6%"", ""normalized"": 58.72, ""weight"": 0.2, ""weight_pct"": 20.0, ""min"": 21.7, ""max"": 60.7, ""lower_is_better"": false, ""is_percent"": true}, {""key"": ""return_games_won_percent"", ""name"": ""Return Games Won %"", ""raw"": 30.0, ""raw_display"": ""30.0%"", ""normalized"": 50.64, ""weight"": 0.16, ""weight_pct"": 16.0, ""min"": 10.2, ""max"": 49.3, ""lower_is_better"": false, ""is_percent"": true}, {""key"": ""return_points_won_percent"", ""name"": ""Return Points Won %"", ""raw"": 40.3, ""raw_display"": ""40.3%"", ""normalized"": 42.94, ""weight"": 0.2, ""weight_pct"": 20.0, ""min"": 33.3, ""max"": 49.6, ""lower_is_better"": false, ""is_percent"": true}]}"
2026-03-07T08:04:19.660159Z,return,Return,74,Taylor Townsend,318609,https://www.wtatennis.com/players/318609/taylor-townsend,https://photoresources.wtatennis.com/wta/photo/2025/04/16/f8ef509e-6e63-484e-b011-65517015933e/Townsend-Torso_318609.png,50.2,1st Return Points Won %,31.5%,2nd Return Points Won %,55.5%,Break Points Converted %,40.0%,Return Games Won %,28.2%,Return Points Won %,41.7%,,,"{""category"": ""return"", ""player_rank"": 87, ""match_count"": 6, ""formula"": ""normalized_score = Σ(metric_norm × weight)"", ""metrics"": [{""key"": ""first_return_percent"", ""name"": ""1st Return Points Won %"", ""raw"": 31.5, ""raw_display"": ""31.5%"", ""normalized"": 41.47, ""weight"": 0.22, ""weight_pct"": 22.0, ""min"": 22.5, ""max"": 44.2, ""lower_is_better"": false, ""is_percent"": true}, {""key"": ""second_return_percent"", ""name"": ""2nd Return Points Won %"", ""raw"": 55.5, ""raw_display"": ""55.5%"", ""normalized"": 63.84, ""weight"": 0.22, ""weight_pct"": 22.0, ""min"": 44.2, ""max"": 61.9, ""lower_is_better"": false, ""is_percent"": true}, {""key"": ""breakpoint_converted_percent"", ""name"": ""Break Points Converted %"", ""raw"": 40.0, ""raw_display"": ""40.0%"", ""normalized"": 46.92, ""weight"": 0.2, ""weight_pct"": 20.0, ""min"": 21.7, ""max"": 60.7, ""lower_is_better"": false, ""is_percent"": true}, {""key"": ""return_games_won_percent"", ""name"": ""Return Games Won %"", ""raw"": 28.2, ""raw_display"": ""28.2%"", ""normalized"": 46.04, ""weight"": 0.16, ""weight_pct"": 16.0, ""min"": 10.2, ""max"": 49.3, ""lower_is_better"": false, ""is_percent"": true}, {""key"": ""return_points_won_percent"", ""name"": ""Return Points Won %"", ""raw"": 41.7, ""raw_display"": ""41.7%"", ""normalized"": 51.53, ""weight"": 0.2, ""weight_pct"": 20.0, ""min"": 33.3, ""max"": 49.6, ""lower_is_better"": false, ""is_percent"": true}]}"
2026-03-07T08:04:19.660159Z,return,Return,75,Beatriz Haddad Maia,318176,https://www.wtatennis.com/players/318176/beatriz-haddad-maia,https://photoresources.wtatennis.com/wta/photo/2024/04/29/6a86f217-d93c-4130-a18a-b833b2db2ab6/HaddadMaia-Torso_318176-WTA-Tennis.png,49.8,1st Return Points Won %,35.0%,2nd Return Points Won %,49.6%,Break Points Converted %,50.0%,Return Games Won %,26.8%,Return Points Won %,40.7%,,,"{""category"": ""return"", ""player_rank"": 67, ""match_count"": 5, ""formula"": ""normalized_score = Σ(metric_norm × weight)"", ""metrics"": [{""key"": ""first_return_percent"", ""name"": ""1st Return Points Won %"", ""raw"": 35.0, ""raw_display"": ""35.0%"", ""normalized"": 57.6, ""weight"": 0.22, ""weight_pct"": 22.0, ""min"": 22.5, ""max"": 44.2, ""lower_is_better"": false, ""is_percent"": true}, {""key"": ""second_return_percent"", ""name"": ""2nd Return Points Won %"", ""raw"": 49.6, ""raw_display"": ""49.6%"", ""normalized"": 30.51, ""weight"": 0.22, ""weight_pct"": 22.0, ""min"": 44.2, ""max"": 61.9, ""lower_is_better"": false, ""is_percent"": true}, {""key"": ""breakpoint_converted_percent"", ""name"": ""Break Points Converted %"", ""raw"": 50.0, ""raw_display"": ""50.0%"", ""normalized"": 72.56, ""weight"": 0.2, ""weight_pct"": 20.0, ""min"": 21.7, ""max"": 60.7, ""lower_is_better"": false, ""is_percent"": true}, {""key"": ""return_games_won_percent"", ""name"": ""Return Games Won %"", ""raw"": 26.8, ""raw_display"": ""26.8%"", ""normalized"": 42.46, ""weight"": 0.16, ""weight_pct"": 16.0, ""min"": 10.2, ""max"": 49.3, ""lower_is_better"": false, ""is_percent"": true}, {""key"": ""return_points_won_percent"", ""name"": ""Return Points Won %"", ""raw"": 40.7, ""raw_display"": ""40.7%"", ""normalized"": 45.4, ""weight"": 0.2, ""weight_pct"": 20.0, ""min"": 33.3, ""max"": 49.6, ""lower_is_better"": false, ""is_percent"": true}]}"
2026-03-07T08:04:19.660159Z,return,Return,76,Petra Marcinko,330799,https://www.wtatennis.com/players/330799/petra-marcinko,https://photoresources.wtatennis.com/wta/photo/2023/12/06/f0cede4c-d52e-4772-8e55-4627d1ac4c82/Petra-Marcinko.png,49.7,1st Return Points Won %,31.8%,2nd Return Points Won %,57.9%,Break Points Converted %,30.0%,Return Games Won %,30.0%,Return Points Won %,42.2%,,,"{""category"": ""return"", ""player_rank"": 72, ""match_count"": 6, ""formula"": ""normalized_score = Σ(metric_norm × weight)"", ""metrics"": [{""key"": ""first_return_percent"", ""name"": ""1st Return Points Won %"", ""raw"": 31.8, ""raw_display"": ""31.8%"", ""normalized"": 42.86, ""weight"": 0.22, ""weight_pct"": 22.0, ""min"": 22.5, ""max"": 44.2, ""lower_is_better"": false, ""is_percent"": true}, {""key"": ""second_return_percent"", ""name"": ""2nd Return Points Won %"", ""raw"": 57.9, ""raw_display"": ""57.9%"", ""normalized"": 77.4, ""weight"": 0.22, ""weight_pct"": 22.0, ""min"": 44.2, ""max"": 61.9, ""lower_is_better"": false, ""is_percent"": true}, {""key"": ""breakpoint_converted_percent"", ""name"": ""Break Points Converted %"", ""raw"": 30.0, ""raw_display"": ""30.0%"", ""normalized"": 21.28, ""weight"": 0.2, ""weight_pct"": 20.0, ""min"": 21.7, ""max"": 60.7, ""lower_is_better"": false, ""is_percent"": true}, {""key"": ""return_games_won_percent"", ""name"": ""Return Games Won %"", ""raw"": 30.0, ""raw_display"": ""30.0%"", ""normalized"": 50.64, ""weight"": 0.16, ""weight_pct"": 16.0, ""min"": 10.2, ""max"": 49.3, ""lower_is_better"": false, ""is_percent"": true}, {""key"": ""return_points_won_percent"", ""name"": ""Return Points Won %"", ""raw"": 42.2, ""raw_display"": ""42.2%"", ""normalized"": 54.6, ""weight"": 0.2, ""weight_pct"": 20.0, ""min"": 33.3, ""max"": 49.6, ""lower_is_better"": false, ""is_percent"": true}]}"
2026-03-07T08:04:19.660159Z,return,Return,77,Emma Navarro,325410,https://www.wtatennis.com/players/325410/emma-navarro,https://photoresources.wtatennis.com/wta/photo/2025/03/10/1b632c69-3141-4fca-a7bf-1cf3c6f62d65/Navarro-Torso_325410.png,49.5,1st Return Points Won %,32.5%,2nd Return Points Won %,53.2%,Break Points Converted %,43.8%,Return Games Won %,29.2%,Return Points Won %,40.7%,,,"{""category"": ""return"", ""player_rank"": 25, ""match_count"": 11, ""formula"": ""normalized_score = Σ(metric_norm × weight)"", ""metrics"": [{""key"": ""first_return_percent"", ""name"": ""1st Return Points Won %"", ""raw"": 32.5, ""raw_display"": ""32.5%"", ""normalized"": 46.08, ""weight"": 0.22, ""weight_pct"": 22.0, ""min"": 22.5, ""max"": 44.2, ""lower_is_better"": false, ""is_percent"": true}, {""key"": ""second_return_percent"", ""name"": ""2nd Return Points Won %"", ""raw"": 53.2, ""raw_display"": ""53.2%"", ""normalized"": 50.85, ""weight"": 0.22, ""weight_pct"": 22.0, ""min"": 44.2, ""max"": 61.9, ""lower_is_better"": false, ""is_percent"": true}, {""key"": ""breakpoint_converted_percent"", ""name"": ""Break Points Converted %"", ""raw"": 43.8, ""raw_display"": ""43.8%"", ""normalized"": 56.67, ""weight"": 0.2, ""weight_pct"": 20.0, ""min"": 21.7, ""max"": 60.7, ""lower_is_better"": false, ""is_percent"": true}, {""key"": ""return_games_won_percent"", ""name"": ""Return Games Won %"", ""raw"": 29.2, ""raw_display"": ""29.2%"", ""normalized"": 48.59, ""weight"": 0.16, ""weight_pct"": 16.0, ""min"": 10.2, ""max"": 49.3, ""lower_is_better"": false, ""is_percent"": true}, {""key"": ""return_points_won_percent"", ""name"": ""Return Points Won %"", ""raw"": 40.7, ""raw_display"": ""40.7%"", ""normalized"": 45.4, ""weight"": 0.2, ""weight_pct"": 20.0, ""min"": 33.3, ""max"": 49.6, ""lower_is_better"": false, ""is_percent"": true}]}"
2026-03-07T08:04:19.660159Z,return,Return,78,Francesca Jones,324479,https://www.wtatennis.com/players/324479/francesca-jones,https://photoresources.wtatennis.com/wta/photo/2025/06/09/a4ce2850-bad4-4320-a242-966d1ee5002e/Jones-Torso_324479.png,49.4,1st Return Points Won %,35.7%,2nd Return Points Won %,50.0%,Break Points Converted %,41.9%,Return Games Won %,32.7%,Return Points Won %,40.8%,,,"{""category"": ""return"", ""player_rank"": 93, ""match_count"": 5, ""formula"": ""normalized_score = Σ(metric_norm × weight)"", ""metrics"": [{""key"": ""first_return_percent"", ""name"": ""1st Return Points Won %"", ""raw"": 35.7, ""raw_display"": ""35.7%"", ""normalized"": 60.83, ""weight"": 0.22, ""weight_pct"": 22.0, ""min"": 22.5, ""max"": 44.2, ""lower_is_better"": false, ""is_percent"": true}, {""key"": ""second_return_percent"", ""name"": ""2nd Return Points Won %"", ""raw"": 50.0, ""raw_display"": ""50.0%"", ""normalized"": 32.77, ""weight"": 0.22, ""weight_pct"": 22.0, ""min"": 44.2, ""max"": 61.9, ""lower_is_better"": false, ""is_percent"": true}, {""key"": ""breakpoint_converted_percent"", ""name"": ""Break Points Converted %"", ""raw"": 41.9, ""raw_display"": ""41.9%"", ""normalized"": 51.79, ""weight"": 0.2, ""weight_pct"": 20.0, ""min"": 21.7, ""max"": 60.7, ""lower_is_better"": false, ""is_percent"": true}, {""key"": ""return_games_won_percent"", ""name"": ""Return Games Won %"", ""raw"": 32.7, ""raw_display"": ""32.7%"", ""normalized"": 57.54, ""weight"": 0.16, ""weight_pct"": 16.0, ""min"": 10.2, ""max"": 49.3, ""lower_is_better"": false, ""is_percent"": true}, {""key"": ""return_points_won_percent"", ""name"": ""Return Points Won %"", ""raw"": 40.8, ""raw_display"": ""40.8%"", ""normalized"": 46.01, ""weight"": 0.2, ""weight_pct"": 20.0, ""min"": 33.3, ""max"": 49.6, ""lower_is_better"": false, ""is_percent"": true}]}"
2026-03-07T08:04:19.660159Z,return,Return,79,Paula Badosa,320124,https://www.wtatennis.com/players/320124/paula-badosa,https://photoresources.wtatennis.com/wta/photo/2025/03/10/c9e895e9-8b7d-4b56-897d-823e5268a241/Badosa-Torso_320124.png,48.9,1st Return Points Won %,37.4%,2nd Return Points Won %,49.6%,Break Points Converted %,36.6%,Return Games Won %,31.0%,Return Points Won %,42.2%,,,"{""category"": ""return"", ""player_rank"": 106, ""match_count"": 8, ""formula"": ""normalized_score = Σ(metric_norm × weight)"", ""metrics"": [{""key"": ""first_return_percent"", ""name"": ""1st Return Points Won %"", ""raw"": 37.4, ""raw_display"": ""37.4%"", ""normalized"": 68.66, ""weight"": 0.22, ""weight_pct"": 22.0, ""min"": 22.5, ""max"": 44.2, ""lower_is_better"": false, ""is_percent"": true}, {""key"": ""second_return_percent"", ""name"": ""2nd Return Points Won %"", ""raw"": 49.6, ""raw_display"": ""49.6%"", ""normalized"": 30.51, ""weight"": 0.22, ""weight_pct"": 22.0, ""min"": 44.2, ""max"": 61.9, ""lower_is_better"": false, ""is_percent"": true}, {""key"": ""breakpoint_converted_percent"", ""name"": ""Break Points Converted %"", ""raw"": 36.6, ""raw_display"": ""36.6%"", ""normalized"": 38.21, ""weight"": 0.2, ""weight_pct"": 20.0, ""min"": 21.7, ""max"": 60.7, ""lower_is_better"": false, ""is_percent"": true}, {""key"": ""return_games_won_percent"", ""name"": ""Return Games Won %"", ""raw"": 31.0, ""raw_display"": ""31.0%"", ""normalized"": 53.2, ""weight"": 0.16, ""weight_pct"": 16.0, ""min"": 10.2, ""max"": 49.3, ""lower_is_better"": false, ""is_percent"": true}, {""key"": ""return_points_won_percent"", ""name"": ""Return Points Won %"", ""raw"": 42.2, ""raw_display"": ""42.2%"", ""normalized"": 54.6, ""weight"": 0.2, ""weight_pct"": 20.0, ""min"": 33.3, ""max"": 49.6, ""lower_is_better"": false, ""is_percent"": true}]}"
2026-03-07T08:04:19.660159Z,return,Return,80,Renata Zarazua,320716,https://www.wtatennis.com/players/320716/renata-zarazua,https://photoresources.wtatennis.com/wta/photo/2024/01/02/aef0cf2d-949c-4894-8f8b-e770b5aa84c5/320716.jpg,47.5,1st Return Points Won %,34.7%,2nd Return Points Won %,52.2%,Break Points Converted %,39.3%,Return Games Won %,27.5%,Return Points Won %,40.7%,,,"{""category"": ""return"", ""player_rank"": 89, ""match_count"": 7, ""formula"": ""normalized_score = Σ(metric_norm × weight)"", ""metrics"": [{""key"": ""first_return_percent"", ""name"": ""1st Return Points Won %"", ""raw"": 34.7, ""raw_display"": ""34.7%"", ""normalized"": 56.22, ""weight"": 0.22, ""weight_pct"": 22.0, ""min"": 22.5, ""max"": 44.2, ""lower_is_better"": false, ""is_percent"": true}, {""key"": ""second_return_percent"", ""name"": ""2nd Return Points Won %"", ""raw"": 52.2, ""raw_display"": ""52.2%"", ""normalized"": 45.2, ""weight"": 0.22, ""weight_pct"": 22.0, ""min"": 44.2, ""max"": 61.9, ""lower_is_better"": false, ""is_percent"": true}, {""key"": ""breakpoint_converted_percent"", ""name"": ""Break Points Converted %"", ""raw"": 39.3, ""raw_display"": ""39.3%"", ""normalized"": 45.13, ""weight"": 0.2, ""weight_pct"": 20.0, ""min"": 21.7, ""max"": 60.7, ""lower_is_better"": false, ""is_percent"": true}, {""key"": ""return_games_won_percent"", ""name"": ""Return Games Won %"", ""raw"": 27.5, ""raw_display"": ""27.5%"", ""normalized"": 44.25, ""weight"": 0.16, ""weight_pct"": 16.0, ""min"": 10.2, ""max"": 49.3, ""lower_is_better"": false, ""is_percent"": true}, {""key"": ""return_points_won_percent"", ""name"": ""Return Points Won %"", ""raw"": 40.7, ""raw_display"": ""40.7%"", ""normalized"": 45.4, ""weight"": 0.2, ""weight_pct"": 20.0, ""min"": 33.3, ""max"": 49.6, ""lower_is_better"": false, ""is_percent"": true}]}"
2026-03-07T08:04:19.660159Z,return,Return,81,Hailey Baptiste,327101,https://www.wtatennis.com/players/327101/hailey-baptiste,https://photoresources.wtatennis.com/wta/photo/2025/05/08/bca4c48d-f90b-4827-a9ea-7fe931d64f95/Baptiste-Torso_327101.png,45.8,1st Return Points Won %,34.1%,2nd Return Points Won %,52.4%,Break Points Converted %,38.4%,Return Games Won %,27.7%,Return Points Won %,39.9%,,,"{""category"": ""return"", ""player_rank"": 43, ""match_count"": 11, ""formula"": ""normalized_score = Σ(metric_norm × weight)"", ""metrics"": [{""key"": ""first_return_percent"", ""name"": ""1st Return Points Won %"", ""raw"": 34.1, ""raw_display"": ""34.1%"", ""normalized"": 53.46, ""weight"": 0.22, ""weight_pct"": 22.0, ""min"": 22.5, ""max"": 44.2, ""lower_is_better"": false, ""is_percent"": true}, {""key"": ""second_return_percent"", ""name"": ""2nd Return Points Won %"", ""raw"": 52.4, ""raw_display"": ""52.4%"", ""normalized"": 46.33, ""weight"": 0.22, ""weight_pct"": 22.0, ""min"": 44.2, ""max"": 61.9, ""lower_is_better"": false, ""is_percent"": true}, {""key"": ""breakpoint_converted_percent"", ""name"": ""Break Points Converted %"", ""raw"": 38.4, ""raw_display"": ""38.4%"", ""normalized"": 42.82, ""weight"": 0.2, ""weight_pct"": 20.0, ""min"": 21.7, ""max"": 60.7, ""lower_is_better"": false, ""is_percent"": true}, {""key"": ""return_games_won_percent"", ""name"": ""Return Games Won %"", ""raw"": 27.7, ""raw_display"": ""27.7%"", ""normalized"": 44.76, ""weight"": 0.16, ""weight_pct"": 16.0, ""min"": 10.2, ""max"": 49.3, ""lower_is_better"": false, ""is_percent"": true}, {""key"": ""return_points_won_percent"", ""name"": ""Return Points Won %"", ""raw"": 39.9, ""raw_display"": ""39.9%"", ""normalized"": 40.49, ""weight"": 0.2, ""weight_pct"": 20.0, ""min"": 33.3, ""max"": 49.6, ""lower_is_better"": false, ""is_percent"": true}]}"
2026-03-07T08:04:19.660159Z,return,Return,82,Kamilla Rakhimova,325936,https://www.wtatennis.com/players/325936/kamilla-rakhimova,https://photoresources.wtatennis.com/wta/photo/2025/03/10/eaf11e2c-aad6-4589-a6b9-5a810ee21d9c/Rakhimova-Torso_325936.png,45.6,1st Return Points Won %,30.1%,2nd Return Points Won %,55.6%,Break Points Converted %,40.6%,Return Games Won %,26.5%,Return Points Won %,39.3%,,,"{""category"": ""return"", ""player_rank"": 88, ""match_count"": 5, ""formula"": ""normalized_score = Σ(metric_norm × weight)"", ""metrics"": [{""key"": ""first_return_percent"", ""name"": ""1st Return Points Won %"", ""raw"": 30.1, ""raw_display"": ""30.1%"", ""normalized"": 35.02, ""weight"": 0.22, ""weight_pct"": 22.0, ""min"": 22.5, ""max"": 44.2, ""lower_is_better"": false, ""is_percent"": true}, {""key"": ""second_return_percent"", ""name"": ""2nd Return Points Won %"", ""raw"": 55.6, ""raw_display"": ""55.6%"", ""normalized"": 64.41, ""weight"": 0.22, ""weight_pct"": 22.0, ""min"": 44.2, ""max"": 61.9, ""lower_is_better"": false, ""is_percent"": true}, {""key"": ""breakpoint_converted_percent"", ""name"": ""Break Points Converted %"", ""raw"": 40.6, ""raw_display"": ""40.6%"", ""normalized"": 48.46, ""weight"": 0.2, ""weight_pct"": 20.0, ""min"": 21.7, ""max"": 60.7, ""lower_is_better"": false, ""is_percent"": true}, {""key"": ""return_games_won_percent"", ""name"": ""Return Games Won %"", ""raw"": 26.5, ""raw_display"": ""26.5%"", ""normalized"": 41.69, ""weight"": 0.16, ""weight_pct"": 16.0, ""min"": 10.2, ""max"": 49.3, ""lower_is_better"": false, ""is_percent"": true}, {""key"": ""return_points_won_percent"", ""name"": ""Return Points Won %"", ""raw"": 39.3, ""raw_display"": ""39.3%"", ""normalized"": 36.81, ""weight"": 0.2, ""weight_pct"": 20.0, ""min"": 33.3, ""max"": 49.6, ""lower_is_better"": false, ""is_percent"": true}]}"
2026-03-07T08:04:19.660159Z,return,Return,83,Anna Bondar,322942,https://www.wtatennis.com/players/322942/anna-bondar,https://photoresources.wtatennis.com/wta/photo/2023/06/02/03c255e6-30af-4f7c-b20d-a4984ae8433f/Bondar-Torso_322942.png,44.5,1st Return Points Won %,35.1%,2nd Return Points Won %,48.7%,Break Points Converted %,45.8%,Return Games Won %,23.7%,Return Points Won %,40.0%,,,"{""category"": ""return"", ""player_rank"": 66, ""match_count"": 9, ""formula"": ""normalized_score = Σ(metric_norm × weight)"", ""metrics"": [{""key"": ""first_return_percent"", ""name"": ""1st Return Points Won %"", ""raw"": 35.1, ""raw_display"": ""35.1%"", ""normalized"": 58.06, ""weight"": 0.22, ""weight_pct"": 22.0, ""min"": 22.5, ""max"": 44.2, ""lower_is_better"": false, ""is_percent"": true}, {""key"": ""second_return_percent"", ""name"": ""2nd Return Points Won %"", ""raw"": 48.7, ""raw_display"": ""48.7%"", ""normalized"": 25.42, ""weight"": 0.22, ""weight_pct"": 22.0, ""min"": 44.2, ""max"": 61.9, ""lower_is_better"": false, ""is_percent"": true}, {""key"": ""breakpoint_converted_percent"", ""name"": ""Break Points Converted %"", ""raw"": 45.8, ""raw_display"": ""45.8%"", ""normalized"": 61.79, ""weight"": 0.2, ""weight_pct"": 20.0, ""min"": 21.7, ""max"": 60.7, ""lower_is_better"": false, ""is_percent"": true}, {""key"": ""return_games_won_percent"", ""name"": ""Return Games Won %"", ""raw"": 23.7, ""raw_display"": ""23.7%"", ""normalized"": 34.53, ""weight"": 0.16, ""weight_pct"": 16.0, ""min"": 10.2, ""max"": 49.3, ""lower_is_better"": false, ""is_percent"": true}, {""key"": ""return_points_won_percent"", ""name"": ""Return Points Won %"", ""raw"": 40.0, ""raw_display"": ""40.0%"", ""normalized"": 41.1, ""weight"": 0.2, ""weight_pct"": 20.0, ""min"": 33.3, ""max"": 49.6, ""lower_is_better"": false, ""is_percent"": true}]}"
2026-03-07T08:04:19.660159Z,return,Return,84,Elena-Gabriela Ruse,320408,https://www.wtatennis.com/players/320408/elena-gabriela-ruse,https://photoresources.wtatennis.com/wta/photo/2025/03/10/27509f0b-bedb-4df9-8448-513cd42fd4ed/Ruse-Torso_320408.png,44.2,1st Return Points Won %,36.1%,2nd Return Points Won %,51.1%,Break Points Converted %,32.8%,Return Games Won %,26.0%,Return Points Won %,41.2%,,,"{""category"": ""return"", ""player_rank"": 74, ""match_count"": 7, ""formula"": ""normalized_score = Σ(metric_norm × weight)"", ""metrics"": [{""key"": ""first_return_percent"", ""name"": ""1st Return Points Won %"", ""raw"": 36.1, ""raw_display"": ""36.1%"", ""normalized"": 62.67, ""weight"": 0.22, ""weight_pct"": 22.0, ""min"": 22.5, ""max"": 44.2, ""lower_is_better"": false, ""is_percent"": true}, {""key"": ""second_return_percent"", ""name"": ""2nd Return Points Won %"", ""raw"": 51.1, ""raw_display"": ""51.1%"", ""normalized"": 38.98, ""weight"": 0.22, ""weight_pct"": 22.0, ""min"": 44.2, ""max"": 61.9, ""lower_is_better"": false, ""is_percent"": true}, {""key"": ""breakpoint_converted_percent"", ""name"": ""Break Points Converted %"", ""raw"": 32.8, ""raw_display"": ""32.8%"", ""normalized"": 28.46, ""weight"": 0.2, ""weight_pct"": 20.0, ""min"": 21.7, ""max"": 60.7, ""lower_is_better"": false, ""is_percent"": true}, {""key"": ""return_games_won_percent"", ""name"": ""Return Games Won %"", ""raw"": 26.0, ""raw_display"": ""26.0%"", ""normalized"": 40.41, ""weight"": 0.16, ""weight_pct"": 16.0, ""min"": 10.2, ""max"": 49.3, ""lower_is_better"": false, ""is_percent"": true}, {""key"": ""return_points_won_percent"", ""name"": ""Return Points Won %"", ""raw"": 41.2, ""raw_display"": ""41.2%"", ""normalized"": 48.47, ""weight"": 0.2, ""weight_pct"": 20.0, ""min"": 33.3, ""max"": 49.6, ""lower_is_better"": false, ""is_percent"": true}]}"
2026-03-07T08:04:19.660159Z,return,Return,85,Alycia Parks,326007,https://www.wtatennis.com/players/326007/alycia-parks,https://photoresources.wtatennis.com/wta/photo/2025/03/10/8f5491fc-eb26-4a75-9534-df841a18f6a6/Parks-Torso_326007.png,40.1,1st Return Points Won %,32.9%,2nd Return Points Won %,52.5%,Break Points Converted %,31.2%,Return Games Won %,25.4%,Return Points Won %,39.9%,,,"{""category"": ""return"", ""player_rank"": 96, ""match_count"": 9, ""formula"": ""normalized_score = Σ(metric_norm × weight)"", ""metrics"": [{""key"": ""first_return_percent"", ""name"": ""1st Return Points Won %"", ""raw"": 32.9, ""raw_display"": ""32.9%"", ""normalized"": 47.93, ""weight"": 0.22, ""weight_pct"": 22.0, ""min"": 22.5, ""max"": 44.2, ""lower_is_better"": false, ""is_percent"": true}, {""key"": ""second_return_percent"", ""name"": ""2nd Return Points Won %"", ""raw"": 52.5, ""raw_display"": ""52.5%"", ""normalized"": 46.89, ""weight"": 0.22, ""weight_pct"": 22.0, ""min"": 44.2, ""max"": 61.9, ""lower_is_better"": false, ""is_percent"": true}, {""key"": ""breakpoint_converted_percent"", ""name"": ""Break Points Converted %"", ""raw"": 31.2, ""raw_display"": ""31.2%"", ""normalized"": 24.36, ""weight"": 0.2, ""weight_pct"": 20.0, ""min"": 21.7, ""max"": 60.7, ""lower_is_better"": false, ""is_percent"": true}, {""key"": ""return_games_won_percent"", ""name"": ""Return Games Won %"", ""raw"": 25.4, ""raw_display"": ""25.4%"", ""normalized"": 38.87, ""weight"": 0.16, ""weight_pct"": 16.0, ""min"": 10.2, ""max"": 49.3, ""lower_is_better"": false, ""is_percent"": true}, {""key"": ""return_points_won_percent"", ""name"": ""Return Points Won %"", ""raw"": 39.9, ""raw_display"": ""39.9%"", ""normalized"": 40.49, ""weight"": 0.2, ""weight_pct"": 20.0, ""min"": 33.3, ""max"": 49.6, ""lower_is_better"": false, ""is_percent"": true}]}"
2026-03-07T08:04:19.660159Z,return,Return,86,Janice Tjen,328818,https://www.wtatennis.com/players/328818/janice-tjen,https://photoresources.wtatennis.com/wta/photo/2025/09/12/7b10d944-24c0-4ec9-9020-8f001155ea4d/Tjen-Torso_328818.png,39.9,1st Return Points Won %,30.2%,2nd Return Points Won %,52.0%,Break Points Converted %,42.4%,Return Games Won %,23.9%,Return Points Won %,38.3%,,,"{""category"": ""return"", ""player_rank"": 39, ""match_count"": 12, ""formula"": ""normalized_score = Σ(metric_norm × weight)"", ""metrics"": [{""key"": ""first_return_percent"", ""name"": ""1st Return Points Won %"", ""raw"": 30.2, ""raw_display"": ""30.2%"", ""normalized"": 35.48, ""weight"": 0.22, ""weight_pct"": 22.0, ""min"": 22.5, ""max"": 44.2, ""lower_is_better"": false, ""is_percent"": true}, {""key"": ""second_return_percent"", ""name"": ""2nd Return Points Won %"", ""raw"": 52.0, ""raw_display"": ""52.0%"", ""normalized"": 44.07, ""weight"": 0.22, ""weight_pct"": 22.0, ""min"": 44.2, ""max"": 61.9, ""lower_is_better"": false, ""is_percent"": true}, {""key"": ""breakpoint_converted_percent"", ""name"": ""Break Points Converted %"", ""raw"": 42.4, ""raw_display"": ""42.4%"", ""normalized"": 53.08, ""weight"": 0.2, ""weight_pct"": 20.0, ""min"": 21.7, ""max"": 60.7, ""lower_is_better"": false, ""is_percent"": true}, {""key"": ""return_games_won_percent"", ""name"": ""Return Games Won %"", ""raw"": 23.9, ""raw_display"": ""23.9%"", ""normalized"": 35.04, ""weight"": 0.16, ""weight_pct"": 16.0, ""min"": 10.2, ""max"": 49.3, ""lower_is_better"": false, ""is_percent"": true}, {""key"": ""return_points_won_percent"", ""name"": ""Return Points Won %"", ""raw"": 38.3, ""raw_display"": ""38.3%"", ""normalized"": 30.67, ""weight"": 0.2, ""weight_pct"": 20.0, ""min"": 33.3, ""max"": 49.6, ""lower_is_better"": false, ""is_percent"": true}]}"
2026-03-07T08:04:19.660159Z,return,Return,87,Rebeka Masarova,322087,https://www.wtatennis.com/players/322087/rebeka-masarova,https://photoresources.wtatennis.com/wta/photo/2025/03/10/c1a4435f-9f93-48e6-90e2-4794c72ecd55/Masarova-Torso_322087.png,38.5,1st Return Points Won %,33.6%,2nd Return Points Won %,48.4%,Break Points Converted %,37.8%,Return Games Won %,26.4%,Return Points Won %,39.1%,,,"{""category"": ""return"", ""player_rank"": 110, ""match_count"": 5, ""formula"": ""normalized_score = Σ(metric_norm × weight)"", ""metrics"": [{""key"": ""first_return_percent"", ""name"": ""1st Return Points Won %"", ""raw"": 33.6, ""raw_display"": ""33.6%"", ""normalized"": 51.15, ""weight"": 0.22, ""weight_pct"": 22.0, ""min"": 22.5, ""max"": 44.2, ""lower_is_better"": false, ""is_percent"": true}, {""key"": ""second_return_percent"", ""name"": ""2nd Return Points Won %"", ""raw"": 48.4, ""raw_display"": ""48.4%"", ""normalized"": 23.73, ""weight"": 0.22, ""weight_pct"": 22.0, ""min"": 44.2, ""max"": 61.9, ""lower_is_better"": false, ""is_percent"": true}, {""key"": ""breakpoint_converted_percent"", ""name"": ""Break Points Converted %"", ""raw"": 37.8, ""raw_display"": ""37.8%"", ""normalized"": 41.28, ""weight"": 0.2, ""weight_pct"": 20.0, ""min"": 21.7, ""max"": 60.7, ""lower_is_better"": false, ""is_percent"": true}, {""key"": ""return_games_won_percent"", ""name"": ""Return Games Won %"", ""raw"": 26.4, ""raw_display"": ""26.4%"", ""normalized"": 41.43, ""weight"": 0.16, ""weight_pct"": 16.0, ""min"": 10.2, ""max"": 49.3, ""lower_is_better"": false, ""is_percent"": true}, {""key"": ""return_points_won_percent"", ""name"": ""Return Points Won %"", ""raw"": 39.1, ""raw_display"": ""39.1%"", ""normalized"": 35.58, ""weight"": 0.2, ""weight_pct"": 20.0, ""min"": 33.3, ""max"": 49.6, ""lower_is_better"": false, ""is_percent"": true}]}"
2026-03-07T08:04:19.660159Z,return,Return,88,Maya Joint,330544,https://www.wtatennis.com/players/330544/maya-joint,https://photoresources.wtatennis.com/wta/photo/2025/05/14/397ae3f7-0104-450f-9855-8912bded5a0f/Joint-Torso_330544.png,38.4,1st Return Points Won %,29.9%,2nd Return Points Won %,51.7%,Break Points Converted %,46.7%,Return Games Won %,18.4%,Return Points Won %,37.7%,,,"{""category"": ""return"", ""player_rank"": 29, ""match_count"": 9, ""formula"": ""normalized_score = Σ(metric_norm × weight)"", ""metrics"": [{""key"": ""first_return_percent"", ""name"": ""1st Return Points Won %"", ""raw"": 29.9, ""raw_display"": ""29.9%"", ""normalized"": 34.1, ""weight"": 0.22, ""weight_pct"": 22.0, ""min"": 22.5, ""max"": 44.2, ""lower_is_better"": false, ""is_percent"": true}, {""key"": ""second_return_percent"", ""name"": ""2nd Return Points Won %"", ""raw"": 51.7, ""raw_display"": ""51.7%"", ""normalized"": 42.37, ""weight"": 0.22, ""weight_pct"": 22.0, ""min"": 44.2, ""max"": 61.9, ""lower_is_better"": false, ""is_percent"": true}, {""key"": ""breakpoint_converted_percent"", ""name"": ""Break Points Converted %"", ""raw"": 46.7, ""raw_display"": ""46.7%"", ""normalized"": 64.1, ""weight"": 0.2, ""weight_pct"": 20.0, ""min"": 21.7, ""max"": 60.7, ""lower_is_better"": false, ""is_percent"": true}, {""key"": ""return_games_won_percent"", ""name"": ""Return Games Won %"", ""raw"": 18.4, ""raw_display"": ""18.4%"", ""normalized"": 20.97, ""weight"": 0.16, ""weight_pct"": 16.0, ""min"": 10.2, ""max"": 49.3, ""lower_is_better"": false, ""is_percent"": true}, {""key"": ""return_points_won_percent"", ""name"": ""Return Points Won %"", ""raw"": 37.7, ""raw_display"": ""37.7%"", ""normalized"": 26.99, ""weight"": 0.2, ""weight_pct"": 20.0, ""min"": 33.3, ""max"": 49.6, ""lower_is_better"": false, ""is_percent"": true}]}"
2026-03-07T08:04:19.660159Z,return,Return,89,Tatjana Maria,310440,https://www.wtatennis.com/players/310440/tatjana-maria,https://photoresources.wtatennis.com/wta/photo/2024/05/01/c9c5fcb8-1bad-4cb6-a576-972f18edd165/Maria-Torso_310440-WTA-Tennis.png,37.3,1st Return Points Won %,30.1%,2nd Return Points Won %,51.8%,Break Points Converted %,41.9%,Return Games Won %,20.9%,Return Points Won %,37.7%,,,"{""category"": ""return"", ""player_rank"": 59, ""match_count"": 8, ""formula"": ""normalized_score = Σ(metric_norm × weight)"", ""metrics"": [{""key"": ""first_return_percent"", ""name"": ""1st Return Points Won %"", ""raw"": 30.1, ""raw_display"": ""30.1%"", ""normalized"": 35.02, ""weight"": 0.22, ""weight_pct"": 22.0, ""min"": 22.5, ""max"": 44.2, ""lower_is_better"": false, ""is_percent"": true}, {""key"": ""second_return_percent"", ""name"": ""2nd Return Points Won %"", ""raw"": 51.8, ""raw_display"": ""51.8%"", ""normalized"": 42.94, ""weight"": 0.22, ""weight_pct"": 22.0, ""min"": 44.2, ""max"": 61.9, ""lower_is_better"": false, ""is_percent"": true}, {""key"": ""breakpoint_converted_percent"", ""name"": ""Break Points Converted %"", ""raw"": 41.9, ""raw_display"": ""41.9%"", ""normalized"": 51.79, ""weight"": 0.2, ""weight_pct"": 20.0, ""min"": 21.7, ""max"": 60.7, ""lower_is_better"": false, ""is_percent"": true}, {""key"": ""return_games_won_percent"", ""name"": ""Return Games Won %"", ""raw"": 20.9, ""raw_display"": ""20.9%"", ""normalized"": 27.37, ""weight"": 0.16, ""weight_pct"": 16.0, ""min"": 10.2, ""max"": 49.3, ""lower_is_better"": false, ""is_percent"": true}, {""key"": ""return_points_won_percent"", ""name"": ""Return Points Won %"", ""raw"": 37.7, ""raw_display"": ""37.7%"", ""normalized"": 26.99, ""weight"": 0.2, ""weight_pct"": 20.0, ""min"": 33.3, ""max"": 49.6, ""lower_is_better"": false, ""is_percent"": true}]}"
2026-03-07T08:04:19.660159Z,return,Return,90,Ashlyn Krueger,329409,https://www.wtatennis.com/players/329409/ashlyn-krueger,https://photoresources.wtatennis.com/wta/photo/2024/04/26/2b5353bc-e400-41fa-ae82-600b41135a86/Krueger-Torso_329409-WTA-Tennis.png,35.9,1st Return Points Won %,32.8%,2nd Return Points Won %,50.0%,Break Points Converted %,33.9%,Return Games Won %,23.2%,Return Points Won %,38.7%,,,"{""category"": ""return"", ""player_rank"": 82, ""match_count"": 8, ""formula"": ""normalized_score = Σ(metric_norm × weight)"", ""metrics"": [{""key"": ""first_return_percent"", ""name"": ""1st Return Points Won %"", ""raw"": 32.8, ""raw_display"": ""32.8%"", ""normalized"": 47.47, ""weight"": 0.22, ""weight_pct"": 22.0, ""min"": 22.5, ""max"": 44.2, ""lower_is_better"": false, ""is_percent"": true}, {""key"": ""second_return_percent"", ""name"": ""2nd Return Points Won %"", ""raw"": 50.0, ""raw_display"": ""50.0%"", ""normalized"": 32.77, ""weight"": 0.22, ""weight_pct"": 22.0, ""min"": 44.2, ""max"": 61.9, ""lower_is_better"": false, ""is_percent"": true}, {""key"": ""breakpoint_converted_percent"", ""name"": ""Break Points Converted %"", ""raw"": 33.9, ""raw_display"": ""33.9%"", ""normalized"": 31.28, ""weight"": 0.2, ""weight_pct"": 20.0, ""min"": 21.7, ""max"": 60.7, ""lower_is_better"": false, ""is_percent"": true}, {""key"": ""return_games_won_percent"", ""name"": ""Return Games Won %"", ""raw"": 23.2, ""raw_display"": ""23.2%"", ""normalized"": 33.25, ""weight"": 0.16, ""weight_pct"": 16.0, ""min"": 10.2, ""max"": 49.3, ""lower_is_better"": false, ""is_percent"": true}, {""key"": ""return_points_won_percent"", ""name"": ""Return Points Won %"", ""raw"": 38.7, ""raw_display"": ""38.7%"", ""normalized"": 33.13, ""weight"": 0.2, ""weight_pct"": 20.0, ""min"": 33.3, ""max"": 49.6, ""lower_is_better"": false, ""is_percent"": true}]}"
2026-03-07T08:04:19.660159Z,return,Return,91,Kaja Juvan,324702,https://www.wtatennis.com/players/324702/kaja-juvan,https://photoresources.wtatennis.com/wta/photo/2021/01/12/54ec0422-97aa-40a8-82c5-ee5e212af993/Juvan_Hero-Smile.png,35.9,1st Return Points Won %,37.9%,2nd Return Points Won %,44.2%,Break Points Converted %,34.4%,Return Games Won %,23.4%,Return Points Won %,40.1%,,,"{""category"": ""return"", ""player_rank"": 92, ""match_count"": 5, ""formula"": ""normalized_score = Σ(metric_norm × weight)"", ""metrics"": [{""key"": ""first_return_percent"", ""name"": ""1st Return Points Won %"", ""raw"": 37.9, ""raw_display"": ""37.9%"", ""normalized"": 70.97, ""weight"": 0.22, ""weight_pct"": 22.0, ""min"": 22.5, ""max"": 44.2, ""lower_is_better"": false, ""is_percent"": true}, {""key"": ""second_return_percent"", ""name"": ""2nd Return Points Won %"", ""raw"": 44.2, ""raw_display"": ""44.2%"", ""normalized"": 0.0, ""weight"": 0.22, ""weight_pct"": 22.0, ""min"": 44.2, ""max"": 61.9, ""lower_is_better"": false, ""is_percent"": true}, {""key"": ""breakpoint_converted_percent"", ""name"": ""Break Points Converted %"", ""raw"": 34.4, ""raw_display"": ""34.4%"", ""normalized"": 32.56, ""weight"": 0.2, ""weight_pct"": 20.0, ""min"": 21.7, ""max"": 60.7, ""lower_is_better"": false, ""is_percent"": true}, {""key"": ""return_games_won_percent"", ""name"": ""Return Games Won %"", ""raw"": 23.4, ""raw_display"": ""23.4%"", ""normalized"": 33.76, ""weight"": 0.16, ""weight_pct"": 16.0, ""min"": 10.2, ""max"": 49.3, ""lower_is_better"": false, ""is_percent"": true}, {""key"": ""return_points_won_percent"", ""name"": ""Return Points Won %"", ""raw"": 40.1, ""raw_display"": ""40.1%"", ""normalized"": 41.72, ""weight"": 0.2, ""weight_pct"": 20.0, ""min"": 33.3, ""max"": 49.6, ""lower_is_better"": false, ""is_percent"": true}]}"
2026-03-07T08:04:19.660159Z,return,Return,92,Dalma Galfi,321106,https://www.wtatennis.com/players/321106/dalma-galfi,https://photoresources.wtatennis.com/wta/photo/2023/06/02/9c1e9ea1-8de4-4969-ad65-ccf80085a1f3/Galfi-Torso_321106.png,22.2,1st Return Points Won %,29.9%,2nd Return Points Won %,46.5%,Break Points Converted %,37.5%,Return Games Won %,15.5%,Return Points Won %,34.6%,,,"{""category"": ""return"", ""player_rank"": 84, ""match_count"": 5, ""formula"": ""normalized_score = Σ(metric_norm × weight)"", ""metrics"": [{""key"": ""first_return_percent"", ""name"": ""1st Return Points Won %"", ""raw"": 29.9, ""raw_display"": ""29.9%"", ""normalized"": 34.1, ""weight"": 0.22, ""weight_pct"": 22.0, ""min"": 22.5, ""max"": 44.2, ""lower_is_better"": false, ""is_percent"": true}, {""key"": ""second_return_percent"", ""name"": ""2nd Return Points Won %"", ""raw"": 46.5, ""raw_display"": ""46.5%"", ""normalized"": 12.99, ""weight"": 0.22, ""weight_pct"": 22.0, ""min"": 44.2, ""max"": 61.9, ""lower_is_better"": false, ""is_percent"": true}, {""key"": ""breakpoint_converted_percent"", ""name"": ""Break Points Converted %"", ""raw"": 37.5, ""raw_display"": ""37.5%"", ""normalized"": 40.51, ""weight"": 0.2, ""weight_pct"": 20.0, ""min"": 21.7, ""max"": 60.7, ""lower_is_better"": false, ""is_percent"": true}, {""key"": ""return_games_won_percent"", ""name"": ""Return Games Won %"", ""raw"": 15.5, ""raw_display"": ""15.5%"", ""normalized"": 13.55, ""weight"": 0.16, ""weight_pct"": 16.0, ""min"": 10.2, ""max"": 49.3, ""lower_is_better"": false, ""is_percent"": true}, {""key"": ""return_points_won_percent"", ""name"": ""Return Points Won %"", ""raw"": 34.6, ""raw_display"": ""34.6%"", ""normalized"": 7.98, ""weight"": 0.2, ""weight_pct"": 20.0, ""min"": 33.3, ""max"": 49.6, ""lower_is_better"": false, ""is_percent"": true}]}"
2026-03-07T08:04:19.660159Z,return,Return,93,Sofia Kenin,320942,https://www.wtatennis.com/players/320942/sofia-kenin,https://photoresources.wtatennis.com/wta/photo/2024/04/26/fe7c8705-7467-44ff-80c1-56b8690b2c22/Kenin-Torso_320942-WTA-Tennis.png,19.4,1st Return Points Won %,22.5%,2nd Return Points Won %,50.6%,Break Points Converted %,38.2%,Return Games Won %,17.1%,Return Points Won %,33.4%,,,"{""category"": ""return"", ""player_rank"": 45, ""match_count"": 7, ""formula"": ""normalized_score = Σ(metric_norm × weight)"", ""metrics"": [{""key"": ""first_return_percent"", ""name"": ""1st Return Points Won %"", ""raw"": 22.5, ""raw_display"": ""22.5%"", ""normalized"": 0.0, ""weight"": 0.22, ""weight_pct"": 22.0, ""min"": 22.5, ""max"": 44.2, ""lower_is_better"": false, ""is_percent"": true}, {""key"": ""second_return_percent"", ""name"": ""2nd Return Points Won %"", ""raw"": 50.6, ""raw_display"": ""50.6%"", ""normalized"": 36.16, ""weight"": 0.22, ""weight_pct"": 22.0, ""min"": 44.2, ""max"": 61.9, ""lower_is_better"": false, ""is_percent"": true}, {""key"": ""breakpoint_converted_percent"", ""name"": ""Break Points Converted %"", ""raw"": 38.2, ""raw_display"": ""38.2%"", ""normalized"": 42.31, ""weight"": 0.2, ""weight_pct"": 20.0, ""min"": 21.7, ""max"": 60.7, ""lower_is_better"": false, ""is_percent"": true}, {""key"": ""return_games_won_percent"", ""name"": ""Return Games Won %"", ""raw"": 17.1, ""raw_display"": ""17.1%"", ""normalized"": 17.65, ""weight"": 0.16, ""weight_pct"": 16.0, ""min"": 10.2, ""max"": 49.3, ""lower_is_better"": false, ""is_percent"": true}, {""key"": ""return_points_won_percent"", ""name"": ""Return Points Won %"", ""raw"": 33.4, ""raw_display"": ""33.4%"", ""normalized"": 0.61, ""weight"": 0.2, ""weight_pct"": 20.0, ""min"": 33.3, ""max"": 49.6, ""lower_is_better"": false, ""is_percent"": true}]}"
2026-03-07T08:04:19.660159Z,return,Return,94,Leylah Fernandez,326735,https://www.wtatennis.com/players/326735/leylah-fernandez,https://photoresources.wtatennis.com/wta/photo/2026/01/06/1babb510-6139-4f76-921d-95670c886202/Fernandez-Torso_326735-WTA-Tennis.png,19.2,1st Return Points Won %,24.3%,2nd Return Points Won %,49.3%,Break Points Converted %,34.1%,Return Games Won %,17.5%,Return Points Won %,34.7%,,,"{""category"": ""return"", ""player_rank"": 27, ""match_count"": 8, ""formula"": ""normalized_score = Σ(metric_norm × weight)"", ""metrics"": [{""key"": ""first_return_percent"", ""name"": ""1st Return Points Won %"", ""raw"": 24.3, ""raw_display"": ""24.3%"", ""normalized"": 8.29, ""weight"": 0.22, ""weight_pct"": 22.0, ""min"": 22.5, ""max"": 44.2, ""lower_is_better"": false, ""is_percent"": true}, {""key"": ""second_return_percent"", ""name"": ""2nd Return Points Won %"", ""raw"": 49.3, ""raw_display"": ""49.3%"", ""normalized"": 28.81, ""weight"": 0.22, ""weight_pct"": 22.0, ""min"": 44.2, ""max"": 61.9, ""lower_is_better"": false, ""is_percent"": true}, {""key"": ""breakpoint_converted_percent"", ""name"": ""Break Points Converted %"", ""raw"": 34.1, ""raw_display"": ""34.1%"", ""normalized"": 31.79, ""weight"": 0.2, ""weight_pct"": 20.0, ""min"": 21.7, ""max"": 60.7, ""lower_is_better"": false, ""is_percent"": true}, {""key"": ""return_games_won_percent"", ""name"": ""Return Games Won %"", ""raw"": 17.5, ""raw_display"": ""17.5%"", ""normalized"": 18.67, ""weight"": 0.16, ""weight_pct"": 16.0, ""min"": 10.2, ""max"": 49.3, ""lower_is_better"": false, ""is_percent"": true}, {""key"": ""return_points_won_percent"", ""name"": ""Return Points Won %"", ""raw"": 34.7, ""raw_display"": ""34.7%"", ""normalized"": 8.59, ""weight"": 0.2, ""weight_pct"": 20.0, ""min"": 33.3, ""max"": 49.6, ""lower_is_better"": false, ""is_percent"": true}]}"
2026-03-07T08:04:19.660159Z,return,Return,95,Elsa Jacquemot,328142,https://www.wtatennis.com/players/328142/elsa-jacquemot,https://photoresources.wtatennis.com/wta/photo/2021/03/23/ef812294-9884-4cc2-94aa-e7a81360d770/Jacquemot_crop.jpg,16.2,1st Return Points Won %,25.4%,2nd Return Points Won %,51.7%,Break Points Converted %,24.1%,Return Games Won %,13.5%,Return Points Won %,34.4%,,,"{""category"": ""return"", ""player_rank"": 63, ""match_count"": 5, ""formula"": ""normalized_score = Σ(metric_norm × weight)"", ""metrics"": [{""key"": ""first_return_percent"", ""name"": ""1st Return Points Won %"", ""raw"": 25.4, ""raw_display"": ""25.4%"", ""normalized"": 13.36, ""weight"": 0.22, ""weight_pct"": 22.0, ""min"": 22.5, ""max"": 44.2, ""lower_is_better"": false, ""is_percent"": true}, {""key"": ""second_return_percent"", ""name"": ""2nd Return Points Won %"", ""raw"": 51.7, ""raw_display"": ""51.7%"", ""normalized"": 42.37, ""weight"": 0.22, ""weight_pct"": 22.0, ""min"": 44.2, ""max"": 61.9, ""lower_is_better"": false, ""is_percent"": true}, {""key"": ""breakpoint_converted_percent"", ""name"": ""Break Points Converted %"", ""raw"": 24.1, ""raw_display"": ""24.1%"", ""normalized"": 6.15, ""weight"": 0.2, ""weight_pct"": 20.0, ""min"": 21.7, ""max"": 60.7, ""lower_is_better"": false, ""is_percent"": true}, {""key"": ""return_games_won_percent"", ""name"": ""Return Games Won %"", ""raw"": 13.5, ""raw_display"": ""13.5%"", ""normalized"": 8.44, ""weight"": 0.16, ""weight_pct"": 16.0, ""min"": 10.2, ""max"": 49.3, ""lower_is_better"": false, ""is_percent"": true}, {""key"": ""return_points_won_percent"", ""name"": ""Return Points Won %"", ""raw"": 34.4, ""raw_display"": ""34.4%"", ""normalized"": 6.75, ""weight"": 0.2, ""weight_pct"": 20.0, ""min"": 33.3, ""max"": 49.6, ""lower_is_better"": false, ""is_percent"": true}]}"
2026-03-07T08:04:19.660159Z,return,Return,96,Anastasia Pavlyuchenkova,313796,https://www.wtatennis.com/players/313796/anastasia-pavlyuchenkova,https://photoresources.wtatennis.com/wta/photo/2025/03/10/93074ba0-5e83-4520-9d49-4615a03b5b4e/Pavlyuchenkova-Torso_313796.png,7.1,1st Return Points Won %,24.0%,2nd Return Points Won %,48.7%,Break Points Converted %,21.7%,Return Games Won %,10.2%,Return Points Won %,33.3%,,,"{""category"": ""return"", ""player_rank"": 114, ""match_count"": 5, ""formula"": ""normalized_score = Σ(metric_norm × weight)"", ""metrics"": [{""key"": ""first_return_percent"", ""name"": ""1st Return Points Won %"", ""raw"": 24.0, ""raw_display"": ""24.0%"", ""normalized"": 6.91, ""weight"": 0.22, ""weight_pct"": 22.0, ""min"": 22.5, ""max"": 44.2, ""lower_is_better"": false, ""is_percent"": true}, {""key"": ""second_return_percent"", ""name"": ""2nd Return Points Won %"", ""raw"": 48.7, ""raw_display"": ""48.7%"", ""normalized"": 25.42, ""weight"": 0.22, ""weight_pct"": 22.0, ""min"": 44.2, ""max"": 61.9, ""lower_is_better"": false, ""is_percent"": true}, {""key"": ""breakpoint_converted_percent"", ""name"": ""Break Points Converted %"", ""raw"": 21.7, ""raw_display"": ""21.7%"", ""normalized"": 0.0, ""weight"": 0.2, ""weight_pct"": 20.0, ""min"": 21.7, ""max"": 60.7, ""lower_is_better"": false, ""is_percent"": true}, {""key"": ""return_games_won_percent"", ""name"": ""Return Games Won %"", ""raw"": 10.2, ""raw_display"": ""10.2%"", ""normalized"": 0.0, ""weight"": 0.16, ""weight_pct"": 16.0, ""min"": 10.2, ""max"": 49.3, ""lower_is_better"": false, ""is_percent"": true}, {""key"": ""return_points_won_percent"", ""name"": ""Return Points Won %"", ""raw"": 33.3, ""raw_display"": ""33.3%"", ""normalized"": 0.0, ""weight"": 0.2, ""weight_pct"": 20.0, ""min"": 33.3, ""max"": 49.6, ""lower_is_better"": false, ""is_percent"": true}]}"
2026-03-07T08:04:19.660159Z,serve,Serve,1,Elena Rybakina,324166,https://www.wtatennis.com/players/324166/elena-rybakina,https://photoresources.wtatennis.com/wta/photo/2025/03/10/1269f000-ca40-45c6-97ed-7febfec4d15f/Rybakina-Torso_324166.png,77.8,Aces,110,Double Faults,30,1st Serve %,57.6%,1st Serve Points Won %,74.2%,2nd Serve Points Won %,51.9%,Break Points Saved %,68.5%,"{""category"": ""serve"", ""player_rank"": 3, ""match_count"": 15, ""formula"": ""normalized_score = Σ(metric_norm × weight)"", ""metrics"": [{""key"": ""Aces"", ""name"": ""Aces"", ""raw"": 110.0, ""raw_display"": ""110"", ""normalized"": 100.0, ""weight"": 0.16, ""weight_pct"": 16.0, ""min"": 0.0, ""max"": 110.0, ""lower_is_better"": false, ""is_percent"": false}, {""key"": ""Double_Faults"", ""name"": ""Double Faults"", ""raw"": 30.0, ""raw_display"": ""30"", ""normalized"": 72.28, ""weight"": 0.12, ""weight_pct"": 12.0, ""min"": 2.0, ""max"": 103.0, ""lower_is_better"": true, ""is_percent"": false}, {""key"": ""first_serve_percent"", ""name"": ""1st Serve %"", ""raw"": 57.6, ""raw_display"": ""57.6%"", ""normalized"": 19.93, ""weight"": 0.14, ""weight_pct"": 14.0, ""min"": 52.1, ""max"": 79.7, ""lower_is_better"": false, ""is_percent"": true}, {""key"": ""first_serve_won_percent"", ""name"": ""1st Serve Points Won %"", ""raw"": 74.2, ""raw_display"": ""74.2%"", ""normalized"": 92.92, ""weight"": 0.2, ""weight_pct"": 20.0, ""min"": 51.9, ""max"": 75.9, ""lower_is_better"": false, ""is_percent"": true}, {""key"": ""second_serve_won_percent"", ""name"": ""2nd Serve Points Won %"", ""raw"": 51.9, ""raw_display"": ""51.9%"", ""normalized"": 77.18, ""weight"": 0.2, ""weight_pct"": 20.0, ""min"": 33.3, ""max"": 57.4, ""lower_is_better"": false, ""is_percent"": true}, {""key"": ""breakpoint_saved_percent"", ""name"": ""Break Points Saved %"", ""raw"": 68.5, ""raw_display"": ""68.5%"", ""normalized"": 90.68, ""weight"": 0.18, ""weight_pct"": 18.0, ""min"": 32.5, ""max"": 72.2, ""lower_is_better"": false, ""is_percent"": true}]}"
2026-03-07T08:04:19.660159Z,serve,Serve,2,Aryna Sabalenka,320760,https://www.wtatennis.com/players/320760/aryna-sabalenka,https://photoresources.wtatennis.com/wta/photo/2024/04/22/46f655c7-32a6-4c66-9854-20df07b7de7b/Sabalenka-Torso_320760.png,75.2,Aces,48,Double Faults,17,1st Serve %,65.8%,1st Serve Points Won %,73.2%,2nd Serve Points Won %,54.8%,Break Points Saved %,66.7%,"{""category"": ""serve"", ""player_rank"": 1, ""match_count"": 13, ""formula"": ""normalized_score = Σ(metric_norm × weight)"", ""metrics"": [{""key"": ""Aces"", ""name"": ""Aces"", ""raw"": 48.0, ""raw_display"": ""48"", ""normalized"": 43.64, ""weight"": 0.16, ""weight_pct"": 16.0, ""min"": 0.0, ""max"": 110.0, ""lower_is_better"": false, ""is_percent"": false}, {""key"": ""Double_Faults"", ""name"": ""Double Faults"", ""raw"": 17.0, ""raw_display"": ""17"", ""normalized"": 85.15, ""weight"": 0.12, ""weight_pct"": 12.0, ""min"": 2.0, ""max"": 103.0, ""lower_is_better"": true, ""is_percent"": false}, {""key"": ""first_serve_percent"", ""name"": ""1st Serve %"", ""raw"": 65.8, ""raw_display"": ""65.8%"", ""normalized"": 49.64, ""weight"": 0.14, ""weight_pct"": 14.0, ""min"": 52.1, ""max"": 79.7, ""lower_is_better"": false, ""is_percent"": true}, {""key"": ""first_serve_won_percent"", ""name"": ""1st Serve Points Won %"", ""raw"": 73.2, ""raw_display"": ""73.2%"", ""normalized"": 88.75, ""weight"": 0.2, ""weight_pct"": 20.0, ""min"": 51.9, ""max"": 75.9, ""lower_is_better"": false, ""is_percent"": true}, {""key"": ""second_serve_won_percent"", ""name"": ""2nd Serve Points Won %"", ""raw"": 54.8, ""raw_display"": ""54.8%"", ""normalized"": 89.21, ""weight"": 0.2, ""weight_pct"": 20.0, ""min"": 33.3, ""max"": 57.4, ""lower_is_better"": false, ""is_percent"": true}, {""key"": ""breakpoint_saved_percent"", ""name"": ""Break Points Saved %"", ""raw"": 66.7, ""raw_display"": ""66.7%"", ""normalized"": 86.15, ""weight"": 0.18, ""weight_pct"": 18.0, ""min"": 32.5, ""max"": 72.2, ""lower_is_better"": false, ""is_percent"": true}]}"
2026-03-07T08:04:19.660159Z,serve,Serve,3,Marta Kostyuk,326482,https://www.wtatennis.com/players/326482/marta-kostyuk,https://photoresources.wtatennis.com/wta/photo/2025/03/10/bec7a585-227e-4d63-871b-bee318d3464d/Kostyuk-Torso_326482.png,70.7,Aces,27,Double Faults,16,1st Serve %,62.4%,1st Serve Points Won %,71.0%,2nd Serve Points Won %,54.2%,Break Points Saved %,72.2%,"{""category"": ""serve"", ""player_rank"": 28, ""match_count"": 6, ""formula"": ""normalized_score = Σ(metric_norm × weight)"", ""metrics"": [{""key"": ""Aces"", ""name"": ""Aces"", ""raw"": 27.0, ""raw_display"": ""27"", ""normalized"": 24.55, ""weight"": 0.16, ""weight_pct"": 16.0, ""min"": 0.0, ""max"": 110.0, ""lower_is_better"": false, ""is_percent"": false}, {""key"": ""Double_Faults"", ""name"": ""Double Faults"", ""raw"": 16.0, ""raw_display"": ""16"", ""normalized"": 86.14, ""weight"": 0.12, ""weight_pct"": 12.0, ""min"": 2.0, ""max"": 103.0, ""lower_is_better"": true, ""is_percent"": false}, {""key"": ""first_serve_percent"", ""name"": ""1st Serve %"", ""raw"": 62.4, ""raw_display"": ""62.4%"", ""normalized"": 37.32, ""weight"": 0.14, ""weight_pct"": 14.0, ""min"": 52.1, ""max"": 79.7, ""lower_is_better"": false, ""is_percent"": true}, {""key"": ""first_serve_won_percent"", ""name"": ""1st Serve Points Won %"", ""raw"": 71.0, ""raw_display"": ""71.0%"", ""normalized"": 79.58, ""weight"": 0.2, ""weight_pct"": 20.0, ""min"": 51.9, ""max"": 75.9, ""lower_is_better"": false, ""is_percent"": true}, {""key"": ""second_serve_won_percent"", ""name"": ""2nd Serve Points Won %"", ""raw"": 54.2, ""raw_display"": ""54.2%"", ""normalized"": 86.72, ""weight"": 0.2, ""weight_pct"": 20.0, ""min"": 33.3, ""max"": 57.4, ""lower_is_better"": false, ""is_percent"": true}, {""key"": ""breakpoint_saved_percent"", ""name"": ""Break Points Saved %"", ""raw"": 72.2, ""raw_display"": ""72.2%"", ""normalized"": 100.0, ""weight"": 0.18, ""weight_pct"": 18.0, ""min"": 32.5, ""max"": 72.2, ""lower_is_better"": false, ""is_percent"": true}]}"
2026-03-07T08:04:19.660159Z,serve,Serve,4,Sorana Cirstea,312469,https://www.wtatennis.com/players/312469/sorana-cirstea,https://photoresources.wtatennis.com/wta/photo/2025/03/10/3bee46ef-b6aa-4dbb-99d1-cd325119cfaa/Cirstea-Torso_312469.png,69.0,Aces,74,Double Faults,22,1st Serve %,57.0%,1st Serve Points Won %,71.6%,2nd Serve Points Won %,52.7%,Break Points Saved %,62.5%,"{""category"": ""serve"", ""player_rank"": 38, ""match_count"": 13, ""formula"": ""normalized_score = Σ(metric_norm × weight)"", ""metrics"": [{""key"": ""Aces"", ""name"": ""Aces"", ""raw"": 74.0, ""raw_display"": ""74"", ""normalized"": 67.27, ""weight"": 0.16, ""weight_pct"": 16.0, ""min"": 0.0, ""max"": 110.0, ""lower_is_better"": false, ""is_percent"": false}, {""key"": ""Double_Faults"", ""name"": ""Double Faults"", ""raw"": 22.0, ""raw_display"": ""22"", ""normalized"": 80.2, ""weight"": 0.12, ""weight_pct"": 12.0, ""min"": 2.0, ""max"": 103.0, ""lower_is_better"": true, ""is_percent"": false}, {""key"": ""first_serve_percent"", ""name"": ""1st Serve %"", ""raw"": 57.0, ""raw_display"": ""57.0%"", ""normalized"": 17.75, ""weight"": 0.14, ""weight_pct"": 14.0, ""min"": 52.1, ""max"": 79.7, ""lower_is_better"": false, ""is_percent"": true}, {""key"": ""first_serve_won_percent"", ""name"": ""1st Serve Points Won %"", ""raw"": 71.6, ""raw_display"": ""71.6%"", ""normalized"": 82.08, ""weight"": 0.2, ""weight_pct"": 20.0, ""min"": 51.9, ""max"": 75.9, ""lower_is_better"": false, ""is_percent"": true}, {""key"": ""second_serve_won_percent"", ""name"": ""2nd Serve Points Won %"", ""raw"": 52.7, ""raw_display"": ""52.7%"", ""normalized"": 80.5, ""weight"": 0.2, ""weight_pct"": 20.0, ""min"": 33.3, ""max"": 57.4, ""lower_is_better"": false, ""is_percent"": true}, {""key"": ""breakpoint_saved_percent"", ""name"": ""Break Points Saved %"", ""raw"": 62.5, ""raw_display"": ""62.5%"", ""normalized"": 75.57, ""weight"": 0.18, ""weight_pct"": 18.0, ""min"": 32.5, ""max"": 72.2, ""lower_is_better"": false, ""is_percent"": true}]}"
2026-03-07T08:04:19.660159Z,serve,Serve,5,Karolina Muchova,322191,https://www.wtatennis.com/players/322191/karolina-muchova,https://photoresources.wtatennis.com/wta/photo/2025/03/10/b88e4433-b70d-47e2-8302-a1291124269f/Muchova-Torso_322191.png,67.6,Aces,41,Double Faults,20,1st Serve %,65.9%,1st Serve Points Won %,69.0%,2nd Serve Points Won %,53.6%,Break Points Saved %,62.7%,"{""category"": ""serve"", ""player_rank"": 13, ""match_count"": 14, ""formula"": ""normalized_score = Σ(metric_norm × weight)"", ""metrics"": [{""key"": ""Aces"", ""name"": ""Aces"", ""raw"": 41.0, ""raw_display"": ""41"", ""normalized"": 37.27, ""weight"": 0.16, ""weight_pct"": 16.0, ""min"": 0.0, ""max"": 110.0, ""lower_is_better"": false, ""is_percent"": false}, {""key"": ""Double_Faults"", ""name"": ""Double Faults"", ""raw"": 20.0, ""raw_display"": ""20"", ""normalized"": 82.18, ""weight"": 0.12, ""weight_pct"": 12.0, ""min"": 2.0, ""max"": 103.0, ""lower_is_better"": true, ""is_percent"": false}, {""key"": ""first_serve_percent"", ""name"": ""1st Serve %"", ""raw"": 65.9, ""raw_display"": ""65.9%"", ""normalized"": 50.0, ""weight"": 0.14, ""weight_pct"": 14.0, ""min"": 52.1, ""max"": 79.7, ""lower_is_better"": false, ""is_percent"": true}, {""key"": ""first_serve_won_percent"", ""name"": ""1st Serve Points Won %"", ""raw"": 69.0, ""raw_display"": ""69.0%"", ""normalized"": 71.25, ""weight"": 0.2, ""weight_pct"": 20.0, ""min"": 51.9, ""max"": 75.9, ""lower_is_better"": false, ""is_percent"": true}, {""key"": ""second_serve_won_percent"", ""name"": ""2nd Serve Points Won %"", ""raw"": 53.6, ""raw_display"": ""53.6%"", ""normalized"": 84.23, ""weight"": 0.2, ""weight_pct"": 20.0, ""min"": 33.3, ""max"": 57.4, ""lower_is_better"": false, ""is_percent"": true}, {""key"": ""breakpoint_saved_percent"", ""name"": ""Break Points Saved %"", ""raw"": 62.7, ""raw_display"": ""62.7%"", ""normalized"": 76.07, ""weight"": 0.18, ""weight_pct"": 18.0, ""min"": 32.5, ""max"": 72.2, ""lower_is_better"": false, ""is_percent"": true}]}"
2026-03-07T08:04:19.660159Z,serve,Serve,6,Taylor Townsend,318609,https://www.wtatennis.com/players/318609/taylor-townsend,https://photoresources.wtatennis.com/wta/photo/2025/04/16/f8ef509e-6e63-484e-b011-65517015933e/Townsend-Torso_318609.png,66.8,Aces,30,Double Faults,17,1st Serve %,68.7%,1st Serve Points Won %,68.9%,2nd Serve Points Won %,49.0%,Break Points Saved %,69.1%,"{""category"": ""serve"", ""player_rank"": 87, ""match_count"": 6, ""formula"": ""normalized_score = Σ(metric_norm × weight)"", ""metrics"": [{""key"": ""Aces"", ""name"": ""Aces"", ""raw"": 30.0, ""raw_display"": ""30"", ""normalized"": 27.27, ""weight"": 0.16, ""weight_pct"": 16.0, ""min"": 0.0, ""max"": 110.0, ""lower_is_better"": false, ""is_percent"": false}, {""key"": ""Double_Faults"", ""name"": ""Double Faults"", ""raw"": 17.0, ""raw_display"": ""17"", ""normalized"": 85.15, ""weight"": 0.12, ""weight_pct"": 12.0, ""min"": 2.0, ""max"": 103.0, ""lower_is_better"": true, ""is_percent"": false}, {""key"": ""first_serve_percent"", ""name"": ""1st Serve %"", ""raw"": 68.7, ""raw_display"": ""68.7%"", ""normalized"": 60.14, ""weight"": 0.14, ""weight_pct"": 14.0, ""min"": 52.1, ""max"": 79.7, ""lower_is_better"": false, ""is_percent"": true}, {""key"": ""first_serve_won_percent"", ""name"": ""1st Serve Points Won %"", ""raw"": 68.9, ""raw_display"": ""68.9%"", ""normalized"": 70.83, ""weight"": 0.2, ""weight_pct"": 20.0, ""min"": 51.9, ""max"": 75.9, ""lower_is_better"": false, ""is_percent"": true}, {""key"": ""second_serve_won_percent"", ""name"": ""2nd Serve Points Won %"", ""raw"": 49.0, ""raw_display"": ""49.0%"", ""normalized"": 65.15, ""weight"": 0.2, ""weight_pct"": 20.0, ""min"": 33.3, ""max"": 57.4, ""lower_is_better"": false, ""is_percent"": true}, {""key"": ""breakpoint_saved_percent"", ""name"": ""Break Points Saved %"", ""raw"": 69.1, ""raw_display"": ""69.1%"", ""normalized"": 92.19, ""weight"": 0.18, ""weight_pct"": 18.0, ""min"": 32.5, ""max"": 72.2, ""lower_is_better"": false, ""is_percent"": true}]}"
2026-03-07T08:04:19.660159Z,serve,Serve,7,Jessica Pegula,316956,https://www.wtatennis.com/players/316956/jessica-pegula,https://photoresources.wtatennis.com/wta/photo/2024/04/24/a8ebbc95-1be0-4792-a0d0-79d6e8932122/Pegula-Torso_316956-1.png,66.5,Aces,56,Double Faults,24,1st Serve %,63.1%,1st Serve Points Won %,70.4%,2nd Serve Points Won %,51.5%,Break Points Saved %,60.8%,"{""category"": ""serve"", ""player_rank"": 5, ""match_count"": 15, ""formula"": ""normalized_score = Σ(metric_norm × weight)"", ""metrics"": [{""key"": ""Aces"", ""name"": ""Aces"", ""raw"": 56.0, ""raw_display"": ""56"", ""normalized"": 50.91, ""weight"": 0.16, ""weight_pct"": 16.0, ""min"": 0.0, ""max"": 110.0, ""lower_is_better"": false, ""is_percent"": false}, {""key"": ""Double_Faults"", ""name"": ""Double Faults"", ""raw"": 24.0, ""raw_display"": ""24"", ""normalized"": 78.22, ""weight"": 0.12, ""weight_pct"": 12.0, ""min"": 2.0, ""max"": 103.0, ""lower_is_better"": true, ""is_percent"": false}, {""key"": ""first_serve_percent"", ""name"": ""1st Serve %"", ""raw"": 63.1, ""raw_display"": ""63.1%"", ""normalized"": 39.86, ""weight"": 0.14, ""weight_pct"": 14.0, ""min"": 52.1, ""max"": 79.7, ""lower_is_better"": false, ""is_percent"": true}, {""key"": ""first_serve_won_percent"", ""name"": ""1st Serve Points Won %"", ""raw"": 70.4, ""raw_display"": ""70.4%"", ""normalized"": 77.08, ""weight"": 0.2, ""weight_pct"": 20.0, ""min"": 51.9, ""max"": 75.9, ""lower_is_better"": false, ""is_percent"": true}, {""key"": ""second_serve_won_percent"", ""name"": ""2nd Serve Points Won %"", ""raw"": 51.5, ""raw_display"": ""51.5%"", ""normalized"": 75.52, ""weight"": 0.2, ""weight_pct"": 20.0, ""min"": 33.3, ""max"": 57.4, ""lower_is_better"": false, ""is_percent"": true}, {""key"": ""breakpoint_saved_percent"", ""name"": ""Break Points Saved %"", ""raw"": 60.8, ""raw_display"": ""60.8%"", ""normalized"": 71.28, ""weight"": 0.18, ""weight_pct"": 18.0, ""min"": 32.5, ""max"": 72.2, ""lower_is_better"": false, ""is_percent"": true}]}"
2026-03-07T08:04:19.660159Z,serve,Serve,8,Clara Tauson,327793,https://www.wtatennis.com/players/327793/clara-tauson,https://photoresources.wtatennis.com/wta/photo/2025/03/10/ce8eb466-c007-471c-9943-0f62f924c994/Tauson-Torso_327793.png,60.6,Aces,80,Double Faults,36,1st Serve %,61.7%,1st Serve Points Won %,70.9%,2nd Serve Points Won %,44.7%,Break Points Saved %,56.5%,"{""category"": ""serve"", ""player_rank"": 17, ""match_count"": 13, ""formula"": ""normalized_score = Σ(metric_norm × weight)"", ""metrics"": [{""key"": ""Aces"", ""name"": ""Aces"", ""raw"": 80.0, ""raw_display"": ""80"", ""normalized"": 72.73, ""weight"": 0.16, ""weight_pct"": 16.0, ""min"": 0.0, ""max"": 110.0, ""lower_is_better"": false, ""is_percent"": false}, {""key"": ""Double_Faults"", ""name"": ""Double Faults"", ""raw"": 36.0, ""raw_display"": ""36"", ""normalized"": 66.34, ""weight"": 0.12, ""weight_pct"": 12.0, ""min"": 2.0, ""max"": 103.0, ""lower_is_better"": true, ""is_percent"": false}, {""key"": ""first_serve_percent"", ""name"": ""1st Serve %"", ""raw"": 61.7, ""raw_display"": ""61.7%"", ""normalized"": 34.78, ""weight"": 0.14, ""weight_pct"": 14.0, ""min"": 52.1, ""max"": 79.7, ""lower_is_better"": false, ""is_percent"": true}, {""key"": ""first_serve_won_percent"", ""name"": ""1st Serve Points Won %"", ""raw"": 70.9, ""raw_display"": ""70.9%"", ""normalized"": 79.17, ""weight"": 0.2, ""weight_pct"": 20.0, ""min"": 51.9, ""max"": 75.9, ""lower_is_better"": false, ""is_percent"": true}, {""key"": ""second_serve_won_percent"", ""name"": ""2nd Serve Points Won %"", ""raw"": 44.7, ""raw_display"": ""44.7%"", ""normalized"": 47.3, ""weight"": 0.2, ""weight_pct"": 20.0, ""min"": 33.3, ""max"": 57.4, ""lower_is_better"": false, ""is_percent"": true}, {""key"": ""breakpoint_saved_percent"", ""name"": ""Break Points Saved %"", ""raw"": 56.5, ""raw_display"": ""56.5%"", ""normalized"": 60.45, ""weight"": 0.18, ""weight_pct"": 18.0, ""min"": 32.5, ""max"": 72.2, ""lower_is_better"": false, ""is_percent"": true}]}"
2026-03-07T08:04:19.660159Z,serve,Serve,9,Anna Bondar,322942,https://www.wtatennis.com/players/322942/anna-bondar,https://photoresources.wtatennis.com/wta/photo/2023/06/02/03c255e6-30af-4f7c-b20d-a4984ae8433f/Bondar-Torso_322942.png,60.5,Aces,54,Double Faults,17,1st Serve %,62.2%,1st Serve Points Won %,69.2%,2nd Serve Points Won %,47.5%,Break Points Saved %,56.9%,"{""category"": ""serve"", ""player_rank"": 66, ""match_count"": 9, ""formula"": ""normalized_score = Σ(metric_norm × weight)"", ""metrics"": [{""key"": ""Aces"", ""name"": ""Aces"", ""raw"": 54.0, ""raw_display"": ""54"", ""normalized"": 49.09, ""weight"": 0.16, ""weight_pct"": 16.0, ""min"": 0.0, ""max"": 110.0, ""lower_is_better"": false, ""is_percent"": false}, {""key"": ""Double_Faults"", ""name"": ""Double Faults"", ""raw"": 17.0, ""raw_display"": ""17"", ""normalized"": 85.15, ""weight"": 0.12, ""weight_pct"": 12.0, ""min"": 2.0, ""max"": 103.0, ""lower_is_better"": true, ""is_percent"": false}, {""key"": ""first_serve_percent"", ""name"": ""1st Serve %"", ""raw"": 62.2, ""raw_display"": ""62.2%"", ""normalized"": 36.59, ""weight"": 0.14, ""weight_pct"": 14.0, ""min"": 52.1, ""max"": 79.7, ""lower_is_better"": false, ""is_percent"": true}, {""key"": ""first_serve_won_percent"", ""name"": ""1st Serve Points Won %"", ""raw"": 69.2, ""raw_display"": ""69.2%"", ""normalized"": 72.08, ""weight"": 0.2, ""weight_pct"": 20.0, ""min"": 51.9, ""max"": 75.9, ""lower_is_better"": false, ""is_percent"": true}, {""key"": ""second_serve_won_percent"", ""name"": ""2nd Serve Points Won %"", ""raw"": 47.5, ""raw_display"": ""47.5%"", ""normalized"": 58.92, ""weight"": 0.2, ""weight_pct"": 20.0, ""min"": 33.3, ""max"": 57.4, ""lower_is_better"": false, ""is_percent"": true}, {""key"": ""breakpoint_saved_percent"", ""name"": ""Break Points Saved %"", ""raw"": 56.9, ""raw_display"": ""56.9%"", ""normalized"": 61.46, ""weight"": 0.18, ""weight_pct"": 18.0, ""min"": 32.5, ""max"": 72.2, ""lower_is_better"": false, ""is_percent"": true}]}"
2026-03-07T08:04:19.660159Z,serve,Serve,10,Sonay Kartal,329918,https://www.wtatennis.com/players/329918/sonay-kartal,https://photoresources.wtatennis.com/wta/photo/2025/03/10/ac7b0888-e27b-4451-bf03-b07c293a1d58/Kartal-Torso_329918.png,60.0,Aces,18,Double Faults,2,1st Serve %,67.6%,1st Serve Points Won %,66.6%,2nd Serve Points Won %,57.4%,Break Points Saved %,44.2%,"{""category"": ""serve"", ""player_rank"": 54, ""match_count"": 8, ""formula"": ""normalized_score = Σ(metric_norm × weight)"", ""metrics"": [{""key"": ""Aces"", ""name"": ""Aces"", ""raw"": 18.0, ""raw_display"": ""18"", ""normalized"": 16.36, ""weight"": 0.16, ""weight_pct"": 16.0, ""min"": 0.0, ""max"": 110.0, ""lower_is_better"": false, ""is_percent"": false}, {""key"": ""Double_Faults"", ""name"": ""Double Faults"", ""raw"": 2.0, ""raw_display"": ""2"", ""normalized"": 100.0, ""weight"": 0.12, ""weight_pct"": 12.0, ""min"": 2.0, ""max"": 103.0, ""lower_is_better"": true, ""is_percent"": false}, {""key"": ""first_serve_percent"", ""name"": ""1st Serve %"", ""raw"": 67.6, ""raw_display"": ""67.6%"", ""normalized"": 56.16, ""weight"": 0.14, ""weight_pct"": 14.0, ""min"": 52.1, ""max"": 79.7, ""lower_is_better"": false, ""is_percent"": true}, {""key"": ""first_serve_won_percent"", ""name"": ""1st Serve Points Won %"", ""raw"": 66.6, ""raw_display"": ""66.6%"", ""normalized"": 61.25, ""weight"": 0.2, ""weight_pct"": 20.0, ""min"": 51.9, ""max"": 75.9, ""lower_is_better"": false, ""is_percent"": true}, {""key"": ""second_serve_won_percent"", ""name"": ""2nd Serve Points Won %"", ""raw"": 57.4, ""raw_display"": ""57.4%"", ""normalized"": 100.0, ""weight"": 0.2, ""weight_pct"": 20.0, ""min"": 33.3, ""max"": 57.4, ""lower_is_better"": false, ""is_percent"": true}, {""key"": ""breakpoint_saved_percent"", ""name"": ""Break Points Saved %"", ""raw"": 44.2, ""raw_display"": ""44.2%"", ""normalized"": 29.47, ""weight"": 0.18, ""weight_pct"": 18.0, ""min"": 32.5, ""max"": 72.2, ""lower_is_better"": false, ""is_percent"": true}]}"
2026-03-07T08:04:19.660159Z,serve,Serve,11,Linda Noskova,329668,https://www.wtatennis.com/players/329668/linda-noskova,https://photoresources.wtatennis.com/wta/photo/2024/05/01/54485a31-3775-4c65-a62c-298a5e124a18/Noskova-Torso_329668-WTA-Tennis.png,59.4,Aces,61,Double Faults,47,1st Serve %,56.0%,1st Serve Points Won %,71.5%,2nd Serve Points Won %,48.4%,Break Points Saved %,61.2%,"{""category"": ""serve"", ""player_rank"": 14, ""match_count"": 9, ""formula"": ""normalized_score = Σ(metric_norm × weight)"", ""metrics"": [{""key"": ""Aces"", ""name"": ""Aces"", ""raw"": 61.0, ""raw_display"": ""61"", ""normalized"": 55.45, ""weight"": 0.16, ""weight_pct"": 16.0, ""min"": 0.0, ""max"": 110.0, ""lower_is_better"": false, ""is_percent"": false}, {""key"": ""Double_Faults"", ""name"": ""Double Faults"", ""raw"": 47.0, ""raw_display"": ""47"", ""normalized"": 55.45, ""weight"": 0.12, ""weight_pct"": 12.0, ""min"": 2.0, ""max"": 103.0, ""lower_is_better"": true, ""is_percent"": false}, {""key"": ""first_serve_percent"", ""name"": ""1st Serve %"", ""raw"": 56.0, ""raw_display"": ""56.0%"", ""normalized"": 14.13, ""weight"": 0.14, ""weight_pct"": 14.0, ""min"": 52.1, ""max"": 79.7, ""lower_is_better"": false, ""is_percent"": true}, {""key"": ""first_serve_won_percent"", ""name"": ""1st Serve Points Won %"", ""raw"": 71.5, ""raw_display"": ""71.5%"", ""normalized"": 81.67, ""weight"": 0.2, ""weight_pct"": 20.0, ""min"": 51.9, ""max"": 75.9, ""lower_is_better"": false, ""is_percent"": true}, {""key"": ""second_serve_won_percent"", ""name"": ""2nd Serve Points Won %"", ""raw"": 48.4, ""raw_display"": ""48.4%"", ""normalized"": 62.66, ""weight"": 0.2, ""weight_pct"": 20.0, ""min"": 33.3, ""max"": 57.4, ""lower_is_better"": false, ""is_percent"": true}, {""key"": ""breakpoint_saved_percent"", ""name"": ""Break Points Saved %"", ""raw"": 61.2, ""raw_display"": ""61.2%"", ""normalized"": 72.29, ""weight"": 0.18, ""weight_pct"": 18.0, ""min"": 32.5, ""max"": 72.2, ""lower_is_better"": false, ""is_percent"": true}]}"
2026-03-07T08:04:19.660159Z,serve,Serve,12,Iva Jovic,332285,https://www.wtatennis.com/players/332285/iva-jovic,https://photoresources.wtatennis.com/wta/photo/2025/03/10/c5a7395c-c1eb-4a45-80fe-5539aa27c10e/Jovic-Torso_332285.png,58.6,Aces,38,Double Faults,34,1st Serve %,62.3%,1st Serve Points Won %,65.6%,2nd Serve Points Won %,52.7%,Break Points Saved %,59.3%,"{""category"": ""serve"", ""player_rank"": 18, ""match_count"": 19, ""formula"": ""normalized_score = Σ(metric_norm × weight)"", ""metrics"": [{""key"": ""Aces"", ""name"": ""Aces"", ""raw"": 38.0, ""raw_display"": ""38"", ""normalized"": 34.55, ""weight"": 0.16, ""weight_pct"": 16.0, ""min"": 0.0, ""max"": 110.0, ""lower_is_better"": false, ""is_percent"": false}, {""key"": ""Double_Faults"", ""name"": ""Double Faults"", ""raw"": 34.0, ""raw_display"": ""34"", ""normalized"": 68.32, ""weight"": 0.12, ""weight_pct"": 12.0, ""min"": 2.0, ""max"": 103.0, ""lower_is_better"": true, ""is_percent"": false}, {""key"": ""first_serve_percent"", ""name"": ""1st Serve %"", ""raw"": 62.3, ""raw_display"": ""62.3%"", ""normalized"": 36.96, ""weight"": 0.14, ""weight_pct"": 14.0, ""min"": 52.1, ""max"": 79.7, ""lower_is_better"": false, ""is_percent"": true}, {""key"": ""first_serve_won_percent"", ""name"": ""1st Serve Points Won %"", ""raw"": 65.6, ""raw_display"": ""65.6%"", ""normalized"": 57.08, ""weight"": 0.2, ""weight_pct"": 20.0, ""min"": 51.9, ""max"": 75.9, ""lower_is_better"": false, ""is_percent"": true}, {""key"": ""second_serve_won_percent"", ""name"": ""2nd Serve Points Won %"", ""raw"": 52.7, ""raw_display"": ""52.7%"", ""normalized"": 80.5, ""weight"": 0.2, ""weight_pct"": 20.0, ""min"": 33.3, ""max"": 57.4, ""lower_is_better"": false, ""is_percent"": true}, {""key"": ""breakpoint_saved_percent"", ""name"": ""Break Points Saved %"", ""raw"": 59.3, ""raw_display"": ""59.3%"", ""normalized"": 67.51, ""weight"": 0.18, ""weight_pct"": 18.0, ""min"": 32.5, ""max"": 72.2, ""lower_is_better"": false, ""is_percent"": true}]}"
2026-03-07T08:04:19.660159Z,serve,Serve,13,Alycia Parks,326007,https://www.wtatennis.com/players/326007/alycia-parks,https://photoresources.wtatennis.com/wta/photo/2025/03/10/8f5491fc-eb26-4a75-9534-df841a18f6a6/Parks-Torso_326007.png,58.5,Aces,81,Double Faults,49,1st Serve %,58.8%,1st Serve Points Won %,71.5%,2nd Serve Points Won %,41.7%,Break Points Saved %,62.4%,"{""category"": ""serve"", ""player_rank"": 96, ""match_count"": 9, ""formula"": ""normalized_score = Σ(metric_norm × weight)"", ""metrics"": [{""key"": ""Aces"", ""name"": ""Aces"", ""raw"": 81.0, ""raw_display"": ""81"", ""normalized"": 73.64, ""weight"": 0.16, ""weight_pct"": 16.0, ""min"": 0.0, ""max"": 110.0, ""lower_is_better"": false, ""is_percent"": false}, {""key"": ""Double_Faults"", ""name"": ""Double Faults"", ""raw"": 49.0, ""raw_display"": ""49"", ""normalized"": 53.47, ""weight"": 0.12, ""weight_pct"": 12.0, ""min"": 2.0, ""max"": 103.0, ""lower_is_better"": true, ""is_percent"": false}, {""key"": ""first_serve_percent"", ""name"": ""1st Serve %"", ""raw"": 58.8, ""raw_display"": ""58.8%"", ""normalized"": 24.28, ""weight"": 0.14, ""weight_pct"": 14.0, ""min"": 52.1, ""max"": 79.7, ""lower_is_better"": false, ""is_percent"": true}, {""key"": ""first_serve_won_percent"", ""name"": ""1st Serve Points Won %"", ""raw"": 71.5, ""raw_display"": ""71.5%"", ""normalized"": 81.67, ""weight"": 0.2, ""weight_pct"": 20.0, ""min"": 51.9, ""max"": 75.9, ""lower_is_better"": false, ""is_percent"": true}, {""key"": ""second_serve_won_percent"", ""name"": ""2nd Serve Points Won %"", ""raw"": 41.7, ""raw_display"": ""41.7%"", ""normalized"": 34.85, ""weight"": 0.2, ""weight_pct"": 20.0, ""min"": 33.3, ""max"": 57.4, ""lower_is_better"": false, ""is_percent"": true}, {""key"": ""breakpoint_saved_percent"", ""name"": ""Break Points Saved %"", ""raw"": 62.4, ""raw_display"": ""62.4%"", ""normalized"": 75.31, ""weight"": 0.18, ""weight_pct"": 18.0, ""min"": 32.5, ""max"": 72.2, ""lower_is_better"": false, ""is_percent"": true}]}"
2026-03-07T08:04:19.660159Z,serve,Serve,14,Elina Svitolina,316738,https://www.wtatennis.com/players/316738/elina-svitolina,https://photoresources.wtatennis.com/wta/photo/2025/03/10/b58d38b6-ab58-4061-b189-19cbcdd4e53e/Svitolina-Torso_316738.png,57.6,Aces,68,Double Faults,51,1st Serve %,60.7%,1st Serve Points Won %,67.0%,2nd Serve Points Won %,49.0%,Break Points Saved %,57.9%,"{""category"": ""serve"", ""player_rank"": 9, ""match_count"": 18, ""formula"": ""normalized_score = Σ(metric_norm × weight)"", ""metrics"": [{""key"": ""Aces"", ""name"": ""Aces"", ""raw"": 68.0, ""raw_display"": ""68"", ""normalized"": 61.82, ""weight"": 0.16, ""weight_pct"": 16.0, ""min"": 0.0, ""max"": 110.0, ""lower_is_better"": false, ""is_percent"": false}, {""key"": ""Double_Faults"", ""name"": ""Double Faults"", ""raw"": 51.0, ""raw_display"": ""51"", ""normalized"": 51.49, ""weight"": 0.12, ""weight_pct"": 12.0, ""min"": 2.0, ""max"": 103.0, ""lower_is_better"": true, ""is_percent"": false}, {""key"": ""first_serve_percent"", ""name"": ""1st Serve %"", ""raw"": 60.7, ""raw_display"": ""60.7%"", ""normalized"": 31.16, ""weight"": 0.14, ""weight_pct"": 14.0, ""min"": 52.1, ""max"": 79.7, ""lower_is_better"": false, ""is_percent"": true}, {""key"": ""first_serve_won_percent"", ""name"": ""1st Serve Points Won %"", ""raw"": 67.0, ""raw_display"": ""67.0%"", ""normalized"": 62.92, ""weight"": 0.2, ""weight_pct"": 20.0, ""min"": 51.9, ""max"": 75.9, ""lower_is_better"": false, ""is_percent"": true}, {""key"": ""second_serve_won_percent"", ""name"": ""2nd Serve Points Won %"", ""raw"": 49.0, ""raw_display"": ""49.0%"", ""normalized"": 65.15, ""weight"": 0.2, ""weight_pct"": 20.0, ""min"": 33.3, ""max"": 57.4, ""lower_is_better"": false, ""is_percent"": true}, {""key"": ""breakpoint_saved_percent"", ""name"": ""Break Points Saved %"", ""raw"": 57.9, ""raw_display"": ""57.9%"", ""normalized"": 63.98, ""weight"": 0.18, ""weight_pct"": 18.0, ""min"": 32.5, ""max"": 72.2, ""lower_is_better"": false, ""is_percent"": true}]}"
2026-03-07T08:04:19.660159Z,serve,Serve,15,Xinyu Wang,326376,https://www.wtatennis.com/players/326376/xinyu-wang,https://photoresources.wtatennis.com/wta/photo/2025/07/29/56be4ea4-f3f9-4cac-be02-7f040dd6710e/Wang-Torso_326376.png,57.6,Aces,70,Double Faults,52,1st Serve %,65.3%,1st Serve Points Won %,67.3%,2nd Serve Points Won %,44.4%,Break Points Saved %,60.3%,"{""category"": ""serve"", ""player_rank"": 30, ""match_count"": 17, ""formula"": ""normalized_score = Σ(metric_norm × weight)"", ""metrics"": [{""key"": ""Aces"", ""name"": ""Aces"", ""raw"": 70.0, ""raw_display"": ""70"", ""normalized"": 63.64, ""weight"": 0.16, ""weight_pct"": 16.0, ""min"": 0.0, ""max"": 110.0, ""lower_is_better"": false, ""is_percent"": false}, {""key"": ""Double_Faults"", ""name"": ""Double Faults"", ""raw"": 52.0, ""raw_display"": ""52"", ""normalized"": 50.5, ""weight"": 0.12, ""weight_pct"": 12.0, ""min"": 2.0, ""max"": 103.0, ""lower_is_better"": true, ""is_percent"": false}, {""key"": ""first_serve_percent"", ""name"": ""1st Serve %"", ""raw"": 65.3, ""raw_display"": ""65.3%"", ""normalized"": 47.83, ""weight"": 0.14, ""weight_pct"": 14.0, ""min"": 52.1, ""max"": 79.7, ""lower_is_better"": false, ""is_percent"": true}, {""key"": ""first_serve_won_percent"", ""name"": ""1st Serve Points Won %"", ""raw"": 67.3, ""raw_display"": ""67.3%"", ""normalized"": 64.17, ""weight"": 0.2, ""weight_pct"": 20.0, ""min"": 51.9, ""max"": 75.9, ""lower_is_better"": false, ""is_percent"": true}, {""key"": ""second_serve_won_percent"", ""name"": ""2nd Serve Points Won %"", ""raw"": 44.4, ""raw_display"": ""44.4%"", ""normalized"": 46.06, ""weight"": 0.2, ""weight_pct"": 20.0, ""min"": 33.3, ""max"": 57.4, ""lower_is_better"": false, ""is_percent"": true}, {""key"": ""breakpoint_saved_percent"", ""name"": ""Break Points Saved %"", ""raw"": 60.3, ""raw_display"": ""60.3%"", ""normalized"": 70.03, ""weight"": 0.18, ""weight_pct"": 18.0, ""min"": 32.5, ""max"": 72.2, ""lower_is_better"": false, ""is_percent"": true}]}"
2026-03-07T08:04:19.660159Z,serve,Serve,16,Maria Sakkari,318312,https://www.wtatennis.com/players/318312/maria-sakkari,https://photoresources.wtatennis.com/wta/photo/2025/03/10/15e6a0c2-8366-4c35-a12f-f6a37a3bde35/Sakkari-Torso_318312.png,57.6,Aces,21,Double Faults,9,1st Serve %,71.8%,1st Serve Points Won %,60.3%,2nd Serve Points Won %,49.5%,Break Points Saved %,61.1%,"{""category"": ""serve"", ""player_rank"": 34, ""match_count"": 11, ""formula"": ""normalized_score = Σ(metric_norm × weight)"", ""metrics"": [{""key"": ""Aces"", ""name"": ""Aces"", ""raw"": 21.0, ""raw_display"": ""21"", ""normalized"": 19.09, ""weight"": 0.16, ""weight_pct"": 16.0, ""min"": 0.0, ""max"": 110.0, ""lower_is_better"": false, ""is_percent"": false}, {""key"": ""Double_Faults"", ""name"": ""Double Faults"", ""raw"": 9.0, ""raw_display"": ""9"", ""normalized"": 93.07, ""weight"": 0.12, ""weight_pct"": 12.0, ""min"": 2.0, ""max"": 103.0, ""lower_is_better"": true, ""is_percent"": false}, {""key"": ""first_serve_percent"", ""name"": ""1st Serve %"", ""raw"": 71.8, ""raw_display"": ""71.8%"", ""normalized"": 71.38, ""weight"": 0.14, ""weight_pct"": 14.0, ""min"": 52.1, ""max"": 79.7, ""lower_is_better"": false, ""is_percent"": true}, {""key"": ""first_serve_won_percent"", ""name"": ""1st Serve Points Won %"", ""raw"": 60.3, ""raw_display"": ""60.3%"", ""normalized"": 35.0, ""weight"": 0.2, ""weight_pct"": 20.0, ""min"": 51.9, ""max"": 75.9, ""lower_is_better"": false, ""is_percent"": true}, {""key"": ""second_serve_won_percent"", ""name"": ""2nd Serve Points Won %"", ""raw"": 49.5, ""raw_display"": ""49.5%"", ""normalized"": 67.22, ""weight"": 0.2, ""weight_pct"": 20.0, ""min"": 33.3, ""max"": 57.4, ""lower_is_better"": false, ""is_percent"": true}, {""key"": ""breakpoint_saved_percent"", ""name"": ""Break Points Saved %"", ""raw"": 61.1, ""raw_display"": ""61.1%"", ""normalized"": 72.04, ""weight"": 0.18, ""weight_pct"": 18.0, ""min"": 32.5, ""max"": 72.2, ""lower_is_better"": false, ""is_percent"": true}]}"
2026-03-07T08:04:19.660159Z,serve,Serve,17,Ashlyn Krueger,329409,https://www.wtatennis.com/players/329409/ashlyn-krueger,https://photoresources.wtatennis.com/wta/photo/2024/04/26/2b5353bc-e400-41fa-ae82-600b41135a86/Krueger-Torso_329409-WTA-Tennis.png,57.0,Aces,44,Double Faults,28,1st Serve %,68.2%,1st Serve Points Won %,66.7%,2nd Serve Points Won %,45.5%,Break Points Saved %,56.9%,"{""category"": ""serve"", ""player_rank"": 82, ""match_count"": 8, ""formula"": ""normalized_score = Σ(metric_norm × weight)"", ""metrics"": [{""key"": ""Aces"", ""name"": ""Aces"", ""raw"": 44.0, ""raw_display"": ""44"", ""normalized"": 40.0, ""weight"": 0.16, ""weight_pct"": 16.0, ""min"": 0.0, ""max"": 110.0, ""lower_is_better"": false, ""is_percent"": false}, {""key"": ""Double_Faults"", ""name"": ""Double Faults"", ""raw"": 28.0, ""raw_display"": ""28"", ""normalized"": 74.26, ""weight"": 0.12, ""weight_pct"": 12.0, ""min"": 2.0, ""max"": 103.0, ""lower_is_better"": true, ""is_percent"": false}, {""key"": ""first_serve_percent"", ""name"": ""1st Serve %"", ""raw"": 68.2, ""raw_display"": ""68.2%"", ""normalized"": 58.33, ""weight"": 0.14, ""weight_pct"": 14.0, ""min"": 52.1, ""max"": 79.7, ""lower_is_better"": false, ""is_percent"": true}, {""key"": ""first_serve_won_percent"", ""name"": ""1st Serve Points Won %"", ""raw"": 66.7, ""raw_display"": ""66.7%"", ""normalized"": 61.67, ""weight"": 0.2, ""weight_pct"": 20.0, ""min"": 51.9, ""max"": 75.9, ""lower_is_better"": false, ""is_percent"": true}, {""key"": ""second_serve_won_percent"", ""name"": ""2nd Serve Points Won %"", ""raw"": 45.5, ""raw_display"": ""45.5%"", ""normalized"": 50.62, ""weight"": 0.2, ""weight_pct"": 20.0, ""min"": 33.3, ""max"": 57.4, ""lower_is_better"": false, ""is_percent"": true}, {""key"": ""breakpoint_saved_percent"", ""name"": ""Break Points Saved %"", ""raw"": 56.9, ""raw_display"": ""56.9%"", ""normalized"": 61.46, ""weight"": 0.18, ""weight_pct"": 18.0, ""min"": 32.5, ""max"": 72.2, ""lower_is_better"": false, ""is_percent"": true}]}"
2026-03-07T08:04:19.660159Z,serve,Serve,18,Oleksandra Oliynykova,327182,https://www.wtatennis.com/players/327182/oleksandra-oliynykova,,56.9,Aces,2,Double Faults,13,1st Serve %,74.7%,1st Serve Points Won %,62.7%,2nd Serve Points Won %,45.0%,Break Points Saved %,67.3%,"{""category"": ""serve"", ""player_rank"": 73, ""match_count"": 5, ""formula"": ""normalized_score = Σ(metric_norm × weight)"", ""metrics"": [{""key"": ""Aces"", ""name"": ""Aces"", ""raw"": 2.0, ""raw_display"": ""2"", ""normalized"": 1.82, ""weight"": 0.16, ""weight_pct"": 16.0, ""min"": 0.0, ""max"": 110.0, ""lower_is_better"": false, ""is_percent"": false}, {""key"": ""Double_Faults"", ""name"": ""Double Faults"", ""raw"": 13.0, ""raw_display"": ""13"", ""normalized"": 89.11, ""weight"": 0.12, ""weight_pct"": 12.0, ""min"": 2.0, ""max"": 103.0, ""lower_is_better"": true, ""is_percent"": false}, {""key"": ""first_serve_percent"", ""name"": ""1st Serve %"", ""raw"": 74.7, ""raw_display"": ""74.7%"", ""normalized"": 81.88, ""weight"": 0.14, ""weight_pct"": 14.0, ""min"": 52.1, ""max"": 79.7, ""lower_is_better"": false, ""is_percent"": true}, {""key"": ""first_serve_won_percent"", ""name"": ""1st Serve Points Won %"", ""raw"": 62.7, ""raw_display"": ""62.7%"", ""normalized"": 45.0, ""weight"": 0.2, ""weight_pct"": 20.0, ""min"": 51.9, ""max"": 75.9, ""lower_is_better"": false, ""is_percent"": true}, {""key"": ""second_serve_won_percent"", ""name"": ""2nd Serve Points Won %"", ""raw"": 45.0, ""raw_display"": ""45.0%"", ""normalized"": 48.55, ""weight"": 0.2, ""weight_pct"": 20.0, ""min"": 33.3, ""max"": 57.4, ""lower_is_better"": false, ""is_percent"": true}, {""key"": ""breakpoint_saved_percent"", ""name"": ""Break Points Saved %"", ""raw"": 67.3, ""raw_display"": ""67.3%"", ""normalized"": 87.66, ""weight"": 0.18, ""weight_pct"": 18.0, ""min"": 32.5, ""max"": 72.2, ""lower_is_better"": false, ""is_percent"": true}]}"
2026-03-07T08:04:19.660159Z,serve,Serve,19,Barbora Krejcikova,318314,https://www.wtatennis.com/players/318314/barbora-krejcikova,https://photoresources.wtatennis.com/wta/photo/2025/04/14/424125a1-68db-4a69-a07a-4f0b6c2fb2ec/Krejcikova-Torso_318314.png,56.5,Aces,38,Double Faults,37,1st Serve %,60.9%,1st Serve Points Won %,75.9%,2nd Serve Points Won %,43.8%,Break Points Saved %,54.5%,"{""category"": ""serve"", ""player_rank"": 53, ""match_count"": 6, ""formula"": ""normalized_score = Σ(metric_norm × weight)"", ""metrics"": [{""key"": ""Aces"", ""name"": ""Aces"", ""raw"": 38.0, ""raw_display"": ""38"", ""normalized"": 34.55, ""weight"": 0.16, ""weight_pct"": 16.0, ""min"": 0.0, ""max"": 110.0, ""lower_is_better"": false, ""is_percent"": false}, {""key"": ""Double_Faults"", ""name"": ""Double Faults"", ""raw"": 37.0, ""raw_display"": ""37"", ""normalized"": 65.35, ""weight"": 0.12, ""weight_pct"": 12.0, ""min"": 2.0, ""max"": 103.0, ""lower_is_better"": true, ""is_percent"": false}, {""key"": ""first_serve_percent"", ""name"": ""1st Serve %"", ""raw"": 60.9, ""raw_display"": ""60.9%"", ""normalized"": 31.88, ""weight"": 0.14, ""weight_pct"": 14.0, ""min"": 52.1, ""max"": 79.7, ""lower_is_better"": false, ""is_percent"": true}, {""key"": ""first_serve_won_percent"", ""name"": ""1st Serve Points Won %"", ""raw"": 75.9, ""raw_display"": ""75.9%"", ""normalized"": 100.0, ""weight"": 0.2, ""weight_pct"": 20.0, ""min"": 51.9, ""max"": 75.9, ""lower_is_better"": false, ""is_percent"": true}, {""key"": ""second_serve_won_percent"", ""name"": ""2nd Serve Points Won %"", ""raw"": 43.8, ""raw_display"": ""43.8%"", ""normalized"": 43.57, ""weight"": 0.2, ""weight_pct"": 20.0, ""min"": 33.3, ""max"": 57.4, ""lower_is_better"": false, ""is_percent"": true}, {""key"": ""breakpoint_saved_percent"", ""name"": ""Break Points Saved %"", ""raw"": 54.5, ""raw_display"": ""54.5%"", ""normalized"": 55.42, ""weight"": 0.18, ""weight_pct"": 18.0, ""min"": 32.5, ""max"": 72.2, ""lower_is_better"": false, ""is_percent"": true}]}"
2026-03-07T08:04:19.660159Z,serve,Serve,20,Rebeka Masarova,322087,https://www.wtatennis.com/players/322087/rebeka-masarova,https://photoresources.wtatennis.com/wta/photo/2025/03/10/c1a4435f-9f93-48e6-90e2-4794c72ecd55/Masarova-Torso_322087.png,56.5,Aces,24,Double Faults,23,1st Serve %,58.6%,1st Serve Points Won %,74.8%,2nd Serve Points Won %,43.4%,Break Points Saved %,60.6%,"{""category"": ""serve"", ""player_rank"": 110, ""match_count"": 5, ""formula"": ""normalized_score = Σ(metric_norm × weight)"", ""metrics"": [{""key"": ""Aces"", ""name"": ""Aces"", ""raw"": 24.0, ""raw_display"": ""24"", ""normalized"": 21.82, ""weight"": 0.16, ""weight_pct"": 16.0, ""min"": 0.0, ""max"": 110.0, ""lower_is_better"": false, ""is_percent"": false}, {""key"": ""Double_Faults"", ""name"": ""Double Faults"", ""raw"": 23.0, ""raw_display"": ""23"", ""normalized"": 79.21, ""weight"": 0.12, ""weight_pct"": 12.0, ""min"": 2.0, ""max"": 103.0, ""lower_is_better"": true, ""is_percent"": false}, {""key"": ""first_serve_percent"", ""name"": ""1st Serve %"", ""raw"": 58.6, ""raw_display"": ""58.6%"", ""normalized"": 23.55, ""weight"": 0.14, ""weight_pct"": 14.0, ""min"": 52.1, ""max"": 79.7, ""lower_is_better"": false, ""is_percent"": true}, {""key"": ""first_serve_won_percent"", ""name"": ""1st Serve Points Won %"", ""raw"": 74.8, ""raw_display"": ""74.8%"", ""normalized"": 95.42, ""weight"": 0.2, ""weight_pct"": 20.0, ""min"": 51.9, ""max"": 75.9, ""lower_is_better"": false, ""is_percent"": true}, {""key"": ""second_serve_won_percent"", ""name"": ""2nd Serve Points Won %"", ""raw"": 43.4, ""raw_display"": ""43.4%"", ""normalized"": 41.91, ""weight"": 0.2, ""weight_pct"": 20.0, ""min"": 33.3, ""max"": 57.4, ""lower_is_better"": false, ""is_percent"": true}, {""key"": ""breakpoint_saved_percent"", ""name"": ""Break Points Saved %"", ""raw"": 60.6, ""raw_display"": ""60.6%"", ""normalized"": 70.78, ""weight"": 0.18, ""weight_pct"": 18.0, ""min"": 32.5, ""max"": 72.2, ""lower_is_better"": false, ""is_percent"": true}]}"
2026-03-07T08:04:19.660159Z,serve,Serve,21,Iga Swiatek,326408,https://www.wtatennis.com/players/326408/iga-swiatek,https://photoresources.wtatennis.com/wta/photo/2025/04/14/86a49ba8-7183-44c4-afd1-a3cd35a9fa4f/Swiatek-Torso_326408.png,56.2,Aces,44,Double Faults,25,1st Serve %,62.4%,1st Serve Points Won %,65.7%,2nd Serve Points Won %,49.8%,Break Points Saved %,54.8%,"{""category"": ""serve"", ""player_rank"": 2, ""match_count"": 13, ""formula"": ""normalized_score = Σ(metric_norm × weight)"", ""metrics"": [{""key"": ""Aces"", ""name"": ""Aces"", ""raw"": 44.0, ""raw_display"": ""44"", ""normalized"": 40.0, ""weight"": 0.16, ""weight_pct"": 16.0, ""min"": 0.0, ""max"": 110.0, ""lower_is_better"": false, ""is_percent"": false}, {""key"": ""Double_Faults"", ""name"": ""Double Faults"", ""raw"": 25.0, ""raw_display"": ""25"", ""normalized"": 77.23, ""weight"": 0.12, ""weight_pct"": 12.0, ""min"": 2.0, ""max"": 103.0, ""lower_is_better"": true, ""is_percent"": false}, {""key"": ""first_serve_percent"", ""name"": ""1st Serve %"", ""raw"": 62.4, ""raw_display"": ""62.4%"", ""normalized"": 37.32, ""weight"": 0.14, ""weight_pct"": 14.0, ""min"": 52.1, ""max"": 79.7, ""lower_is_better"": false, ""is_percent"": true}, {""key"": ""first_serve_won_percent"", ""name"": ""1st Serve Points Won %"", ""raw"": 65.7, ""raw_display"": ""65.7%"", ""normalized"": 57.5, ""weight"": 0.2, ""weight_pct"": 20.0, ""min"": 51.9, ""max"": 75.9, ""lower_is_better"": false, ""is_percent"": true}, {""key"": ""second_serve_won_percent"", ""name"": ""2nd Serve Points Won %"", ""raw"": 49.8, ""raw_display"": ""49.8%"", ""normalized"": 68.46, ""weight"": 0.2, ""weight_pct"": 20.0, ""min"": 33.3, ""max"": 57.4, ""lower_is_better"": false, ""is_percent"": true}, {""key"": ""breakpoint_saved_percent"", ""name"": ""Break Points Saved %"", ""raw"": 54.8, ""raw_display"": ""54.8%"", ""normalized"": 56.17, ""weight"": 0.18, ""weight_pct"": 18.0, ""min"": 32.5, ""max"": 72.2, ""lower_is_better"": false, ""is_percent"": true}]}"
2026-03-07T08:04:19.660159Z,serve,Serve,22,Elise Mertens,317964,https://www.wtatennis.com/players/317964/elise-mertens,https://photoresources.wtatennis.com/wta/photo/2025/06/20/2f3e5e2d-297a-4467-983c-ff89c75af905/Mertens-Torso_317964.png,55.9,Aces,59,Double Faults,41,1st Serve %,58.3%,1st Serve Points Won %,72.5%,2nd Serve Points Won %,49.3%,Break Points Saved %,46.6%,"{""category"": ""serve"", ""player_rank"": 21, ""match_count"": 13, ""formula"": ""normalized_score = Σ(metric_norm × weight)"", ""metrics"": [{""key"": ""Aces"", ""name"": ""Aces"", ""raw"": 59.0, ""raw_display"": ""59"", ""normalized"": 53.64, ""weight"": 0.16, ""weight_pct"": 16.0, ""min"": 0.0, ""max"": 110.0, ""lower_is_better"": false, ""is_percent"": false}, {""key"": ""Double_Faults"", ""name"": ""Double Faults"", ""raw"": 41.0, ""raw_display"": ""41"", ""normalized"": 61.39, ""weight"": 0.12, ""weight_pct"": 12.0, ""min"": 2.0, ""max"": 103.0, ""lower_is_better"": true, ""is_percent"": false}, {""key"": ""first_serve_percent"", ""name"": ""1st Serve %"", ""raw"": 58.3, ""raw_display"": ""58.3%"", ""normalized"": 22.46, ""weight"": 0.14, ""weight_pct"": 14.0, ""min"": 52.1, ""max"": 79.7, ""lower_is_better"": false, ""is_percent"": true}, {""key"": ""first_serve_won_percent"", ""name"": ""1st Serve Points Won %"", ""raw"": 72.5, ""raw_display"": ""72.5%"", ""normalized"": 85.83, ""weight"": 0.2, ""weight_pct"": 20.0, ""min"": 51.9, ""max"": 75.9, ""lower_is_better"": false, ""is_percent"": true}, {""key"": ""second_serve_won_percent"", ""name"": ""2nd Serve Points Won %"", ""raw"": 49.3, ""raw_display"": ""49.3%"", ""normalized"": 66.39, ""weight"": 0.2, ""weight_pct"": 20.0, ""min"": 33.3, ""max"": 57.4, ""lower_is_better"": false, ""is_percent"": true}, {""key"": ""breakpoint_saved_percent"", ""name"": ""Break Points Saved %"", ""raw"": 46.6, ""raw_display"": ""46.6%"", ""normalized"": 35.52, ""weight"": 0.18, ""weight_pct"": 18.0, ""min"": 32.5, ""max"": 72.2, ""lower_is_better"": false, ""is_percent"": true}]}"
2026-03-07T08:04:19.660159Z,serve,Serve,23,Shuai Zhang,311779,https://www.wtatennis.com/players/311779/shuai-zhang,https://photoresources.wtatennis.com/wta/photo/2024/05/01/6a80e46a-1af3-4b9d-bc91-034064b40e39/Zhang-Torso_311779-WTA-Tennis.png,55.8,Aces,14,Double Faults,11,1st Serve %,67.9%,1st Serve Points Won %,59.9%,2nd Serve Points Won %,50.6%,Break Points Saved %,63.0%,"{""category"": ""serve"", ""player_rank"": 62, ""match_count"": 7, ""formula"": ""normalized_score = Σ(metric_norm × weight)"", ""metrics"": [{""key"": ""Aces"", ""name"": ""Aces"", ""raw"": 14.0, ""raw_display"": ""14"", ""normalized"": 12.73, ""weight"": 0.16, ""weight_pct"": 16.0, ""min"": 0.0, ""max"": 110.0, ""lower_is_better"": false, ""is_percent"": false}, {""key"": ""Double_Faults"", ""name"": ""Double Faults"", ""raw"": 11.0, ""raw_display"": ""11"", ""normalized"": 91.09, ""weight"": 0.12, ""weight_pct"": 12.0, ""min"": 2.0, ""max"": 103.0, ""lower_is_better"": true, ""is_percent"": false}, {""key"": ""first_serve_percent"", ""name"": ""1st Serve %"", ""raw"": 67.9, ""raw_display"": ""67.9%"", ""normalized"": 57.25, ""weight"": 0.14, ""weight_pct"": 14.0, ""min"": 52.1, ""max"": 79.7, ""lower_is_better"": false, ""is_percent"": true}, {""key"": ""first_serve_won_percent"", ""name"": ""1st Serve Points Won %"", ""raw"": 59.9, ""raw_display"": ""59.9%"", ""normalized"": 33.33, ""weight"": 0.2, ""weight_pct"": 20.0, ""min"": 51.9, ""max"": 75.9, ""lower_is_better"": false, ""is_percent"": true}, {""key"": ""second_serve_won_percent"", ""name"": ""2nd Serve Points Won %"", ""raw"": 50.6, ""raw_display"": ""50.6%"", ""normalized"": 71.78, ""weight"": 0.2, ""weight_pct"": 20.0, ""min"": 33.3, ""max"": 57.4, ""lower_is_better"": false, ""is_percent"": true}, {""key"": ""breakpoint_saved_percent"", ""name"": ""Break Points Saved %"", ""raw"": 63.0, ""raw_display"": ""63.0%"", ""normalized"": 76.83, ""weight"": 0.18, ""weight_pct"": 18.0, ""min"": 32.5, ""max"": 72.2, ""lower_is_better"": false, ""is_percent"": true}]}"
2026-03-07T08:04:19.660159Z,serve,Serve,24,Mccartney Kessler,326678,https://www.wtatennis.com/players/326678/mccartney-kessler,https://photoresources.wtatennis.com/wta/photo/2025/06/23/ca3c2f58-8ad8-40e0-9007-6db7707a1d7a/Kessler-Torso_326678.png,55.3,Aces,19,Double Faults,24,1st Serve %,62.7%,1st Serve Points Won %,60.9%,2nd Serve Points Won %,55.1%,Break Points Saved %,59.3%,"{""category"": ""serve"", ""player_rank"": 51, ""match_count"": 8, ""formula"": ""normalized_score = Σ(metric_norm × weight)"", ""metrics"": [{""key"": ""Aces"", ""name"": ""Aces"", ""raw"": 19.0, ""raw_display"": ""19"", ""normalized"": 17.27, ""weight"": 0.16, ""weight_pct"": 16.0, ""min"": 0.0, ""max"": 110.0, ""lower_is_better"": false, ""is_percent"": false}, {""key"": ""Double_Faults"", ""name"": ""Double Faults"", ""raw"": 24.0, ""raw_display"": ""24"", ""normalized"": 78.22, ""weight"": 0.12, ""weight_pct"": 12.0, ""min"": 2.0, ""max"": 103.0, ""lower_is_better"": true, ""is_percent"": false}, {""key"": ""first_serve_percent"", ""name"": ""1st Serve %"", ""raw"": 62.7, ""raw_display"": ""62.7%"", ""normalized"": 38.41, ""weight"": 0.14, ""weight_pct"": 14.0, ""min"": 52.1, ""max"": 79.7, ""lower_is_better"": false, ""is_percent"": true}, {""key"": ""first_serve_won_percent"", ""name"": ""1st Serve Points Won %"", ""raw"": 60.9, ""raw_display"": ""60.9%"", ""normalized"": 37.5, ""weight"": 0.2, ""weight_pct"": 20.0, ""min"": 51.9, ""max"": 75.9, ""lower_is_better"": false, ""is_percent"": true}, {""key"": ""second_serve_won_percent"", ""name"": ""2nd Serve Points Won %"", ""raw"": 55.1, ""raw_display"": ""55.1%"", ""normalized"": 90.46, ""weight"": 0.2, ""weight_pct"": 20.0, ""min"": 33.3, ""max"": 57.4, ""lower_is_better"": false, ""is_percent"": true}, {""key"": ""breakpoint_saved_percent"", ""name"": ""Break Points Saved %"", ""raw"": 59.3, ""raw_display"": ""59.3%"", ""normalized"": 67.51, ""weight"": 0.18, ""weight_pct"": 18.0, ""min"": 32.5, ""max"": 72.2, ""lower_is_better"": false, ""is_percent"": true}]}"
2026-03-07T08:04:19.660159Z,serve,Serve,25,Amanda Anisimova,326384,https://www.wtatennis.com/players/326384/amanda-anisimova,https://photoresources.wtatennis.com/wta/photo/2025/10/02/3992d32f-a1f8-465d-a1f5-e3620d72d00e/Anisimova-Torso_326384.png,54.5,Aces,36,Double Faults,49,1st Serve %,64.4%,1st Serve Points Won %,66.5%,2nd Serve Points Won %,46.8%,Break Points Saved %,61.6%,"{""category"": ""serve"", ""player_rank"": 6, ""match_count"": 11, ""formula"": ""normalized_score = Σ(metric_norm × weight)"", ""metrics"": [{""key"": ""Aces"", ""name"": ""Aces"", ""raw"": 36.0, ""raw_display"": ""36"", ""normalized"": 32.73, ""weight"": 0.16, ""weight_pct"": 16.0, ""min"": 0.0, ""max"": 110.0, ""lower_is_better"": false, ""is_percent"": false}, {""key"": ""Double_Faults"", ""name"": ""Double Faults"", ""raw"": 49.0, ""raw_display"": ""49"", ""normalized"": 53.47, ""weight"": 0.12, ""weight_pct"": 12.0, ""min"": 2.0, ""max"": 103.0, ""lower_is_better"": true, ""is_percent"": false}, {""key"": ""first_serve_percent"", ""name"": ""1st Serve %"", ""raw"": 64.4, ""raw_display"": ""64.4%"", ""normalized"": 44.57, ""weight"": 0.14, ""weight_pct"": 14.0, ""min"": 52.1, ""max"": 79.7, ""lower_is_better"": false, ""is_percent"": true}, {""key"": ""first_serve_won_percent"", ""name"": ""1st Serve Points Won %"", ""raw"": 66.5, ""raw_display"": ""66.5%"", ""normalized"": 60.83, ""weight"": 0.2, ""weight_pct"": 20.0, ""min"": 51.9, ""max"": 75.9, ""lower_is_better"": false, ""is_percent"": true}, {""key"": ""second_serve_won_percent"", ""name"": ""2nd Serve Points Won %"", ""raw"": 46.8, ""raw_display"": ""46.8%"", ""normalized"": 56.02, ""weight"": 0.2, ""weight_pct"": 20.0, ""min"": 33.3, ""max"": 57.4, ""lower_is_better"": false, ""is_percent"": true}, {""key"": ""breakpoint_saved_percent"", ""name"": ""Break Points Saved %"", ""raw"": 61.6, ""raw_display"": ""61.6%"", ""normalized"": 73.3, ""weight"": 0.18, ""weight_pct"": 18.0, ""min"": 32.5, ""max"": 72.2, ""lower_is_better"": false, ""is_percent"": true}]}"
2026-03-07T08:04:19.660159Z,serve,Serve,26,Ann Li,326096,https://www.wtatennis.com/players/326096/ann-li,https://photoresources.wtatennis.com/wta/photo/2025/04/16/98b4db66-f66e-4853-9272-aa6eb159f8ea/Li-Torso_326096.png,54.5,Aces,50,Double Faults,21,1st Serve %,59.1%,1st Serve Points Won %,68.8%,2nd Serve Points Won %,44.2%,Break Points Saved %,56.3%,"{""category"": ""serve"", ""player_rank"": 41, ""match_count"": 10, ""formula"": ""normalized_score = Σ(metric_norm × weight)"", ""metrics"": [{""key"": ""Aces"", ""name"": ""Aces"", ""raw"": 50.0, ""raw_display"": ""50"", ""normalized"": 45.45, ""weight"": 0.16, ""weight_pct"": 16.0, ""min"": 0.0, ""max"": 110.0, ""lower_is_better"": false, ""is_percent"": false}, {""key"": ""Double_Faults"", ""name"": ""Double Faults"", ""raw"": 21.0, ""raw_display"": ""21"", ""normalized"": 81.19, ""weight"": 0.12, ""weight_pct"": 12.0, ""min"": 2.0, ""max"": 103.0, ""lower_is_better"": true, ""is_percent"": false}, {""key"": ""first_serve_percent"", ""name"": ""1st Serve %"", ""raw"": 59.1, ""raw_display"": ""59.1%"", ""normalized"": 25.36, ""weight"": 0.14, ""weight_pct"": 14.0, ""min"": 52.1, ""max"": 79.7, ""lower_is_better"": false, ""is_percent"": true}, {""key"": ""first_serve_won_percent"", ""name"": ""1st Serve Points Won %"", ""raw"": 68.8, ""raw_display"": ""68.8%"", ""normalized"": 70.42, ""weight"": 0.2, ""weight_pct"": 20.0, ""min"": 51.9, ""max"": 75.9, ""lower_is_better"": false, ""is_percent"": true}, {""key"": ""second_serve_won_percent"", ""name"": ""2nd Serve Points Won %"", ""raw"": 44.2, ""raw_display"": ""44.2%"", ""normalized"": 45.23, ""weight"": 0.2, ""weight_pct"": 20.0, ""min"": 33.3, ""max"": 57.4, ""lower_is_better"": false, ""is_percent"": true}, {""key"": ""breakpoint_saved_percent"", ""name"": ""Break Points Saved %"", ""raw"": 56.3, ""raw_display"": ""56.3%"", ""normalized"": 59.95, ""weight"": 0.18, ""weight_pct"": 18.0, ""min"": 32.5, ""max"": 72.2, ""lower_is_better"": false, ""is_percent"": true}]}"
2026-03-07T08:04:19.660159Z,serve,Serve,27,Mirra Andreeva,331809,https://www.wtatennis.com/players/331809/mirra-andreeva,https://photoresources.wtatennis.com/wta/photo/2025/03/10/dcaa6b5a-844c-4994-9e38-980977898290/Andreeva-Torso_331809.png,54.4,Aces,42,Double Faults,60,1st Serve %,65.9%,1st Serve Points Won %,68.5%,2nd Serve Points Won %,45.1%,Break Points Saved %,60.2%,"{""category"": ""serve"", ""player_rank"": 8, ""match_count"": 15, ""formula"": ""normalized_score = Σ(metric_norm × weight)"", ""metrics"": [{""key"": ""Aces"", ""name"": ""Aces"", ""raw"": 42.0, ""raw_display"": ""42"", ""normalized"": 38.18, ""weight"": 0.16, ""weight_pct"": 16.0, ""min"": 0.0, ""max"": 110.0, ""lower_is_better"": false, ""is_percent"": false}, {""key"": ""Double_Faults"", ""name"": ""Double Faults"", ""raw"": 60.0, ""raw_display"": ""60"", ""normalized"": 42.57, ""weight"": 0.12, ""weight_pct"": 12.0, ""min"": 2.0, ""max"": 103.0, ""lower_is_better"": true, ""is_percent"": false}, {""key"": ""first_serve_percent"", ""name"": ""1st Serve %"", ""raw"": 65.9, ""raw_display"": ""65.9%"", ""normalized"": 50.0, ""weight"": 0.14, ""weight_pct"": 14.0, ""min"": 52.1, ""max"": 79.7, ""lower_is_better"": false, ""is_percent"": true}, {""key"": ""first_serve_won_percent"", ""name"": ""1st Serve Points Won %"", ""raw"": 68.5, ""raw_display"": ""68.5%"", ""normalized"": 69.17, ""weight"": 0.2, ""weight_pct"": 20.0, ""min"": 51.9, ""max"": 75.9, ""lower_is_better"": false, ""is_percent"": true}, {""key"": ""second_serve_won_percent"", ""name"": ""2nd Serve Points Won %"", ""raw"": 45.1, ""raw_display"": ""45.1%"", ""normalized"": 48.96, ""weight"": 0.2, ""weight_pct"": 20.0, ""min"": 33.3, ""max"": 57.4, ""lower_is_better"": false, ""is_percent"": true}, {""key"": ""breakpoint_saved_percent"", ""name"": ""Break Points Saved %"", ""raw"": 60.2, ""raw_display"": ""60.2%"", ""normalized"": 69.77, ""weight"": 0.18, ""weight_pct"": 18.0, ""min"": 32.5, ""max"": 72.2, ""lower_is_better"": false, ""is_percent"": true}]}"
2026-03-07T08:04:19.660159Z,serve,Serve,28,Sara Bejlek,330375,https://www.wtatennis.com/players/330375/sara-bejlek,https://photoresources.wtatennis.com/wta/photo/2022/10/11/db08cf6d-e28a-497d-a601-1d6abb8245ff/Bejlek_Crop.jpg,54.0,Aces,10,Double Faults,24,1st Serve %,64.6%,1st Serve Points Won %,64.6%,2nd Serve Points Won %,50.7%,Break Points Saved %,58.6%,"{""category"": ""serve"", ""player_rank"": 40, ""match_count"": 9, ""formula"": ""normalized_score = Σ(metric_norm × weight)"", ""metrics"": [{""key"": ""Aces"", ""name"": ""Aces"", ""raw"": 10.0, ""raw_display"": ""10"", ""normalized"": 9.09, ""weight"": 0.16, ""weight_pct"": 16.0, ""min"": 0.0, ""max"": 110.0, ""lower_is_better"": false, ""is_percent"": false}, {""key"": ""Double_Faults"", ""name"": ""Double Faults"", ""raw"": 24.0, ""raw_display"": ""24"", ""normalized"": 78.22, ""weight"": 0.12, ""weight_pct"": 12.0, ""min"": 2.0, ""max"": 103.0, ""lower_is_better"": true, ""is_percent"": false}, {""key"": ""first_serve_percent"", ""name"": ""1st Serve %"", ""raw"": 64.6, ""raw_display"": ""64.6%"", ""normalized"": 45.29, ""weight"": 0.14, ""weight_pct"": 14.0, ""min"": 52.1, ""max"": 79.7, ""lower_is_better"": false, ""is_percent"": true}, {""key"": ""first_serve_won_percent"", ""name"": ""1st Serve Points Won %"", ""raw"": 64.6, ""raw_display"": ""64.6%"", ""normalized"": 52.92, ""weight"": 0.2, ""weight_pct"": 20.0, ""min"": 51.9, ""max"": 75.9, ""lower_is_better"": false, ""is_percent"": true}, {""key"": ""second_serve_won_percent"", ""name"": ""2nd Serve Points Won %"", ""raw"": 50.7, ""raw_display"": ""50.7%"", ""normalized"": 72.2, ""weight"": 0.2, ""weight_pct"": 20.0, ""min"": 33.3, ""max"": 57.4, ""lower_is_better"": false, ""is_percent"": true}, {""key"": ""breakpoint_saved_percent"", ""name"": ""Break Points Saved %"", ""raw"": 58.6, ""raw_display"": ""58.6%"", ""normalized"": 65.74, ""weight"": 0.18, ""weight_pct"": 18.0, ""min"": 32.5, ""max"": 72.2, ""lower_is_better"": false, ""is_percent"": true}]}"
2026-03-07T08:04:19.660159Z,serve,Serve,29,Magda Linette,315130,https://www.wtatennis.com/players/315130/magda-linette,https://photoresources.wtatennis.com/wta/photo/2023/06/02/467a8c62-99f5-4b78-8d37-6c23c6768531/Linette-Torso_315130.png,53.8,Aces,69,Double Faults,36,1st Serve %,59.3%,1st Serve Points Won %,65.4%,2nd Serve Points Won %,47.5%,Break Points Saved %,52.6%,"{""category"": ""serve"", ""player_rank"": 49, ""match_count"": 16, ""formula"": ""normalized_score = Σ(metric_norm × weight)"", ""metrics"": [{""key"": ""Aces"", ""name"": ""Aces"", ""raw"": 69.0, ""raw_display"": ""69"", ""normalized"": 62.73, ""weight"": 0.16, ""weight_pct"": 16.0, ""min"": 0.0, ""max"": 110.0, ""lower_is_better"": false, ""is_percent"": false}, {""key"": ""Double_Faults"", ""name"": ""Double Faults"", ""raw"": 36.0, ""raw_display"": ""36"", ""normalized"": 66.34, ""weight"": 0.12, ""weight_pct"": 12.0, ""min"": 2.0, ""max"": 103.0, ""lower_is_better"": true, ""is_percent"": false}, {""key"": ""first_serve_percent"", ""name"": ""1st Serve %"", ""raw"": 59.3, ""raw_display"": ""59.3%"", ""normalized"": 26.09, ""weight"": 0.14, ""weight_pct"": 14.0, ""min"": 52.1, ""max"": 79.7, ""lower_is_better"": false, ""is_percent"": true}, {""key"": ""first_serve_won_percent"", ""name"": ""1st Serve Points Won %"", ""raw"": 65.4, ""raw_display"": ""65.4%"", ""normalized"": 56.25, ""weight"": 0.2, ""weight_pct"": 20.0, ""min"": 51.9, ""max"": 75.9, ""lower_is_better"": false, ""is_percent"": true}, {""key"": ""second_serve_won_percent"", ""name"": ""2nd Serve Points Won %"", ""raw"": 47.5, ""raw_display"": ""47.5%"", ""normalized"": 58.92, ""weight"": 0.2, ""weight_pct"": 20.0, ""min"": 33.3, ""max"": 57.4, ""lower_is_better"": false, ""is_percent"": true}, {""key"": ""breakpoint_saved_percent"", ""name"": ""Break Points Saved %"", ""raw"": 52.6, ""raw_display"": ""52.6%"", ""normalized"": 50.63, ""weight"": 0.18, ""weight_pct"": 18.0, ""min"": 32.5, ""max"": 72.2, ""lower_is_better"": false, ""is_percent"": true}]}"
2026-03-07T08:04:19.660159Z,serve,Serve,30,Hailey Baptiste,327101,https://www.wtatennis.com/players/327101/hailey-baptiste,https://photoresources.wtatennis.com/wta/photo/2025/05/08/bca4c48d-f90b-4827-a9ea-7fe931d64f95/Baptiste-Torso_327101.png,53.4,Aces,36,Double Faults,32,1st Serve %,60.7%,1st Serve Points Won %,65.0%,2nd Serve Points Won %,49.8%,Break Points Saved %,56.3%,"{""category"": ""serve"", ""player_rank"": 43, ""match_count"": 11, ""formula"": ""normalized_score = Σ(metric_norm × weight)"", ""metrics"": [{""key"": ""Aces"", ""name"": ""Aces"", ""raw"": 36.0, ""raw_display"": ""36"", ""normalized"": 32.73, ""weight"": 0.16, ""weight_pct"": 16.0, ""min"": 0.0, ""max"": 110.0, ""lower_is_better"": false, ""is_percent"": false}, {""key"": ""Double_Faults"", ""name"": ""Double Faults"", ""raw"": 32.0, ""raw_display"": ""32"", ""normalized"": 70.3, ""weight"": 0.12, ""weight_pct"": 12.0, ""min"": 2.0, ""max"": 103.0, ""lower_is_better"": true, ""is_percent"": false}, {""key"": ""first_serve_percent"", ""name"": ""1st Serve %"", ""raw"": 60.7, ""raw_display"": ""60.7%"", ""normalized"": 31.16, ""weight"": 0.14, ""weight_pct"": 14.0, ""min"": 52.1, ""max"": 79.7, ""lower_is_better"": false, ""is_percent"": true}, {""key"": ""first_serve_won_percent"", ""name"": ""1st Serve Points Won %"", ""raw"": 65.0, ""raw_display"": ""65.0%"", ""normalized"": 54.58, ""weight"": 0.2, ""weight_pct"": 20.0, ""min"": 51.9, ""max"": 75.9, ""lower_is_better"": false, ""is_percent"": true}, {""key"": ""second_serve_won_percent"", ""name"": ""2nd Serve Points Won %"", ""raw"": 49.8, ""raw_display"": ""49.8%"", ""normalized"": 68.46, ""weight"": 0.2, ""weight_pct"": 20.0, ""min"": 33.3, ""max"": 57.4, ""lower_is_better"": false, ""is_percent"": true}, {""key"": ""breakpoint_saved_percent"", ""name"": ""Break Points Saved %"", ""raw"": 56.3, ""raw_display"": ""56.3%"", ""normalized"": 59.95, ""weight"": 0.18, ""weight_pct"": 18.0, ""min"": 32.5, ""max"": 72.2, ""lower_is_better"": false, ""is_percent"": true}]}"
2026-03-07T08:04:19.660159Z,serve,Serve,31,Belinda Bencic,319001,https://www.wtatennis.com/players/319001/belinda-bencic,https://photoresources.wtatennis.com/wta/photo/2025/03/10/5148518c-34b9-45d0-a2bb-47a57c41f84e/Bencic-Torso_319001.png,53.0,Aces,10,Double Faults,24,1st Serve %,68.2%,1st Serve Points Won %,69.9%,2nd Serve Points Won %,45.6%,Break Points Saved %,51.8%,"{""category"": ""serve"", ""player_rank"": 12, ""match_count"": 9, ""formula"": ""normalized_score = Σ(metric_norm × weight)"", ""metrics"": [{""key"": ""Aces"", ""name"": ""Aces"", ""raw"": 10.0, ""raw_display"": ""10"", ""normalized"": 9.09, ""weight"": 0.16, ""weight_pct"": 16.0, ""min"": 0.0, ""max"": 110.0, ""lower_is_better"": false, ""is_percent"": false}, {""key"": ""Double_Faults"", ""name"": ""Double Faults"", ""raw"": 24.0, ""raw_display"": ""24"", ""normalized"": 78.22, ""weight"": 0.12, ""weight_pct"": 12.0, ""min"": 2.0, ""max"": 103.0, ""lower_is_better"": true, ""is_percent"": false}, {""key"": ""first_serve_percent"", ""name"": ""1st Serve %"", ""raw"": 68.2, ""raw_display"": ""68.2%"", ""normalized"": 58.33, ""weight"": 0.14, ""weight_pct"": 14.0, ""min"": 52.1, ""max"": 79.7, ""lower_is_better"": false, ""is_percent"": true}, {""key"": ""first_serve_won_percent"", ""name"": ""1st Serve Points Won %"", ""raw"": 69.9, ""raw_display"": ""69.9%"", ""normalized"": 75.0, ""weight"": 0.2, ""weight_pct"": 20.0, ""min"": 51.9, ""max"": 75.9, ""lower_is_better"": false, ""is_percent"": true}, {""key"": ""second_serve_won_percent"", ""name"": ""2nd Serve Points Won %"", ""raw"": 45.6, ""raw_display"": ""45.6%"", ""normalized"": 51.04, ""weight"": 0.2, ""weight_pct"": 20.0, ""min"": 33.3, ""max"": 57.4, ""lower_is_better"": false, ""is_percent"": true}, {""key"": ""breakpoint_saved_percent"", ""name"": ""Break Points Saved %"", ""raw"": 51.8, ""raw_display"": ""51.8%"", ""normalized"": 48.61, ""weight"": 0.18, ""weight_pct"": 18.0, ""min"": 32.5, ""max"": 72.2, ""lower_is_better"": false, ""is_percent"": true}]}"
2026-03-07T08:04:19.660159Z,serve,Serve,32,Diana Shnaider,330482,https://www.wtatennis.com/players/330482/diana-shnaider,https://photoresources.wtatennis.com/wta/photo/2026/01/22/8dcada5f-938a-495f-8e7f-2f0c3cf442f5/Shnaider-Torso_330482.png,52.8,Aces,27,Double Faults,45,1st Serve %,66.2%,1st Serve Points Won %,66.7%,2nd Serve Points Won %,44.3%,Break Points Saved %,61.9%,"{""category"": ""serve"", ""player_rank"": 20, ""match_count"": 12, ""formula"": ""normalized_score = Σ(metric_norm × weight)"", ""metrics"": [{""key"": ""Aces"", ""name"": ""Aces"", ""raw"": 27.0, ""raw_display"": ""27"", ""normalized"": 24.55, ""weight"": 0.16, ""weight_pct"": 16.0, ""min"": 0.0, ""max"": 110.0, ""lower_is_better"": false, ""is_percent"": false}, {""key"": ""Double_Faults"", ""name"": ""Double Faults"", ""raw"": 45.0, ""raw_display"": ""45"", ""normalized"": 57.43, ""weight"": 0.12, ""weight_pct"": 12.0, ""min"": 2.0, ""max"": 103.0, ""lower_is_better"": true, ""is_percent"": false}, {""key"": ""first_serve_percent"", ""name"": ""1st Serve %"", ""raw"": 66.2, ""raw_display"": ""66.2%"", ""normalized"": 51.09, ""weight"": 0.14, ""weight_pct"": 14.0, ""min"": 52.1, ""max"": 79.7, ""lower_is_better"": false, ""is_percent"": true}, {""key"": ""first_serve_won_percent"", ""name"": ""1st Serve Points Won %"", ""raw"": 66.7, ""raw_display"": ""66.7%"", ""normalized"": 61.67, ""weight"": 0.2, ""weight_pct"": 20.0, ""min"": 51.9, ""max"": 75.9, ""lower_is_better"": false, ""is_percent"": true}, {""key"": ""second_serve_won_percent"", ""name"": ""2nd Serve Points Won %"", ""raw"": 44.3, ""raw_display"": ""44.3%"", ""normalized"": 45.64, ""weight"": 0.2, ""weight_pct"": 20.0, ""min"": 33.3, ""max"": 57.4, ""lower_is_better"": false, ""is_percent"": true}, {""key"": ""breakpoint_saved_percent"", ""name"": ""Break Points Saved %"", ""raw"": 61.9, ""raw_display"": ""61.9%"", ""normalized"": 74.06, ""weight"": 0.18, ""weight_pct"": 18.0, ""min"": 32.5, ""max"": 72.2, ""lower_is_better"": false, ""is_percent"": true}]}"
2026-03-07T08:04:19.660159Z,serve,Serve,33,Olga Danilovic,324934,https://www.wtatennis.com/players/324934/olga-danilovic,https://photoresources.wtatennis.com/wta/photo/2025/03/10/f4593bf2-9293-4e91-9fd6-696061c339da/Danilovic-Torso_324934.png,52.8,Aces,25,Double Faults,15,1st Serve %,66.0%,1st Serve Points Won %,59.2%,2nd Serve Points Won %,49.2%,Break Points Saved %,59.7%,"{""category"": ""serve"", ""player_rank"": 90, ""match_count"": 7, ""formula"": ""normalized_score = Σ(metric_norm × weight)"", ""metrics"": [{""key"": ""Aces"", ""name"": ""Aces"", ""raw"": 25.0, ""raw_display"": ""25"", ""normalized"": 22.73, ""weight"": 0.16, ""weight_pct"": 16.0, ""min"": 0.0, ""max"": 110.0, ""lower_is_better"": false, ""is_percent"": false}, {""key"": ""Double_Faults"", ""name"": ""Double Faults"", ""raw"": 15.0, ""raw_display"": ""15"", ""normalized"": 87.13, ""weight"": 0.12, ""weight_pct"": 12.0, ""min"": 2.0, ""max"": 103.0, ""lower_is_better"": true, ""is_percent"": false}, {""key"": ""first_serve_percent"", ""name"": ""1st Serve %"", ""raw"": 66.0, ""raw_display"": ""66.0%"", ""normalized"": 50.36, ""weight"": 0.14, ""weight_pct"": 14.0, ""min"": 52.1, ""max"": 79.7, ""lower_is_better"": false, ""is_percent"": true}, {""key"": ""first_serve_won_percent"", ""name"": ""1st Serve Points Won %"", ""raw"": 59.2, ""raw_display"": ""59.2%"", ""normalized"": 30.42, ""weight"": 0.2, ""weight_pct"": 20.0, ""min"": 51.9, ""max"": 75.9, ""lower_is_better"": false, ""is_percent"": true}, {""key"": ""second_serve_won_percent"", ""name"": ""2nd Serve Points Won %"", ""raw"": 49.2, ""raw_display"": ""49.2%"", ""normalized"": 65.98, ""weight"": 0.2, ""weight_pct"": 20.0, ""min"": 33.3, ""max"": 57.4, ""lower_is_better"": false, ""is_percent"": true}, {""key"": ""breakpoint_saved_percent"", ""name"": ""Break Points Saved %"", ""raw"": 59.7, ""raw_display"": ""59.7%"", ""normalized"": 68.51, ""weight"": 0.18, ""weight_pct"": 18.0, ""min"": 32.5, ""max"": 72.2, ""lower_is_better"": false, ""is_percent"": true}]}"
2026-03-07T08:04:19.660159Z,serve,Serve,34,Victoria Mboko,331006,https://www.wtatennis.com/players/331006/victoria-mboko,https://photoresources.wtatennis.com/wta/photo/2025/08/05/1d09b84e-0f3c-4413-b460-67f269a9cf35/Mboko-Torso_331006.png,52.7,Aces,79,Double Faults,72,1st Serve %,66.9%,1st Serve Points Won %,65.5%,2nd Serve Points Won %,47.0%,Break Points Saved %,48.6%,"{""category"": ""serve"", ""player_rank"": 10, ""match_count"": 17, ""formula"": ""normalized_score = Σ(metric_norm × weight)"", ""metrics"": [{""key"": ""Aces"", ""name"": ""Aces"", ""raw"": 79.0, ""raw_display"": ""79"", ""normalized"": 71.82, ""weight"": 0.16, ""weight_pct"": 16.0, ""min"": 0.0, ""max"": 110.0, ""lower_is_better"": false, ""is_percent"": false}, {""key"": ""Double_Faults"", ""name"": ""Double Faults"", ""raw"": 72.0, ""raw_display"": ""72"", ""normalized"": 30.69, ""weight"": 0.12, ""weight_pct"": 12.0, ""min"": 2.0, ""max"": 103.0, ""lower_is_better"": true, ""is_percent"": false}, {""key"": ""first_serve_percent"", ""name"": ""1st Serve %"", ""raw"": 66.9, ""raw_display"": ""66.9%"", ""normalized"": 53.62, ""weight"": 0.14, ""weight_pct"": 14.0, ""min"": 52.1, ""max"": 79.7, ""lower_is_better"": false, ""is_percent"": true}, {""key"": ""first_serve_won_percent"", ""name"": ""1st Serve Points Won %"", ""raw"": 65.5, ""raw_display"": ""65.5%"", ""normalized"": 56.67, ""weight"": 0.2, ""weight_pct"": 20.0, ""min"": 51.9, ""max"": 75.9, ""lower_is_better"": false, ""is_percent"": true}, {""key"": ""second_serve_won_percent"", ""name"": ""2nd Serve Points Won %"", ""raw"": 47.0, ""raw_display"": ""47.0%"", ""normalized"": 56.85, ""weight"": 0.2, ""weight_pct"": 20.0, ""min"": 33.3, ""max"": 57.4, ""lower_is_better"": false, ""is_percent"": true}, {""key"": ""breakpoint_saved_percent"", ""name"": ""Break Points Saved %"", ""raw"": 48.6, ""raw_display"": ""48.6%"", ""normalized"": 40.55, ""weight"": 0.18, ""weight_pct"": 18.0, ""min"": 32.5, ""max"": 72.2, ""lower_is_better"": false, ""is_percent"": true}]}"
2026-03-07T08:04:19.660159Z,serve,Serve,35,Ajla Tomljanovic,315232,https://www.wtatennis.com/players/315232/ajla-tomljanovic,https://photoresources.wtatennis.com/wta/photo/2025/03/10/8b2b0ba9-8572-4e87-bf34-723e7de9d134/Tomljanovic-Torso_315232.png,52.5,Aces,11,Double Faults,44,1st Serve %,68.4%,1st Serve Points Won %,64.2%,2nd Serve Points Won %,47.3%,Break Points Saved %,62.9%,"{""category"": ""serve"", ""player_rank"": 85, ""match_count"": 9, ""formula"": ""normalized_score = Σ(metric_norm × weight)"", ""metrics"": [{""key"": ""Aces"", ""name"": ""Aces"", ""raw"": 11.0, ""raw_display"": ""11"", ""normalized"": 10.0, ""weight"": 0.16, ""weight_pct"": 16.0, ""min"": 0.0, ""max"": 110.0, ""lower_is_better"": false, ""is_percent"": false}, {""key"": ""Double_Faults"", ""name"": ""Double Faults"", ""raw"": 44.0, ""raw_display"": ""44"", ""normalized"": 58.42, ""weight"": 0.12, ""weight_pct"": 12.0, ""min"": 2.0, ""max"": 103.0, ""lower_is_better"": true, ""is_percent"": false}, {""key"": ""first_serve_percent"", ""name"": ""1st Serve %"", ""raw"": 68.4, ""raw_display"": ""68.4%"", ""normalized"": 59.06, ""weight"": 0.14, ""weight_pct"": 14.0, ""min"": 52.1, ""max"": 79.7, ""lower_is_better"": false, ""is_percent"": true}, {""key"": ""first_serve_won_percent"", ""name"": ""1st Serve Points Won %"", ""raw"": 64.2, ""raw_display"": ""64.2%"", ""normalized"": 51.25, ""weight"": 0.2, ""weight_pct"": 20.0, ""min"": 51.9, ""max"": 75.9, ""lower_is_better"": false, ""is_percent"": true}, {""key"": ""second_serve_won_percent"", ""name"": ""2nd Serve Points Won %"", ""raw"": 47.3, ""raw_display"": ""47.3%"", ""normalized"": 58.09, ""weight"": 0.2, ""weight_pct"": 20.0, ""min"": 33.3, ""max"": 57.4, ""lower_is_better"": false, ""is_percent"": true}, {""key"": ""breakpoint_saved_percent"", ""name"": ""Break Points Saved %"", ""raw"": 62.9, ""raw_display"": ""62.9%"", ""normalized"": 76.57, ""weight"": 0.18, ""weight_pct"": 18.0, ""min"": 32.5, ""max"": 72.2, ""lower_is_better"": false, ""is_percent"": true}]}"
2026-03-07T08:04:19.660159Z,serve,Serve,36,Elisabetta Cocciaretto,327909,https://www.wtatennis.com/players/327909/elisabetta-cocciaretto,https://photoresources.wtatennis.com/wta/photo/2024/04/29/a85db770-1892-419b-bf18-3b7fc6f0be27/Cocciaretto-Torso_327909-WTA-Tennis.png,52.4,Aces,21,Double Faults,37,1st Serve %,64.8%,1st Serve Points Won %,67.9%,2nd Serve Points Won %,47.9%,Break Points Saved %,53.8%,"{""category"": ""serve"", ""player_rank"": 42, ""match_count"": 12, ""formula"": ""normalized_score = Σ(metric_norm × weight)"", ""metrics"": [{""key"": ""Aces"", ""name"": ""Aces"", ""raw"": 21.0, ""raw_display"": ""21"", ""normalized"": 19.09, ""weight"": 0.16, ""weight_pct"": 16.0, ""min"": 0.0, ""max"": 110.0, ""lower_is_better"": false, ""is_percent"": false}, {""key"": ""Double_Faults"", ""name"": ""Double Faults"", ""raw"": 37.0, ""raw_display"": ""37"", ""normalized"": 65.35, ""weight"": 0.12, ""weight_pct"": 12.0, ""min"": 2.0, ""max"": 103.0, ""lower_is_better"": true, ""is_percent"": false}, {""key"": ""first_serve_percent"", ""name"": ""1st Serve %"", ""raw"": 64.8, ""raw_display"": ""64.8%"", ""normalized"": 46.01, ""weight"": 0.14, ""weight_pct"": 14.0, ""min"": 52.1, ""max"": 79.7, ""lower_is_better"": false, ""is_percent"": true}, {""key"": ""first_serve_won_percent"", ""name"": ""1st Serve Points Won %"", ""raw"": 67.9, ""raw_display"": ""67.9%"", ""normalized"": 66.67, ""weight"": 0.2, ""weight_pct"": 20.0, ""min"": 51.9, ""max"": 75.9, ""lower_is_better"": false, ""is_percent"": true}, {""key"": ""second_serve_won_percent"", ""name"": ""2nd Serve Points Won %"", ""raw"": 47.9, ""raw_display"": ""47.9%"", ""normalized"": 60.58, ""weight"": 0.2, ""weight_pct"": 20.0, ""min"": 33.3, ""max"": 57.4, ""lower_is_better"": false, ""is_percent"": true}, {""key"": ""breakpoint_saved_percent"", ""name"": ""Break Points Saved %"", ""raw"": 53.8, ""raw_display"": ""53.8%"", ""normalized"": 53.65, ""weight"": 0.18, ""weight_pct"": 18.0, ""min"": 32.5, ""max"": 72.2, ""lower_is_better"": false, ""is_percent"": true}]}"
2026-03-07T08:04:19.660159Z,serve,Serve,37,Anna Kalinskaya,323942,https://www.wtatennis.com/players/323942/anna-kalinskaya,https://photoresources.wtatennis.com/wta/photo/2025/03/10/d69936b0-5fc4-4979-8c38-d46b7f5b38f4/Kalinskaya-Torso_323942.png,52.3,Aces,21,Double Faults,30,1st Serve %,66.6%,1st Serve Points Won %,61.6%,2nd Serve Points Won %,50.0%,Break Points Saved %,57.3%,"{""category"": ""serve"", ""player_rank"": 22, ""match_count"": 13, ""formula"": ""normalized_score = Σ(metric_norm × weight)"", ""metrics"": [{""key"": ""Aces"", ""name"": ""Aces"", ""raw"": 21.0, ""raw_display"": ""21"", ""normalized"": 19.09, ""weight"": 0.16, ""weight_pct"": 16.0, ""min"": 0.0, ""max"": 110.0, ""lower_is_better"": false, ""is_percent"": false}, {""key"": ""Double_Faults"", ""name"": ""Double Faults"", ""raw"": 30.0, ""raw_display"": ""30"", ""normalized"": 72.28, ""weight"": 0.12, ""weight_pct"": 12.0, ""min"": 2.0, ""max"": 103.0, ""lower_is_better"": true, ""is_percent"": false}, {""key"": ""first_serve_percent"", ""name"": ""1st Serve %"", ""raw"": 66.6, ""raw_display"": ""66.6%"", ""normalized"": 52.54, ""weight"": 0.14, ""weight_pct"": 14.0, ""min"": 52.1, ""max"": 79.7, ""lower_is_better"": false, ""is_percent"": true}, {""key"": ""first_serve_won_percent"", ""name"": ""1st Serve Points Won %"", ""raw"": 61.6, ""raw_display"": ""61.6%"", ""normalized"": 40.42, ""weight"": 0.2, ""weight_pct"": 20.0, ""min"": 51.9, ""max"": 75.9, ""lower_is_better"": false, ""is_percent"": true}, {""key"": ""second_serve_won_percent"", ""name"": ""2nd Serve Points Won %"", ""raw"": 50.0, ""raw_display"": ""50.0%"", ""normalized"": 69.29, ""weight"": 0.2, ""weight_pct"": 20.0, ""min"": 33.3, ""max"": 57.4, ""lower_is_better"": false, ""is_percent"": true}, {""key"": ""breakpoint_saved_percent"", ""name"": ""Break Points Saved %"", ""raw"": 57.3, ""raw_display"": ""57.3%"", ""normalized"": 62.47, ""weight"": 0.18, ""weight_pct"": 18.0, ""min"": 32.5, ""max"": 72.2, ""lower_is_better"": false, ""is_percent"": true}]}"
2026-03-07T08:04:19.660159Z,serve,Serve,38,Leylah Fernandez,326735,https://www.wtatennis.com/players/326735/leylah-fernandez,https://photoresources.wtatennis.com/wta/photo/2026/01/06/1babb510-6139-4f76-921d-95670c886202/Fernandez-Torso_326735-WTA-Tennis.png,51.7,Aces,23,Double Faults,37,1st Serve %,58.6%,1st Serve Points Won %,66.2%,2nd Serve Points Won %,48.6%,Break Points Saved %,60.3%,"{""category"": ""serve"", ""player_rank"": 27, ""match_count"": 8, ""formula"": ""normalized_score = Σ(metric_norm × weight)"", ""metrics"": [{""key"": ""Aces"", ""name"": ""Aces"", ""raw"": 23.0, ""raw_display"": ""23"", ""normalized"": 20.91, ""weight"": 0.16, ""weight_pct"": 16.0, ""min"": 0.0, ""max"": 110.0, ""lower_is_better"": false, ""is_percent"": false}, {""key"": ""Double_Faults"", ""name"": ""Double Faults"", ""raw"": 37.0, ""raw_display"": ""37"", ""normalized"": 65.35, ""weight"": 0.12, ""weight_pct"": 12.0, ""min"": 2.0, ""max"": 103.0, ""lower_is_better"": true, ""is_percent"": false}, {""key"": ""first_serve_percent"", ""name"": ""1st Serve %"", ""raw"": 58.6, ""raw_display"": ""58.6%"", ""normalized"": 23.55, ""weight"": 0.14, ""weight_pct"": 14.0, ""min"": 52.1, ""max"": 79.7, ""lower_is_better"": false, ""is_percent"": true}, {""key"": ""first_serve_won_percent"", ""name"": ""1st Serve Points Won %"", ""raw"": 66.2, ""raw_display"": ""66.2%"", ""normalized"": 59.58, ""weight"": 0.2, ""weight_pct"": 20.0, ""min"": 51.9, ""max"": 75.9, ""lower_is_better"": false, ""is_percent"": true}, {""key"": ""second_serve_won_percent"", ""name"": ""2nd Serve Points Won %"", ""raw"": 48.6, ""raw_display"": ""48.6%"", ""normalized"": 63.49, ""weight"": 0.2, ""weight_pct"": 20.0, ""min"": 33.3, ""max"": 57.4, ""lower_is_better"": false, ""is_percent"": true}, {""key"": ""breakpoint_saved_percent"", ""name"": ""Break Points Saved %"", ""raw"": 60.3, ""raw_display"": ""60.3%"", ""normalized"": 70.03, ""weight"": 0.18, ""weight_pct"": 18.0, ""min"": 32.5, ""max"": 72.2, ""lower_is_better"": false, ""is_percent"": true}]}"
2026-03-07T08:04:19.660159Z,serve,Serve,39,Peyton Stearns,327573,https://www.wtatennis.com/players/327573/peyton-stearns,https://photoresources.wtatennis.com/wta/photo/2024/04/29/736ed9c7-b271-48cd-a993-f4a2501f97ad/Stearns-Torso_327573-WTA-Tennis.png,51.3,Aces,74,Double Faults,59,1st Serve %,58.8%,1st Serve Points Won %,67.0%,2nd Serve Points Won %,45.9%,Break Points Saved %,52.0%,"{""category"": ""serve"", ""player_rank"": 48, ""match_count"": 14, ""formula"": ""normalized_score = Σ(metric_norm × weight)"", ""metrics"": [{""key"": ""Aces"", ""name"": ""Aces"", ""raw"": 74.0, ""raw_display"": ""74"", ""normalized"": 67.27, ""weight"": 0.16, ""weight_pct"": 16.0, ""min"": 0.0, ""max"": 110.0, ""lower_is_better"": false, ""is_percent"": false}, {""key"": ""Double_Faults"", ""name"": ""Double Faults"", ""raw"": 59.0, ""raw_display"": ""59"", ""normalized"": 43.56, ""weight"": 0.12, ""weight_pct"": 12.0, ""min"": 2.0, ""max"": 103.0, ""lower_is_better"": true, ""is_percent"": false}, {""key"": ""first_serve_percent"", ""name"": ""1st Serve %"", ""raw"": 58.8, ""raw_display"": ""58.8%"", ""normalized"": 24.28, ""weight"": 0.14, ""weight_pct"": 14.0, ""min"": 52.1, ""max"": 79.7, ""lower_is_better"": false, ""is_percent"": true}, {""key"": ""first_serve_won_percent"", ""name"": ""1st Serve Points Won %"", ""raw"": 67.0, ""raw_display"": ""67.0%"", ""normalized"": 62.92, ""weight"": 0.2, ""weight_pct"": 20.0, ""min"": 51.9, ""max"": 75.9, ""lower_is_better"": false, ""is_percent"": true}, {""key"": ""second_serve_won_percent"", ""name"": ""2nd Serve Points Won %"", ""raw"": 45.9, ""raw_display"": ""45.9%"", ""normalized"": 52.28, ""weight"": 0.2, ""weight_pct"": 20.0, ""min"": 33.3, ""max"": 57.4, ""lower_is_better"": false, ""is_percent"": true}, {""key"": ""breakpoint_saved_percent"", ""name"": ""Break Points Saved %"", ""raw"": 52.0, ""raw_display"": ""52.0%"", ""normalized"": 49.12, ""weight"": 0.18, ""weight_pct"": 18.0, ""min"": 32.5, ""max"": 72.2, ""lower_is_better"": false, ""is_percent"": true}]}"
2026-03-07T08:04:19.660159Z,serve,Serve,40,Magdalena Frech,320277,https://www.wtatennis.com/players/320277/magdalena-frech,https://photoresources.wtatennis.com/wta/photo/2025/03/10/00dfd053-aa10-4522-a859-3b7f5ffa1aa5/Frech-Torso_320277.png,51.1,Aces,32,Double Faults,36,1st Serve %,62.5%,1st Serve Points Won %,64.3%,2nd Serve Points Won %,46.5%,Break Points Saved %,58.7%,"{""category"": ""serve"", ""player_rank"": 36, ""match_count"": 13, ""formula"": ""normalized_score = Σ(metric_norm × weight)"", ""metrics"": [{""key"": ""Aces"", ""name"": ""Aces"", ""raw"": 32.0, ""raw_display"": ""32"", ""normalized"": 29.09, ""weight"": 0.16, ""weight_pct"": 16.0, ""min"": 0.0, ""max"": 110.0, ""lower_is_better"": false, ""is_percent"": false}, {""key"": ""Double_Faults"", ""name"": ""Double Faults"", ""raw"": 36.0, ""raw_display"": ""36"", ""normalized"": 66.34, ""weight"": 0.12, ""weight_pct"": 12.0, ""min"": 2.0, ""max"": 103.0, ""lower_is_better"": true, ""is_percent"": false}, {""key"": ""first_serve_percent"", ""name"": ""1st Serve %"", ""raw"": 62.5, ""raw_display"": ""62.5%"", ""normalized"": 37.68, ""weight"": 0.14, ""weight_pct"": 14.0, ""min"": 52.1, ""max"": 79.7, ""lower_is_better"": false, ""is_percent"": true}, {""key"": ""first_serve_won_percent"", ""name"": ""1st Serve Points Won %"", ""raw"": 64.3, ""raw_display"": ""64.3%"", ""normalized"": 51.67, ""weight"": 0.2, ""weight_pct"": 20.0, ""min"": 51.9, ""max"": 75.9, ""lower_is_better"": false, ""is_percent"": true}, {""key"": ""second_serve_won_percent"", ""name"": ""2nd Serve Points Won %"", ""raw"": 46.5, ""raw_display"": ""46.5%"", ""normalized"": 54.77, ""weight"": 0.2, ""weight_pct"": 20.0, ""min"": 33.3, ""max"": 57.4, ""lower_is_better"": false, ""is_percent"": true}, {""key"": ""breakpoint_saved_percent"", ""name"": ""Break Points Saved %"", ""raw"": 58.7, ""raw_display"": ""58.7%"", ""normalized"": 65.99, ""weight"": 0.18, ""weight_pct"": 18.0, ""min"": 32.5, ""max"": 72.2, ""lower_is_better"": false, ""is_percent"": true}]}"
2026-03-07T08:04:19.660159Z,serve,Serve,41,Tamara Korpatsch,319571,https://www.wtatennis.com/players/319571/tamara-korpatsch,https://photoresources.wtatennis.com/wta/photo/2019/10/08/ad9debe8-b736-4a6f-8b8a-ff924b809d63/FZVXRlZA.jpg,51.1,Aces,8,Double Faults,13,1st Serve %,65.4%,1st Serve Points Won %,61.9%,2nd Serve Points Won %,50.0%,Break Points Saved %,55.3%,"{""category"": ""serve"", ""player_rank"": 109, ""match_count"": 5, ""formula"": ""normalized_score = Σ(metric_norm × weight)"", ""metrics"": [{""key"": ""Aces"", ""name"": ""Aces"", ""raw"": 8.0, ""raw_display"": ""8"", ""normalized"": 7.27, ""weight"": 0.16, ""weight_pct"": 16.0, ""min"": 0.0, ""max"": 110.0, ""lower_is_better"": false, ""is_percent"": false}, {""key"": ""Double_Faults"", ""name"": ""Double Faults"", ""raw"": 13.0, ""raw_display"": ""13"", ""normalized"": 89.11, ""weight"": 0.12, ""weight_pct"": 12.0, ""min"": 2.0, ""max"": 103.0, ""lower_is_better"": true, ""is_percent"": false}, {""key"": ""first_serve_percent"", ""name"": ""1st Serve %"", ""raw"": 65.4, ""raw_display"": ""65.4%"", ""normalized"": 48.19, ""weight"": 0.14, ""weight_pct"": 14.0, ""min"": 52.1, ""max"": 79.7, ""lower_is_better"": false, ""is_percent"": true}, {""key"": ""first_serve_won_percent"", ""name"": ""1st Serve Points Won %"", ""raw"": 61.9, ""raw_display"": ""61.9%"", ""normalized"": 41.67, ""weight"": 0.2, ""weight_pct"": 20.0, ""min"": 51.9, ""max"": 75.9, ""lower_is_better"": false, ""is_percent"": true}, {""key"": ""second_serve_won_percent"", ""name"": ""2nd Serve Points Won %"", ""raw"": 50.0, ""raw_display"": ""50.0%"", ""normalized"": 69.29, ""weight"": 0.2, ""weight_pct"": 20.0, ""min"": 33.3, ""max"": 57.4, ""lower_is_better"": false, ""is_percent"": true}, {""key"": ""breakpoint_saved_percent"", ""name"": ""Break Points Saved %"", ""raw"": 55.3, ""raw_display"": ""55.3%"", ""normalized"": 57.43, ""weight"": 0.18, ""weight_pct"": 18.0, ""min"": 32.5, ""max"": 72.2, ""lower_is_better"": false, ""is_percent"": true}]}"
2026-03-07T08:04:19.660159Z,serve,Serve,42,Karolina Pliskova,313974,https://www.wtatennis.com/players/313974,,51.1,Aces,25,Double Faults,30,1st Serve %,65.1%,1st Serve Points Won %,64.0%,2nd Serve Points Won %,45.2%,Break Points Saved %,59.6%,"{""category"": ""serve"", ""player_rank"": 261, ""match_count"": 7, ""formula"": ""normalized_score = Σ(metric_norm × weight)"", ""metrics"": [{""key"": ""Aces"", ""name"": ""Aces"", ""raw"": 25.0, ""raw_display"": ""25"", ""normalized"": 22.73, ""weight"": 0.16, ""weight_pct"": 16.0, ""min"": 0.0, ""max"": 110.0, ""lower_is_better"": false, ""is_percent"": false}, {""key"": ""Double_Faults"", ""name"": ""Double Faults"", ""raw"": 30.0, ""raw_display"": ""30"", ""normalized"": 72.28, ""weight"": 0.12, ""weight_pct"": 12.0, ""min"": 2.0, ""max"": 103.0, ""lower_is_better"": true, ""is_percent"": false}, {""key"": ""first_serve_percent"", ""name"": ""1st Serve %"", ""raw"": 65.1, ""raw_display"": ""65.1%"", ""normalized"": 47.1, ""weight"": 0.14, ""weight_pct"": 14.0, ""min"": 52.1, ""max"": 79.7, ""lower_is_better"": false, ""is_percent"": true}, {""key"": ""first_serve_won_percent"", ""name"": ""1st Serve Points Won %"", ""raw"": 64.0, ""raw_display"": ""64.0%"", ""normalized"": 50.42, ""weight"": 0.2, ""weight_pct"": 20.0, ""min"": 51.9, ""max"": 75.9, ""lower_is_better"": false, ""is_percent"": true}, {""key"": ""second_serve_won_percent"", ""name"": ""2nd Serve Points Won %"", ""raw"": 45.2, ""raw_display"": ""45.2%"", ""normalized"": 49.38, ""weight"": 0.2, ""weight_pct"": 20.0, ""min"": 33.3, ""max"": 57.4, ""lower_is_better"": false, ""is_percent"": true}, {""key"": ""breakpoint_saved_percent"", ""name"": ""Break Points Saved %"", ""raw"": 59.6, ""raw_display"": ""59.6%"", ""normalized"": 68.26, ""weight"": 0.18, ""weight_pct"": 18.0, ""min"": 32.5, ""max"": 72.2, ""lower_is_better"": false, ""is_percent"": true}]}"
2026-03-07T08:04:19.660159Z,serve,Serve,43,Emma Navarro,325410,https://www.wtatennis.com/players/325410/emma-navarro,https://photoresources.wtatennis.com/wta/photo/2025/03/10/1b632c69-3141-4fca-a7bf-1cf3c6f62d65/Navarro-Torso_325410.png,50.8,Aces,29,Double Faults,46,1st Serve %,61.4%,1st Serve Points Won %,65.9%,2nd Serve Points Won %,50.8%,Break Points Saved %,52.1%,"{""category"": ""serve"", ""player_rank"": 25, ""match_count"": 11, ""formula"": ""normalized_score = Σ(metric_norm × weight)"", ""metrics"": [{""key"": ""Aces"", ""name"": ""Aces"", ""raw"": 29.0, ""raw_display"": ""29"", ""normalized"": 26.36, ""weight"": 0.16, ""weight_pct"": 16.0, ""min"": 0.0, ""max"": 110.0, ""lower_is_better"": false, ""is_percent"": false}, {""key"": ""Double_Faults"", ""name"": ""Double Faults"", ""raw"": 46.0, ""raw_display"": ""46"", ""normalized"": 56.44, ""weight"": 0.12, ""weight_pct"": 12.0, ""min"": 2.0, ""max"": 103.0, ""lower_is_better"": true, ""is_percent"": false}, {""key"": ""first_serve_percent"", ""name"": ""1st Serve %"", ""raw"": 61.4, ""raw_display"": ""61.4%"", ""normalized"": 33.7, ""weight"": 0.14, ""weight_pct"": 14.0, ""min"": 52.1, ""max"": 79.7, ""lower_is_better"": false, ""is_percent"": true}, {""key"": ""first_serve_won_percent"", ""name"": ""1st Serve Points Won %"", ""raw"": 65.9, ""raw_display"": ""65.9%"", ""normalized"": 58.33, ""weight"": 0.2, ""weight_pct"": 20.0, ""min"": 51.9, ""max"": 75.9, ""lower_is_better"": false, ""is_percent"": true}, {""key"": ""second_serve_won_percent"", ""name"": ""2nd Serve Points Won %"", ""raw"": 50.8, ""raw_display"": ""50.8%"", ""normalized"": 72.61, ""weight"": 0.2, ""weight_pct"": 20.0, ""min"": 33.3, ""max"": 57.4, ""lower_is_better"": false, ""is_percent"": true}, {""key"": ""breakpoint_saved_percent"", ""name"": ""Break Points Saved %"", ""raw"": 52.1, ""raw_display"": ""52.1%"", ""normalized"": 49.37, ""weight"": 0.18, ""weight_pct"": 18.0, ""min"": 32.5, ""max"": 72.2, ""lower_is_better"": false, ""is_percent"": true}]}"
2026-03-07T08:04:19.660159Z,serve,Serve,44,Katie Volynets,327391,https://www.wtatennis.com/players/327391/katie-volynets,https://photoresources.wtatennis.com/wta/photo/2025/03/10/a134d9aa-293e-48d1-8c33-f4d83e6291ed/Volynets-Torso_327391.png,50.8,Aces,7,Double Faults,7,1st Serve %,79.7%,1st Serve Points Won %,55.6%,2nd Serve Points Won %,49.0%,Break Points Saved %,50.8%,"{""category"": ""serve"", ""player_rank"": 98, ""match_count"": 7, ""formula"": ""normalized_score = Σ(metric_norm × weight)"", ""metrics"": [{""key"": ""Aces"", ""name"": ""Aces"", ""raw"": 7.0, ""raw_display"": ""7"", ""normalized"": 6.36, ""weight"": 0.16, ""weight_pct"": 16.0, ""min"": 0.0, ""max"": 110.0, ""lower_is_better"": false, ""is_percent"": false}, {""key"": ""Double_Faults"", ""name"": ""Double Faults"", ""raw"": 7.0, ""raw_display"": ""7"", ""normalized"": 95.05, ""weight"": 0.12, ""weight_pct"": 12.0, ""min"": 2.0, ""max"": 103.0, ""lower_is_better"": true, ""is_percent"": false}, {""key"": ""first_serve_percent"", ""name"": ""1st Serve %"", ""raw"": 79.7, ""raw_display"": ""79.7%"", ""normalized"": 100.0, ""weight"": 0.14, ""weight_pct"": 14.0, ""min"": 52.1, ""max"": 79.7, ""lower_is_better"": false, ""is_percent"": true}, {""key"": ""first_serve_won_percent"", ""name"": ""1st Serve Points Won %"", ""raw"": 55.6, ""raw_display"": ""55.6%"", ""normalized"": 15.42, ""weight"": 0.2, ""weight_pct"": 20.0, ""min"": 51.9, ""max"": 75.9, ""lower_is_better"": false, ""is_percent"": true}, {""key"": ""second_serve_won_percent"", ""name"": ""2nd Serve Points Won %"", ""raw"": 49.0, ""raw_display"": ""49.0%"", ""normalized"": 65.15, ""weight"": 0.2, ""weight_pct"": 20.0, ""min"": 33.3, ""max"": 57.4, ""lower_is_better"": false, ""is_percent"": true}, {""key"": ""breakpoint_saved_percent"", ""name"": ""Break Points Saved %"", ""raw"": 50.8, ""raw_display"": ""50.8%"", ""normalized"": 46.1, ""weight"": 0.18, ""weight_pct"": 18.0, ""min"": 32.5, ""max"": 72.2, ""lower_is_better"": false, ""is_percent"": true}]}"
2026-03-07T08:04:19.660159Z,serve,Serve,45,Jasmine Paolini,319280,https://www.wtatennis.com/players/319280/jasmine-paolini,https://photoresources.wtatennis.com/wta/photo/2025/03/10/d1b8e1a1-8a44-47e2-baf6-f10b225b9374/Paolini-Torso_319280.png,49.7,Aces,10,Double Faults,14,1st Serve %,65.9%,1st Serve Points Won %,58.1%,2nd Serve Points Won %,49.8%,Break Points Saved %,58.6%,"{""category"": ""serve"", ""player_rank"": 7, ""match_count"": 10, ""formula"": ""normalized_score = Σ(metric_norm × weight)"", ""metrics"": [{""key"": ""Aces"", ""name"": ""Aces"", ""raw"": 10.0, ""raw_display"": ""10"", ""normalized"": 9.09, ""weight"": 0.16, ""weight_pct"": 16.0, ""min"": 0.0, ""max"": 110.0, ""lower_is_better"": false, ""is_percent"": false}, {""key"": ""Double_Faults"", ""name"": ""Double Faults"", ""raw"": 14.0, ""raw_display"": ""14"", ""normalized"": 88.12, ""weight"": 0.12, ""weight_pct"": 12.0, ""min"": 2.0, ""max"": 103.0, ""lower_is_better"": true, ""is_percent"": false}, {""key"": ""first_serve_percent"", ""name"": ""1st Serve %"", ""raw"": 65.9, ""raw_display"": ""65.9%"", ""normalized"": 50.0, ""weight"": 0.14, ""weight_pct"": 14.0, ""min"": 52.1, ""max"": 79.7, ""lower_is_better"": false, ""is_percent"": true}, {""key"": ""first_serve_won_percent"", ""name"": ""1st Serve Points Won %"", ""raw"": 58.1, ""raw_display"": ""58.1%"", ""normalized"": 25.83, ""weight"": 0.2, ""weight_pct"": 20.0, ""min"": 51.9, ""max"": 75.9, ""lower_is_better"": false, ""is_percent"": true}, {""key"": ""second_serve_won_percent"", ""name"": ""2nd Serve Points Won %"", ""raw"": 49.8, ""raw_display"": ""49.8%"", ""normalized"": 68.46, ""weight"": 0.2, ""weight_pct"": 20.0, ""min"": 33.3, ""max"": 57.4, ""lower_is_better"": false, ""is_percent"": true}, {""key"": ""breakpoint_saved_percent"", ""name"": ""Break Points Saved %"", ""raw"": 58.6, ""raw_display"": ""58.6%"", ""normalized"": 65.74, ""weight"": 0.18, ""weight_pct"": 18.0, ""min"": 32.5, ""max"": 72.2, ""lower_is_better"": false, ""is_percent"": true}]}"
2026-03-07T08:04:19.660159Z,serve,Serve,46,Antonia Ruzic,329505,https://www.wtatennis.com/players/329505/antonia-ruzic,https://photoresources.wtatennis.com/wta/photo/2025/09/26/0b986ba7-4f7a-4022-9cfc-6efbfdd0b2cf/Ruzic-Torso_329505.png,49.5,Aces,22,Double Faults,40,1st Serve %,64.1%,1st Serve Points Won %,62.2%,2nd Serve Points Won %,46.0%,Break Points Saved %,62.5%,"{""category"": ""serve"", ""player_rank"": 57, ""match_count"": 10, ""formula"": ""normalized_score = Σ(metric_norm × weight)"", ""metrics"": [{""key"": ""Aces"", ""name"": ""Aces"", ""raw"": 22.0, ""raw_display"": ""22"", ""normalized"": 20.0, ""weight"": 0.16, ""weight_pct"": 16.0, ""min"": 0.0, ""max"": 110.0, ""lower_is_better"": false, ""is_percent"": false}, {""key"": ""Double_Faults"", ""name"": ""Double Faults"", ""raw"": 40.0, ""raw_display"": ""40"", ""normalized"": 62.38, ""weight"": 0.12, ""weight_pct"": 12.0, ""min"": 2.0, ""max"": 103.0, ""lower_is_better"": true, ""is_percent"": false}, {""key"": ""first_serve_percent"", ""name"": ""1st Serve %"", ""raw"": 64.1, ""raw_display"": ""64.1%"", ""normalized"": 43.48, ""weight"": 0.14, ""weight_pct"": 14.0, ""min"": 52.1, ""max"": 79.7, ""lower_is_better"": false, ""is_percent"": true}, {""key"": ""first_serve_won_percent"", ""name"": ""1st Serve Points Won %"", ""raw"": 62.2, ""raw_display"": ""62.2%"", ""normalized"": 42.92, ""weight"": 0.2, ""weight_pct"": 20.0, ""min"": 51.9, ""max"": 75.9, ""lower_is_better"": false, ""is_percent"": true}, {""key"": ""second_serve_won_percent"", ""name"": ""2nd Serve Points Won %"", ""raw"": 46.0, ""raw_display"": ""46.0%"", ""normalized"": 52.7, ""weight"": 0.2, ""weight_pct"": 20.0, ""min"": 33.3, ""max"": 57.4, ""lower_is_better"": false, ""is_percent"": true}, {""key"": ""breakpoint_saved_percent"", ""name"": ""Break Points Saved %"", ""raw"": 62.5, ""raw_display"": ""62.5%"", ""normalized"": 75.57, ""weight"": 0.18, ""weight_pct"": 18.0, ""min"": 32.5, ""max"": 72.2, ""lower_is_better"": false, ""is_percent"": true}]}"
2026-03-07T08:04:19.660159Z,serve,Serve,47,Katie Boulter,319125,https://www.wtatennis.com/players/319125/katie-boulter,https://photoresources.wtatennis.com/wta/photo/2025/03/10/946d19c1-7cd7-49ed-b06b-310ced76ac17/Boulter-Torso_319125.png,49.4,Aces,20,Double Faults,44,1st Serve %,57.7%,1st Serve Points Won %,68.5%,2nd Serve Points Won %,45.4%,Break Points Saved %,60.7%,"{""category"": ""serve"", ""player_rank"": 64, ""match_count"": 11, ""formula"": ""normalized_score = Σ(metric_norm × weight)"", ""metrics"": [{""key"": ""Aces"", ""name"": ""Aces"", ""raw"": 20.0, ""raw_display"": ""20"", ""normalized"": 18.18, ""weight"": 0.16, ""weight_pct"": 16.0, ""min"": 0.0, ""max"": 110.0, ""lower_is_better"": false, ""is_percent"": false}, {""key"": ""Double_Faults"", ""name"": ""Double Faults"", ""raw"": 44.0, ""raw_display"": ""44"", ""normalized"": 58.42, ""weight"": 0.12, ""weight_pct"": 12.0, ""min"": 2.0, ""max"": 103.0, ""lower_is_better"": true, ""is_percent"": false}, {""key"": ""first_serve_percent"", ""name"": ""1st Serve %"", ""raw"": 57.7, ""raw_display"": ""57.7%"", ""normalized"": 20.29, ""weight"": 0.14, ""weight_pct"": 14.0, ""min"": 52.1, ""max"": 79.7, ""lower_is_better"": false, ""is_percent"": true}, {""key"": ""first_serve_won_percent"", ""name"": ""1st Serve Points Won %"", ""raw"": 68.5, ""raw_display"": ""68.5%"", ""normalized"": 69.17, ""weight"": 0.2, ""weight_pct"": 20.0, ""min"": 51.9, ""max"": 75.9, ""lower_is_better"": false, ""is_percent"": true}, {""key"": ""second_serve_won_percent"", ""name"": ""2nd Serve Points Won %"", ""raw"": 45.4, ""raw_display"": ""45.4%"", ""normalized"": 50.21, ""weight"": 0.2, ""weight_pct"": 20.0, ""min"": 33.3, ""max"": 57.4, ""lower_is_better"": false, ""is_percent"": true}, {""key"": ""breakpoint_saved_percent"", ""name"": ""Break Points Saved %"", ""raw"": 60.7, ""raw_display"": ""60.7%"", ""normalized"": 71.03, ""weight"": 0.18, ""weight_pct"": 18.0, ""min"": 32.5, ""max"": 72.2, ""lower_is_better"": false, ""is_percent"": true}]}"
2026-03-07T08:04:19.660159Z,serve,Serve,48,Madison Keys,316959,https://www.wtatennis.com/players/316959/madison-keys,https://photoresources.wtatennis.com/wta/photo/2024/04/30/ef78460d-7d2f-46f1-9df1-9f0f37f15f48/Keys-Torso_316959-WTA-Tennis.png,48.5,Aces,40,Double Faults,50,1st Serve %,63.6%,1st Serve Points Won %,66.5%,2nd Serve Points Won %,43.3%,Break Points Saved %,54.8%,"{""category"": ""serve"", ""player_rank"": 15, ""match_count"": 9, ""formula"": ""normalized_score = Σ(metric_norm × weight)"", ""metrics"": [{""key"": ""Aces"", ""name"": ""Aces"", ""raw"": 40.0, ""raw_display"": ""40"", ""normalized"": 36.36, ""weight"": 0.16, ""weight_pct"": 16.0, ""min"": 0.0, ""max"": 110.0, ""lower_is_better"": false, ""is_percent"": false}, {""key"": ""Double_Faults"", ""name"": ""Double Faults"", ""raw"": 50.0, ""raw_display"": ""50"", ""normalized"": 52.48, ""weight"": 0.12, ""weight_pct"": 12.0, ""min"": 2.0, ""max"": 103.0, ""lower_is_better"": true, ""is_percent"": false}, {""key"": ""first_serve_percent"", ""name"": ""1st Serve %"", ""raw"": 63.6, ""raw_display"": ""63.6%"", ""normalized"": 41.67, ""weight"": 0.14, ""weight_pct"": 14.0, ""min"": 52.1, ""max"": 79.7, ""lower_is_better"": false, ""is_percent"": true}, {""key"": ""first_serve_won_percent"", ""name"": ""1st Serve Points Won %"", ""raw"": 66.5, ""raw_display"": ""66.5%"", ""normalized"": 60.83, ""weight"": 0.2, ""weight_pct"": 20.0, ""min"": 51.9, ""max"": 75.9, ""lower_is_better"": false, ""is_percent"": true}, {""key"": ""second_serve_won_percent"", ""name"": ""2nd Serve Points Won %"", ""raw"": 43.3, ""raw_display"": ""43.3%"", ""normalized"": 41.49, ""weight"": 0.2, ""weight_pct"": 20.0, ""min"": 33.3, ""max"": 57.4, ""lower_is_better"": false, ""is_percent"": true}, {""key"": ""breakpoint_saved_percent"", ""name"": ""Break Points Saved %"", ""raw"": 54.8, ""raw_display"": ""54.8%"", ""normalized"": 56.17, ""weight"": 0.18, ""weight_pct"": 18.0, ""min"": 32.5, ""max"": 72.2, ""lower_is_better"": false, ""is_percent"": true}]}"
2026-03-07T08:04:19.660159Z,serve,Serve,49,Liudmila Samsonova,322222,https://www.wtatennis.com/players/322222/liudmila-samsonova,https://photoresources.wtatennis.com/wta/photo/2026/02/10/a0d00e27-6507-43c3-9ccd-85c2e0fbff8a/Samsonova-Torso_322222.png,48.4,Aces,28,Double Faults,46,1st Serve %,59.0%,1st Serve Points Won %,64.1%,2nd Serve Points Won %,50.5%,Break Points Saved %,53.7%,"{""category"": ""serve"", ""player_rank"": 19, ""match_count"": 10, ""formula"": ""normalized_score = Σ(metric_norm × weight)"", ""metrics"": [{""key"": ""Aces"", ""name"": ""Aces"", ""raw"": 28.0, ""raw_display"": ""28"", ""normalized"": 25.45, ""weight"": 0.16, ""weight_pct"": 16.0, ""min"": 0.0, ""max"": 110.0, ""lower_is_better"": false, ""is_percent"": false}, {""key"": ""Double_Faults"", ""name"": ""Double Faults"", ""raw"": 46.0, ""raw_display"": ""46"", ""normalized"": 56.44, ""weight"": 0.12, ""weight_pct"": 12.0, ""min"": 2.0, ""max"": 103.0, ""lower_is_better"": true, ""is_percent"": false}, {""key"": ""first_serve_percent"", ""name"": ""1st Serve %"", ""raw"": 59.0, ""raw_display"": ""59.0%"", ""normalized"": 25.0, ""weight"": 0.14, ""weight_pct"": 14.0, ""min"": 52.1, ""max"": 79.7, ""lower_is_better"": false, ""is_percent"": true}, {""key"": ""first_serve_won_percent"", ""name"": ""1st Serve Points Won %"", ""raw"": 64.1, ""raw_display"": ""64.1%"", ""normalized"": 50.83, ""weight"": 0.2, ""weight_pct"": 20.0, ""min"": 51.9, ""max"": 75.9, ""lower_is_better"": false, ""is_percent"": true}, {""key"": ""second_serve_won_percent"", ""name"": ""2nd Serve Points Won %"", ""raw"": 50.5, ""raw_display"": ""50.5%"", ""normalized"": 71.37, ""weight"": 0.2, ""weight_pct"": 20.0, ""min"": 33.3, ""max"": 57.4, ""lower_is_better"": false, ""is_percent"": true}, {""key"": ""breakpoint_saved_percent"", ""name"": ""Break Points Saved %"", ""raw"": 53.7, ""raw_display"": ""53.7%"", ""normalized"": 53.4, ""weight"": 0.18, ""weight_pct"": 18.0, ""min"": 32.5, ""max"": 72.2, ""lower_is_better"": false, ""is_percent"": true}]}"
2026-03-07T08:04:19.660159Z,serve,Serve,50,Caty Mcnally,325725,https://www.wtatennis.com/players/325725/caty-mcnally,https://photoresources.wtatennis.com/wta/photo/2023/06/05/f0c8d870-3a55-4b93-961c-0b022eda6bf0/McNally-Torso_325725.png,48.4,Aces,9,Double Faults,27,1st Serve %,72.2%,1st Serve Points Won %,60.5%,2nd Serve Points Won %,40.9%,Break Points Saved %,64.3%,"{""category"": ""serve"", ""player_rank"": 68, ""match_count"": 8, ""formula"": ""normalized_score = Σ(metric_norm × weight)"", ""metrics"": [{""key"": ""Aces"", ""name"": ""Aces"", ""raw"": 9.0, ""raw_display"": ""9"", ""normalized"": 8.18, ""weight"": 0.16, ""weight_pct"": 16.0, ""min"": 0.0, ""max"": 110.0, ""lower_is_better"": false, ""is_percent"": false}, {""key"": ""Double_Faults"", ""name"": ""Double Faults"", ""raw"": 27.0, ""raw_display"": ""27"", ""normalized"": 75.25, ""weight"": 0.12, ""weight_pct"": 12.0, ""min"": 2.0, ""max"": 103.0, ""lower_is_better"": true, ""is_percent"": false}, {""key"": ""first_serve_percent"", ""name"": ""1st Serve %"", ""raw"": 72.2, ""raw_display"": ""72.2%"", ""normalized"": 72.83, ""weight"": 0.14, ""weight_pct"": 14.0, ""min"": 52.1, ""max"": 79.7, ""lower_is_better"": false, ""is_percent"": true}, {""key"": ""first_serve_won_percent"", ""name"": ""1st Serve Points Won %"", ""raw"": 60.5, ""raw_display"": ""60.5%"", ""normalized"": 35.83, ""weight"": 0.2, ""weight_pct"": 20.0, ""min"": 51.9, ""max"": 75.9, ""lower_is_better"": false, ""is_percent"": true}, {""key"": ""second_serve_won_percent"", ""name"": ""2nd Serve Points Won %"", ""raw"": 40.9, ""raw_display"": ""40.9%"", ""normalized"": 31.54, ""weight"": 0.2, ""weight_pct"": 20.0, ""min"": 33.3, ""max"": 57.4, ""lower_is_better"": false, ""is_percent"": true}, {""key"": ""breakpoint_saved_percent"", ""name"": ""Break Points Saved %"", ""raw"": 64.3, ""raw_display"": ""64.3%"", ""normalized"": 80.1, ""weight"": 0.18, ""weight_pct"": 18.0, ""min"": 32.5, ""max"": 72.2, ""lower_is_better"": false, ""is_percent"": true}]}"
2026-03-07T08:04:19.660159Z,serve,Serve,51,Yulia Putintseva,317683,https://www.wtatennis.com/players/317683/yulia-putintseva,https://photoresources.wtatennis.com/wta/photo/2023/06/02/3aef9023-00a9-4f48-956d-10564525ae5a/Putntseva-Torso_317683.png,48.4,Aces,10,Double Faults,15,1st Serve %,71.8%,1st Serve Points Won %,62.2%,2nd Serve Points Won %,41.5%,Break Points Saved %,57.0%,"{""category"": ""serve"", ""player_rank"": 76, ""match_count"": 9, ""formula"": ""normalized_score = Σ(metric_norm × weight)"", ""metrics"": [{""key"": ""Aces"", ""name"": ""Aces"", ""raw"": 10.0, ""raw_display"": ""10"", ""normalized"": 9.09, ""weight"": 0.16, ""weight_pct"": 16.0, ""min"": 0.0, ""max"": 110.0, ""lower_is_better"": false, ""is_percent"": false}, {""key"": ""Double_Faults"", ""name"": ""Double Faults"", ""raw"": 15.0, ""raw_display"": ""15"", ""normalized"": 87.13, ""weight"": 0.12, ""weight_pct"": 12.0, ""min"": 2.0, ""max"": 103.0, ""lower_is_better"": true, ""is_percent"": false}, {""key"": ""first_serve_percent"", ""name"": ""1st Serve %"", ""raw"": 71.8, ""raw_display"": ""71.8%"", ""normalized"": 71.38, ""weight"": 0.14, ""weight_pct"": 14.0, ""min"": 52.1, ""max"": 79.7, ""lower_is_better"": false, ""is_percent"": true}, {""key"": ""first_serve_won_percent"", ""name"": ""1st Serve Points Won %"", ""raw"": 62.2, ""raw_display"": ""62.2%"", ""normalized"": 42.92, ""weight"": 0.2, ""weight_pct"": 20.0, ""min"": 51.9, ""max"": 75.9, ""lower_is_better"": false, ""is_percent"": true}, {""key"": ""second_serve_won_percent"", ""name"": ""2nd Serve Points Won %"", ""raw"": 41.5, ""raw_display"": ""41.5%"", ""normalized"": 34.02, ""weight"": 0.2, ""weight_pct"": 20.0, ""min"": 33.3, ""max"": 57.4, ""lower_is_better"": false, ""is_percent"": true}, {""key"": ""breakpoint_saved_percent"", ""name"": ""Break Points Saved %"", ""raw"": 57.0, ""raw_display"": ""57.0%"", ""normalized"": 61.71, ""weight"": 0.18, ""weight_pct"": 18.0, ""min"": 32.5, ""max"": 72.2, ""lower_is_better"": false, ""is_percent"": true}]}"
2026-03-07T08:04:19.660159Z,serve,Serve,52,Katerina Siniakova,320301,https://www.wtatennis.com/players/320301/katerina-siniakova,https://photoresources.wtatennis.com/wta/photo/2025/03/10/2a395126-ece4-4da5-85b8-8bc0d295b6c0/Siniakova-Torso_320301.png,47.5,Aces,10,Double Faults,26,1st Serve %,66.5%,1st Serve Points Won %,62.7%,2nd Serve Points Won %,43.5%,Break Points Saved %,59.3%,"{""category"": ""serve"", ""player_rank"": 44, ""match_count"": 7, ""formula"": ""normalized_score = Σ(metric_norm × weight)"", ""metrics"": [{""key"": ""Aces"", ""name"": ""Aces"", ""raw"": 10.0, ""raw_display"": ""10"", ""normalized"": 9.09, ""weight"": 0.16, ""weight_pct"": 16.0, ""min"": 0.0, ""max"": 110.0, ""lower_is_better"": false, ""is_percent"": false}, {""key"": ""Double_Faults"", ""name"": ""Double Faults"", ""raw"": 26.0, ""raw_display"": ""26"", ""normalized"": 76.24, ""weight"": 0.12, ""weight_pct"": 12.0, ""min"": 2.0, ""max"": 103.0, ""lower_is_better"": true, ""is_percent"": false}, {""key"": ""first_serve_percent"", ""name"": ""1st Serve %"", ""raw"": 66.5, ""raw_display"": ""66.5%"", ""normalized"": 52.17, ""weight"": 0.14, ""weight_pct"": 14.0, ""min"": 52.1, ""max"": 79.7, ""lower_is_better"": false, ""is_percent"": true}, {""key"": ""first_serve_won_percent"", ""name"": ""1st Serve Points Won %"", ""raw"": 62.7, ""raw_display"": ""62.7%"", ""normalized"": 45.0, ""weight"": 0.2, ""weight_pct"": 20.0, ""min"": 51.9, ""max"": 75.9, ""lower_is_better"": false, ""is_percent"": true}, {""key"": ""second_serve_won_percent"", ""name"": ""2nd Serve Points Won %"", ""raw"": 43.5, ""raw_display"": ""43.5%"", ""normalized"": 42.32, ""weight"": 0.2, ""weight_pct"": 20.0, ""min"": 33.3, ""max"": 57.4, ""lower_is_better"": false, ""is_percent"": true}, {""key"": ""breakpoint_saved_percent"", ""name"": ""Break Points Saved %"", ""raw"": 59.3, ""raw_display"": ""59.3%"", ""normalized"": 67.51, ""weight"": 0.18, ""weight_pct"": 18.0, ""min"": 32.5, ""max"": 72.2, ""lower_is_better"": false, ""is_percent"": true}]}"
2026-03-07T08:04:19.660159Z,serve,Serve,53,Renata Zarazua,320716,https://www.wtatennis.com/players/320716/renata-zarazua,https://photoresources.wtatennis.com/wta/photo/2024/01/02/aef0cf2d-949c-4894-8f8b-e770b5aa84c5/320716.jpg,47.0,Aces,2,Double Faults,9,1st Serve %,75.5%,1st Serve Points Won %,56.3%,2nd Serve Points Won %,47.9%,Break Points Saved %,50.0%,"{""category"": ""serve"", ""player_rank"": 89, ""match_count"": 7, ""formula"": ""normalized_score = Σ(metric_norm × weight)"", ""metrics"": [{""key"": ""Aces"", ""name"": ""Aces"", ""raw"": 2.0, ""raw_display"": ""2"", ""normalized"": 1.82, ""weight"": 0.16, ""weight_pct"": 16.0, ""min"": 0.0, ""max"": 110.0, ""lower_is_better"": false, ""is_percent"": false}, {""key"": ""Double_Faults"", ""name"": ""Double Faults"", ""raw"": 9.0, ""raw_display"": ""9"", ""normalized"": 93.07, ""weight"": 0.12, ""weight_pct"": 12.0, ""min"": 2.0, ""max"": 103.0, ""lower_is_better"": true, ""is_percent"": false}, {""key"": ""first_serve_percent"", ""name"": ""1st Serve %"", ""raw"": 75.5, ""raw_display"": ""75.5%"", ""normalized"": 84.78, ""weight"": 0.14, ""weight_pct"": 14.0, ""min"": 52.1, ""max"": 79.7, ""lower_is_better"": false, ""is_percent"": true}, {""key"": ""first_serve_won_percent"", ""name"": ""1st Serve Points Won %"", ""raw"": 56.3, ""raw_display"": ""56.3%"", ""normalized"": 18.33, ""weight"": 0.2, ""weight_pct"": 20.0, ""min"": 51.9, ""max"": 75.9, ""lower_is_better"": false, ""is_percent"": true}, {""key"": ""second_serve_won_percent"", ""name"": ""2nd Serve Points Won %"", ""raw"": 47.9, ""raw_display"": ""47.9%"", ""normalized"": 60.58, ""weight"": 0.2, ""weight_pct"": 20.0, ""min"": 33.3, ""max"": 57.4, ""lower_is_better"": false, ""is_percent"": true}, {""key"": ""breakpoint_saved_percent"", ""name"": ""Break Points Saved %"", ""raw"": 50.0, ""raw_display"": ""50.0%"", ""normalized"": 44.08, ""weight"": 0.18, ""weight_pct"": 18.0, ""min"": 32.5, ""max"": 72.2, ""lower_is_better"": false, ""is_percent"": true}]}"
2026-03-07T08:04:19.660159Z,serve,Serve,54,Janice Tjen,328818,https://www.wtatennis.com/players/328818/janice-tjen,https://photoresources.wtatennis.com/wta/photo/2025/09/12/7b10d944-24c0-4ec9-9020-8f001155ea4d/Tjen-Torso_328818.png,46.7,Aces,42,Double Faults,45,1st Serve %,56.9%,1st Serve Points Won %,65.0%,2nd Serve Points Won %,46.7%,Break Points Saved %,52.9%,"{""category"": ""serve"", ""player_rank"": 39, ""match_count"": 12, ""formula"": ""normalized_score = Σ(metric_norm × weight)"", ""metrics"": [{""key"": ""Aces"", ""name"": ""Aces"", ""raw"": 42.0, ""raw_display"": ""42"", ""normalized"": 38.18, ""weight"": 0.16, ""weight_pct"": 16.0, ""min"": 0.0, ""max"": 110.0, ""lower_is_better"": false, ""is_percent"": false}, {""key"": ""Double_Faults"", ""name"": ""Double Faults"", ""raw"": 45.0, ""raw_display"": ""45"", ""normalized"": 57.43, ""weight"": 0.12, ""weight_pct"": 12.0, ""min"": 2.0, ""max"": 103.0, ""lower_is_better"": true, ""is_percent"": false}, {""key"": ""first_serve_percent"", ""name"": ""1st Serve %"", ""raw"": 56.9, ""raw_display"": ""56.9%"", ""normalized"": 17.39, ""weight"": 0.14, ""weight_pct"": 14.0, ""min"": 52.1, ""max"": 79.7, ""lower_is_better"": false, ""is_percent"": true}, {""key"": ""first_serve_won_percent"", ""name"": ""1st Serve Points Won %"", ""raw"": 65.0, ""raw_display"": ""65.0%"", ""normalized"": 54.58, ""weight"": 0.2, ""weight_pct"": 20.0, ""min"": 51.9, ""max"": 75.9, ""lower_is_better"": false, ""is_percent"": true}, {""key"": ""second_serve_won_percent"", ""name"": ""2nd Serve Points Won %"", ""raw"": 46.7, ""raw_display"": ""46.7%"", ""normalized"": 55.6, ""weight"": 0.2, ""weight_pct"": 20.0, ""min"": 33.3, ""max"": 57.4, ""lower_is_better"": false, ""is_percent"": true}, {""key"": ""breakpoint_saved_percent"", ""name"": ""Break Points Saved %"", ""raw"": 52.9, ""raw_display"": ""52.9%"", ""normalized"": 51.39, ""weight"": 0.18, ""weight_pct"": 18.0, ""min"": 32.5, ""max"": 72.2, ""lower_is_better"": false, ""is_percent"": true}]}"
2026-03-07T08:04:19.660159Z,serve,Serve,55,Camila Osorio,325898,https://www.wtatennis.com/players/325898/camila-osorio,https://photoresources.wtatennis.com/wta/photo/2024/05/01/382e5e4e-0095-458c-bd81-3d103caa1c5f/Osorio-Torso_325898-WTA-Tennis.png,46.5,Aces,17,Double Faults,39,1st Serve %,64.8%,1st Serve Points Won %,62.8%,2nd Serve Points Won %,44.5%,Break Points Saved %,58.2%,"{""category"": ""serve"", ""player_rank"": 61, ""match_count"": 8, ""formula"": ""normalized_score = Σ(metric_norm × weight)"", ""metrics"": [{""key"": ""Aces"", ""name"": ""Aces"", ""raw"": 17.0, ""raw_display"": ""17"", ""normalized"": 15.45, ""weight"": 0.16, ""weight_pct"": 16.0, ""min"": 0.0, ""max"": 110.0, ""lower_is_better"": false, ""is_percent"": false}, {""key"": ""Double_Faults"", ""name"": ""Double Faults"", ""raw"": 39.0, ""raw_display"": ""39"", ""normalized"": 63.37, ""weight"": 0.12, ""weight_pct"": 12.0, ""min"": 2.0, ""max"": 103.0, ""lower_is_better"": true, ""is_percent"": false}, {""key"": ""first_serve_percent"", ""name"": ""1st Serve %"", ""raw"": 64.8, ""raw_display"": ""64.8%"", ""normalized"": 46.01, ""weight"": 0.14, ""weight_pct"": 14.0, ""min"": 52.1, ""max"": 79.7, ""lower_is_better"": false, ""is_percent"": true}, {""key"": ""first_serve_won_percent"", ""name"": ""1st Serve Points Won %"", ""raw"": 62.8, ""raw_display"": ""62.8%"", ""normalized"": 45.42, ""weight"": 0.2, ""weight_pct"": 20.0, ""min"": 51.9, ""max"": 75.9, ""lower_is_better"": false, ""is_percent"": true}, {""key"": ""second_serve_won_percent"", ""name"": ""2nd Serve Points Won %"", ""raw"": 44.5, ""raw_display"": ""44.5%"", ""normalized"": 46.47, ""weight"": 0.2, ""weight_pct"": 20.0, ""min"": 33.3, ""max"": 57.4, ""lower_is_better"": false, ""is_percent"": true}, {""key"": ""breakpoint_saved_percent"", ""name"": ""Break Points Saved %"", ""raw"": 58.2, ""raw_display"": ""58.2%"", ""normalized"": 64.74, ""weight"": 0.18, ""weight_pct"": 18.0, ""min"": 32.5, ""max"": 72.2, ""lower_is_better"": false, ""is_percent"": true}]}"
2026-03-07T08:04:19.660159Z,serve,Serve,56,Ekaterina Alexandrova,319007,https://www.wtatennis.com/players/319007/ekaterina-alexandrova,https://photoresources.wtatennis.com/wta/photo/2026/02/10/55299bba-3d02-40a7-873f-9d8f008f904e/Alexandrova-Torso_319007.png,46.4,Aces,41,Double Faults,37,1st Serve %,61.3%,1st Serve Points Won %,64.9%,2nd Serve Points Won %,43.0%,Break Points Saved %,52.4%,"{""category"": ""serve"", ""player_rank"": 11, ""match_count"": 10, ""formula"": ""normalized_score = Σ(metric_norm × weight)"", ""metrics"": [{""key"": ""Aces"", ""name"": ""Aces"", ""raw"": 41.0, ""raw_display"": ""41"", ""normalized"": 37.27, ""weight"": 0.16, ""weight_pct"": 16.0, ""min"": 0.0, ""max"": 110.0, ""lower_is_better"": false, ""is_percent"": false}, {""key"": ""Double_Faults"", ""name"": ""Double Faults"", ""raw"": 37.0, ""raw_display"": ""37"", ""normalized"": 65.35, ""weight"": 0.12, ""weight_pct"": 12.0, ""min"": 2.0, ""max"": 103.0, ""lower_is_better"": true, ""is_percent"": false}, {""key"": ""first_serve_percent"", ""name"": ""1st Serve %"", ""raw"": 61.3, ""raw_display"": ""61.3%"", ""normalized"": 33.33, ""weight"": 0.14, ""weight_pct"": 14.0, ""min"": 52.1, ""max"": 79.7, ""lower_is_better"": false, ""is_percent"": true}, {""key"": ""first_serve_won_percent"", ""name"": ""1st Serve Points Won %"", ""raw"": 64.9, ""raw_display"": ""64.9%"", ""normalized"": 54.17, ""weight"": 0.2, ""weight_pct"": 20.0, ""min"": 51.9, ""max"": 75.9, ""lower_is_better"": false, ""is_percent"": true}, {""key"": ""second_serve_won_percent"", ""name"": ""2nd Serve Points Won %"", ""raw"": 43.0, ""raw_display"": ""43.0%"", ""normalized"": 40.25, ""weight"": 0.2, ""weight_pct"": 20.0, ""min"": 33.3, ""max"": 57.4, ""lower_is_better"": false, ""is_percent"": true}, {""key"": ""breakpoint_saved_percent"", ""name"": ""Break Points Saved %"", ""raw"": 52.4, ""raw_display"": ""52.4%"", ""normalized"": 50.13, ""weight"": 0.18, ""weight_pct"": 18.0, ""min"": 32.5, ""max"": 72.2, ""lower_is_better"": false, ""is_percent"": true}]}"
2026-03-07T08:04:19.660159Z,serve,Serve,57,Aliaksandra Sasnovich,317790,https://www.wtatennis.com/players/317790/aliaksandra-sasnovich,https://photoresources.wtatennis.com/wta/photo/2023/06/05/4c9520ec-6944-4fbd-94cd-9bc2c579959d/Sasnovich-Torso_317790.png,46.4,Aces,10,Double Faults,20,1st Serve %,60.8%,1st Serve Points Won %,62.4%,2nd Serve Points Won %,47.2%,Break Points Saved %,55.4%,"{""category"": ""serve"", ""player_rank"": 116, ""match_count"": 7, ""formula"": ""normalized_score = Σ(metric_norm × weight)"", ""metrics"": [{""key"": ""Aces"", ""name"": ""Aces"", ""raw"": 10.0, ""raw_display"": ""10"", ""normalized"": 9.09, ""weight"": 0.16, ""weight_pct"": 16.0, ""min"": 0.0, ""max"": 110.0, ""lower_is_better"": false, ""is_percent"": false}, {""key"": ""Double_Faults"", ""name"": ""Double Faults"", ""raw"": 20.0, ""raw_display"": ""20"", ""normalized"": 82.18, ""weight"": 0.12, ""weight_pct"": 12.0, ""min"": 2.0, ""max"": 103.0, ""lower_is_better"": true, ""is_percent"": false}, {""key"": ""first_serve_percent"", ""name"": ""1st Serve %"", ""raw"": 60.8, ""raw_display"": ""60.8%"", ""normalized"": 31.52, ""weight"": 0.14, ""weight_pct"": 14.0, ""min"": 52.1, ""max"": 79.7, ""lower_is_better"": false, ""is_percent"": true}, {""key"": ""first_serve_won_percent"", ""name"": ""1st Serve Points Won %"", ""raw"": 62.4, ""raw_display"": ""62.4%"", ""normalized"": 43.75, ""weight"": 0.2, ""weight_pct"": 20.0, ""min"": 51.9, ""max"": 75.9, ""lower_is_better"": false, ""is_percent"": true}, {""key"": ""second_serve_won_percent"", ""name"": ""2nd Serve Points Won %"", ""raw"": 47.2, ""raw_display"": ""47.2%"", ""normalized"": 57.68, ""weight"": 0.2, ""weight_pct"": 20.0, ""min"": 33.3, ""max"": 57.4, ""lower_is_better"": false, ""is_percent"": true}, {""key"": ""breakpoint_saved_percent"", ""name"": ""Break Points Saved %"", ""raw"": 55.4, ""raw_display"": ""55.4%"", ""normalized"": 57.68, ""weight"": 0.18, ""weight_pct"": 18.0, ""min"": 32.5, ""max"": 72.2, ""lower_is_better"": false, ""is_percent"": true}]}"
2026-03-07T08:04:19.660159Z,serve,Serve,58,Paula Badosa,320124,https://www.wtatennis.com/players/320124/paula-badosa,https://photoresources.wtatennis.com/wta/photo/2025/03/10/c9e895e9-8b7d-4b56-897d-823e5268a241/Badosa-Torso_320124.png,46.3,Aces,42,Double Faults,63,1st Serve %,55.5%,1st Serve Points Won %,69.3%,2nd Serve Points Won %,41.8%,Break Points Saved %,59.4%,"{""category"": ""serve"", ""player_rank"": 106, ""match_count"": 8, ""formula"": ""normalized_score = Σ(metric_norm × weight)"", ""metrics"": [{""key"": ""Aces"", ""name"": ""Aces"", ""raw"": 42.0, ""raw_display"": ""42"", ""normalized"": 38.18, ""weight"": 0.16, ""weight_pct"": 16.0, ""min"": 0.0, ""max"": 110.0, ""lower_is_better"": false, ""is_percent"": false}, {""key"": ""Double_Faults"", ""name"": ""Double Faults"", ""raw"": 63.0, ""raw_display"": ""63"", ""normalized"": 39.6, ""weight"": 0.12, ""weight_pct"": 12.0, ""min"": 2.0, ""max"": 103.0, ""lower_is_better"": true, ""is_percent"": false}, {""key"": ""first_serve_percent"", ""name"": ""1st Serve %"", ""raw"": 55.5, ""raw_display"": ""55.5%"", ""normalized"": 12.32, ""weight"": 0.14, ""weight_pct"": 14.0, ""min"": 52.1, ""max"": 79.7, ""lower_is_better"": false, ""is_percent"": true}, {""key"": ""first_serve_won_percent"", ""name"": ""1st Serve Points Won %"", ""raw"": 69.3, ""raw_display"": ""69.3%"", ""normalized"": 72.5, ""weight"": 0.2, ""weight_pct"": 20.0, ""min"": 51.9, ""max"": 75.9, ""lower_is_better"": false, ""is_percent"": true}, {""key"": ""second_serve_won_percent"", ""name"": ""2nd Serve Points Won %"", ""raw"": 41.8, ""raw_display"": ""41.8%"", ""normalized"": 35.27, ""weight"": 0.2, ""weight_pct"": 20.0, ""min"": 33.3, ""max"": 57.4, ""lower_is_better"": false, ""is_percent"": true}, {""key"": ""breakpoint_saved_percent"", ""name"": ""Break Points Saved %"", ""raw"": 59.4, ""raw_display"": ""59.4%"", ""normalized"": 67.76, ""weight"": 0.18, ""weight_pct"": 18.0, ""min"": 32.5, ""max"": 72.2, ""lower_is_better"": false, ""is_percent"": true}]}"
2026-03-07T08:04:19.660159Z,serve,Serve,59,Emma Raducanu,328366,https://www.wtatennis.com/players/328366/emma-raducanu,https://photoresources.wtatennis.com/wta/photo/2024/05/01/e55c6095-bd04-4904-98be-a7911f3bc918/Raducanu-Torso_328366-WTA-Tennis.png,45.8,Aces,16,Double Faults,38,1st Serve %,68.0%,1st Serve Points Won %,60.8%,2nd Serve Points Won %,44.8%,Break Points Saved %,56.1%,"{""category"": ""serve"", ""player_rank"": 24, ""match_count"": 12, ""formula"": ""normalized_score = Σ(metric_norm × weight)"", ""metrics"": [{""key"": ""Aces"", ""name"": ""Aces"", ""raw"": 16.0, ""raw_display"": ""16"", ""normalized"": 14.55, ""weight"": 0.16, ""weight_pct"": 16.0, ""min"": 0.0, ""max"": 110.0, ""lower_is_better"": false, ""is_percent"": false}, {""key"": ""Double_Faults"", ""name"": ""Double Faults"", ""raw"": 38.0, ""raw_display"": ""38"", ""normalized"": 64.36, ""weight"": 0.12, ""weight_pct"": 12.0, ""min"": 2.0, ""max"": 103.0, ""lower_is_better"": true, ""is_percent"": false}, {""key"": ""first_serve_percent"", ""name"": ""1st Serve %"", ""raw"": 68.0, ""raw_display"": ""68.0%"", ""normalized"": 57.61, ""weight"": 0.14, ""weight_pct"": 14.0, ""min"": 52.1, ""max"": 79.7, ""lower_is_better"": false, ""is_percent"": true}, {""key"": ""first_serve_won_percent"", ""name"": ""1st Serve Points Won %"", ""raw"": 60.8, ""raw_display"": ""60.8%"", ""normalized"": 37.08, ""weight"": 0.2, ""weight_pct"": 20.0, ""min"": 51.9, ""max"": 75.9, ""lower_is_better"": false, ""is_percent"": true}, {""key"": ""second_serve_won_percent"", ""name"": ""2nd Serve Points Won %"", ""raw"": 44.8, ""raw_display"": ""44.8%"", ""normalized"": 47.72, ""weight"": 0.2, ""weight_pct"": 20.0, ""min"": 33.3, ""max"": 57.4, ""lower_is_better"": false, ""is_percent"": true}, {""key"": ""breakpoint_saved_percent"", ""name"": ""Break Points Saved %"", ""raw"": 56.1, ""raw_display"": ""56.1%"", ""normalized"": 59.45, ""weight"": 0.18, ""weight_pct"": 18.0, ""min"": 32.5, ""max"": 72.2, ""lower_is_better"": false, ""is_percent"": true}]}"
2026-03-07T08:04:19.660159Z,serve,Serve,60,Linda Fruhvirtova,329627,https://www.wtatennis.com/players/329627/linda-fruhvirtova,https://photoresources.wtatennis.com/wta/photo/2024/05/01/096c664d-00f3-4f3c-9c87-835b22b9ba44/Fruhvirtova-Torso_329627-WTA-Tennis.png,44.9,Aces,19,Double Faults,27,1st Serve %,61.0%,1st Serve Points Won %,65.7%,2nd Serve Points Won %,42.2%,Break Points Saved %,54.0%,"{""category"": ""serve"", ""player_rank"": 121, ""match_count"": 6, ""formula"": ""normalized_score = Σ(metric_norm × weight)"", ""metrics"": [{""key"": ""Aces"", ""name"": ""Aces"", ""raw"": 19.0, ""raw_display"": ""19"", ""normalized"": 17.27, ""weight"": 0.16, ""weight_pct"": 16.0, ""min"": 0.0, ""max"": 110.0, ""lower_is_better"": false, ""is_percent"": false}, {""key"": ""Double_Faults"", ""name"": ""Double Faults"", ""raw"": 27.0, ""raw_display"": ""27"", ""normalized"": 75.25, ""weight"": 0.12, ""weight_pct"": 12.0, ""min"": 2.0, ""max"": 103.0, ""lower_is_better"": true, ""is_percent"": false}, {""key"": ""first_serve_percent"", ""name"": ""1st Serve %"", ""raw"": 61.0, ""raw_display"": ""61.0%"", ""normalized"": 32.25, ""weight"": 0.14, ""weight_pct"": 14.0, ""min"": 52.1, ""max"": 79.7, ""lower_is_better"": false, ""is_percent"": true}, {""key"": ""first_serve_won_percent"", ""name"": ""1st Serve Points Won %"", ""raw"": 65.7, ""raw_display"": ""65.7%"", ""normalized"": 57.5, ""weight"": 0.2, ""weight_pct"": 20.0, ""min"": 51.9, ""max"": 75.9, ""lower_is_better"": false, ""is_percent"": true}, {""key"": ""second_serve_won_percent"", ""name"": ""2nd Serve Points Won %"", ""raw"": 42.2, ""raw_display"": ""42.2%"", ""normalized"": 36.93, ""weight"": 0.2, ""weight_pct"": 20.0, ""min"": 33.3, ""max"": 57.4, ""lower_is_better"": false, ""is_percent"": true}, {""key"": ""breakpoint_saved_percent"", ""name"": ""Break Points Saved %"", ""raw"": 54.0, ""raw_display"": ""54.0%"", ""normalized"": 54.16, ""weight"": 0.18, ""weight_pct"": 18.0, ""min"": 32.5, ""max"": 72.2, ""lower_is_better"": false, ""is_percent"": true}]}"
2026-03-07T08:04:19.660159Z,serve,Serve,61,Yue Yuan,324325,https://www.wtatennis.com/players/324325/yue-yuan,https://photoresources.wtatennis.com/wta/photo/2024/05/01/1b8d14a3-ee27-4daf-a8c1-f0b797f0d8de/Yuan-Torso_324325-WTA-Tennis.png,44.8,Aces,26,Double Faults,5,1st Serve %,61.2%,1st Serve Points Won %,64.3%,2nd Serve Points Won %,43.6%,Break Points Saved %,45.5%,"{""category"": ""serve"", ""player_rank"": 120, ""match_count"": 7, ""formula"": ""normalized_score = Σ(metric_norm × weight)"", ""metrics"": [{""key"": ""Aces"", ""name"": ""Aces"", ""raw"": 26.0, ""raw_display"": ""26"", ""normalized"": 23.64, ""weight"": 0.16, ""weight_pct"": 16.0, ""min"": 0.0, ""max"": 110.0, ""lower_is_better"": false, ""is_percent"": false}, {""key"": ""Double_Faults"", ""name"": ""Double Faults"", ""raw"": 5.0, ""raw_display"": ""5"", ""normalized"": 97.03, ""weight"": 0.12, ""weight_pct"": 12.0, ""min"": 2.0, ""max"": 103.0, ""lower_is_better"": true, ""is_percent"": false}, {""key"": ""first_serve_percent"", ""name"": ""1st Serve %"", ""raw"": 61.2, ""raw_display"": ""61.2%"", ""normalized"": 32.97, ""weight"": 0.14, ""weight_pct"": 14.0, ""min"": 52.1, ""max"": 79.7, ""lower_is_better"": false, ""is_percent"": true}, {""key"": ""first_serve_won_percent"", ""name"": ""1st Serve Points Won %"", ""raw"": 64.3, ""raw_display"": ""64.3%"", ""normalized"": 51.67, ""weight"": 0.2, ""weight_pct"": 20.0, ""min"": 51.9, ""max"": 75.9, ""lower_is_better"": false, ""is_percent"": true}, {""key"": ""second_serve_won_percent"", ""name"": ""2nd Serve Points Won %"", ""raw"": 43.6, ""raw_display"": ""43.6%"", ""normalized"": 42.74, ""weight"": 0.2, ""weight_pct"": 20.0, ""min"": 33.3, ""max"": 57.4, ""lower_is_better"": false, ""is_percent"": true}, {""key"": ""breakpoint_saved_percent"", ""name"": ""Break Points Saved %"", ""raw"": 45.5, ""raw_display"": ""45.5%"", ""normalized"": 32.75, ""weight"": 0.18, ""weight_pct"": 18.0, ""min"": 32.5, ""max"": 72.2, ""lower_is_better"": false, ""is_percent"": true}]}"
2026-03-07T08:04:19.660159Z,serve,Serve,62,Dalma Galfi,321106,https://www.wtatennis.com/players/321106/dalma-galfi,https://photoresources.wtatennis.com/wta/photo/2023/06/02/9c1e9ea1-8de4-4969-ad65-ccf80085a1f3/Galfi-Torso_321106.png,44.5,Aces,21,Double Faults,17,1st Serve %,66.9%,1st Serve Points Won %,70.6%,2nd Serve Points Won %,36.4%,Break Points Saved %,44.8%,"{""category"": ""serve"", ""player_rank"": 84, ""match_count"": 5, ""formula"": ""normalized_score = Σ(metric_norm × weight)"", ""metrics"": [{""key"": ""Aces"", ""name"": ""Aces"", ""raw"": 21.0, ""raw_display"": ""21"", ""normalized"": 19.09, ""weight"": 0.16, ""weight_pct"": 16.0, ""min"": 0.0, ""max"": 110.0, ""lower_is_better"": false, ""is_percent"": false}, {""key"": ""Double_Faults"", ""name"": ""Double Faults"", ""raw"": 17.0, ""raw_display"": ""17"", ""normalized"": 85.15, ""weight"": 0.12, ""weight_pct"": 12.0, ""min"": 2.0, ""max"": 103.0, ""lower_is_better"": true, ""is_percent"": false}, {""key"": ""first_serve_percent"", ""name"": ""1st Serve %"", ""raw"": 66.9, ""raw_display"": ""66.9%"", ""normalized"": 53.62, ""weight"": 0.14, ""weight_pct"": 14.0, ""min"": 52.1, ""max"": 79.7, ""lower_is_better"": false, ""is_percent"": true}, {""key"": ""first_serve_won_percent"", ""name"": ""1st Serve Points Won %"", ""raw"": 70.6, ""raw_display"": ""70.6%"", ""normalized"": 77.92, ""weight"": 0.2, ""weight_pct"": 20.0, ""min"": 51.9, ""max"": 75.9, ""lower_is_better"": false, ""is_percent"": true}, {""key"": ""second_serve_won_percent"", ""name"": ""2nd Serve Points Won %"", ""raw"": 36.4, ""raw_display"": ""36.4%"", ""normalized"": 12.86, ""weight"": 0.2, ""weight_pct"": 20.0, ""min"": 33.3, ""max"": 57.4, ""lower_is_better"": false, ""is_percent"": true}, {""key"": ""breakpoint_saved_percent"", ""name"": ""Break Points Saved %"", ""raw"": 44.8, ""raw_display"": ""44.8%"", ""normalized"": 30.98, ""weight"": 0.18, ""weight_pct"": 18.0, ""min"": 32.5, ""max"": 72.2, ""lower_is_better"": false, ""is_percent"": true}]}"
2026-03-07T08:04:19.660159Z,serve,Serve,63,Anastasia Zakharova,327367,https://www.wtatennis.com/players/327367/anastasia-zakharova,https://photoresources.wtatennis.com/wta/photo/2022/09/12/b9bde676-db0a-46c5-97c6-9b0b8f86aae2/Zakharova_Crop.jpg,43.5,Aces,15,Double Faults,22,1st Serve %,65.2%,1st Serve Points Won %,64.3%,2nd Serve Points Won %,41.8%,Break Points Saved %,49.3%,"{""category"": ""serve"", ""player_rank"": 86, ""match_count"": 8, ""formula"": ""normalized_score = Σ(metric_norm × weight)"", ""metrics"": [{""key"": ""Aces"", ""name"": ""Aces"", ""raw"": 15.0, ""raw_display"": ""15"", ""normalized"": 13.64, ""weight"": 0.16, ""weight_pct"": 16.0, ""min"": 0.0, ""max"": 110.0, ""lower_is_better"": false, ""is_percent"": false}, {""key"": ""Double_Faults"", ""name"": ""Double Faults"", ""raw"": 22.0, ""raw_display"": ""22"", ""normalized"": 80.2, ""weight"": 0.12, ""weight_pct"": 12.0, ""min"": 2.0, ""max"": 103.0, ""lower_is_better"": true, ""is_percent"": false}, {""key"": ""first_serve_percent"", ""name"": ""1st Serve %"", ""raw"": 65.2, ""raw_display"": ""65.2%"", ""normalized"": 47.46, ""weight"": 0.14, ""weight_pct"": 14.0, ""min"": 52.1, ""max"": 79.7, ""lower_is_better"": false, ""is_percent"": true}, {""key"": ""first_serve_won_percent"", ""name"": ""1st Serve Points Won %"", ""raw"": 64.3, ""raw_display"": ""64.3%"", ""normalized"": 51.67, ""weight"": 0.2, ""weight_pct"": 20.0, ""min"": 51.9, ""max"": 75.9, ""lower_is_better"": false, ""is_percent"": true}, {""key"": ""second_serve_won_percent"", ""name"": ""2nd Serve Points Won %"", ""raw"": 41.8, ""raw_display"": ""41.8%"", ""normalized"": 35.27, ""weight"": 0.2, ""weight_pct"": 20.0, ""min"": 33.3, ""max"": 57.4, ""lower_is_better"": false, ""is_percent"": true}, {""key"": ""breakpoint_saved_percent"", ""name"": ""Break Points Saved %"", ""raw"": 49.3, ""raw_display"": ""49.3%"", ""normalized"": 42.32, ""weight"": 0.18, ""weight_pct"": 18.0, ""min"": 32.5, ""max"": 72.2, ""lower_is_better"": false, ""is_percent"": true}]}"
2026-03-07T08:04:19.660159Z,serve,Serve,64,Francesca Jones,324479,https://www.wtatennis.com/players/324479/francesca-jones,https://photoresources.wtatennis.com/wta/photo/2025/06/09/a4ce2850-bad4-4320-a242-966d1ee5002e/Jones-Torso_324479.png,43.2,Aces,6,Double Faults,12,1st Serve %,68.2%,1st Serve Points Won %,56.4%,2nd Serve Points Won %,43.0%,Break Points Saved %,57.9%,"{""category"": ""serve"", ""player_rank"": 93, ""match_count"": 5, ""formula"": ""normalized_score = Σ(metric_norm × weight)"", ""metrics"": [{""key"": ""Aces"", ""name"": ""Aces"", ""raw"": 6.0, ""raw_display"": ""6"", ""normalized"": 5.45, ""weight"": 0.16, ""weight_pct"": 16.0, ""min"": 0.0, ""max"": 110.0, ""lower_is_better"": false, ""is_percent"": false}, {""key"": ""Double_Faults"", ""name"": ""Double Faults"", ""raw"": 12.0, ""raw_display"": ""12"", ""normalized"": 90.1, ""weight"": 0.12, ""weight_pct"": 12.0, ""min"": 2.0, ""max"": 103.0, ""lower_is_better"": true, ""is_percent"": false}, {""key"": ""first_serve_percent"", ""name"": ""1st Serve %"", ""raw"": 68.2, ""raw_display"": ""68.2%"", ""normalized"": 58.33, ""weight"": 0.14, ""weight_pct"": 14.0, ""min"": 52.1, ""max"": 79.7, ""lower_is_better"": false, ""is_percent"": true}, {""key"": ""first_serve_won_percent"", ""name"": ""1st Serve Points Won %"", ""raw"": 56.4, ""raw_display"": ""56.4%"", ""normalized"": 18.75, ""weight"": 0.2, ""weight_pct"": 20.0, ""min"": 51.9, ""max"": 75.9, ""lower_is_better"": false, ""is_percent"": true}, {""key"": ""second_serve_won_percent"", ""name"": ""2nd Serve Points Won %"", ""raw"": 43.0, ""raw_display"": ""43.0%"", ""normalized"": 40.25, ""weight"": 0.2, ""weight_pct"": 20.0, ""min"": 33.3, ""max"": 57.4, ""lower_is_better"": false, ""is_percent"": true}, {""key"": ""breakpoint_saved_percent"", ""name"": ""Break Points Saved %"", ""raw"": 57.9, ""raw_display"": ""57.9%"", ""normalized"": 63.98, ""weight"": 0.18, ""weight_pct"": 18.0, ""min"": 32.5, ""max"": 72.2, ""lower_is_better"": false, ""is_percent"": true}]}"
2026-03-07T08:04:19.660159Z,serve,Serve,65,Marie Bouzkova,320983,https://www.wtatennis.com/players/320983/marie-bouzkova,https://photoresources.wtatennis.com/wta/photo/2024/04/30/855a5cde-3d8b-4421-8a4d-8d45b189659a/Bouzkova-Torso_320983-WTA-Tennis.png,43.0,Aces,19,Double Faults,37,1st Serve %,65.8%,1st Serve Points Won %,59.2%,2nd Serve Points Won %,43.6%,Break Points Saved %,56.4%,"{""category"": ""serve"", ""player_rank"": 33, ""match_count"": 10, ""formula"": ""normalized_score = Σ(metric_norm × weight)"", ""metrics"": [{""key"": ""Aces"", ""name"": ""Aces"", ""raw"": 19.0, ""raw_display"": ""19"", ""normalized"": 17.27, ""weight"": 0.16, ""weight_pct"": 16.0, ""min"": 0.0, ""max"": 110.0, ""lower_is_better"": false, ""is_percent"": false}, {""key"": ""Double_Faults"", ""name"": ""Double Faults"", ""raw"": 37.0, ""raw_display"": ""37"", ""normalized"": 65.35, ""weight"": 0.12, ""weight_pct"": 12.0, ""min"": 2.0, ""max"": 103.0, ""lower_is_better"": true, ""is_percent"": false}, {""key"": ""first_serve_percent"", ""name"": ""1st Serve %"", ""raw"": 65.8, ""raw_display"": ""65.8%"", ""normalized"": 49.64, ""weight"": 0.14, ""weight_pct"": 14.0, ""min"": 52.1, ""max"": 79.7, ""lower_is_better"": false, ""is_percent"": true}, {""key"": ""first_serve_won_percent"", ""name"": ""1st Serve Points Won %"", ""raw"": 59.2, ""raw_display"": ""59.2%"", ""normalized"": 30.42, ""weight"": 0.2, ""weight_pct"": 20.0, ""min"": 51.9, ""max"": 75.9, ""lower_is_better"": false, ""is_percent"": true}, {""key"": ""second_serve_won_percent"", ""name"": ""2nd Serve Points Won %"", ""raw"": 43.6, ""raw_display"": ""43.6%"", ""normalized"": 42.74, ""weight"": 0.2, ""weight_pct"": 20.0, ""min"": 33.3, ""max"": 57.4, ""lower_is_better"": false, ""is_percent"": true}, {""key"": ""breakpoint_saved_percent"", ""name"": ""Break Points Saved %"", ""raw"": 56.4, ""raw_display"": ""56.4%"", ""normalized"": 60.2, ""weight"": 0.18, ""weight_pct"": 18.0, ""min"": 32.5, ""max"": 72.2, ""lower_is_better"": false, ""is_percent"": true}]}"
2026-03-07T08:04:19.660159Z,serve,Serve,66,Tatjana Maria,310440,https://www.wtatennis.com/players/310440/tatjana-maria,https://photoresources.wtatennis.com/wta/photo/2024/05/01/c9c5fcb8-1bad-4cb6-a576-972f18edd165/Maria-Torso_310440-WTA-Tennis.png,42.7,Aces,26,Double Faults,18,1st Serve %,56.3%,1st Serve Points Won %,65.1%,2nd Serve Points Won %,42.6%,Break Points Saved %,50.0%,"{""category"": ""serve"", ""player_rank"": 59, ""match_count"": 8, ""formula"": ""normalized_score = Σ(metric_norm × weight)"", ""metrics"": [{""key"": ""Aces"", ""name"": ""Aces"", ""raw"": 26.0, ""raw_display"": ""26"", ""normalized"": 23.64, ""weight"": 0.16, ""weight_pct"": 16.0, ""min"": 0.0, ""max"": 110.0, ""lower_is_better"": false, ""is_percent"": false}, {""key"": ""Double_Faults"", ""name"": ""Double Faults"", ""raw"": 18.0, ""raw_display"": ""18"", ""normalized"": 84.16, ""weight"": 0.12, ""weight_pct"": 12.0, ""min"": 2.0, ""max"": 103.0, ""lower_is_better"": true, ""is_percent"": false}, {""key"": ""first_serve_percent"", ""name"": ""1st Serve %"", ""raw"": 56.3, ""raw_display"": ""56.3%"", ""normalized"": 15.22, ""weight"": 0.14, ""weight_pct"": 14.0, ""min"": 52.1, ""max"": 79.7, ""lower_is_better"": false, ""is_percent"": true}, {""key"": ""first_serve_won_percent"", ""name"": ""1st Serve Points Won %"", ""raw"": 65.1, ""raw_display"": ""65.1%"", ""normalized"": 55.0, ""weight"": 0.2, ""weight_pct"": 20.0, ""min"": 51.9, ""max"": 75.9, ""lower_is_better"": false, ""is_percent"": true}, {""key"": ""second_serve_won_percent"", ""name"": ""2nd Serve Points Won %"", ""raw"": 42.6, ""raw_display"": ""42.6%"", ""normalized"": 38.59, ""weight"": 0.2, ""weight_pct"": 20.0, ""min"": 33.3, ""max"": 57.4, ""lower_is_better"": false, ""is_percent"": true}, {""key"": ""breakpoint_saved_percent"", ""name"": ""Break Points Saved %"", ""raw"": 50.0, ""raw_display"": ""50.0%"", ""normalized"": 44.08, ""weight"": 0.18, ""weight_pct"": 18.0, ""min"": 32.5, ""max"": 72.2, ""lower_is_better"": false, ""is_percent"": true}]}"
2026-03-07T08:04:19.660159Z,serve,Serve,67,Kaja Juvan,324702,https://www.wtatennis.com/players/324702/kaja-juvan,https://photoresources.wtatennis.com/wta/photo/2021/01/12/54ec0422-97aa-40a8-82c5-ee5e212af993/Juvan_Hero-Smile.png,42.4,Aces,7,Double Faults,19,1st Serve %,60.9%,1st Serve Points Won %,62.0%,2nd Serve Points Won %,43.3%,Break Points Saved %,55.0%,"{""category"": ""serve"", ""player_rank"": 92, ""match_count"": 5, ""formula"": ""normalized_score = Σ(metric_norm × weight)"", ""metrics"": [{""key"": ""Aces"", ""name"": ""Aces"", ""raw"": 7.0, ""raw_display"": ""7"", ""normalized"": 6.36, ""weight"": 0.16, ""weight_pct"": 16.0, ""min"": 0.0, ""max"": 110.0, ""lower_is_better"": false, ""is_percent"": false}, {""key"": ""Double_Faults"", ""name"": ""Double Faults"", ""raw"": 19.0, ""raw_display"": ""19"", ""normalized"": 83.17, ""weight"": 0.12, ""weight_pct"": 12.0, ""min"": 2.0, ""max"": 103.0, ""lower_is_better"": true, ""is_percent"": false}, {""key"": ""first_serve_percent"", ""name"": ""1st Serve %"", ""raw"": 60.9, ""raw_display"": ""60.9%"", ""normalized"": 31.88, ""weight"": 0.14, ""weight_pct"": 14.0, ""min"": 52.1, ""max"": 79.7, ""lower_is_better"": false, ""is_percent"": true}, {""key"": ""first_serve_won_percent"", ""name"": ""1st Serve Points Won %"", ""raw"": 62.0, ""raw_display"": ""62.0%"", ""normalized"": 42.08, ""weight"": 0.2, ""weight_pct"": 20.0, ""min"": 51.9, ""max"": 75.9, ""lower_is_better"": false, ""is_percent"": true}, {""key"": ""second_serve_won_percent"", ""name"": ""2nd Serve Points Won %"", ""raw"": 43.3, ""raw_display"": ""43.3%"", ""normalized"": 41.49, ""weight"": 0.2, ""weight_pct"": 20.0, ""min"": 33.3, ""max"": 57.4, ""lower_is_better"": false, ""is_percent"": true}, {""key"": ""breakpoint_saved_percent"", ""name"": ""Break Points Saved %"", ""raw"": 55.0, ""raw_display"": ""55.0%"", ""normalized"": 56.68, ""weight"": 0.18, ""weight_pct"": 18.0, ""min"": 32.5, ""max"": 72.2, ""lower_is_better"": false, ""is_percent"": true}]}"
2026-03-07T08:04:19.660159Z,serve,Serve,68,Alexandra Eala,330332,https://www.wtatennis.com/players/330332/alexandra-eala,https://photoresources.wtatennis.com/wta/photo/2025/03/10/5d309c14-020e-4ac0-b3f2-09118f48fbc7/Eala-Torso_330332.png,42.1,Aces,10,Double Faults,39,1st Serve %,65.5%,1st Serve Points Won %,61.3%,2nd Serve Points Won %,45.7%,Break Points Saved %,50.5%,"{""category"": ""serve"", ""player_rank"": 32, ""match_count"": 13, ""formula"": ""normalized_score = Σ(metric_norm × weight)"", ""metrics"": [{""key"": ""Aces"", ""name"": ""Aces"", ""raw"": 10.0, ""raw_display"": ""10"", ""normalized"": 9.09, ""weight"": 0.16, ""weight_pct"": 16.0, ""min"": 0.0, ""max"": 110.0, ""lower_is_better"": false, ""is_percent"": false}, {""key"": ""Double_Faults"", ""name"": ""Double Faults"", ""raw"": 39.0, ""raw_display"": ""39"", ""normalized"": 63.37, ""weight"": 0.12, ""weight_pct"": 12.0, ""min"": 2.0, ""max"": 103.0, ""lower_is_better"": true, ""is_percent"": false}, {""key"": ""first_serve_percent"", ""name"": ""1st Serve %"", ""raw"": 65.5, ""raw_display"": ""65.5%"", ""normalized"": 48.55, ""weight"": 0.14, ""weight_pct"": 14.0, ""min"": 52.1, ""max"": 79.7, ""lower_is_better"": false, ""is_percent"": true}, {""key"": ""first_serve_won_percent"", ""name"": ""1st Serve Points Won %"", ""raw"": 61.3, ""raw_display"": ""61.3%"", ""normalized"": 39.17, ""weight"": 0.2, ""weight_pct"": 20.0, ""min"": 51.9, ""max"": 75.9, ""lower_is_better"": false, ""is_percent"": true}, {""key"": ""second_serve_won_percent"", ""name"": ""2nd Serve Points Won %"", ""raw"": 45.7, ""raw_display"": ""45.7%"", ""normalized"": 51.45, ""weight"": 0.2, ""weight_pct"": 20.0, ""min"": 33.3, ""max"": 57.4, ""lower_is_better"": false, ""is_percent"": true}, {""key"": ""breakpoint_saved_percent"", ""name"": ""Break Points Saved %"", ""raw"": 50.5, ""raw_display"": ""50.5%"", ""normalized"": 45.34, ""weight"": 0.18, ""weight_pct"": 18.0, ""min"": 32.5, ""max"": 72.2, ""lower_is_better"": false, ""is_percent"": true}]}"
2026-03-07T08:04:19.660159Z,serve,Serve,69,Rebecca Sramkova,320228,https://www.wtatennis.com/players/320228/rebecca-sramkova,https://photoresources.wtatennis.com/wta/photo/2025/03/10/b6a3bd6e-e91c-487f-88c3-7504b904c145/Sramkova-Torso_320228.png,42.0,Aces,37,Double Faults,30,1st Serve %,63.1%,1st Serve Points Won %,61.1%,2nd Serve Points Won %,40.0%,Break Points Saved %,52.6%,"{""category"": ""serve"", ""player_rank"": 118, ""match_count"": 8, ""formula"": ""normalized_score = Σ(metric_norm × weight)"", ""metrics"": [{""key"": ""Aces"", ""name"": ""Aces"", ""raw"": 37.0, ""raw_display"": ""37"", ""normalized"": 33.64, ""weight"": 0.16, ""weight_pct"": 16.0, ""min"": 0.0, ""max"": 110.0, ""lower_is_better"": false, ""is_percent"": false}, {""key"": ""Double_Faults"", ""name"": ""Double Faults"", ""raw"": 30.0, ""raw_display"": ""30"", ""normalized"": 72.28, ""weight"": 0.12, ""weight_pct"": 12.0, ""min"": 2.0, ""max"": 103.0, ""lower_is_better"": true, ""is_percent"": false}, {""key"": ""first_serve_percent"", ""name"": ""1st Serve %"", ""raw"": 63.1, ""raw_display"": ""63.1%"", ""normalized"": 39.86, ""weight"": 0.14, ""weight_pct"": 14.0, ""min"": 52.1, ""max"": 79.7, ""lower_is_better"": false, ""is_percent"": true}, {""key"": ""first_serve_won_percent"", ""name"": ""1st Serve Points Won %"", ""raw"": 61.1, ""raw_display"": ""61.1%"", ""normalized"": 38.33, ""weight"": 0.2, ""weight_pct"": 20.0, ""min"": 51.9, ""max"": 75.9, ""lower_is_better"": false, ""is_percent"": true}, {""key"": ""second_serve_won_percent"", ""name"": ""2nd Serve Points Won %"", ""raw"": 40.0, ""raw_display"": ""40.0%"", ""normalized"": 27.8, ""weight"": 0.2, ""weight_pct"": 20.0, ""min"": 33.3, ""max"": 57.4, ""lower_is_better"": false, ""is_percent"": true}, {""key"": ""breakpoint_saved_percent"", ""name"": ""Break Points Saved %"", ""raw"": 52.6, ""raw_display"": ""52.6%"", ""normalized"": 50.63, ""weight"": 0.18, ""weight_pct"": 18.0, ""min"": 32.5, ""max"": 72.2, ""lower_is_better"": false, ""is_percent"": true}]}"
2026-03-07T08:04:19.660159Z,serve,Serve,70,Jelena Ostapenko,319939,https://www.wtatennis.com/players/319939/jelena-ostapenko,https://photoresources.wtatennis.com/wta/photo/2024/04/29/c593550a-fb16-4250-8910-60a9d233f67d/Ostapenko-Torso_319939-WTA-Tennis.png,41.7,Aces,34,Double Faults,49,1st Serve %,58.4%,1st Serve Points Won %,65.6%,2nd Serve Points Won %,41.6%,Break Points Saved %,52.0%,"{""category"": ""serve"", ""player_rank"": 26, ""match_count"": 12, ""formula"": ""normalized_score = Σ(metric_norm × weight)"", ""metrics"": [{""key"": ""Aces"", ""name"": ""Aces"", ""raw"": 34.0, ""raw_display"": ""34"", ""normalized"": 30.91, ""weight"": 0.16, ""weight_pct"": 16.0, ""min"": 0.0, ""max"": 110.0, ""lower_is_better"": false, ""is_percent"": false}, {""key"": ""Double_Faults"", ""name"": ""Double Faults"", ""raw"": 49.0, ""raw_display"": ""49"", ""normalized"": 53.47, ""weight"": 0.12, ""weight_pct"": 12.0, ""min"": 2.0, ""max"": 103.0, ""lower_is_better"": true, ""is_percent"": false}, {""key"": ""first_serve_percent"", ""name"": ""1st Serve %"", ""raw"": 58.4, ""raw_display"": ""58.4%"", ""normalized"": 22.83, ""weight"": 0.14, ""weight_pct"": 14.0, ""min"": 52.1, ""max"": 79.7, ""lower_is_better"": false, ""is_percent"": true}, {""key"": ""first_serve_won_percent"", ""name"": ""1st Serve Points Won %"", ""raw"": 65.6, ""raw_display"": ""65.6%"", ""normalized"": 57.08, ""weight"": 0.2, ""weight_pct"": 20.0, ""min"": 51.9, ""max"": 75.9, ""lower_is_better"": false, ""is_percent"": true}, {""key"": ""second_serve_won_percent"", ""name"": ""2nd Serve Points Won %"", ""raw"": 41.6, ""raw_display"": ""41.6%"", ""normalized"": 34.44, ""weight"": 0.2, ""weight_pct"": 20.0, ""min"": 33.3, ""max"": 57.4, ""lower_is_better"": false, ""is_percent"": true}, {""key"": ""breakpoint_saved_percent"", ""name"": ""Break Points Saved %"", ""raw"": 52.0, ""raw_display"": ""52.0%"", ""normalized"": 49.12, ""weight"": 0.18, ""weight_pct"": 18.0, ""min"": 32.5, ""max"": 72.2, ""lower_is_better"": false, ""is_percent"": true}]}"
2026-03-07T08:04:19.660159Z,serve,Serve,71,Oksana Selekhmeteva,329199,https://www.wtatennis.com/players/329199/oksana-selekhmeteva,https://photoresources.wtatennis.com/wta/photo/2026/02/05/867a819c-d195-48fe-aff0-d496691909a1/Selekhmeteva-Torso_329199.png,41.3,Aces,15,Double Faults,48,1st Serve %,68.1%,1st Serve Points Won %,60.6%,2nd Serve Points Won %,40.9%,Break Points Saved %,56.5%,"{""category"": ""serve"", ""player_rank"": 71, ""match_count"": 8, ""formula"": ""normalized_score = Σ(metric_norm × weight)"", ""metrics"": [{""key"": ""Aces"", ""name"": ""Aces"", ""raw"": 15.0, ""raw_display"": ""15"", ""normalized"": 13.64, ""weight"": 0.16, ""weight_pct"": 16.0, ""min"": 0.0, ""max"": 110.0, ""lower_is_better"": false, ""is_percent"": false}, {""key"": ""Double_Faults"", ""name"": ""Double Faults"", ""raw"": 48.0, ""raw_display"": ""48"", ""normalized"": 54.46, ""weight"": 0.12, ""weight_pct"": 12.0, ""min"": 2.0, ""max"": 103.0, ""lower_is_better"": true, ""is_percent"": false}, {""key"": ""first_serve_percent"", ""name"": ""1st Serve %"", ""raw"": 68.1, ""raw_display"": ""68.1%"", ""normalized"": 57.97, ""weight"": 0.14, ""weight_pct"": 14.0, ""min"": 52.1, ""max"": 79.7, ""lower_is_better"": false, ""is_percent"": true}, {""key"": ""first_serve_won_percent"", ""name"": ""1st Serve Points Won %"", ""raw"": 60.6, ""raw_display"": ""60.6%"", ""normalized"": 36.25, ""weight"": 0.2, ""weight_pct"": 20.0, ""min"": 51.9, ""max"": 75.9, ""lower_is_better"": false, ""is_percent"": true}, {""key"": ""second_serve_won_percent"", ""name"": ""2nd Serve Points Won %"", ""raw"": 40.9, ""raw_display"": ""40.9%"", ""normalized"": 31.54, ""weight"": 0.2, ""weight_pct"": 20.0, ""min"": 33.3, ""max"": 57.4, ""lower_is_better"": false, ""is_percent"": true}, {""key"": ""breakpoint_saved_percent"", ""name"": ""Break Points Saved %"", ""raw"": 56.5, ""raw_display"": ""56.5%"", ""normalized"": 60.45, ""weight"": 0.18, ""weight_pct"": 18.0, ""min"": 32.5, ""max"": 72.2, ""lower_is_better"": false, ""is_percent"": true}]}"
2026-03-07T08:04:19.660159Z,serve,Serve,72,Elena-Gabriela Ruse,320408,https://www.wtatennis.com/players/320408/elena-gabriela-ruse,https://photoresources.wtatennis.com/wta/photo/2025/03/10/27509f0b-bedb-4df9-8448-513cd42fd4ed/Ruse-Torso_320408.png,40.4,Aces,21,Double Faults,32,1st Serve %,58.7%,1st Serve Points Won %,67.8%,2nd Serve Points Won %,41.2%,Break Points Saved %,45.3%,"{""category"": ""serve"", ""player_rank"": 74, ""match_count"": 7, ""formula"": ""normalized_score = Σ(metric_norm × weight)"", ""metrics"": [{""key"": ""Aces"", ""name"": ""Aces"", ""raw"": 21.0, ""raw_display"": ""21"", ""normalized"": 19.09, ""weight"": 0.16, ""weight_pct"": 16.0, ""min"": 0.0, ""max"": 110.0, ""lower_is_better"": false, ""is_percent"": false}, {""key"": ""Double_Faults"", ""name"": ""Double Faults"", ""raw"": 32.0, ""raw_display"": ""32"", ""normalized"": 70.3, ""weight"": 0.12, ""weight_pct"": 12.0, ""min"": 2.0, ""max"": 103.0, ""lower_is_better"": true, ""is_percent"": false}, {""key"": ""first_serve_percent"", ""name"": ""1st Serve %"", ""raw"": 58.7, ""raw_display"": ""58.7%"", ""normalized"": 23.91, ""weight"": 0.14, ""weight_pct"": 14.0, ""min"": 52.1, ""max"": 79.7, ""lower_is_better"": false, ""is_percent"": true}, {""key"": ""first_serve_won_percent"", ""name"": ""1st Serve Points Won %"", ""raw"": 67.8, ""raw_display"": ""67.8%"", ""normalized"": 66.25, ""weight"": 0.2, ""weight_pct"": 20.0, ""min"": 51.9, ""max"": 75.9, ""lower_is_better"": false, ""is_percent"": true}, {""key"": ""second_serve_won_percent"", ""name"": ""2nd Serve Points Won %"", ""raw"": 41.2, ""raw_display"": ""41.2%"", ""normalized"": 32.78, ""weight"": 0.2, ""weight_pct"": 20.0, ""min"": 33.3, ""max"": 57.4, ""lower_is_better"": false, ""is_percent"": true}, {""key"": ""breakpoint_saved_percent"", ""name"": ""Break Points Saved %"", ""raw"": 45.3, ""raw_display"": ""45.3%"", ""normalized"": 32.24, ""weight"": 0.18, ""weight_pct"": 18.0, ""min"": 32.5, ""max"": 72.2, ""lower_is_better"": false, ""is_percent"": true}]}"
2026-03-07T08:04:19.660159Z,serve,Serve,73,Anastasia Pavlyuchenkova,313796,https://www.wtatennis.com/players/313796/anastasia-pavlyuchenkova,https://photoresources.wtatennis.com/wta/photo/2025/03/10/93074ba0-5e83-4520-9d49-4615a03b5b4e/Pavlyuchenkova-Torso_313796.png,40.2,Aces,15,Double Faults,33,1st Serve %,52.1%,1st Serve Points Won %,69.4%,2nd Serve Points Won %,38.1%,Break Points Saved %,57.1%,"{""category"": ""serve"", ""player_rank"": 114, ""match_count"": 5, ""formula"": ""normalized_score = Σ(metric_norm × weight)"", ""metrics"": [{""key"": ""Aces"", ""name"": ""Aces"", ""raw"": 15.0, ""raw_display"": ""15"", ""normalized"": 13.64, ""weight"": 0.16, ""weight_pct"": 16.0, ""min"": 0.0, ""max"": 110.0, ""lower_is_better"": false, ""is_percent"": false}, {""key"": ""Double_Faults"", ""name"": ""Double Faults"", ""raw"": 33.0, ""raw_display"": ""33"", ""normalized"": 69.31, ""weight"": 0.12, ""weight_pct"": 12.0, ""min"": 2.0, ""max"": 103.0, ""lower_is_better"": true, ""is_percent"": false}, {""key"": ""first_serve_percent"", ""name"": ""1st Serve %"", ""raw"": 52.1, ""raw_display"": ""52.1%"", ""normalized"": 0.0, ""weight"": 0.14, ""weight_pct"": 14.0, ""min"": 52.1, ""max"": 79.7, ""lower_is_better"": false, ""is_percent"": true}, {""key"": ""first_serve_won_percent"", ""name"": ""1st Serve Points Won %"", ""raw"": 69.4, ""raw_display"": ""69.4%"", ""normalized"": 72.92, ""weight"": 0.2, ""weight_pct"": 20.0, ""min"": 51.9, ""max"": 75.9, ""lower_is_better"": false, ""is_percent"": true}, {""key"": ""second_serve_won_percent"", ""name"": ""2nd Serve Points Won %"", ""raw"": 38.1, ""raw_display"": ""38.1%"", ""normalized"": 19.92, ""weight"": 0.2, ""weight_pct"": 20.0, ""min"": 33.3, ""max"": 57.4, ""lower_is_better"": false, ""is_percent"": true}, {""key"": ""breakpoint_saved_percent"", ""name"": ""Break Points Saved %"", ""raw"": 57.1, ""raw_display"": ""57.1%"", ""normalized"": 61.96, ""weight"": 0.18, ""weight_pct"": 18.0, ""min"": 32.5, ""max"": 72.2, ""lower_is_better"": false, ""is_percent"": true}]}"
2026-03-07T08:04:19.660159Z,serve,Serve,74,Nikola Bartunkova,330364,https://www.wtatennis.com/players/330364/nikola-bartunkova,https://photoresources.wtatennis.com/wta/photo/2026/01/29/4088dfc5-88af-4b6f-b61d-42245e39955f/Bartunkova-Torso_330364.png,39.9,Aces,23,Double Faults,29,1st Serve %,56.1%,1st Serve Points Won %,64.6%,2nd Serve Points Won %,41.6%,Break Points Saved %,50.7%,"{""category"": ""serve"", ""player_rank"": 101, ""match_count"": 8, ""formula"": ""normalized_score = Σ(metric_norm × weight)"", ""metrics"": [{""key"": ""Aces"", ""name"": ""Aces"", ""raw"": 23.0, ""raw_display"": ""23"", ""normalized"": 20.91, ""weight"": 0.16, ""weight_pct"": 16.0, ""min"": 0.0, ""max"": 110.0, ""lower_is_better"": false, ""is_percent"": false}, {""key"": ""Double_Faults"", ""name"": ""Double Faults"", ""raw"": 29.0, ""raw_display"": ""29"", ""normalized"": 73.27, ""weight"": 0.12, ""weight_pct"": 12.0, ""min"": 2.0, ""max"": 103.0, ""lower_is_better"": true, ""is_percent"": false}, {""key"": ""first_serve_percent"", ""name"": ""1st Serve %"", ""raw"": 56.1, ""raw_display"": ""56.1%"", ""normalized"": 14.49, ""weight"": 0.14, ""weight_pct"": 14.0, ""min"": 52.1, ""max"": 79.7, ""lower_is_better"": false, ""is_percent"": true}, {""key"": ""first_serve_won_percent"", ""name"": ""1st Serve Points Won %"", ""raw"": 64.6, ""raw_display"": ""64.6%"", ""normalized"": 52.92, ""weight"": 0.2, ""weight_pct"": 20.0, ""min"": 51.9, ""max"": 75.9, ""lower_is_better"": false, ""is_percent"": true}, {""key"": ""second_serve_won_percent"", ""name"": ""2nd Serve Points Won %"", ""raw"": 41.6, ""raw_display"": ""41.6%"", ""normalized"": 34.44, ""weight"": 0.2, ""weight_pct"": 20.0, ""min"": 33.3, ""max"": 57.4, ""lower_is_better"": false, ""is_percent"": true}, {""key"": ""breakpoint_saved_percent"", ""name"": ""Break Points Saved %"", ""raw"": 50.7, ""raw_display"": ""50.7%"", ""normalized"": 45.84, ""weight"": 0.18, ""weight_pct"": 18.0, ""min"": 32.5, ""max"": 72.2, ""lower_is_better"": false, ""is_percent"": true}]}"
2026-03-07T08:04:19.660159Z,serve,Serve,75,Kamilla Rakhimova,325936,https://www.wtatennis.com/players/325936/kamilla-rakhimova,https://photoresources.wtatennis.com/wta/photo/2025/03/10/eaf11e2c-aad6-4589-a6b9-5a810ee21d9c/Rakhimova-Torso_325936.png,38.8,Aces,7,Double Faults,19,1st Serve %,59.8%,1st Serve Points Won %,59.3%,2nd Serve Points Won %,43.3%,Break Points Saved %,53.2%,"{""category"": ""serve"", ""player_rank"": 88, ""match_count"": 5, ""formula"": ""normalized_score = Σ(metric_norm × weight)"", ""metrics"": [{""key"": ""Aces"", ""name"": ""Aces"", ""raw"": 7.0, ""raw_display"": ""7"", ""normalized"": 6.36, ""weight"": 0.16, ""weight_pct"": 16.0, ""min"": 0.0, ""max"": 110.0, ""lower_is_better"": false, ""is_percent"": false}, {""key"": ""Double_Faults"", ""name"": ""Double Faults"", ""raw"": 19.0, ""raw_display"": ""19"", ""normalized"": 83.17, ""weight"": 0.12, ""weight_pct"": 12.0, ""min"": 2.0, ""max"": 103.0, ""lower_is_better"": true, ""is_percent"": false}, {""key"": ""first_serve_percent"", ""name"": ""1st Serve %"", ""raw"": 59.8, ""raw_display"": ""59.8%"", ""normalized"": 27.9, ""weight"": 0.14, ""weight_pct"": 14.0, ""min"": 52.1, ""max"": 79.7, ""lower_is_better"": false, ""is_percent"": true}, {""key"": ""first_serve_won_percent"", ""name"": ""1st Serve Points Won %"", ""raw"": 59.3, ""raw_display"": ""59.3%"", ""normalized"": 30.83, ""weight"": 0.2, ""weight_pct"": 20.0, ""min"": 51.9, ""max"": 75.9, ""lower_is_better"": false, ""is_percent"": true}, {""key"": ""second_serve_won_percent"", ""name"": ""2nd Serve Points Won %"", ""raw"": 43.3, ""raw_display"": ""43.3%"", ""normalized"": 41.49, ""weight"": 0.2, ""weight_pct"": 20.0, ""min"": 33.3, ""max"": 57.4, ""lower_is_better"": false, ""is_percent"": true}, {""key"": ""breakpoint_saved_percent"", ""name"": ""Break Points Saved %"", ""raw"": 53.2, ""raw_display"": ""53.2%"", ""normalized"": 52.14, ""weight"": 0.18, ""weight_pct"": 18.0, ""min"": 32.5, ""max"": 72.2, ""lower_is_better"": false, ""is_percent"": true}]}"
2026-03-07T08:04:19.660159Z,serve,Serve,76,Elsa Jacquemot,328142,https://www.wtatennis.com/players/328142/elsa-jacquemot,https://photoresources.wtatennis.com/wta/photo/2021/03/23/ef812294-9884-4cc2-94aa-e7a81360d770/Jacquemot_crop.jpg,38.5,Aces,18,Double Faults,28,1st Serve %,61.4%,1st Serve Points Won %,62.1%,2nd Serve Points Won %,39.0%,Break Points Saved %,52.3%,"{""category"": ""serve"", ""player_rank"": 63, ""match_count"": 5, ""formula"": ""normalized_score = Σ(metric_norm × weight)"", ""metrics"": [{""key"": ""Aces"", ""name"": ""Aces"", ""raw"": 18.0, ""raw_display"": ""18"", ""normalized"": 16.36, ""weight"": 0.16, ""weight_pct"": 16.0, ""min"": 0.0, ""max"": 110.0, ""lower_is_better"": false, ""is_percent"": false}, {""key"": ""Double_Faults"", ""name"": ""Double Faults"", ""raw"": 28.0, ""raw_display"": ""28"", ""normalized"": 74.26, ""weight"": 0.12, ""weight_pct"": 12.0, ""min"": 2.0, ""max"": 103.0, ""lower_is_better"": true, ""is_percent"": false}, {""key"": ""first_serve_percent"", ""name"": ""1st Serve %"", ""raw"": 61.4, ""raw_display"": ""61.4%"", ""normalized"": 33.7, ""weight"": 0.14, ""weight_pct"": 14.0, ""min"": 52.1, ""max"": 79.7, ""lower_is_better"": false, ""is_percent"": true}, {""key"": ""first_serve_won_percent"", ""name"": ""1st Serve Points Won %"", ""raw"": 62.1, ""raw_display"": ""62.1%"", ""normalized"": 42.5, ""weight"": 0.2, ""weight_pct"": 20.0, ""min"": 51.9, ""max"": 75.9, ""lower_is_better"": false, ""is_percent"": true}, {""key"": ""second_serve_won_percent"", ""name"": ""2nd Serve Points Won %"", ""raw"": 39.0, ""raw_display"": ""39.0%"", ""normalized"": 23.65, ""weight"": 0.2, ""weight_pct"": 20.0, ""min"": 33.3, ""max"": 57.4, ""lower_is_better"": false, ""is_percent"": true}, {""key"": ""breakpoint_saved_percent"", ""name"": ""Break Points Saved %"", ""raw"": 52.3, ""raw_display"": ""52.3%"", ""normalized"": 49.87, ""weight"": 0.18, ""weight_pct"": 18.0, ""min"": 32.5, ""max"": 72.2, ""lower_is_better"": false, ""is_percent"": true}]}"
2026-03-07T08:04:19.660159Z,serve,Serve,77,Sofia Kenin,320942,https://www.wtatennis.com/players/320942/sofia-kenin,https://photoresources.wtatennis.com/wta/photo/2024/04/26/fe7c8705-7467-44ff-80c1-56b8690b2c22/Kenin-Torso_320942-WTA-Tennis.png,38.2,Aces,13,Double Faults,37,1st Serve %,65.1%,1st Serve Points Won %,60.8%,2nd Serve Points Won %,44.7%,Break Points Saved %,43.5%,"{""category"": ""serve"", ""player_rank"": 45, ""match_count"": 7, ""formula"": ""normalized_score = Σ(metric_norm × weight)"", ""metrics"": [{""key"": ""Aces"", ""name"": ""Aces"", ""raw"": 13.0, ""raw_display"": ""13"", ""normalized"": 11.82, ""weight"": 0.16, ""weight_pct"": 16.0, ""min"": 0.0, ""max"": 110.0, ""lower_is_better"": false, ""is_percent"": false}, {""key"": ""Double_Faults"", ""name"": ""Double Faults"", ""raw"": 37.0, ""raw_display"": ""37"", ""normalized"": 65.35, ""weight"": 0.12, ""weight_pct"": 12.0, ""min"": 2.0, ""max"": 103.0, ""lower_is_better"": true, ""is_percent"": false}, {""key"": ""first_serve_percent"", ""name"": ""1st Serve %"", ""raw"": 65.1, ""raw_display"": ""65.1%"", ""normalized"": 47.1, ""weight"": 0.14, ""weight_pct"": 14.0, ""min"": 52.1, ""max"": 79.7, ""lower_is_better"": false, ""is_percent"": true}, {""key"": ""first_serve_won_percent"", ""name"": ""1st Serve Points Won %"", ""raw"": 60.8, ""raw_display"": ""60.8%"", ""normalized"": 37.08, ""weight"": 0.2, ""weight_pct"": 20.0, ""min"": 51.9, ""max"": 75.9, ""lower_is_better"": false, ""is_percent"": true}, {""key"": ""second_serve_won_percent"", ""name"": ""2nd Serve Points Won %"", ""raw"": 44.7, ""raw_display"": ""44.7%"", ""normalized"": 47.3, ""weight"": 0.2, ""weight_pct"": 20.0, ""min"": 33.3, ""max"": 57.4, ""lower_is_better"": false, ""is_percent"": true}, {""key"": ""breakpoint_saved_percent"", ""name"": ""Break Points Saved %"", ""raw"": 43.5, ""raw_display"": ""43.5%"", ""normalized"": 27.71, ""weight"": 0.18, ""weight_pct"": 18.0, ""min"": 32.5, ""max"": 72.2, ""lower_is_better"": false, ""is_percent"": true}]}"
2026-03-07T08:04:19.660159Z,serve,Serve,78,Anastasia Potapova,325601,https://www.wtatennis.com/players/325601/anastasia-potapova,https://photoresources.wtatennis.com/wta/photo/2025/03/10/cc3f5e00-ec55-4a07-9bbc-2a8b379a2436/Potapova-Torso_325601.png,38.1,Aces,25,Double Faults,60,1st Serve %,57.5%,1st Serve Points Won %,62.0%,2nd Serve Points Won %,40.9%,Break Points Saved %,58.8%,"{""category"": ""serve"", ""player_rank"": 91, ""match_count"": 10, ""formula"": ""normalized_score = Σ(metric_norm × weight)"", ""metrics"": [{""key"": ""Aces"", ""name"": ""Aces"", ""raw"": 25.0, ""raw_display"": ""25"", ""normalized"": 22.73, ""weight"": 0.16, ""weight_pct"": 16.0, ""min"": 0.0, ""max"": 110.0, ""lower_is_better"": false, ""is_percent"": false}, {""key"": ""Double_Faults"", ""name"": ""Double Faults"", ""raw"": 60.0, ""raw_display"": ""60"", ""normalized"": 42.57, ""weight"": 0.12, ""weight_pct"": 12.0, ""min"": 2.0, ""max"": 103.0, ""lower_is_better"": true, ""is_percent"": false}, {""key"": ""first_serve_percent"", ""name"": ""1st Serve %"", ""raw"": 57.5, ""raw_display"": ""57.5%"", ""normalized"": 19.57, ""weight"": 0.14, ""weight_pct"": 14.0, ""min"": 52.1, ""max"": 79.7, ""lower_is_better"": false, ""is_percent"": true}, {""key"": ""first_serve_won_percent"", ""name"": ""1st Serve Points Won %"", ""raw"": 62.0, ""raw_display"": ""62.0%"", ""normalized"": 42.08, ""weight"": 0.2, ""weight_pct"": 20.0, ""min"": 51.9, ""max"": 75.9, ""lower_is_better"": false, ""is_percent"": true}, {""key"": ""second_serve_won_percent"", ""name"": ""2nd Serve Points Won %"", ""raw"": 40.9, ""raw_display"": ""40.9%"", ""normalized"": 31.54, ""weight"": 0.2, ""weight_pct"": 20.0, ""min"": 33.3, ""max"": 57.4, ""lower_is_better"": false, ""is_percent"": true}, {""key"": ""breakpoint_saved_percent"", ""name"": ""Break Points Saved %"", ""raw"": 58.8, ""raw_display"": ""58.8%"", ""normalized"": 66.25, ""weight"": 0.18, ""weight_pct"": 18.0, ""min"": 32.5, ""max"": 72.2, ""lower_is_better"": false, ""is_percent"": true}]}"
2026-03-07T08:04:19.660159Z,serve,Serve,79,Varvara Gracheva,325836,https://www.wtatennis.com/players/325836/varvara-gracheva,https://photoresources.wtatennis.com/wta/photo/2024/05/01/0c60c309-8582-4e99-b8ea-614aebf333a2/Gracheva-Torso_325836-WTA-Tennis.png,37.8,Aces,23,Double Faults,44,1st Serve %,63.9%,1st Serve Points Won %,59.4%,2nd Serve Points Won %,41.2%,Break Points Saved %,51.6%,"{""category"": ""serve"", ""player_rank"": 58, ""match_count"": 9, ""formula"": ""normalized_score = Σ(metric_norm × weight)"", ""metrics"": [{""key"": ""Aces"", ""name"": ""Aces"", ""raw"": 23.0, ""raw_display"": ""23"", ""normalized"": 20.91, ""weight"": 0.16, ""weight_pct"": 16.0, ""min"": 0.0, ""max"": 110.0, ""lower_is_better"": false, ""is_percent"": false}, {""key"": ""Double_Faults"", ""name"": ""Double Faults"", ""raw"": 44.0, ""raw_display"": ""44"", ""normalized"": 58.42, ""weight"": 0.12, ""weight_pct"": 12.0, ""min"": 2.0, ""max"": 103.0, ""lower_is_better"": true, ""is_percent"": false}, {""key"": ""first_serve_percent"", ""name"": ""1st Serve %"", ""raw"": 63.9, ""raw_display"": ""63.9%"", ""normalized"": 42.75, ""weight"": 0.14, ""weight_pct"": 14.0, ""min"": 52.1, ""max"": 79.7, ""lower_is_better"": false, ""is_percent"": true}, {""key"": ""first_serve_won_percent"", ""name"": ""1st Serve Points Won %"", ""raw"": 59.4, ""raw_display"": ""59.4%"", ""normalized"": 31.25, ""weight"": 0.2, ""weight_pct"": 20.0, ""min"": 51.9, ""max"": 75.9, ""lower_is_better"": false, ""is_percent"": true}, {""key"": ""second_serve_won_percent"", ""name"": ""2nd Serve Points Won %"", ""raw"": 41.2, ""raw_display"": ""41.2%"", ""normalized"": 32.78, ""weight"": 0.2, ""weight_pct"": 20.0, ""min"": 33.3, ""max"": 57.4, ""lower_is_better"": false, ""is_percent"": true}, {""key"": ""breakpoint_saved_percent"", ""name"": ""Break Points Saved %"", ""raw"": 51.6, ""raw_display"": ""51.6%"", ""normalized"": 48.11, ""weight"": 0.18, ""weight_pct"": 18.0, ""min"": 32.5, ""max"": 72.2, ""lower_is_better"": false, ""is_percent"": true}]}"
2026-03-07T08:04:19.660159Z,serve,Serve,80,Jaqueline Cristian,320319,https://www.wtatennis.com/players/320319/jaqueline-cristian,https://photoresources.wtatennis.com/wta/photo/2025/04/16/46bc064d-4853-465a-8cd0-b0e3d6ee5c36/Cristian-Torso_320319.png,37.0,Aces,21,Double Faults,45,1st Serve %,60.4%,1st Serve Points Won %,58.9%,2nd Serve Points Won %,42.8%,Break Points Saved %,52.6%,"{""category"": ""serve"", ""player_rank"": 35, ""match_count"": 11, ""formula"": ""normalized_score = Σ(metric_norm × weight)"", ""metrics"": [{""key"": ""Aces"", ""name"": ""Aces"", ""raw"": 21.0, ""raw_display"": ""21"", ""normalized"": 19.09, ""weight"": 0.16, ""weight_pct"": 16.0, ""min"": 0.0, ""max"": 110.0, ""lower_is_better"": false, ""is_percent"": false}, {""key"": ""Double_Faults"", ""name"": ""Double Faults"", ""raw"": 45.0, ""raw_display"": ""45"", ""normalized"": 57.43, ""weight"": 0.12, ""weight_pct"": 12.0, ""min"": 2.0, ""max"": 103.0, ""lower_is_better"": true, ""is_percent"": false}, {""key"": ""first_serve_percent"", ""name"": ""1st Serve %"", ""raw"": 60.4, ""raw_display"": ""60.4%"", ""normalized"": 30.07, ""weight"": 0.14, ""weight_pct"": 14.0, ""min"": 52.1, ""max"": 79.7, ""lower_is_better"": false, ""is_percent"": true}, {""key"": ""first_serve_won_percent"", ""name"": ""1st Serve Points Won %"", ""raw"": 58.9, ""raw_display"": ""58.9%"", ""normalized"": 29.17, ""weight"": 0.2, ""weight_pct"": 20.0, ""min"": 51.9, ""max"": 75.9, ""lower_is_better"": false, ""is_percent"": true}, {""key"": ""second_serve_won_percent"", ""name"": ""2nd Serve Points Won %"", ""raw"": 42.8, ""raw_display"": ""42.8%"", ""normalized"": 39.42, ""weight"": 0.2, ""weight_pct"": 20.0, ""min"": 33.3, ""max"": 57.4, ""lower_is_better"": false, ""is_percent"": true}, {""key"": ""breakpoint_saved_percent"", ""name"": ""Break Points Saved %"", ""raw"": 52.6, ""raw_display"": ""52.6%"", ""normalized"": 50.63, ""weight"": 0.18, ""weight_pct"": 18.0, ""min"": 32.5, ""max"": 72.2, ""lower_is_better"": false, ""is_percent"": true}]}"
2026-03-07T08:04:19.660159Z,serve,Serve,81,Zeynep Sonmez,326907,https://www.wtatennis.com/players/326907/zeynep-sonmez,https://photoresources.wtatennis.com/wta/photo/2025/03/10/90332a81-0da4-470f-b099-087be7b2be5d/Sonmez-Torso_326907.png,35.9,Aces,6,Double Faults,29,1st Serve %,58.5%,1st Serve Points Won %,57.0%,2nd Serve Points Won %,45.1%,Break Points Saved %,52.3%,"{""category"": ""serve"", ""player_rank"": 80, ""match_count"": 9, ""formula"": ""normalized_score = Σ(metric_norm × weight)"", ""metrics"": [{""key"": ""Aces"", ""name"": ""Aces"", ""raw"": 6.0, ""raw_display"": ""6"", ""normalized"": 5.45, ""weight"": 0.16, ""weight_pct"": 16.0, ""min"": 0.0, ""max"": 110.0, ""lower_is_better"": false, ""is_percent"": false}, {""key"": ""Double_Faults"", ""name"": ""Double Faults"", ""raw"": 29.0, ""raw_display"": ""29"", ""normalized"": 73.27, ""weight"": 0.12, ""weight_pct"": 12.0, ""min"": 2.0, ""max"": 103.0, ""lower_is_better"": true, ""is_percent"": false}, {""key"": ""first_serve_percent"", ""name"": ""1st Serve %"", ""raw"": 58.5, ""raw_display"": ""58.5%"", ""normalized"": 23.19, ""weight"": 0.14, ""weight_pct"": 14.0, ""min"": 52.1, ""max"": 79.7, ""lower_is_better"": false, ""is_percent"": true}, {""key"": ""first_serve_won_percent"", ""name"": ""1st Serve Points Won %"", ""raw"": 57.0, ""raw_display"": ""57.0%"", ""normalized"": 21.25, ""weight"": 0.2, ""weight_pct"": 20.0, ""min"": 51.9, ""max"": 75.9, ""lower_is_better"": false, ""is_percent"": true}, {""key"": ""second_serve_won_percent"", ""name"": ""2nd Serve Points Won %"", ""raw"": 45.1, ""raw_display"": ""45.1%"", ""normalized"": 48.96, ""weight"": 0.2, ""weight_pct"": 20.0, ""min"": 33.3, ""max"": 57.4, ""lower_is_better"": false, ""is_percent"": true}, {""key"": ""breakpoint_saved_percent"", ""name"": ""Break Points Saved %"", ""raw"": 52.3, ""raw_display"": ""52.3%"", ""normalized"": 49.87, ""weight"": 0.18, ""weight_pct"": 18.0, ""min"": 32.5, ""max"": 72.2, ""lower_is_better"": false, ""is_percent"": true}]}"
2026-03-07T08:04:19.660159Z,serve,Serve,82,Kimberly Birrell,320728,https://www.wtatennis.com/players/320728/kimberly-birrell,https://photoresources.wtatennis.com/wta/photo/2025/05/14/ebc1fcc6-fe86-4df3-ab67-e884d093c63d/Birrell-Torso_320728.png,35.4,Aces,23,Double Faults,84,1st Serve %,63.8%,1st Serve Points Won %,65.0%,2nd Serve Points Won %,40.5%,Break Points Saved %,47.9%,"{""category"": ""serve"", ""player_rank"": 69, ""match_count"": 12, ""formula"": ""normalized_score = Σ(metric_norm × weight)"", ""metrics"": [{""key"": ""Aces"", ""name"": ""Aces"", ""raw"": 23.0, ""raw_display"": ""23"", ""normalized"": 20.91, ""weight"": 0.16, ""weight_pct"": 16.0, ""min"": 0.0, ""max"": 110.0, ""lower_is_better"": false, ""is_percent"": false}, {""key"": ""Double_Faults"", ""name"": ""Double Faults"", ""raw"": 84.0, ""raw_display"": ""84"", ""normalized"": 18.81, ""weight"": 0.12, ""weight_pct"": 12.0, ""min"": 2.0, ""max"": 103.0, ""lower_is_better"": true, ""is_percent"": false}, {""key"": ""first_serve_percent"", ""name"": ""1st Serve %"", ""raw"": 63.8, ""raw_display"": ""63.8%"", ""normalized"": 42.39, ""weight"": 0.14, ""weight_pct"": 14.0, ""min"": 52.1, ""max"": 79.7, ""lower_is_better"": false, ""is_percent"": true}, {""key"": ""first_serve_won_percent"", ""name"": ""1st Serve Points Won %"", ""raw"": 65.0, ""raw_display"": ""65.0%"", ""normalized"": 54.58, ""weight"": 0.2, ""weight_pct"": 20.0, ""min"": 51.9, ""max"": 75.9, ""lower_is_better"": false, ""is_percent"": true}, {""key"": ""second_serve_won_percent"", ""name"": ""2nd Serve Points Won %"", ""raw"": 40.5, ""raw_display"": ""40.5%"", ""normalized"": 29.88, ""weight"": 0.2, ""weight_pct"": 20.0, ""min"": 33.3, ""max"": 57.4, ""lower_is_better"": false, ""is_percent"": true}, {""key"": ""breakpoint_saved_percent"", ""name"": ""Break Points Saved %"", ""raw"": 47.9, ""raw_display"": ""47.9%"", ""normalized"": 38.79, ""weight"": 0.18, ""weight_pct"": 18.0, ""min"": 32.5, ""max"": 72.2, ""lower_is_better"": false, ""is_percent"": true}]}"
2026-03-07T08:04:19.660159Z,serve,Serve,83,Tereza Valentova,330808,https://www.wtatennis.com/players/330808/tereza-valentova,https://photoresources.wtatennis.com/wta/photo/2026/01/12/8115f299-958b-48a1-ac0d-d080d256f936/Valentova-Torso_330808.png,35.3,Aces,28,Double Faults,29,1st Serve %,59.7%,1st Serve Points Won %,67.1%,2nd Serve Points Won %,35.7%,Break Points Saved %,41.1%,"{""category"": ""serve"", ""player_rank"": 47, ""match_count"": 8, ""formula"": ""normalized_score = Σ(metric_norm × weight)"", ""metrics"": [{""key"": ""Aces"", ""name"": ""Aces"", ""raw"": 28.0, ""raw_display"": ""28"", ""normalized"": 25.45, ""weight"": 0.16, ""weight_pct"": 16.0, ""min"": 0.0, ""max"": 110.0, ""lower_is_better"": false, ""is_percent"": false}, {""key"": ""Double_Faults"", ""name"": ""Double Faults"", ""raw"": 29.0, ""raw_display"": ""29"", ""normalized"": 73.27, ""weight"": 0.12, ""weight_pct"": 12.0, ""min"": 2.0, ""max"": 103.0, ""lower_is_better"": true, ""is_percent"": false}, {""key"": ""first_serve_percent"", ""name"": ""1st Serve %"", ""raw"": 59.7, ""raw_display"": ""59.7%"", ""normalized"": 27.54, ""weight"": 0.14, ""weight_pct"": 14.0, ""min"": 52.1, ""max"": 79.7, ""lower_is_better"": false, ""is_percent"": true}, {""key"": ""first_serve_won_percent"", ""name"": ""1st Serve Points Won %"", ""raw"": 67.1, ""raw_display"": ""67.1%"", ""normalized"": 63.33, ""weight"": 0.2, ""weight_pct"": 20.0, ""min"": 51.9, ""max"": 75.9, ""lower_is_better"": false, ""is_percent"": true}, {""key"": ""second_serve_won_percent"", ""name"": ""2nd Serve Points Won %"", ""raw"": 35.7, ""raw_display"": ""35.7%"", ""normalized"": 9.96, ""weight"": 0.2, ""weight_pct"": 20.0, ""min"": 33.3, ""max"": 57.4, ""lower_is_better"": false, ""is_percent"": true}, {""key"": ""breakpoint_saved_percent"", ""name"": ""Break Points Saved %"", ""raw"": 41.1, ""raw_display"": ""41.1%"", ""normalized"": 21.66, ""weight"": 0.18, ""weight_pct"": 18.0, ""min"": 32.5, ""max"": 72.2, ""lower_is_better"": false, ""is_percent"": true}]}"
2026-03-07T08:04:19.660159Z,serve,Serve,84,Taylah Preston,330291,https://www.wtatennis.com/players/330291/taylah-preston,https://photoresources.wtatennis.com/wta/photo/2024/04/29/ac17c43c-e77f-4e87-bf5e-6c69de31a3c1/Preston-Torso_330291-WTA-Tennis.png,35.1,Aces,11,Double Faults,15,1st Serve %,64.6%,1st Serve Points Won %,59.1%,2nd Serve Points Won %,40.1%,Break Points Saved %,43.6%,"{""category"": ""serve"", ""player_rank"": 149, ""match_count"": 6, ""formula"": ""normalized_score = Σ(metric_norm × weight)"", ""metrics"": [{""key"": ""Aces"", ""name"": ""Aces"", ""raw"": 11.0, ""raw_display"": ""11"", ""normalized"": 10.0, ""weight"": 0.16, ""weight_pct"": 16.0, ""min"": 0.0, ""max"": 110.0, ""lower_is_better"": false, ""is_percent"": false}, {""key"": ""Double_Faults"", ""name"": ""Double Faults"", ""raw"": 15.0, ""raw_display"": ""15"", ""normalized"": 87.13, ""weight"": 0.12, ""weight_pct"": 12.0, ""min"": 2.0, ""max"": 103.0, ""lower_is_better"": true, ""is_percent"": false}, {""key"": ""first_serve_percent"", ""name"": ""1st Serve %"", ""raw"": 64.6, ""raw_display"": ""64.6%"", ""normalized"": 45.29, ""weight"": 0.14, ""weight_pct"": 14.0, ""min"": 52.1, ""max"": 79.7, ""lower_is_better"": false, ""is_percent"": true}, {""key"": ""first_serve_won_percent"", ""name"": ""1st Serve Points Won %"", ""raw"": 59.1, ""raw_display"": ""59.1%"", ""normalized"": 30.0, ""weight"": 0.2, ""weight_pct"": 20.0, ""min"": 51.9, ""max"": 75.9, ""lower_is_better"": false, ""is_percent"": true}, {""key"": ""second_serve_won_percent"", ""name"": ""2nd Serve Points Won %"", ""raw"": 40.1, ""raw_display"": ""40.1%"", ""normalized"": 28.22, ""weight"": 0.2, ""weight_pct"": 20.0, ""min"": 33.3, ""max"": 57.4, ""lower_is_better"": false, ""is_percent"": true}, {""key"": ""breakpoint_saved_percent"", ""name"": ""Break Points Saved %"", ""raw"": 43.6, ""raw_display"": ""43.6%"", ""normalized"": 27.96, ""weight"": 0.18, ""weight_pct"": 18.0, ""min"": 32.5, ""max"": 72.2, ""lower_is_better"": false, ""is_percent"": true}]}"
2026-03-07T08:04:19.660159Z,serve,Serve,85,Coco Gauff,328560,https://www.wtatennis.com/players/328560/coco-gauff,https://photoresources.wtatennis.com/wta/photo/2025/03/10/58f4a6e9-de5a-491c-895a-439921f56534/Gauff-Torso_328560.png,35.0,Aces,19,Double Faults,103,1st Serve %,61.9%,1st Serve Points Won %,69.0%,2nd Serve Points Won %,39.1%,Break Points Saved %,50.5%,"{""category"": ""serve"", ""player_rank"": 4, ""match_count"": 14, ""formula"": ""normalized_score = Σ(metric_norm × weight)"", ""metrics"": [{""key"": ""Aces"", ""name"": ""Aces"", ""raw"": 19.0, ""raw_display"": ""19"", ""normalized"": 17.27, ""weight"": 0.16, ""weight_pct"": 16.0, ""min"": 0.0, ""max"": 110.0, ""lower_is_better"": false, ""is_percent"": false}, {""key"": ""Double_Faults"", ""name"": ""Double Faults"", ""raw"": 103.0, ""raw_display"": ""103"", ""normalized"": 0.0, ""weight"": 0.12, ""weight_pct"": 12.0, ""min"": 2.0, ""max"": 103.0, ""lower_is_better"": true, ""is_percent"": false}, {""key"": ""first_serve_percent"", ""name"": ""1st Serve %"", ""raw"": 61.9, ""raw_display"": ""61.9%"", ""normalized"": 35.51, ""weight"": 0.14, ""weight_pct"": 14.0, ""min"": 52.1, ""max"": 79.7, ""lower_is_better"": false, ""is_percent"": true}, {""key"": ""first_serve_won_percent"", ""name"": ""1st Serve Points Won %"", ""raw"": 69.0, ""raw_display"": ""69.0%"", ""normalized"": 71.25, ""weight"": 0.2, ""weight_pct"": 20.0, ""min"": 51.9, ""max"": 75.9, ""lower_is_better"": false, ""is_percent"": true}, {""key"": ""second_serve_won_percent"", ""name"": ""2nd Serve Points Won %"", ""raw"": 39.1, ""raw_display"": ""39.1%"", ""normalized"": 24.07, ""weight"": 0.2, ""weight_pct"": 20.0, ""min"": 33.3, ""max"": 57.4, ""lower_is_better"": false, ""is_percent"": true}, {""key"": ""breakpoint_saved_percent"", ""name"": ""Break Points Saved %"", ""raw"": 50.5, ""raw_display"": ""50.5%"", ""normalized"": 45.34, ""weight"": 0.18, ""weight_pct"": 18.0, ""min"": 32.5, ""max"": 72.2, ""lower_is_better"": false, ""is_percent"": true}]}"
2026-03-07T08:04:19.660159Z,serve,Serve,86,Maya Joint,330544,https://www.wtatennis.com/players/330544/maya-joint,https://photoresources.wtatennis.com/wta/photo/2025/05/14/397ae3f7-0104-450f-9855-8912bded5a0f/Joint-Torso_330544.png,35.0,Aces,11,Double Faults,21,1st Serve %,63.3%,1st Serve Points Won %,55.4%,2nd Serve Points Won %,42.6%,Break Points Saved %,48.6%,"{""category"": ""serve"", ""player_rank"": 29, ""match_count"": 9, ""formula"": ""normalized_score = Σ(metric_norm × weight)"", ""metrics"": [{""key"": ""Aces"", ""name"": ""Aces"", ""raw"": 11.0, ""raw_display"": ""11"", ""normalized"": 10.0, ""weight"": 0.16, ""weight_pct"": 16.0, ""min"": 0.0, ""max"": 110.0, ""lower_is_better"": false, ""is_percent"": false}, {""key"": ""Double_Faults"", ""name"": ""Double Faults"", ""raw"": 21.0, ""raw_display"": ""21"", ""normalized"": 81.19, ""weight"": 0.12, ""weight_pct"": 12.0, ""min"": 2.0, ""max"": 103.0, ""lower_is_better"": true, ""is_percent"": false}, {""key"": ""first_serve_percent"", ""name"": ""1st Serve %"", ""raw"": 63.3, ""raw_display"": ""63.3%"", ""normalized"": 40.58, ""weight"": 0.14, ""weight_pct"": 14.0, ""min"": 52.1, ""max"": 79.7, ""lower_is_better"": false, ""is_percent"": true}, {""key"": ""first_serve_won_percent"", ""name"": ""1st Serve Points Won %"", ""raw"": 55.4, ""raw_display"": ""55.4%"", ""normalized"": 14.58, ""weight"": 0.2, ""weight_pct"": 20.0, ""min"": 51.9, ""max"": 75.9, ""lower_is_better"": false, ""is_percent"": true}, {""key"": ""second_serve_won_percent"", ""name"": ""2nd Serve Points Won %"", ""raw"": 42.6, ""raw_display"": ""42.6%"", ""normalized"": 38.59, ""weight"": 0.2, ""weight_pct"": 20.0, ""min"": 33.3, ""max"": 57.4, ""lower_is_better"": false, ""is_percent"": true}, {""key"": ""breakpoint_saved_percent"", ""name"": ""Break Points Saved %"", ""raw"": 48.6, ""raw_display"": ""48.6%"", ""normalized"": 40.55, ""weight"": 0.18, ""weight_pct"": 18.0, ""min"": 32.5, ""max"": 72.2, ""lower_is_better"": false, ""is_percent"": true}]}"
2026-03-07T08:04:19.660159Z,serve,Serve,87,Cristina Bucsa,321158,https://www.wtatennis.com/players/321158/cristina-bucsa,https://photoresources.wtatennis.com/wta/photo/2025/04/23/f5999bb3-fa93-4079-a712-2c4e05282dea/Bucsa-Torso_321158.png,34.3,Aces,10,Double Faults,33,1st Serve %,64.4%,1st Serve Points Won %,61.8%,2nd Serve Points Won %,39.3%,Break Points Saved %,43.7%,"{""category"": ""serve"", ""player_rank"": 31, ""match_count"": 11, ""formula"": ""normalized_score = Σ(metric_norm × weight)"", ""metrics"": [{""key"": ""Aces"", ""name"": ""Aces"", ""raw"": 10.0, ""raw_display"": ""10"", ""normalized"": 9.09, ""weight"": 0.16, ""weight_pct"": 16.0, ""min"": 0.0, ""max"": 110.0, ""lower_is_better"": false, ""is_percent"": false}, {""key"": ""Double_Faults"", ""name"": ""Double Faults"", ""raw"": 33.0, ""raw_display"": ""33"", ""normalized"": 69.31, ""weight"": 0.12, ""weight_pct"": 12.0, ""min"": 2.0, ""max"": 103.0, ""lower_is_better"": true, ""is_percent"": false}, {""key"": ""first_serve_percent"", ""name"": ""1st Serve %"", ""raw"": 64.4, ""raw_display"": ""64.4%"", ""normalized"": 44.57, ""weight"": 0.14, ""weight_pct"": 14.0, ""min"": 52.1, ""max"": 79.7, ""lower_is_better"": false, ""is_percent"": true}, {""key"": ""first_serve_won_percent"", ""name"": ""1st Serve Points Won %"", ""raw"": 61.8, ""raw_display"": ""61.8%"", ""normalized"": 41.25, ""weight"": 0.2, ""weight_pct"": 20.0, ""min"": 51.9, ""max"": 75.9, ""lower_is_better"": false, ""is_percent"": true}, {""key"": ""second_serve_won_percent"", ""name"": ""2nd Serve Points Won %"", ""raw"": 39.3, ""raw_display"": ""39.3%"", ""normalized"": 24.9, ""weight"": 0.2, ""weight_pct"": 20.0, ""min"": 33.3, ""max"": 57.4, ""lower_is_better"": false, ""is_percent"": true}, {""key"": ""breakpoint_saved_percent"", ""name"": ""Break Points Saved %"", ""raw"": 43.7, ""raw_display"": ""43.7%"", ""normalized"": 28.21, ""weight"": 0.18, ""weight_pct"": 18.0, ""min"": 32.5, ""max"": 72.2, ""lower_is_better"": false, ""is_percent"": true}]}"
2026-03-07T08:04:19.660159Z,serve,Serve,88,Solana Sierra,329081,https://www.wtatennis.com/players/329081/solana-sierra,https://photoresources.wtatennis.com/wta/photo/2026/01/13/4c741cca-cce3-46d6-a7a2-8b398836bfd0/Sierra-Torso_329081.png,33.3,Aces,14,Double Faults,33,1st Serve %,56.0%,1st Serve Points Won %,56.6%,2nd Serve Points Won %,43.9%,Break Points Saved %,50.7%,"{""category"": ""serve"", ""player_rank"": 65, ""match_count"": 7, ""formula"": ""normalized_score = Σ(metric_norm × weight)"", ""metrics"": [{""key"": ""Aces"", ""name"": ""Aces"", ""raw"": 14.0, ""raw_display"": ""14"", ""normalized"": 12.73, ""weight"": 0.16, ""weight_pct"": 16.0, ""min"": 0.0, ""max"": 110.0, ""lower_is_better"": false, ""is_percent"": false}, {""key"": ""Double_Faults"", ""name"": ""Double Faults"", ""raw"": 33.0, ""raw_display"": ""33"", ""normalized"": 69.31, ""weight"": 0.12, ""weight_pct"": 12.0, ""min"": 2.0, ""max"": 103.0, ""lower_is_better"": true, ""is_percent"": false}, {""key"": ""first_serve_percent"", ""name"": ""1st Serve %"", ""raw"": 56.0, ""raw_display"": ""56.0%"", ""normalized"": 14.13, ""weight"": 0.14, ""weight_pct"": 14.0, ""min"": 52.1, ""max"": 79.7, ""lower_is_better"": false, ""is_percent"": true}, {""key"": ""first_serve_won_percent"", ""name"": ""1st Serve Points Won %"", ""raw"": 56.6, ""raw_display"": ""56.6%"", ""normalized"": 19.58, ""weight"": 0.2, ""weight_pct"": 20.0, ""min"": 51.9, ""max"": 75.9, ""lower_is_better"": false, ""is_percent"": true}, {""key"": ""second_serve_won_percent"", ""name"": ""2nd Serve Points Won %"", ""raw"": 43.9, ""raw_display"": ""43.9%"", ""normalized"": 43.98, ""weight"": 0.2, ""weight_pct"": 20.0, ""min"": 33.3, ""max"": 57.4, ""lower_is_better"": false, ""is_percent"": true}, {""key"": ""breakpoint_saved_percent"", ""name"": ""Break Points Saved %"", ""raw"": 50.7, ""raw_display"": ""50.7%"", ""normalized"": 45.84, ""weight"": 0.18, ""weight_pct"": 18.0, ""min"": 32.5, ""max"": 72.2, ""lower_is_better"": false, ""is_percent"": true}]}"
2026-03-07T08:04:19.660159Z,serve,Serve,89,Dayana Yastremska,324261,https://www.wtatennis.com/players/324261/dayana-yastremska,https://photoresources.wtatennis.com/wta/photo/2024/05/01/f7f35218-86e5-4fdf-a800-3cceda728b38/Yastremska-Torso_324261-WTA-Tennis.png,33.1,Aces,19,Double Faults,52,1st Serve %,59.4%,1st Serve Points Won %,56.3%,2nd Serve Points Won %,45.4%,Break Points Saved %,47.6%,"{""category"": ""serve"", ""player_rank"": 52, ""match_count"": 11, ""formula"": ""normalized_score = Σ(metric_norm × weight)"", ""metrics"": [{""key"": ""Aces"", ""name"": ""Aces"", ""raw"": 19.0, ""raw_display"": ""19"", ""normalized"": 17.27, ""weight"": 0.16, ""weight_pct"": 16.0, ""min"": 0.0, ""max"": 110.0, ""lower_is_better"": false, ""is_percent"": false}, {""key"": ""Double_Faults"", ""name"": ""Double Faults"", ""raw"": 52.0, ""raw_display"": ""52"", ""normalized"": 50.5, ""weight"": 0.12, ""weight_pct"": 12.0, ""min"": 2.0, ""max"": 103.0, ""lower_is_better"": true, ""is_percent"": false}, {""key"": ""first_serve_percent"", ""name"": ""1st Serve %"", ""raw"": 59.4, ""raw_display"": ""59.4%"", ""normalized"": 26.45, ""weight"": 0.14, ""weight_pct"": 14.0, ""min"": 52.1, ""max"": 79.7, ""lower_is_better"": false, ""is_percent"": true}, {""key"": ""first_serve_won_percent"", ""name"": ""1st Serve Points Won %"", ""raw"": 56.3, ""raw_display"": ""56.3%"", ""normalized"": 18.33, ""weight"": 0.2, ""weight_pct"": 20.0, ""min"": 51.9, ""max"": 75.9, ""lower_is_better"": false, ""is_percent"": true}, {""key"": ""second_serve_won_percent"", ""name"": ""2nd Serve Points Won %"", ""raw"": 45.4, ""raw_display"": ""45.4%"", ""normalized"": 50.21, ""weight"": 0.2, ""weight_pct"": 20.0, ""min"": 33.3, ""max"": 57.4, ""lower_is_better"": false, ""is_percent"": true}, {""key"": ""breakpoint_saved_percent"", ""name"": ""Break Points Saved %"", ""raw"": 47.6, ""raw_display"": ""47.6%"", ""normalized"": 38.04, ""weight"": 0.18, ""weight_pct"": 18.0, ""min"": 32.5, ""max"": 72.2, ""lower_is_better"": false, ""is_percent"": true}]}"
2026-03-07T08:04:19.660159Z,serve,Serve,90,Daria Kasatkina,322082,https://www.wtatennis.com/players/322082/daria-kasatkina,https://photoresources.wtatennis.com/wta/photo/2025/03/10/f13278b9-1c1c-4484-9d06-5a997e4f4013/Kasatkina-Torso_322082.png,32.9,Aces,15,Double Faults,71,1st Serve %,65.5%,1st Serve Points Won %,58.5%,2nd Serve Points Won %,39.5%,Break Points Saved %,53.5%,"{""category"": ""serve"", ""player_rank"": 60, ""match_count"": 9, ""formula"": ""normalized_score = Σ(metric_norm × weight)"", ""metrics"": [{""key"": ""Aces"", ""name"": ""Aces"", ""raw"": 15.0, ""raw_display"": ""15"", ""normalized"": 13.64, ""weight"": 0.16, ""weight_pct"": 16.0, ""min"": 0.0, ""max"": 110.0, ""lower_is_better"": false, ""is_percent"": false}, {""key"": ""Double_Faults"", ""name"": ""Double Faults"", ""raw"": 71.0, ""raw_display"": ""71"", ""normalized"": 31.68, ""weight"": 0.12, ""weight_pct"": 12.0, ""min"": 2.0, ""max"": 103.0, ""lower_is_better"": true, ""is_percent"": false}, {""key"": ""first_serve_percent"", ""name"": ""1st Serve %"", ""raw"": 65.5, ""raw_display"": ""65.5%"", ""normalized"": 48.55, ""weight"": 0.14, ""weight_pct"": 14.0, ""min"": 52.1, ""max"": 79.7, ""lower_is_better"": false, ""is_percent"": true}, {""key"": ""first_serve_won_percent"", ""name"": ""1st Serve Points Won %"", ""raw"": 58.5, ""raw_display"": ""58.5%"", ""normalized"": 27.5, ""weight"": 0.2, ""weight_pct"": 20.0, ""min"": 51.9, ""max"": 75.9, ""lower_is_better"": false, ""is_percent"": true}, {""key"": ""second_serve_won_percent"", ""name"": ""2nd Serve Points Won %"", ""raw"": 39.5, ""raw_display"": ""39.5%"", ""normalized"": 25.73, ""weight"": 0.2, ""weight_pct"": 20.0, ""min"": 33.3, ""max"": 57.4, ""lower_is_better"": false, ""is_percent"": true}, {""key"": ""breakpoint_saved_percent"", ""name"": ""Break Points Saved %"", ""raw"": 53.5, ""raw_display"": ""53.5%"", ""normalized"": 52.9, ""weight"": 0.18, ""weight_pct"": 18.0, ""min"": 32.5, ""max"": 72.2, ""lower_is_better"": false, ""is_percent"": true}]}"
2026-03-07T08:04:19.660159Z,serve,Serve,91,Emiliana Arango,324789,https://www.wtatennis.com/players/324789/emiliana-arango,https://photoresources.wtatennis.com/wta/photo/2024/05/01/549f2b70-163d-4be0-90ec-a25fb84e1e72/Arango-Torso_324789-WTA-Tennis.png,32.5,Aces,0,Double Faults,13,1st Serve %,68.1%,1st Serve Points Won %,51.9%,2nd Serve Points Won %,40.6%,Break Points Saved %,49.3%,"{""category"": ""serve"", ""player_rank"": 108, ""match_count"": 7, ""formula"": ""normalized_score = Σ(metric_norm × weight)"", ""metrics"": [{""key"": ""Aces"", ""name"": ""Aces"", ""raw"": 0.0, ""raw_display"": ""0"", ""normalized"": 0.0, ""weight"": 0.16, ""weight_pct"": 16.0, ""min"": 0.0, ""max"": 110.0, ""lower_is_better"": false, ""is_percent"": false}, {""key"": ""Double_Faults"", ""name"": ""Double Faults"", ""raw"": 13.0, ""raw_display"": ""13"", ""normalized"": 89.11, ""weight"": 0.12, ""weight_pct"": 12.0, ""min"": 2.0, ""max"": 103.0, ""lower_is_better"": true, ""is_percent"": false}, {""key"": ""first_serve_percent"", ""name"": ""1st Serve %"", ""raw"": 68.1, ""raw_display"": ""68.1%"", ""normalized"": 57.97, ""weight"": 0.14, ""weight_pct"": 14.0, ""min"": 52.1, ""max"": 79.7, ""lower_is_better"": false, ""is_percent"": true}, {""key"": ""first_serve_won_percent"", ""name"": ""1st Serve Points Won %"", ""raw"": 51.9, ""raw_display"": ""51.9%"", ""normalized"": 0.0, ""weight"": 0.2, ""weight_pct"": 20.0, ""min"": 51.9, ""max"": 75.9, ""lower_is_better"": false, ""is_percent"": true}, {""key"": ""second_serve_won_percent"", ""name"": ""2nd Serve Points Won %"", ""raw"": 40.6, ""raw_display"": ""40.6%"", ""normalized"": 30.29, ""weight"": 0.2, ""weight_pct"": 20.0, ""min"": 33.3, ""max"": 57.4, ""lower_is_better"": false, ""is_percent"": true}, {""key"": ""breakpoint_saved_percent"", ""name"": ""Break Points Saved %"", ""raw"": 49.3, ""raw_display"": ""49.3%"", ""normalized"": 42.32, ""weight"": 0.18, ""weight_pct"": 18.0, ""min"": 32.5, ""max"": 72.2, ""lower_is_better"": false, ""is_percent"": true}]}"
2026-03-07T08:04:19.660159Z,serve,Serve,92,Ella Seidel,330548,https://www.wtatennis.com/players/330548/ella-seidel,https://photoresources.wtatennis.com/wta/photo/2025/05/08/db6256d4-64df-4e9d-9c8f-7bd2b462953e/Seidel-Torso_330548.png,32.2,Aces,15,Double Faults,25,1st Serve %,57.5%,1st Serve Points Won %,60.9%,2nd Serve Points Won %,39.2%,Break Points Saved %,44.9%,"{""category"": ""serve"", ""player_rank"": 83, ""match_count"": 7, ""formula"": ""normalized_score = Σ(metric_norm × weight)"", ""metrics"": [{""key"": ""Aces"", ""name"": ""Aces"", ""raw"": 15.0, ""raw_display"": ""15"", ""normalized"": 13.64, ""weight"": 0.16, ""weight_pct"": 16.0, ""min"": 0.0, ""max"": 110.0, ""lower_is_better"": false, ""is_percent"": false}, {""key"": ""Double_Faults"", ""name"": ""Double Faults"", ""raw"": 25.0, ""raw_display"": ""25"", ""normalized"": 77.23, ""weight"": 0.12, ""weight_pct"": 12.0, ""min"": 2.0, ""max"": 103.0, ""lower_is_better"": true, ""is_percent"": false}, {""key"": ""first_serve_percent"", ""name"": ""1st Serve %"", ""raw"": 57.5, ""raw_display"": ""57.5%"", ""normalized"": 19.57, ""weight"": 0.14, ""weight_pct"": 14.0, ""min"": 52.1, ""max"": 79.7, ""lower_is_better"": false, ""is_percent"": true}, {""key"": ""first_serve_won_percent"", ""name"": ""1st Serve Points Won %"", ""raw"": 60.9, ""raw_display"": ""60.9%"", ""normalized"": 37.5, ""weight"": 0.2, ""weight_pct"": 20.0, ""min"": 51.9, ""max"": 75.9, ""lower_is_better"": false, ""is_percent"": true}, {""key"": ""second_serve_won_percent"", ""name"": ""2nd Serve Points Won %"", ""raw"": 39.2, ""raw_display"": ""39.2%"", ""normalized"": 24.48, ""weight"": 0.2, ""weight_pct"": 20.0, ""min"": 33.3, ""max"": 57.4, ""lower_is_better"": false, ""is_percent"": true}, {""key"": ""breakpoint_saved_percent"", ""name"": ""Break Points Saved %"", ""raw"": 44.9, ""raw_display"": ""44.9%"", ""normalized"": 31.23, ""weight"": 0.18, ""weight_pct"": 18.0, ""min"": 32.5, ""max"": 72.2, ""lower_is_better"": false, ""is_percent"": true}]}"
2026-03-07T08:04:19.660159Z,serve,Serve,93,Beatriz Haddad Maia,318176,https://www.wtatennis.com/players/318176/beatriz-haddad-maia,https://photoresources.wtatennis.com/wta/photo/2024/04/29/6a86f217-d93c-4130-a18a-b833b2db2ab6/HaddadMaia-Torso_318176-WTA-Tennis.png,27.7,Aces,7,Double Faults,31,1st Serve %,62.1%,1st Serve Points Won %,56.8%,2nd Serve Points Won %,37.1%,Break Points Saved %,45.3%,"{""category"": ""serve"", ""player_rank"": 67, ""match_count"": 5, ""formula"": ""normalized_score = Σ(metric_norm × weight)"", ""metrics"": [{""key"": ""Aces"", ""name"": ""Aces"", ""raw"": 7.0, ""raw_display"": ""7"", ""normalized"": 6.36, ""weight"": 0.16, ""weight_pct"": 16.0, ""min"": 0.0, ""max"": 110.0, ""lower_is_better"": false, ""is_percent"": false}, {""key"": ""Double_Faults"", ""name"": ""Double Faults"", ""raw"": 31.0, ""raw_display"": ""31"", ""normalized"": 71.29, ""weight"": 0.12, ""weight_pct"": 12.0, ""min"": 2.0, ""max"": 103.0, ""lower_is_better"": true, ""is_percent"": false}, {""key"": ""first_serve_percent"", ""name"": ""1st Serve %"", ""raw"": 62.1, ""raw_display"": ""62.1%"", ""normalized"": 36.23, ""weight"": 0.14, ""weight_pct"": 14.0, ""min"": 52.1, ""max"": 79.7, ""lower_is_better"": false, ""is_percent"": true}, {""key"": ""first_serve_won_percent"", ""name"": ""1st Serve Points Won %"", ""raw"": 56.8, ""raw_display"": ""56.8%"", ""normalized"": 20.42, ""weight"": 0.2, ""weight_pct"": 20.0, ""min"": 51.9, ""max"": 75.9, ""lower_is_better"": false, ""is_percent"": true}, {""key"": ""second_serve_won_percent"", ""name"": ""2nd Serve Points Won %"", ""raw"": 37.1, ""raw_display"": ""37.1%"", ""normalized"": 15.77, ""weight"": 0.2, ""weight_pct"": 20.0, ""min"": 33.3, ""max"": 57.4, ""lower_is_better"": false, ""is_percent"": true}, {""key"": ""breakpoint_saved_percent"", ""name"": ""Break Points Saved %"", ""raw"": 45.3, ""raw_display"": ""45.3%"", ""normalized"": 32.24, ""weight"": 0.18, ""weight_pct"": 18.0, ""min"": 32.5, ""max"": 72.2, ""lower_is_better"": false, ""is_percent"": true}]}"
2026-03-07T08:04:19.660159Z,serve,Serve,94,Jessica Bouzas Maneiro,328139,https://www.wtatennis.com/players/328139/jessica-bouzas-maneiro,https://photoresources.wtatennis.com/wta/photo/2024/04/30/5ede2ef0-2ded-4441-a20d-4ddd09910bf3/BouzasManeiro-Torso_328139-WTA-Tennis.png,25.8,Aces,15,Double Faults,45,1st Serve %,59.1%,1st Serve Points Won %,58.5%,2nd Serve Points Won %,39.7%,Break Points Saved %,37.7%,"{""category"": ""serve"", ""player_rank"": 50, ""match_count"": 8, ""formula"": ""normalized_score = Σ(metric_norm × weight)"", ""metrics"": [{""key"": ""Aces"", ""name"": ""Aces"", ""raw"": 15.0, ""raw_display"": ""15"", ""normalized"": 13.64, ""weight"": 0.16, ""weight_pct"": 16.0, ""min"": 0.0, ""max"": 110.0, ""lower_is_better"": false, ""is_percent"": false}, {""key"": ""Double_Faults"", ""name"": ""Double Faults"", ""raw"": 45.0, ""raw_display"": ""45"", ""normalized"": 57.43, ""weight"": 0.12, ""weight_pct"": 12.0, ""min"": 2.0, ""max"": 103.0, ""lower_is_better"": true, ""is_percent"": false}, {""key"": ""first_serve_percent"", ""name"": ""1st Serve %"", ""raw"": 59.1, ""raw_display"": ""59.1%"", ""normalized"": 25.36, ""weight"": 0.14, ""weight_pct"": 14.0, ""min"": 52.1, ""max"": 79.7, ""lower_is_better"": false, ""is_percent"": true}, {""key"": ""first_serve_won_percent"", ""name"": ""1st Serve Points Won %"", ""raw"": 58.5, ""raw_display"": ""58.5%"", ""normalized"": 27.5, ""weight"": 0.2, ""weight_pct"": 20.0, ""min"": 51.9, ""max"": 75.9, ""lower_is_better"": false, ""is_percent"": true}, {""key"": ""second_serve_won_percent"", ""name"": ""2nd Serve Points Won %"", ""raw"": 39.7, ""raw_display"": ""39.7%"", ""normalized"": 26.56, ""weight"": 0.2, ""weight_pct"": 20.0, ""min"": 33.3, ""max"": 57.4, ""lower_is_better"": false, ""is_percent"": true}, {""key"": ""breakpoint_saved_percent"", ""name"": ""Break Points Saved %"", ""raw"": 37.7, ""raw_display"": ""37.7%"", ""normalized"": 13.1, ""weight"": 0.18, ""weight_pct"": 18.0, ""min"": 32.5, ""max"": 72.2, ""lower_is_better"": false, ""is_percent"": true}]}"
2026-03-07T08:04:19.660159Z,serve,Serve,95,Petra Marcinko,330799,https://www.wtatennis.com/players/330799/petra-marcinko,https://photoresources.wtatennis.com/wta/photo/2023/12/06/f0cede4c-d52e-4772-8e55-4627d1ac4c82/Petra-Marcinko.png,24.9,Aces,11,Double Faults,29,1st Serve %,62.2%,1st Serve Points Won %,61.1%,2nd Serve Points Won %,35.3%,Break Points Saved %,32.6%,"{""category"": ""serve"", ""player_rank"": 72, ""match_count"": 6, ""formula"": ""normalized_score = Σ(metric_norm × weight)"", ""metrics"": [{""key"": ""Aces"", ""name"": ""Aces"", ""raw"": 11.0, ""raw_display"": ""11"", ""normalized"": 10.0, ""weight"": 0.16, ""weight_pct"": 16.0, ""min"": 0.0, ""max"": 110.0, ""lower_is_better"": false, ""is_percent"": false}, {""key"": ""Double_Faults"", ""name"": ""Double Faults"", ""raw"": 29.0, ""raw_display"": ""29"", ""normalized"": 73.27, ""weight"": 0.12, ""weight_pct"": 12.0, ""min"": 2.0, ""max"": 103.0, ""lower_is_better"": true, ""is_percent"": false}, {""key"": ""first_serve_percent"", ""name"": ""1st Serve %"", ""raw"": 62.2, ""raw_display"": ""62.2%"", ""normalized"": 36.59, ""weight"": 0.14, ""weight_pct"": 14.0, ""min"": 52.1, ""max"": 79.7, ""lower_is_better"": false, ""is_percent"": true}, {""key"": ""first_serve_won_percent"", ""name"": ""1st Serve Points Won %"", ""raw"": 61.1, ""raw_display"": ""61.1%"", ""normalized"": 38.33, ""weight"": 0.2, ""weight_pct"": 20.0, ""min"": 51.9, ""max"": 75.9, ""lower_is_better"": false, ""is_percent"": true}, {""key"": ""second_serve_won_percent"", ""name"": ""2nd Serve Points Won %"", ""raw"": 35.3, ""raw_display"": ""35.3%"", ""normalized"": 8.3, ""weight"": 0.2, ""weight_pct"": 20.0, ""min"": 33.3, ""max"": 57.4, ""lower_is_better"": false, ""is_percent"": true}, {""key"": ""breakpoint_saved_percent"", ""name"": ""Break Points Saved %"", ""raw"": 32.6, ""raw_display"": ""32.6%"", ""normalized"": 0.25, ""weight"": 0.18, ""weight_pct"": 18.0, ""min"": 32.5, ""max"": 72.2, ""lower_is_better"": false, ""is_percent"": true}]}"
2026-03-07T08:04:19.660159Z,serve,Serve,96,Moyuka Uchijima,327241,https://www.wtatennis.com/players/327241/moyuka-uchijima,https://photoresources.wtatennis.com/wta/photo/2025/03/10/75eb5993-e16f-4f7b-a1aa-a96f9f2515df/Uchijima-Torso_327241.png,19.0,Aces,8,Double Faults,22,1st Serve %,58.0%,1st Serve Points Won %,58.2%,2nd Serve Points Won %,33.3%,Break Points Saved %,32.5%,"{""category"": ""serve"", ""player_rank"": 77, ""match_count"": 5, ""formula"": ""normalized_score = Σ(metric_norm × weight)"", ""metrics"": [{""key"": ""Aces"", ""name"": ""Aces"", ""raw"": 8.0, ""raw_display"": ""8"", ""normalized"": 7.27, ""weight"": 0.16, ""weight_pct"": 16.0, ""min"": 0.0, ""max"": 110.0, ""lower_is_better"": false, ""is_percent"": false}, {""key"": ""Double_Faults"", ""name"": ""Double Faults"", ""raw"": 22.0, ""raw_display"": ""22"", ""normalized"": 80.2, ""weight"": 0.12, ""weight_pct"": 12.0, ""min"": 2.0, ""max"": 103.0, ""lower_is_better"": true, ""is_percent"": false}, {""key"": ""first_serve_percent"", ""name"": ""1st Serve %"", ""raw"": 58.0, ""raw_display"": ""58.0%"", ""normalized"": 21.38, ""weight"": 0.14, ""weight_pct"": 14.0, ""min"": 52.1, ""max"": 79.7, ""lower_is_better"": false, ""is_percent"": true}, {""key"": ""first_serve_won_percent"", ""name"": ""1st Serve Points Won %"", ""raw"": 58.2, ""raw_display"": ""58.2%"", ""normalized"": 26.25, ""weight"": 0.2, ""weight_pct"": 20.0, ""min"": 51.9, ""max"": 75.9, ""lower_is_better"": false, ""is_percent"": true}, {""key"": ""second_serve_won_percent"", ""name"": ""2nd Serve Points Won %"", ""raw"": 33.3, ""raw_display"": ""33.3%"", ""normalized"": 0.0, ""weight"": 0.2, ""weight_pct"": 20.0, ""min"": 33.3, ""max"": 57.4, ""lower_is_better"": false, ""is_percent"": true}, {""key"": ""breakpoint_saved_percent"", ""name"": ""Break Points Saved %"", ""raw"": 32.5, ""raw_display"": ""32.5%"", ""normalized"": 0.0, ""weight"": 0.18, ""weight_pct"": 18.0, ""min"": 32.5, ""max"": 72.2, ""lower_is_better"": false, ""is_percent"": true}]}"
